NP_715662.1	SO_0020		fadA	complement(NC_004347.2:23307..24470)	aerobic fatty oxidation complex 3-ketoacyl-CoA thiolase beta subunit FadA [Shewanella oneidensis MR-1].
NP_715663.1	SO_0021		fadB	complement(NC_004347.2:24493..26643)	aerobic fatty oxidation complex 3-hydroxyacyl-CoA epimerase alpha subunit FadB [Shewanella oneidensis MR-1].
NP_715666.1	SO_0024		trkH	NC_004347.2:29096..30556	potassium uptake transporter TrkH [Shewanella oneidensis MR-1].
NP_715667.1	SO_0025		hemG	NC_004347.2:30558..31082	oxygen-independent protoporphyrinogen oxidase HemG [Shewanella oneidensis MR-1].
NP_715669.1	SO_0027		hemG	NC_004347.2:31656..32210	oxygen-independent protoporphyrinogen oxidase HemG [Shewanella oneidensis MR-1].
NP_715670.1	SO_0028		trkI	complement(NC_004347.2:32252..33694)	potassium uptake transporter TrkI [Shewanella oneidensis MR-1].
NP_715671.1	SO_0029		trkA	complement(NC_004347.2:33706..35115)	potassium uptake protein TrkA [Shewanella oneidensis MR-1].
NP_715680.1	SO_0038		hemF	NC_004347.2:42152..43060	aerobic coproporphyrinogen III oxidase HemF [Shewanella oneidensis MR-1].
NP_715682.1	SO_0040		aroE	NC_004347.2:43717..44580	shikimate 5-dehydrogenase AroE [Shewanella oneidensis MR-1].
NP_715690.2	SO_0048			complement(NC_004347.2:54456..55589)	predicted non-catalytic member of peptidase subfamily M23B [Shewanella oneidensis MR-1].
NP_715691.1	SO_0049		gpmA	complement(NC_004347.2:55600..57144)	2,3-bisphosphoglycerate-independent phosphoglycerate mutase GpmA [Shewanella oneidensis MR-1].
NP_715695.1	SO_0053		gpsA	NC_004347.2:58583..59599	glycerol-3-phosphate dehydrogenase (NADP+) GpsA [Shewanella oneidensis MR-1].
NP_715699.1	SO_0057		ktrB	complement(NC_004347.2:64299..65660)	sodium-dependent potassium uptake protein integral membrane component KtrB [Shewanella oneidensis MR-1].
NP_715707.1	SO_0065		mogA	NC_004347.2:71134..71667	molybdenum cofactor biosynthesis protein MogA [Shewanella oneidensis MR-1].
NP_715709.1	SO_0067		pbpC	NC_004347.2:78057..80339	penicillin binding protein 1C PbpC [Shewanella oneidensis MR-1].
NP_715711.1	SO_0069		natB	complement(NC_004347.2:80667..81806)	ABC-type sodium efflux system permease component NatB [Shewanella oneidensis MR-1].
NP_715712.1	SO_0070		natA	complement(NC_004347.2:81904..82638)	ABC-type sodium efflux system ATPase component NatA [Shewanella oneidensis MR-1].
NP_715717.2	SO_0075		icfE	NC_004347.2:87061..88854	long-chain-fatty-acid--CoA ligase IcfE [Shewanella oneidensis MR-1].
NP_715737.1	SO_0095		hutI	complement(NC_004347.2:102534..103760)	imidazolonepropionase HutI [Shewanella oneidensis MR-1].
NP_715739.1	SO_0097		hutU	NC_004347.2:104801..106471	urocanate hydratase HutU [Shewanella oneidensis MR-1].
NP_715740.1	SO_0098		hutH	NC_004347.2:106536..108077	histidine ammonia-lyase HutH [Shewanella oneidensis MR-1].
NP_715743.1	SO_0101		fdnG	NC_004347.2:108703..111717	nitrate-inducible formate dehydrogenase molybdopterin-binding subunit FdnG [Shewanella oneidensis MR-1].
NP_715744.1	SO_0102		fdnH	NC_004347.2:111720..112634	nitrate-inducible formate dehydrogenase iron-sulfur subunit FdnH [Shewanella oneidensis MR-1].
NP_715745.1	SO_0103		fdnI	NC_004347.2:112631..113272	nitrate-inducible formate dehydrogenase cytochrome b subunit FdnI [Shewanella oneidensis MR-1].
NP_715746.1	SO_0104		fdhE	NC_004347.2:113272..114180	nitrate-inducible formate dehydrogenase chaperone FdhE [Shewanella oneidensis MR-1].
NP_715764.1	SO_0122			complement(NC_004347.2:131702..132325)	putative amino acid efflux permease RhtB family [Shewanella oneidensis MR-1].
NP_715773.1	SO_0131		ubiC	complement(NC_004347.2:140071..140640)	chorismate-pyruvate lyase UbiC [Shewanella oneidensis MR-1].
NP_715779.1	SO_0137		moeB	complement(NC_004347.2:143381..144142)	molybdopterin/tungstopterin synthase sulfurylase MoeB [Shewanella oneidensis MR-1].
NP_715780.1	SO_0138		moeA	complement(NC_004347.2:144154..145407)	molybdenum cofactor biosynthesis protein MoeA [Shewanella oneidensis MR-1].
NP_715783.1	SO_0141			complement(NC_004347.2:146606..149839)	nitrate/nitrite-responsive bifunctional diguanylate cyclase/phosphodiesterase with PAS sensory domain [Shewanella oneidensis MR-1].
NP_715784.1	SO_0142		ribB	complement(NC_004347.2:150203..150856)	3,4-dihydroxy-2-butanone 4-phosphate synthase RibB [Shewanella oneidensis MR-1].
NP_715804.1	SO_0162		pckA	complement(NC_004347.2:168071..169612)	phosphoenolpyruvate carboxykinase PckA [Shewanella oneidensis MR-1].
NP_715819.1	SO_0177		yrfG	complement(NC_004347.2:182935..183597)	HAD-superfamily hydrolase subfamily IA variant 3 protein family YrfG [Shewanella oneidensis MR-1].
NP_715832.1	SO_0190		nudE	NC_004347.2:200294..200845	ADP compounds hydrolase NudE [Shewanella oneidensis MR-1].
NP_715833.1	SO_0191		cysQ	NC_004347.2:200915..201727	3'(2')5'-bisphosphate nucleotidase CysQ [Shewanella oneidensis MR-1].
NP_715836.1	SO_0194			NC_004347.2:203016..204878	bifunctional lysophospholipid transporter-2-acyl glycerophosphoethanolamine acyl transferase/acyl ACP synthetase [Shewanella oneidensis MR-1].
NP_715839.1	SO_0197		oel1	complement(NC_004347.2:207241..208347)	fatty acid desaturase Ole1 [Shewanella oneidensis MR-1].
NP_715848.3	SO_0207		murI	NC_004347.2:214813..215634	glutamate racemase MurI [Shewanella oneidensis MR-1].
NP_715853.1	SO_0213		murB	NC_004347.2:223639..224664	UDP-N-acetylenolpyruvoylglucosamine reductase MurB [Shewanella oneidensis MR-1].
NP_715855.1	SO_0215		coaA	complement(NC_004347.2:225619..226569)	pantothenate kinase CoaA [Shewanella oneidensis MR-1].
NP_715869.1	SO_0229		tufA	NC_004347.2:244057..245241	translation elongation factor Tu TufA [Shewanella oneidensis MR-1].
NP_715914.2	SO_0274		ppc	complement(NC_004347.2:277180..279849)	phosphoenolpyruvate carboxylase Ppc [Shewanella oneidensis MR-1].
NP_715915.1	SO_0275		argC	NC_004347.2:280524..281504	N-acetyl-gamma-glutamyl-phosphate reductase ArgC [Shewanella oneidensis MR-1].
NP_715916.1	SO_0276		argB	NC_004347.2:281536..282318	acetylglutamate kinase ArgB [Shewanella oneidensis MR-1].
NP_715917.1	SO_0277		argF	NC_004347.2:282331..283236	ornithine carbamoyltransferase ArgF [Shewanella oneidensis MR-1].
NP_715918.1	SO_0278		argG	NC_004347.2:283296..284519	argininosuccinate synthase ArgG [Shewanella oneidensis MR-1].
NP_715919.1	SO_0279		argH	NC_004347.2:284611..285978	argininosuccinate lyase ArgH [Shewanella oneidensis MR-1].
NP_715920.1	SO_0280		mcrA	complement(NC_004347.2:286053..288572)	penicillin-binding protein 1A McrA [Shewanella oneidensis MR-1].
NP_715926.1	SO_0286		aroK	NC_004347.2:293841..294356	shikimate kinase AroK [Shewanella oneidensis MR-1].
NP_715927.1	SO_0287		aroB	NC_004347.2:294362..295441	3-dehydroquinate synthase AroB [Shewanella oneidensis MR-1].
NP_715932.1	SO_0292		rpe	NC_004347.2:298606..299283	ribulose-phosphate 3-epimerase Rpe [Shewanella oneidensis MR-1].
NP_715933.1	SO_0293		gph	NC_004347.2:299283..299966	2-phosphoglycolate phosphatase Gph [Shewanella oneidensis MR-1].
NP_715938.1	SO_0298		gmhA	complement(NC_004347.2:303607..304200)	phosphoheptose isomerase GmhA [Shewanella oneidensis MR-1].
NP_715948.1	SO_0308			complement(NC_004347.2:312988..314208)	inner membrane protein of unknown function DUF1212 [Shewanella oneidensis MR-1].
NP_715952.1	SO_0312			complement(NC_004347.2:317544..318698)	outer membrane porin [Shewanella oneidensis MR-1].
NP_715953.1	SO_0313		potE	complement(NC_004347.2:318823..320142)	putrescine:ornithine antiporter PotE [Shewanella oneidensis MR-1].
NP_715954.1	SO_0314		speF	complement(NC_004347.2:320226..322388)	ornithine decarboxylase SpeF [Shewanella oneidensis MR-1].
NP_715976.1	SO_0336			NC_004347.2:337352..338875	sodium:proton antiporter NhaC family [Shewanella oneidensis MR-1].
NP_715980.1	SO_0340		ilvE	NC_004347.2:340328..341419	branched-chain-amino-acid transaminase IlvE [Shewanella oneidensis MR-1].
NP_715981.1	SO_0341			complement(NC_004347.2:341460..346007)	multifunctional sensory protein/diguanylate cyclase/signalling protein with EAL domain [Shewanella oneidensis MR-1].
NP_715983.1	SO_0343		acnD	complement(NC_004347.2:347544..350147)	2-methyl citrate dehydratase Fe-S dependent AcnD [Shewanella oneidensis MR-1].
NP_715984.1	SO_0344		prpC	complement(NC_004347.2:350228..351355)	2-methylcitrate synthase PrpC [Shewanella oneidensis MR-1].
NP_715985.1	SO_0345		prpB	complement(NC_004347.2:351590..352468)	2-methylisocitrate lyase PrpB [Shewanella oneidensis MR-1].
NP_715994.1	SO_0354		yrbG	complement(NC_004347.2:361225..362175)	sodium:calcium antiporter CaCA family YrbG [Shewanella oneidensis MR-1].
NP_715995.1	SO_0355			complement(NC_004347.2:362346..364010)	AMP-dependent synthetase and ligase family protein [Shewanella oneidensis MR-1].
NP_715999.1	SO_0359		spoT	complement(NC_004347.2:368255..370360)	bifunctional ppGpp phosphohydrolase/GTP diphosphokinase SpoT [Shewanella oneidensis MR-1].
NP_716001.1	SO_0361		gmk	complement(NC_004347.2:370741..371364)	guanylate kinase Gmk [Shewanella oneidensis MR-1].
NP_716012.1	SO_0372		yjjG	NC_004347.2:385042..385746	5' nucleotide phosphatase YjjG [Shewanella oneidensis MR-1].
NP_716034.1	SO_0396		frdC	NC_004347.2:409686..410411	quinol:fumarate reductase menaquinol-oxidizing subunit FrdC [Shewanella oneidensis MR-1].
NP_716036.1	SO_0398		frdA	NC_004347.2:411381..413387	quinol:fumarate reductase FAD-binding subunit FrdA [Shewanella oneidensis MR-1].
NP_716037.1	SO_0399		frdB	NC_004347.2:413387..414118	quinol:fumarate reductase FeS subunit FrdB [Shewanella oneidensis MR-1].
NP_716039.1	SO_0401			complement(NC_004347.2:414463..415476)	putative NADPH-dependent quinone oxidoreductase [Shewanella oneidensis MR-1].
NP_716044.1	SO_0406		trxA	complement(NC_004347.2:423252..423578)	thioredoxin 1 TrxA [Shewanella oneidensis MR-1].
NP_716048.1	SO_0410		mutT	complement(NC_004347.2:426745..427137)	7,8-dihydro-8-oxoguanine-triphosphatase MutT [Shewanella oneidensis MR-1].
NP_716051.1	SO_0413		coaE	complement(NC_004347.2:428222..428839)	dephospho-CoA kinase CoaE [Shewanella oneidensis MR-1].
NP_716058.1	SO_0421		ampD	NC_004347.2:435463..436008	N-acetyl-anhydromuramyl-L-alanine amidase AmpD [Shewanella oneidensis MR-1].
NP_716061.1	SO_0424		aceE	NC_004347.2:438401..441067	pyruvate dehydrogenase E1 component AceE [Shewanella oneidensis MR-1].
NP_716062.1	SO_0425		aceF	NC_004347.2:441080..443113	dihydrolipoamide acetyltransferase AceF [Shewanella oneidensis MR-1].
NP_716063.1	SO_0426		lpdA	NC_004347.2:443263..444690	dihydrolipoamide dehydrogenase LpdA [Shewanella oneidensis MR-1].
NP_716064.1	SO_0427			NC_004347.2:444829..449304	bifunctional diguanylate cyclase / phosphodiesterase with PAS sensory domain [Shewanella oneidensis MR-1].
NP_716068.1	SO_0431		yniC	complement(NC_004347.2:454706..455359)	2-deoxyglucose-6-phosphate hydrolase YniC [Shewanella oneidensis MR-1].
NP_716069.1	SO_0432		acnB	NC_004347.2:455781..458378	aconitate hydratase AcnB [Shewanella oneidensis MR-1].
NP_716072.1	SO_0435		hemE	NC_004347.2:459488..460552	uroporphyrinogen decarboxylase HemE [Shewanella oneidensis MR-1].
NP_716078.1	SO_0441		purD	complement(NC_004347.2:468431..469729)	phosphoribosylamine-glycine ligase PurD [Shewanella oneidensis MR-1].
NP_716079.1	SO_0442		purH	complement(NC_004347.2:469792..471423)	bifunctional IMP cyclohydrolase/phosphoribosylaminoimidazolecarboxamide formyltransferase PurH [Shewanella oneidensis MR-1].
NP_716089.1	SO_0452		trxC	complement(NC_004347.2:478911..479333)	thioredoxin 2 TrxC [Shewanella oneidensis MR-1].
NP_716105.1	SO_0468		ubiA	NC_004347.2:493081..493941	4-hydroxybenzoate octaprenyltransferase UbiA [Shewanella oneidensis MR-1].
NP_716140.1	SO_0504		fre	complement(NC_004347.2:530851..531549)	NAD(P)H-flavin reductase Fre [Shewanella oneidensis MR-1].
NP_716142.1	SO_0506		ubiD	complement(NC_004347.2:532474..533940)	3-octaprenyl-4-hydroxybenzoate carboxy-lyase UbiD [Shewanella oneidensis MR-1].
NP_716148.1	SO_0512		aroQ	complement(NC_004347.2:536514..536954)	3-dehydroquinate dehydratase type II AroQ [Shewanella oneidensis MR-1].
NP_716166.1	SO_0530			NC_004347.2:552805..553416	amino acid efflux protein RhtB family [Shewanella oneidensis MR-1].
NP_716169.1	SO_0533		arsC2	NC_004347.2:554288..554803	thioredoxin-coupled cytoplasmic arsenate reductase ArsC2 [Shewanella oneidensis MR-1].
NP_716170.1	SO_0534			NC_004347.2:554813..555832	arsenate permease ACR3 family [Shewanella oneidensis MR-1].
NP_716174.1	SO_0538		gapA	NC_004347.2:557306..558319	glyceraldehyde-3-phosphate dehydrogenase (NAD+) GapA [Shewanella oneidensis MR-1].
NP_716191.1	SO_0555			complement(NC_004347.2:574761..576515)	bifunctional diguanylate cyclase/phosphodiesterase [Shewanella oneidensis MR-1].
NP_716196.1	SO_0560		fhs	NC_004347.2:580496..582208	formate--tetrahydrofolate ligase Fhs [Shewanella oneidensis MR-1].
NP_716202.1	SO_0567		plsC	NC_004347.2:588371..589114	1-acyl-sn-glycerol-3-phosphate acyltransferase PlsC [Shewanella oneidensis MR-1].
NP_716204.1	SO_0569			complement(NC_004347.2:589619..590593)	diguanylate cyclase with PAS sensory domain [Shewanella oneidensis MR-1].
NP_716207.1	SO_0572			NC_004347.2:592181..592987	enoyl-CoA hydratase/isomerase family protein [Shewanella oneidensis MR-1].
NP_716220.1	SO_0585			complement(NC_004347.2:610995..611930)	D-isomer specific 2-hydroxyacid dehydrogenase family protein [Shewanella oneidensis MR-1].
NP_716222.1	SO_0587			complement(NC_004347.2:612383..613105)	glycerophosphodiester phosphodiesterase [Shewanella oneidensis MR-1].
NP_716224.1	SO_0591		rsgA	complement(NC_004347.2:618247..619311)	30S ribosome assembly GTPase RsgA [Shewanella oneidensis MR-1].
NP_716233.1	SO_0600		amiB	NC_004347.2:625445..626836	N-acetylmuramoyl-L-alanine amidase AmiB [Shewanella oneidensis MR-1].
NP_716241.1	SO_0608		petA	NC_004347.2:633799..634389	ubiquinol-cytochrome c reductase FeS subunit PetA [Shewanella oneidensis MR-1].
NP_716242.1	SO_0609		petB	NC_004347.2:634389..635603	ubiquinol-cytochrome c reductase cytochrome b subunit PetB [Shewanella oneidensis MR-1].
NP_716243.1	SO_0610		petC	NC_004347.2:635603..636298	ubiquinol-cytochrome c reductase cytochrome c1 subunit PetC [Shewanella oneidensis MR-1].
NP_716246.1	SO_0613		pabA	NC_004347.2:637616..638191	para-aminobenzoate synthase glutamine amidotransferase subunit PabA [Shewanella oneidensis MR-1].
NP_716250.1	SO_0617		argD	NC_004347.2:643453..644670	bifunctional acetylornithine aminotransferase/succinyl-diaminopimelate aminotransferase/succinylornithine transaminase ArgD [Shewanella oneidensis MR-1].
NP_716251.1	SO_0618		astA	NC_004347.2:644797..645816	arginine N-succinyltransferase AstA [Shewanella oneidensis MR-1].
NP_716252.1	SO_0619		astD	NC_004347.2:645826..647289	succinylglutamic semialdehyde dehydrogenase AstD [Shewanella oneidensis MR-1].
NP_716266.1	SO_0633		mrcB	NC_004347.2:660661..662967	penicillin-binding protein 1B MrcB [Shewanella oneidensis MR-1].
NP_716273.1	SO_0640			NC_004347.2:668166..669164	putative NAD(P)H quinone oxidoreductase PIG3 family [Shewanella oneidensis MR-1].
NP_716326.1	SO_0693		galM	complement(NC_004347.2:709746..710777)	aldose 1-epimerase GalM [Shewanella oneidensis MR-1].
NP_716327.1	SO_0694		galK	complement(NC_004347.2:710918..712063)	galactokinase GalK [Shewanella oneidensis MR-1].
NP_716373.1	SO_0742		fbpC	complement(NC_004347.2:759472..760521)	ABC-type Fe3+ uptake system ATPase component FbpC [Shewanella oneidensis MR-1].
NP_716374.1	SO_0743		fbpB	complement(NC_004347.2:760518..762152)	ABC-type Fe3+ uptake system permease component FbpB [Shewanella oneidensis MR-1].
NP_716375.1	SO_0744		fbpA	complement(NC_004347.2:762286..763293)	ABC-type Fe3+ uptake system substrate-binding component FbpA [Shewanella oneidensis MR-1].
NP_716378.1	SO_0747		fpr	complement(NC_004347.2:764597..765346)	ferredoxin--NADP reductase Fpr [Shewanella oneidensis MR-1].
NP_716387.1	SO_0756		aroG	complement(NC_004347.2:771939..772997)	phospho-2-dehydro-3-deoxyheptonate aldolase phe-sensitive AroG [Shewanella oneidensis MR-1].
NP_716391.2	SO_0760			complement(NC_004347.2:775008..776258)	ammonium transporter channel family protein [Shewanella oneidensis MR-1].
NP_716396.1	SO_0765			complement(NC_004347.2:778981..779685)	putative amino acid efflux permease RhtB family [Shewanella oneidensis MR-1].
NP_716401.1	SO_0770		mdh	NC_004347.2:783465..784400	NAD dependent malate dehydrogenase Mdh [Shewanella oneidensis MR-1].
NP_716403.1	SO_0772		folM	NC_004347.2:785081..785800	dihydrofolate reductase FolM [Shewanella oneidensis MR-1].
NP_716405.1	SO_0774		ygfA	complement(NC_004347.2:786827..787501)	5-formyltetrahydrofolate cyclo-ligase YgfA [Shewanella oneidensis MR-1].
NP_716410.1	SO_0779		gcvT	NC_004347.2:791897..792991	aminomethyltransferase GcvT [Shewanella oneidensis MR-1].
NP_716411.1	SO_0780		gcvH	NC_004347.2:793017..793406	glycine cleavage system carrier of aminomethyl moiety GcvH [Shewanella oneidensis MR-1].
NP_716412.1	SO_0781		gcvP	NC_004347.2:793529..796417	glycine dehydrogenase (decarboxylating) GcvP [Shewanella oneidensis MR-1].
NP_716436.2	SO_0805			complement(NC_004347.2:817032..817457)	CBS domain containing protein [Shewanella oneidensis MR-1].
NP_716438.1	SO_0807			NC_004347.2:819812..820378	predicted phosphoribosyltransferase [Shewanella oneidensis MR-1].
NP_716441.1	SO_0810		rbsK	complement(NC_004347.2:821797..822708)	ribokinase RbsK [Shewanella oneidensis MR-1].
NP_716442.1	SO_0811		rihA	complement(NC_004347.2:822729..823685)	pyrimidine-specific ribonucleoside hydrolase RihA [Shewanella oneidensis MR-1].
NP_716449.1	SO_0818		metE	NC_004347.2:831267..833549	B12-independent 5-methyltetrahydropteroyltriglutamate--homocysteine methyltransferase MetE [Shewanella oneidensis MR-1].
NP_716458.1	SO_0827			complement(NC_004347.2:844169..845806)	lactate transport protein LctP family [Shewanella oneidensis MR-1].
NP_716461.1	SO_0830		phoA	complement(NC_004347.2:848099..849463)	periplasmic alkaline phosphatase PhoA [Shewanella oneidensis MR-1].
NP_716462.1	SO_0831		gshB	complement(NC_004347.2:849536..850483)	ATP-dependent glutathione synthetase GshB [Shewanella oneidensis MR-1].
NP_716474.1	SO_0843			complement(NC_004347.2:865510..866391)	transcriptional regulator LysR family [Shewanella oneidensis MR-1].
NP_716489.1	SO_0858		glyP	NC_004347.2:881216..882574	Na(+)-linked D-alanine glycine transporter GlyP [Shewanella oneidensis MR-1].
NP_716491.2	SO_0860			NC_004347.2:888060..889076	two component signal transduction system response regulator with HD domain [Shewanella oneidensis MR-1].
NP_716493.1	SO_0862		serA	complement(NC_004347.2:890275..891504)	D-3-phosphoglycerate dehydrogenase SerA [Shewanella oneidensis MR-1].
NP_716500.1	SO_0869		panC	complement(NC_004347.2:899247..900092)	pantoate--beta-alanine ligase PanC [Shewanella oneidensis MR-1].
NP_716501.1	SO_0870		panB	complement(NC_004347.2:900169..900963)	3-methyl-2-oxobutanoate hydroxymethyltransferase PanB [Shewanella oneidensis MR-1].
NP_716502.1	SO_0871		folK	complement(NC_004347.2:901020..901508)	2-amino-4-hydroxy-6-hydroxymethyldihydropteridine pyrophosphokinase FolK [Shewanella oneidensis MR-1].
NP_716504.1	SO_0873		yadB	complement(NC_004347.2:903099..903998)	glutamyl-Q-tRNA-Asp synthetase YadB [Shewanella oneidensis MR-1].
NP_716507.1	SO_0876		pepB	NC_004347.2:905612..906904	aminopeptidase PepB [Shewanella oneidensis MR-1].
NP_716519.1	SO_0888		aguB	NC_004347.2:917169..918875	N-carbamoyl-putrescine amidase AguB [Shewanella oneidensis MR-1].
NP_716530.1	SO_0900			complement(NC_004347.2:927436..928476)	oxidoreductase aldo/keto reductase family [Shewanella oneidensis MR-1].
NP_716546.1	SO_0917		yjjX	complement(NC_004347.2:945565..946104)	inosine/xanthosine triphosphatase YjjX [Shewanella oneidensis MR-1].
NP_716548.1	SO_0919		sdaC	NC_004347.2:949385..950677	serine uptake transporter SdaC [Shewanella oneidensis MR-1].
NP_716551.2	SO_0922			NC_004347.2:951862..953184	dicarboxylate:amino acid:cation symporter DAACS family [Shewanella oneidensis MR-1].
NP_716558.1	SO_0929		metK	complement(NC_004347.2:957987..959138)	S-adenosylmethionine synthetase MetK [Shewanella oneidensis MR-1].
NP_716559.1	SO_0930		tkt	NC_004347.2:959616..961610	transketolase Tkt [Shewanella oneidensis MR-1].
NP_716560.1	SO_0931		e4pd	NC_004347.2:961739..962755	D-erythrose-4-phosphate dehydrogenase E4pd [Shewanella oneidensis MR-1].
NP_716561.1	SO_0932		pgk	NC_004347.2:962889..964064	phosphoglycerate kinase Pgk [Shewanella oneidensis MR-1].
NP_716562.1	SO_0933		fba	NC_004347.2:964252..965319	fructose-bisphosphate aldolase class II Calvin cycle subtype Fba [Shewanella oneidensis MR-1].
NP_716578.2	SO_0949		brnQ	NC_004347.2:984997..986400	branched-chain amino acid: cation symporter BrnQ [Shewanella oneidensis MR-1].
NP_716585.1	SO_0956		ahpF	complement(NC_004347.2:991215..992798)	alkyl hydroperoxide reductase flavoprotein component AhpF [Shewanella oneidensis MR-1].
NP_716597.1	SO_0968		ldhA	complement(NC_004347.2:1000301..1001290)	fermentative lactate dehydrogenase NADH dependent LdhA [Shewanella oneidensis MR-1].
NP_716607.1	SO_0978		glpD	NC_004347.2:1008247..1009422	aerobic glycerol-3-phosphate dehydrogenase GlpD [Shewanella oneidensis MR-1].
NP_716617.1	SO_0988			complement(NC_004347.2:1016861..1021147)	molybdopterin-binding oxidoreductase [Shewanella oneidensis MR-1].
NP_716619.1	SO_0990			complement(NC_004347.2:1022287..1023978)	periplasmic amidohydrolase 3 family protein [Shewanella oneidensis MR-1].
NP_716620.1	SO_0992		lysS	NC_004347.2:1025577..1027079	lysyl-tRNA synthetase LysS [Shewanella oneidensis MR-1].
NP_716627.1	SO_0999		pbpG	NC_004347.2:1029978..1030943	D-alanyl-D-alanine endopeptidase PbpG [Shewanella oneidensis MR-1].
NP_716629.1	SO_1001		chaA	complement(NC_004347.2:1032741..1033838)	calcium:proton antiporter ChaA [Shewanella oneidensis MR-1].
NP_716637.1	SO_1009		nuoN	complement(NC_004347.2:1045281..1046744)	NADH-ubiquinone oxidoreductase subunit N NuoN [Shewanella oneidensis MR-1].
NP_716638.1	SO_1010		nuoM	complement(NC_004347.2:1046741..1048285)	NADH-ubiquinone oxidoreductase subunit M NuoM [Shewanella oneidensis MR-1].
NP_716639.1	SO_1011		nuoL	complement(NC_004347.2:1048384..1050231)	NADH-ubiquinone oxidoreductase subunit L NuoL [Shewanella oneidensis MR-1].
NP_716640.1	SO_1012		nuoK	complement(NC_004347.2:1050228..1050536)	NADH-ubiquinone oxidoreductase subunit K NuoK [Shewanella oneidensis MR-1].
NP_716641.1	SO_1013		nuoJ	complement(NC_004347.2:1050533..1051084)	NADH-ubiquinone oxidoreductase subunit J NuoJ [Shewanella oneidensis MR-1].
NP_716642.1	SO_1014		nuoI	complement(NC_004347.2:1051095..1051637)	NADH-ubiquinone oxidoreductase subunit I NuoI [Shewanella oneidensis MR-1].
NP_716643.1	SO_1015		nuoH	complement(NC_004347.2:1051646..1052614)	NADH-ubiquinone oxidoreductase subunit H NuoH [Shewanella oneidensis MR-1].
NP_716644.1	SO_1016		nuoG	complement(NC_004347.2:1052611..1055340)	NADH-ubiquinone oxidoreductase subunit G NuoG [Shewanella oneidensis MR-1].
NP_716645.1	SO_1017		nuoF	complement(NC_004347.2:1055382..1056767)	NADH-ubiquinone oxidoreductase subunit F NuoF [Shewanella oneidensis MR-1].
NP_716646.1	SO_1018		nuoE	complement(NC_004347.2:1056764..1057306)	NADH-ubiquinone oxidoreductase subunit E NuoE [Shewanella oneidensis MR-1].
NP_716647.1	SO_1019		nuoCD	complement(NC_004347.2:1057388..1059193)	NADH-ubiquinone oxidoreductase subunit CD NuoCD [Shewanella oneidensis MR-1].
NP_716648.1	SO_1020		nuoB	complement(NC_004347.2:1059197..1059871)	NADH-ubiquinone oxidoreductase subunit B NuoB [Shewanella oneidensis MR-1].
NP_716649.1	SO_1021		nuoA	complement(NC_004347.2:1059901..1060305)	NADH-ubiquinone oxidoreductase subunit A NuoA [Shewanella oneidensis MR-1].
NP_716658.1	SO_1030		metH	complement(NC_004347.2:1066803..1070537)	B12-dependent 5-methyltetrahydrofolate--homocysteine methyltransferase MetH [Shewanella oneidensis MR-1].
NP_716667.1	SO_1039		cobO	NC_004347.2:1078726..1079349	cob(I)alamin adenosyltransferase CobO [Shewanella oneidensis MR-1].
NP_716670.1	SO_1042		artM	complement(NC_004347.2:1080829..1081554)	ABC-type arginine uptakesystem ATPase component ArtM [Shewanella oneidensis MR-1].
NP_716671.1	SO_1043		artQ	complement(NC_004347.2:1081547..1082227)	ABC-type arginine uptakesystem permease component ArtQ [Shewanella oneidensis MR-1].
NP_716680.1	SO_1052		pitB	NC_004347.2:1089653..1091122	metal ion-phosphate:proton symporter PitB [Shewanella oneidensis MR-1].
NP_716686.1	SO_1059			complement(NC_004347.2:1097332..1099965)	periplasmic alanyl aminopeptidase [Shewanella oneidensis MR-1].
NP_716713.1	SO_1087		metT	complement(NC_004347.2:1126389..1127726)	methionine:proton antiporter MetT [Shewanella oneidensis MR-1].
NP_716721.1	SO_1095		metY	NC_004347.2:1134406..1135698	O-acetylhomoserine (thiol)-lyase MetY [Shewanella oneidensis MR-1].
NP_716727.1	SO_1101		luxS	NC_004347.2:1143141..1143650	S-ribosylhomocysteinase LuxS [Shewanella oneidensis MR-1].
NP_716729.1	SO_1103		nqrA	NC_004347.2:1146236..1147570	Na-translocating NADH-quinone reductase subunit A NqrA [Shewanella oneidensis MR-1].
NP_716730.1	SO_1104		nqrB	NC_004347.2:1147570..1148769	Na-translocating NADH-quinone reductase subunit B NqrB [Shewanella oneidensis MR-1].
NP_716731.1	SO_1105		nqrC	NC_004347.2:1148762..1149550	Na-translocating NADH-quinone reductase subunit C NqrC [Shewanella oneidensis MR-1].
NP_716732.1	SO_1106		nqrD	NC_004347.2:1149550..1150182	Na-translocating NADH-quinone reductase subunit D NqrD [Shewanella oneidensis MR-1].
NP_716733.1	SO_1107		nqrE	NC_004347.2:1150188..1150796	Na-translocating NADH-quinone reductase subunit E NqrE [Shewanella oneidensis MR-1].
NP_716734.1	SO_1108		nqrF	NC_004347.2:1150843..1152099	Na-translocating NADH-quinone reductase subunit F NqrF [Shewanella oneidensis MR-1].
NP_716740.1	SO_1115		pepD	complement(NC_004347.2:1158327..1159787)	aminoacyl-histidine/glycine-aspartate dipeptidase PepD [Shewanella oneidensis MR-1].
NP_716745.1	SO_1120			NC_004347.2:1162553..1163842	hypoxanthine/guanine permease AzgA family [Shewanella oneidensis MR-1].
NP_716746.1	SO_1121		proB	NC_004347.2:1164019..1165137	glutamate 5-kinase ProB [Shewanella oneidensis MR-1].
NP_716747.1	SO_1122		proA	NC_004347.2:1165150..1166427	gamma-glutamyl phosphate reductase ProA [Shewanella oneidensis MR-1].
NP_716751.1	SO_1126		dnaK	NC_004347.2:1168751..1170670	chaperone protein DnaK [Shewanella oneidensis MR-1].
NP_716765.2	SO_1140		dapB	NC_004347.2:1180778..1181590	dihydrodipicolinate reductase DapB [Shewanella oneidensis MR-1].
NP_716766.1	SO_1141		carA	NC_004347.2:1181758..1182918	carbamoyl-phosphate synthase small subunit CarA [Shewanella oneidensis MR-1].
NP_716767.1	SO_1142		carB	NC_004347.2:1182946..1186170	carbamoyl-phosphate synthase large subunit CarB [Shewanella oneidensis MR-1].
NP_716770.1	SO_1145			complement(NC_004347.2:1188716..1190089)	magnesium transporter MgtE family [Shewanella oneidensis MR-1].
NP_716775.1	SO_1150		rpiA	complement(NC_004347.2:1194143..1194802)	ribose 5-phosphate isomerase RpiA [Shewanella oneidensis MR-1].
NP_716786.1	SO_1161		lipA	complement(NC_004347.2:1204274..1205239)	lipoic acid synthetase LipA [Shewanella oneidensis MR-1].
NP_716787.2	SO_1162		lipB	complement(NC_004347.2:1205236..1205889)	lipoyl(octanoyl) transferase LipB [Shewanella oneidensis MR-1].
NP_716789.2	SO_1164		dacA	complement(NC_004347.2:1206370..1207545)	D-alanyl-D-alanine carboxypeptidase DacA [Shewanella oneidensis MR-1].
NP_716791.1	SO_1166		mltB	complement(NC_004347.2:1208522..1209586)	lytic murein transglycosylase B MltB [Shewanella oneidensis MR-1].
NP_716793.1	SO_1168		mrdA	complement(NC_004347.2:1210703..1212559)	penicillin-binding protein 2 MrdA [Shewanella oneidensis MR-1].
NP_716796.1	SO_1171		nadD	complement(NC_004347.2:1213530..1214168)	nicotinate-nucleotide adenylyltransferase NadD [Shewanella oneidensis MR-1].
NP_716810.1	SO_1185		ychF	NC_004347.2:1228241..1229332	GTP-binding and nucleic acid-binding protein YchF [Shewanella oneidensis MR-1].
NP_716822.2	SO_1197		ftsH	NC_004347.2:1239856..1241814	ATP-dependent zinc metalloprotease FtsH [Shewanella oneidensis MR-1].
NP_716823.1	SO_1198		folP	NC_004347.2:1241974..1242807	dihydropteroate synthase FolP [Shewanella oneidensis MR-1].
NP_716824.1	SO_1199		glmM	NC_004347.2:1242881..1244218	phosphoglucosamine mutase GlmM [Shewanella oneidensis MR-1].
NP_716825.1	SO_1200		tpiA	NC_004347.2:1244412..1245194	triosephosphate isomeraseTpiA [Shewanella oneidensis MR-1].
NP_716832.1	SO_1208			complement(NC_004347.2:1252572..1254626)	bifunctional diguanylate cyclase/phosphodiesterase [Shewanella oneidensis MR-1].
NP_716837.1	SO_1214			NC_004347.2:1260900..1262198	Na+ dependent nucleoside transporter NupC family [Shewanella oneidensis MR-1].
NP_716838.1	SO_1215		ompK	NC_004347.2:1262532..1263383	nucleoside-specific outer membrane porin OmpK [Shewanella oneidensis MR-1].
NP_716840.1	SO_1217		deoC	NC_004347.2:1263797..1264567	deoxyribose-phosphate aldolase DeoC [Shewanella oneidensis MR-1].
NP_716841.1	SO_1218		deoA	NC_004347.2:1264752..1266083	thymidine phosphorylase DeoA [Shewanella oneidensis MR-1].
NP_716842.1	SO_1219		deoB	NC_004347.2:1266093..1267307	phosphopentomutase DeoB [Shewanella oneidensis MR-1].
NP_716844.1	SO_1221		deoD	NC_004347.2:1267399..1268109	purine nucleoside phosphorylase DeoD [Shewanella oneidensis MR-1].
NP_716846.2	SO_1223		serB	NC_004347.2:1269580..1270572	phosphoserine phosphatase SerB [Shewanella oneidensis MR-1].
NP_716855.1	SO_1232		torA	complement(NC_004347.2:1282266..1284755)	trimethylamine-N-oxide reductase TorA [Shewanella oneidensis MR-1].
NP_716856.1	SO_1233		torC	complement(NC_004347.2:1284771..1285949)	trimethylamine N-oxide reductase membrane anchored cytochrome c component TorC [Shewanella oneidensis MR-1].
NP_716862.1	SO_1239			complement(NC_004347.2:1290456..1291514)	metallophosphoesterase [Shewanella oneidensis MR-1].
NP_716881.1	SO_1258			complement(NC_004347.2:1306435..1307691)	adenylosuccinate synthetase [Shewanella oneidensis MR-1].
NP_716890.1	SO_1267		puuD	NC_004347.2:1314365..1315126	gamma-glutamyl-aminobutyrate hydrolase PuuD [Shewanella oneidensis MR-1].
NP_716891.1	SO_1268		puuA	NC_004347.2:1315128..1316483	gamma-glutamyl-putrescine synthase PuuA [Shewanella oneidensis MR-1].
NP_716893.1	SO_1270		potF	NC_004347.2:1318406..1319509	ABC-type putrescine uptake system substrate-binding component PotF [Shewanella oneidensis MR-1].
NP_716894.1	SO_1271		potG	NC_004347.2:1319669..1320805	ABC-type putrescine uptake system ATPase component PotG [Shewanella oneidensis MR-1].
NP_716895.1	SO_1272		potH	NC_004347.2:1320802..1321707	ABC-type putrescine uptake system permease component 1 PotH [Shewanella oneidensis MR-1].
NP_716896.1	SO_1273		potI	NC_004347.2:1321704..1322519	ABC-type putrescine uptake system permease component 2 PotI [Shewanella oneidensis MR-1].
NP_716897.1	SO_1274		puuB	NC_004347.2:1322756..1324042	gamma-glutamylputrescine oxidoreductase PuuB [Shewanella oneidensis MR-1].
NP_716898.1	SO_1275		puuC	NC_004347.2:1324099..1325547	gamma-glutamyl-gamma-aminobutyraldehyde dehydrogenase PuuC [Shewanella oneidensis MR-1].
NP_716899.1	SO_1276		puuE	NC_004347.2:1325611..1326888	GABA aminotransferase PLP-dependent PuuE [Shewanella oneidensis MR-1].
NP_716900.1	SO_1277			complement(NC_004347.2:1326974..1328524)	proton:oligopeptide symporter POT family [Shewanella oneidensis MR-1].
NP_716912.1	SO_1290		plyY	complement(NC_004347.2:1341341..1341952)	acyl-PO4 glycerol-3-phosphate acyltransferase PlsY [Shewanella oneidensis MR-1].
NP_716914.1	SO_1292			NC_004347.2:1342607..1343110	2-amino-4-hydroxy-6-hydroxymethyldihydropteridine pyrophosphokinase FolK-like protein [Shewanella oneidensis MR-1].
NP_716915.1	SO_1293		uppP	NC_004347.2:1343129..1343929	undecaprenol diphosphatase UppP [Shewanella oneidensis MR-1].
NP_716920.1	SO_1300		hemL	complement(NC_004347.2:1352004..1353296)	glutamate-1-semialdehyde-21-aminomutase HemL [Shewanella oneidensis MR-1].
NP_716921.1	SO_1301		pyrB	complement(NC_004347.2:1353323..1354342)	aspartate carbamoyltransferase PyrB [Shewanella oneidensis MR-1].
NP_716922.1	SO_1302			complement(NC_004347.2:1354561..1356285)	chloride channel protein ClC family [Shewanella oneidensis MR-1].
NP_716927.2	SO_1307		aqpZ	complement(NC_004347.2:1358615..1359310)	aquaporin Z AqpZ [Shewanella oneidensis MR-1].
NP_716933.1	SO_1313		anmK	complement(NC_004347.2:1368549..1369658)	anhydro-N-acetylmuramic acid kinase AnmK [Shewanella oneidensis MR-1].
NP_716942.1	SO_1322		mtnN	complement(NC_004347.2:1375959..1376669)	5-methylthioadenosine nucleosidase/S-adenosylhomocysteine nucleosidase MtnN [Shewanella oneidensis MR-1].
NP_716944.1	SO_1324		gltD	complement(NC_004347.2:1376937..1378343)	NADPH-dependent glutamate synthase small subunit GltD [Shewanella oneidensis MR-1].
NP_716945.1	SO_1325		gltB	complement(NC_004347.2:1378350..1382798)	NADPH-dependent glutamate synthase large subunit GltB [Shewanella oneidensis MR-1].
NP_716951.1	SO_1331		rppH	NC_004347.2:1388575..1389099	RNA pyrophosphohydrolase RppH [Shewanella oneidensis MR-1].
NP_716952.1	SO_1332		ptsP	NC_004347.2:1389123..1391357	phosphotransferase system (PTS) enzyme I PtsP [Shewanella oneidensis MR-1].
NP_716955.1	SO_1335		thyA	NC_004347.2:1393069..1393863	thymidylate synthase ThyA [Shewanella oneidensis MR-1].
NP_716956.1	SO_1336		nhaA	NC_004347.2:1393982..1395151	Na+/H+ antiporter NhaA [Shewanella oneidensis MR-1].
NP_716961.1	SO_1341		nadB	complement(NC_004347.2:1397396..1399009)	L-aspartate oxidase component of quinolinate synthetase NadB [Shewanella oneidensis MR-1].
NP_716971.1	SO_1351		pdxJ	NC_004347.2:1407466..1408203	pyridoxal phosphate synthase PdxJ [Shewanella oneidensis MR-1].
NP_716981.1	SO_1361		aroF	NC_004347.2:1415685..1416776	phospho-2-dehydro-3-deoxyheptonate aldolase tyr-sensitive AroF [Shewanella oneidensis MR-1].
NP_716982.1	SO_1362		tyrA	NC_004347.2:1416839..1417978	bifunctional chorismate mutase T/prephenate dehydrogenase TyrA [Shewanella oneidensis MR-1].
NP_716983.1	SO_1363		hcp	NC_004347.2:1418195..1419859	hydroxylamine reductase Hcp [Shewanella oneidensis MR-1].
NP_716986.1	SO_1366			NC_004347.2:1421557..1422861	sodium:proton antiporter CPA1 family [Shewanella oneidensis MR-1].
NP_716987.1	SO_1367		pheA	complement(NC_004347.2:1422956..1424971)	multifunctional chorismate mutase P/prephenate dehydratase/DAHP synthetase PheA [Shewanella oneidensis MR-1].
NP_716988.1	SO_1368		pepA	complement(NC_004347.2:1425342..1426850)	cytoplasmic leucine metal-dependent aminopeptidase PepA [Shewanella oneidensis MR-1].
NP_717009.1	SO_1389			NC_004347.2:1446736..1447530	ROK family protein [Shewanella oneidensis MR-1].
NP_717011.1	SO_1391		atoE	NC_004347.2:1448283..1449614	short chain fatty acids transporter AtoE [Shewanella oneidensis MR-1].
NP_717017.1	SO_1397			complement(NC_004347.2:1453833..1454270)	cytosine deaminase [Shewanella oneidensis MR-1].
NP_717027.1	SO_1407			NC_004347.2:1462468..1462776	Hg(II) uptake system substrate-binding component MerP family [Shewanella oneidensis MR-1].
NP_717098.1	SO_1481		kefC	NC_004347.2:1544163..1545932	glutathione-gated K(+)-efflux system KefC [Shewanella oneidensis MR-1].
NP_717100.1	SO_1483		aceB	NC_004347.2:1549279..1550928	malate synthase A AceB [Shewanella oneidensis MR-1].
NP_717101.1	SO_1484		aceA	NC_004347.2:1551063..1552385	isocitrate lyase AceA [Shewanella oneidensis MR-1].
NP_717107.1	SO_1490		adhB	complement(NC_004347.2:1555250..1556398)	alcohol dehydrogenase II AdhB [Shewanella oneidensis MR-1].
NP_717110.1	SO_1493		malQ	NC_004347.2:1557951..1560260	4-alpha-glucanotransferase MalQ [Shewanella oneidensis MR-1].
NP_717111.2	SO_1494		glgB	NC_004347.2:1560277..1562514	1,4-alpha-glucan branching enzyme GlgB [Shewanella oneidensis MR-1].
NP_717112.1	SO_1495		glgX	NC_004347.2:1562511..1564763	glycogen isoamylase GlgX [Shewanella oneidensis MR-1].
NP_717113.1	SO_1496		glgP	NC_004347.2:1564766..1567279	glycogen phosphorylase GlgP [Shewanella oneidensis MR-1].
NP_717115.1	SO_1498		glgC	NC_004347.2:1567399..1568661	glucose-1-phosphate adenylyltransferase GlgC [Shewanella oneidensis MR-1].
NP_717116.1	SO_1499		glgA	NC_004347.2:1568714..1570318	glycogen synthase ADP-glucose transglucosylase GlgA [Shewanella oneidensis MR-1].
NP_717138.2	SO_1521		dld	complement(NC_004347.2:1594222..1597026)	respiratory FAD-dependent D-lactate dehydrogenase Dld [Shewanella oneidensis MR-1].
NP_717139.1	SO_1522			complement(NC_004347.2:1597093..1598736)	lactate transport protein LctP family [Shewanella oneidensis MR-1].
NP_717140.2	SO_1523		nadF	complement(NC_004347.2:1599470..1600348)	NAD kinase NadF [Shewanella oneidensis MR-1].
NP_717142.1	SO_1525		dxs	complement(NC_004347.2:1601186..1603054)	1-deoxy-D-xylulose-5-phosphate synthase Dxs [Shewanella oneidensis MR-1].
NP_717143.1	SO_1526		ispA	complement(NC_004347.2:1603076..1603957)	geranyl-diphosphate synthase/farnesyl-diphosphate synthase IspA [Shewanella oneidensis MR-1].
NP_717147.1	SO_1531		thiI	NC_004347.2:1606411..1607865	thiazole biosynthesis/tRNA modification proteinThiI [Shewanella oneidensis MR-1].
NP_717154.1	SO_1538			complement(NC_004347.2:1611932..1612939)	isocitrate dehydrogenase NAD-dependent [Shewanella oneidensis MR-1].
NP_717173.1	SO_1560		pstS	NC_004347.2:1636781..1637752	ABC-type phosphate uptake system substrate-binding component PstS [Shewanella oneidensis MR-1].
NP_717176.1	SO_1563			complement(NC_004347.2:1641589..1642077)	cytoplasmic glutathione peroxidase [Shewanella oneidensis MR-1].
NP_717183.1	SO_1570			NC_004347.2:1645943..1647610	7TM intracellular signalling protein with GGDEF domain [Shewanella oneidensis MR-1].
NP_717193.1	SO_1580			NC_004347.2:1656637..1658850	TonB-dependent haem/haemoglobin receptor [Shewanella oneidensis MR-1].
NP_717198.1	SO_1585			NC_004347.2:1661677..1662303	fumarylacetoacetate hydrolase family protein [Shewanella oneidensis MR-1].
NP_717233.1	SO_1622		yqcA	NC_004347.2:1703703..1704167	tRNA pseudouridine synthase C-associated flavoprotein YqcA [Shewanella oneidensis MR-1].
NP_717234.1	SO_1623		ptsG	NC_004347.2:1704119..1705618	phosphotransferase system (PTS) glucose-specific IIBC component PtsG [Shewanella oneidensis MR-1].
NP_717235.2	SO_1624		purU	NC_004347.2:1705713..1706588	formyltetrahydrofolate deformylase PurU [Shewanella oneidensis MR-1].
NP_717236.1	SO_1625		dapD	complement(NC_004347.2:1706799..1707623)	2,3,4,5-tetrahydropyridine-2,6-carboxylate N-succinyltransferase DapD [Shewanella oneidensis MR-1].
NP_717242.1	SO_1631		pyrH	NC_004347.2:1713187..1713915	uridylate kinase PyrH [Shewanella oneidensis MR-1].
NP_717244.1	SO_1633		uppS	NC_004347.2:1714586..1715413	undecaprenyl diphosphate synthase UppS [Shewanella oneidensis MR-1].
NP_717245.2	SO_1634		cdsA	NC_004347.2:1715434..1716291	phosphatidate cytidylyltransferase CdsA [Shewanella oneidensis MR-1].
NP_717246.1	SO_1635		dxr	NC_004347.2:1716296..1717486	1-deoxy-D-xylulose 5-phosphate reductoisomerase Dxr [Shewanella oneidensis MR-1].
NP_717250.1	SO_1639		lpxD	NC_004347.2:1721987..1723012	UDP-3-O-(3-hydroxymyristoyl) glucosamine n-acyltransferase LpxD [Shewanella oneidensis MR-1].
NP_717251.1	SO_1640		fabZ	NC_004347.2:1723044..1723508	(3R)-hydroxymyristoyl-(acyl-carrier-protein) dehydratase FabZ [Shewanella oneidensis MR-1].
NP_717252.1	SO_1641		lpxA	NC_004347.2:1723505..1724275	acyl-(acyl-carrier-protein)--UDP-N-acetylglucosamine O-acyltransferase LpxA [Shewanella oneidensis MR-1].
NP_717253.1	SO_1642		lpxB	NC_004347.2:1724407..1725564	lipid A disaccharide synthase LpxB [Shewanella oneidensis MR-1].
NP_717257.1	SO_1646			complement(NC_004347.2:1731313..1732203)	diguanylate cyclase [Shewanella oneidensis MR-1].
NP_717258.1	SO_1647		kefB	NC_004347.2:1732375..1734321	glutathione-gated K(+)-efflux system KefB [Shewanella oneidensis MR-1].
NP_717259.2	SO_1648			complement(NC_004347.2:1734438..1734647)	cold shock protein Csp family [Shewanella oneidensis MR-1].
NP_717264.1	SO_1653			NC_004347.2:1741414..1742400	dTDP-4-dehydrorhamnose reductase family [Shewanella oneidensis MR-1].
NP_717266.2	SO_1655		cysQ	NC_004347.2:1742699..1743505	3'(2')5'-bisphosphate nucleotidase CysQ [Shewanella oneidensis MR-1].
NP_717267.1	SO_1656		hexA	NC_004347.2:1743568..1744488	D-hexose 6-phosphotransferase HexA [Shewanella oneidensis MR-1].
NP_717275.1	SO_1664		galE	complement(NC_004347.2:1751216..1752229)	UDP-glucose 4-epimerase GalE [Shewanella oneidensis MR-1].
NP_717276.1	SO_1665		galU	complement(NC_004347.2:1752229..1753137)	UTP-glucose-1-phosphate uridylyltransferase GalU [Shewanella oneidensis MR-1].
NP_717277.1	SO_1666		phhA	NC_004347.2:1753461..1754276	phenylalanine-4-hydroxylase PhhA [Shewanella oneidensis MR-1].
NP_717287.1	SO_1676		metA	NC_004347.2:1761814..1762755	homoserine O-succinyltransferase MetA [Shewanella oneidensis MR-1].
NP_717288.1	SO_1677		ivdA	NC_004347.2:1763186..1764376	3-ketoacyl-CoA thiolase IvdA [Shewanella oneidensis MR-1].
NP_717289.1	SO_1678		ivdB	NC_004347.2:1764513..1766012	methylmalonate-semialdehyde dehydrogenase IvdB [Shewanella oneidensis MR-1].
NP_717290.1	SO_1679		ivdC	NC_004347.2:1766175..1767332	2-methylbutanoyl-CoA dehydrogenase IvdC [Shewanella oneidensis MR-1].
NP_717291.1	SO_1680		ivdD	NC_004347.2:1767385..1768158	enoyl-CoA hydratase IvdD [Shewanella oneidensis MR-1].
NP_717293.1	SO_1682		ivdF	NC_004347.2:1769393..1770295	3-hydroxyisobutyrate dehydrogenase IvdF [Shewanella oneidensis MR-1].
NP_717294.1	SO_1683		ivdG	NC_004347.2:1770320..1771078	3-hydroxyacyl-CoA dehydrogenase IvdG [Shewanella oneidensis MR-1].
NP_717305.1	SO_1694			complement(NC_004347.2:1780498..1783182)	FAD-binding protein [Shewanella oneidensis MR-1].
NP_717318.1	SO_1708			NC_004347.2:1797200..1798486	acetyl-CoA hydrolase/transferase [Shewanella oneidensis MR-1].
NP_717326.1	SO_1716			complement(NC_004347.2:1803810..1804403)	putative amino acid efflux permease RhtB family [Shewanella oneidensis MR-1].
NP_717333.2	SO_1723		pstC	NC_004347.2:1808381..1810639	ABC-type high affinity phosphate uptake system permease component PstC [Shewanella oneidensis MR-1].
NP_717334.1	SO_1724		pstA	NC_004347.2:1810699..1812357	ABC-type high affinity phosphate uptake system permease component PstA [Shewanella oneidensis MR-1].
NP_717335.2	SO_1725		pstB	NC_004347.2:1812391..1813209	ABC-type high affinity phosphate uptake system ATPase component PstB [Shewanella oneidensis MR-1].
NP_717352.1	SO_1742		oleA	NC_004347.2:1821614..1822663	polyolefin biosynthetic pathway thiolase OleA [Shewanella oneidensis MR-1].
NP_717354.1	SO_1744		oleC	NC_004347.2:1823776..1825620	polyolefin biosynthetic pathway AMP transfer protein OleC [Shewanella oneidensis MR-1].
NP_717365.1	SO_1755			NC_004347.2:1836276..1837997	phosphoglucomutase/phosphomannomutase family protein [Shewanella oneidensis MR-1].
NP_717379.2	SO_1769			complement(NC_004347.2:1847735..1849384)	glutamate decarboxylase [Shewanella oneidensis MR-1].
NP_717380.1	SO_1770		garK	complement(NC_004347.2:1849621..1850775)	glycerate kinase GarK [Shewanella oneidensis MR-1].
NP_717381.1	SO_1771		grtP	complement(NC_004347.2:1850834..1852192)	D-glycerate transporter GrtP [Shewanella oneidensis MR-1].
NP_717386.1	SO_1777		mtrA	complement(NC_004347.2:1858278..1859279)	extracelllular iron oxide respiratory system periplasmic decaheme cytochrome c component MtrA [Shewanella oneidensis MR-1].
NP_717391.2	SO_1782		mtrD	complement(NC_004347.2:1868254..1869219)	extracellular respiratory system periplasmic decaheme cytochrome c component MtrD [Shewanella oneidensis MR-1].
NP_717393.1	SO_1784		feoB	NC_004347.2:1869877..1872171	ferrous iron transport protein B FeoB [Shewanella oneidensis MR-1].
NP_717398.1	SO_1789		lpxH	complement(NC_004347.2:1875892..1876611)	UDP-23-diacylglucosamine hydrolase LpxH [Shewanella oneidensis MR-1].
NP_717401.1	SO_1792		folD	complement(NC_004347.2:1878811..1879665)	bifunctional methylenetetrahydrofolate dehydrogenase (NADP+)/methenyltetrahydrofolate cyclohydrolase FolD [Shewanella oneidensis MR-1].
NP_717410.1	SO_1802		sapD	complement(NC_004347.2:1891948..1892955)	ABC-type peptide uptake system ATPase component 1 SapD [Shewanella oneidensis MR-1].
NP_717420.1	SO_1812		mdeA	NC_004347.2:1902203..1903396	methionine gamma-lyase MdeA [Shewanella oneidensis MR-1].
NP_717429.1	SO_1821			NC_004347.2:1912704..1913900	outer membrane porin [Shewanella oneidensis MR-1].
NP_717436.1	SO_1828		tonB2	NC_004347.2:1920586..1921209	TonB2 mediated energy transduction system energy transducer component TonB2 [Shewanella oneidensis MR-1].
NP_717464.1	SO_1856		fabA	complement(NC_004347.2:1947500..1948015)	3-hydroxydecanoyl-(acyl-carrier-protein) dehydratase FabA [Shewanella oneidensis MR-1].
NP_717470.1	SO_1862		pgsA	NC_004347.2:1954436..1954984	CDP-diacylglycerol--glycerol-3-phosphate 3-phosphatidyltransferase PgsA [Shewanella oneidensis MR-1].
NP_717473.1	SO_1865			complement(NC_004347.2:1957198..1958106)	ABC-type export system ATPase component [Shewanella oneidensis MR-1].
NP_717478.1	SO_1870		speA	NC_004347.2:1961799..1963712	biosynthetic arginine decarboxylase SpeA [Shewanella oneidensis MR-1].
NP_717479.2	SO_1871		speD	NC_004347.2:1963918..1964853	S-adenosylmethionine decarboxylase SpeD [Shewanella oneidensis MR-1].
NP_717485.1	SO_1877		bcp	complement(NC_004347.2:1973445..1973915)	thioredoxin-dependent thiol peroxidase Bcp [Shewanella oneidensis MR-1].
NP_717487.1	SO_1879		dapA	NC_004347.2:1974642..1975526	dihydrodipicolinate synthase DapA [Shewanella oneidensis MR-1].
NP_717499.1	SO_1891		liuG	complement(NC_004347.2:1987933..1988589)	acetyl-CoA:acetoacetate-CoA transferase beta subunit LiuG [Shewanella oneidensis MR-1].
NP_717500.1	SO_1892		liuF	complement(NC_004347.2:1988696..1989400)	acetyl-CoA:acetoacetate-CoA transferase alpha subunit LiuF [Shewanella oneidensis MR-1].
NP_717501.1	SO_1893		liuE	complement(NC_004347.2:1989482..1990429)	3-hydroxymethylglutaryl-CoA lyase LiuE [Shewanella oneidensis MR-1].
NP_717508.1	SO_1901		sugE	NC_004347.2:2001497..2001811	quaternary ammonium compound efflux pump SugE [Shewanella oneidensis MR-1].
NP_717509.1	SO_1902		gnd	NC_004347.2:2002049..2003575	6-phosphogluconate dehydrogenase decarboxylating Gnd [Shewanella oneidensis MR-1].
NP_717517.1	SO_1910		menA	complement(NC_004347.2:2008352..2009227)	1,4-dihydroxy-2-naphthoate octaprenyltransferase MenA [Shewanella oneidensis MR-1].
NP_717519.1	SO_1912		tesB	NC_004347.2:2010603..2011469	acyl-CoA thioesterase II TesB [Shewanella oneidensis MR-1].
NP_717533.1	SO_1926		gltA	complement(NC_004347.2:2029178..2030464)	citrate synthase GltA [Shewanella oneidensis MR-1].
NP_717534.1	SO_1927		sdhC	NC_004347.2:2030881..2031276	succinate dehydrogenase cytochrome b556 subunit SdhC [Shewanella oneidensis MR-1].
NP_717535.1	SO_1928		sdhA	NC_004347.2:2031618..2033384	succinate dehydrogenase flavoprotein subunit SdhA [Shewanella oneidensis MR-1].
NP_717536.1	SO_1929		sdhB	NC_004347.2:2033399..2034106	succinate dehydrogenase iron-sulfur protein SdhB [Shewanella oneidensis MR-1].
NP_717537.1	SO_1930		sucA	NC_004347.2:2034326..2037145	2-oxoglutarate dehydrogenase complex dehydrogenase E1 component SucA [Shewanella oneidensis MR-1].
NP_717538.1	SO_1931		sucB	NC_004347.2:2037194..2038381	2-oxoglutarate dehydrogenase complex succinyl-CoA:dihydrolipoate S-succinyltransferase E2 component SucB [Shewanella oneidensis MR-1].
NP_717539.1	SO_1932		sucC	NC_004347.2:2038499..2039665	succinyl-CoA synthase beta subunit SucC [Shewanella oneidensis MR-1].
NP_717540.1	SO_1933		sucD	NC_004347.2:2039665..2040537	succinyl-CoA synthase alpha subunit SucD [Shewanella oneidensis MR-1].
NP_717548.1	SO_1941		corA	NC_004347.2:2044485..2045432	divalent cation (Mg2+, Co2+, Ni2+) transporter CorA [Shewanella oneidensis MR-1].
NP_717559.1	SO_1952		ggtA	complement(NC_004347.2:2057824..2059563)	gamma-glutamyltransferase GgtA [Shewanella oneidensis MR-1].
NP_717561.1	SO_1954			complement(NC_004347.2:2061048..2061671)	homogentisate export protein [Shewanella oneidensis MR-1].
NP_717578.1	SO_1971			NC_004347.2:2075395..2077131	AMP-dependent synthetase and ligase family protein [Shewanella oneidensis MR-1].
NP_717585.1	SO_1978			NC_004347.2:2082504..2083496	pyridoxal-phosphate dependent eynzyme [Shewanella oneidensis MR-1].
NP_717586.1	SO_1979		nrtR	NC_004347.2:2083549..2084262	transcriptional repressor of nicotinamide riboside utilization NrtR [Shewanella oneidensis MR-1].
NP_717587.1	SO_1980		nadR	NC_004347.2:2084619..2085524	ribose phosphate pyrophosphokinase NadR [Shewanella oneidensis MR-1].
NP_717588.1	SO_1981		nadV	NC_004347.2:2085535..2087007	nicotinamide phosphoribosyltransferase NadV [Shewanella oneidensis MR-1].
NP_717608.1	SO_2001		ushA	NC_004347.2:2099992..2101701	bifunctional UDP-sugar hydrolase/5'-nucleotidase UshA [Shewanella oneidensis MR-1].
NP_717618.2	SO_2012		apt	NC_004347.2:2109291..2109842	adenine phosphoribosyltransferase Apt [Shewanella oneidensis MR-1].
NP_717624.1	SO_2018		adk	NC_004347.2:2117464..2118108	adenylate kinase Adk [Shewanella oneidensis MR-1].
NP_717625.2	SO_2019		hemH	NC_004347.2:2118230..2119234	ferrochelatase HemH [Shewanella oneidensis MR-1].
NP_717626.1	SO_2020		gsk	NC_004347.2:2119427..2120731	inosine-guanosine kinase Gsk [Shewanella oneidensis MR-1].
NP_717627.1	SO_2021		nadE	NC_004347.2:2120956..2121786	NH(3)-dependent NAD(+) synthetase NadE [Shewanella oneidensis MR-1].
NP_717642.1	SO_2039			complement(NC_004347.2:2135532..2136233)	signalling protein with EAL domain [Shewanella oneidensis MR-1].
NP_717643.1	SO_2040		sltY	complement(NC_004347.2:2136434..2138359)	soluble lytic murein transglycosylase SltY [Shewanella oneidensis MR-1].
NP_717647.1	SO_2044		gloA	complement(NC_004347.2:2142199..2142609)	lactoylglutathione lyase GloA [Shewanella oneidensis MR-1].
NP_717648.1	SO_2045			NC_004347.2:2143239..2144423	cation efflux protein CDF family [Shewanella oneidensis MR-1].
NP_717651.1	SO_2048			NC_004347.2:2147450..2149075	sulfatase with domain of unknown function DUF1705 [Shewanella oneidensis MR-1].
NP_717657.1	SO_2054		frmA	NC_004347.2:2153864..2155003	S-(hydroxymethyl)glutathione dehydrogenase FrmA [Shewanella oneidensis MR-1].
NP_717658.1	SO_2055		frmB	NC_004347.2:2155142..2155981	S-formylglutathione hydrolase FrmB [Shewanella oneidensis MR-1].
NP_717668.1	SO_2065		tyrP	complement(NC_004347.2:2162332..2163519)	tyrosine transporter TyrP [Shewanella oneidensis MR-1].
NP_717670.1	SO_2067		hisIE	complement(NC_004347.2:2164099..2164734)	bifunctional phosphoribosyl-AMP cyclohydrolase/phosphoribosyl-ATP pyrophosphatase HisIE [Shewanella oneidensis MR-1].
NP_717671.1	SO_2068		hisF	complement(NC_004347.2:2164817..2165590)	imidazole glycerol phosphate synthase cyclase subunit HisF [Shewanella oneidensis MR-1].
NP_717672.1	SO_2069		hisA	complement(NC_004347.2:2165572..2166309)	1-(5-phosphoribosyl)-5-[(5-phosphoribosylamino)methylideneamino] imidazole-4-carboxamide isomerase HisA [Shewanella oneidensis MR-1].
NP_717673.1	SO_2070		hisH	complement(NC_004347.2:2166414..2167079)	imidazole glycerol phosphate synthase glutamine amidotransferase subunit HisH [Shewanella oneidensis MR-1].
NP_717674.1	SO_2071		hisB	complement(NC_004347.2:2167224..2168315)	bifunctional imidazoleglycerol-phosphate dehydratase/histidinol-phosphatase HisB [Shewanella oneidensis MR-1].
NP_717675.1	SO_2072		hisC	complement(NC_004347.2:2168398..2169573)	histidinol-phosphate aminotransferase HisC [Shewanella oneidensis MR-1].
NP_717676.1	SO_2073		hisD	complement(NC_004347.2:2169636..2170952)	histidinol dehydrogenase HisD [Shewanella oneidensis MR-1].
NP_717677.1	SO_2074		hisG	complement(NC_004347.2:2170956..2171930)	ATP phosphoribosyltransferase HisG [Shewanella oneidensis MR-1].
NP_717691.1	SO_2088		lpxM	NC_004347.2:2184644..2185582	KDO 2-(lauroyl)-lipid IVA acyltransferase LpxM [Shewanella oneidensis MR-1].
NP_717699.1	SO_2096		hyaD	complement(NC_004347.2:2193884..2194462)	NiFe hydrogenase maturation protease HyaD [Shewanella oneidensis MR-1].
NP_717700.1	SO_2097		hyaC	complement(NC_004347.2:2194470..2195144)	periplasmic [Ni-Fe] hydrogenase cytochrome b subunit HyaC [Shewanella oneidensis MR-1].
NP_717701.1	SO_2098		hyaB	complement(NC_004347.2:2195166..2196869)	periplasmic [Ni-Fe] hydrogenase large subunit HyaB [Shewanella oneidensis MR-1].
NP_717702.1	SO_2099		hyaA	complement(NC_004347.2:2196873..2198009)	periplasmic [Ni-Fe] hydrogenase small subunit HyaA [Shewanella oneidensis MR-1].
NP_717718.2	SO_2115		iaaA	NC_004347.2:2217838..2218869	bifunctional isoaspartyl dipeptidase / l-asparaginase IaaA [Shewanella oneidensis MR-1].
NP_717726.1	SO_2123			NC_004347.2:2228059..2230023	chemotaxis signal transduction system methyl accepting sensory transducer [Shewanella oneidensis MR-1].
NP_717739.1	SO_2136		adhE	complement(NC_004347.2:2242231..2244831)	aldehyde-alcohol dehydrogenase AdhE [Shewanella oneidensis MR-1].
NP_717755.1	SO_2155			complement(NC_004347.2:2269285..2269668)	glyoxalase family protein [Shewanella oneidensis MR-1].
NP_717756.2	SO_2156			complement(NC_004347.2:2269786..2271906)	O-glycosyl hydrolase family 13 [Shewanella oneidensis MR-1].
NP_717774.1	SO_2174			complement(NC_004347.2:2285019..2285981)	diguanylate cyclase with PAS sensory domain [Shewanella oneidensis MR-1].
NP_717778.1	SO_2178		ccpA	complement(NC_004347.2:2289449..2290450)	diheme cytochrome c5 peroxidase CcpA [Shewanella oneidensis MR-1].
NP_717780.2	SO_2180			NC_004347.2:2291997..2292857	periplasmic metalloprotease M23B family [Shewanella oneidensis MR-1].
NP_717785.1	SO_2185		ppx	complement(NC_004347.2:2294920..2296476)	exopolyphosphatase Ppx [Shewanella oneidensis MR-1].
NP_717789.1	SO_2191		metC	complement(NC_004347.2:2302117..2303316)	cystathionine beta-lyase MetC [Shewanella oneidensis MR-1].
NP_717795.1	SO_2197			complement(NC_004347.2:2310824..2311849)	diguanylate cyclase [Shewanella oneidensis MR-1].
NP_717801.2	SO_2203		dgkA	complement(NC_004347.2:2317498..2317869)	diacylglycerol kinase DgkA [Shewanella oneidensis MR-1].
NP_717806.1	SO_2208		ptpA	NC_004347.2:2320088..2320603	low molecular weight phosphotyrosine protein phosphatase PtpA [Shewanella oneidensis MR-1].
NP_717811.1	SO_2213		algA	NC_004347.2:2324802..2326424	alpha-glucosidase AlgA [Shewanella oneidensis MR-1].
NP_717814.1	SO_2217		ddlA	complement(NC_004347.2:2331691..2332701)	D-alanine--D-alanine ligase DdlA [Shewanella oneidensis MR-1].
NP_717817.1	SO_2220		yeaB	complement(NC_004347.2:2334901..2335488)	nucleoside diphosphate hydrolase YeaB [Shewanella oneidensis MR-1].
NP_717818.1	SO_2221		pabB	complement(NC_004347.2:2335516..2336919)	para-aminobenzoate synthase aminase component PabB [Shewanella oneidensis MR-1].
NP_717819.1	SO_2222		fumB	NC_004347.2:2337042..2338592	anaerobic fumarate hydratase FumB [Shewanella oneidensis MR-1].
NP_717825.1	SO_2228			NC_004347.2:2345120..2345536	CBS domain containing protein [Shewanella oneidensis MR-1].
NP_717832.1	SO_2236		crr	complement(NC_004347.2:2352668..2353177)	phosphotransferase system (PTS) glucose-specific IIA component Crr [Shewanella oneidensis MR-1].
NP_717833.1	SO_2237		ptsI	complement(NC_004347.2:2353249..2354952)	phosphotransferase system (PTS) phosphoenolpyruvate-protein phosphotransferase PtsI [Shewanella oneidensis MR-1].
NP_717834.1	SO_2238		ptsH	complement(NC_004347.2:2354982..2355239)	phosphotransferase system (PTS) phosphocarrier protein HPr PtsH [Shewanella oneidensis MR-1].
NP_717844.1	SO_2248		sdaA	complement(NC_004347.2:2362477..2363853)	L-serine ammonia-lyase SdaA [Shewanella oneidensis MR-1].
NP_717846.1	SO_2250		nagZ	NC_004347.2:2364238..2365266	beta-N-acetylglucosaminidase NagZ [Shewanella oneidensis MR-1].
NP_717849.1	SO_2253		acyP	NC_004347.2:2366460..2366732	acylphosphatase AcyP [Shewanella oneidensis MR-1].
NP_717856.1	SO_2260		suhB	complement(NC_004347.2:2375510..2376313)	inositol-phosphate phosphatase SuhB [Shewanella oneidensis MR-1].
NP_717858.1	SO_2262		cysE	NC_004347.2:2377240..2378061	serine acetyltransferase CysE [Shewanella oneidensis MR-1].
NP_717860.1	SO_2264		iscS	NC_004347.2:2378955..2380169	cysteine desulfurase IscS [Shewanella oneidensis MR-1].
NP_717861.1	SO_2265		iscU	NC_004347.2:2380207..2380590	FeS cluster assembly scaffold protein IscU [Shewanella oneidensis MR-1].
NP_717862.1	SO_2266		iscA	NC_004347.2:2380605..2380928	FeS cluster assembly acessory protein IscA [Shewanella oneidensis MR-1].
NP_717864.1	SO_2268		hscA	NC_004347.2:2381536..2383398	chaperone protein HscA [Shewanella oneidensis MR-1].
NP_717870.1	SO_2274		ndk	NC_004347.2:2386980..2387411	nucleoside diphosphate kinase Ndk [Shewanella oneidensis MR-1].
NP_717874.1	SO_2278		ilvH	complement(NC_004347.2:2389368..2389862)	acetolactate synthase III small subunit IlvH [Shewanella oneidensis MR-1].
NP_717875.1	SO_2279		ilvI	complement(NC_004347.2:2389862..2391580)	acetolactate synthase III large subunit IlvI [Shewanella oneidensis MR-1].
NP_717878.1	SO_2282			complement(NC_004347.2:2395760..2397118)	bifunctional transcriptional repressor of amino acid efflux GntR family / aminotransferase [Shewanella oneidensis MR-1].
NP_717882.1	SO_2286			NC_004347.2:2400457..2402214	sulfate transporter SulP family [Shewanella oneidensis MR-1].
NP_717892.1	SO_2296		ribC	NC_004347.2:2408815..2409435	6,7-dimethyl-8-ribityllumazine synthase alpha subunit RibC [Shewanella oneidensis MR-1].
NP_717899.1	SO_2303		trxB	complement(NC_004347.2:2413769..2414722)	thioredoxin reductase TrxB [Shewanella oneidensis MR-1].
NP_717920.1	SO_2330		fldA	complement(NC_004347.2:2439773..2440300)	flavodoxin FldA [Shewanella oneidensis MR-1].
NP_717926.1	SO_2336		pgm	NC_004347.2:2442658..2444310	phosphoglucomutase alpha-D-glucose phosphate-specific Pgm [Shewanella oneidensis MR-1].
NP_717927.1	SO_2337		msrA	complement(NC_004347.2:2444421..2444900)	peptide methionine sulfoxide reductase MsrA [Shewanella oneidensis MR-1].
NP_717928.1	SO_2338		astE	NC_004347.2:2445179..2446213	succinylglutamate desuccinylase AstE [Shewanella oneidensis MR-1].
NP_717931.1	SO_2341		bkdB	NC_004347.2:2448545..2450152	3-methyl-2-oxobutanoate dehydrogenase complex E2 component BkdB [Shewanella oneidensis MR-1].
NP_717932.1	SO_2342		nadA	NC_004347.2:2450287..2451360	quinolinate synthetase NadA [Shewanella oneidensis MR-1].
NP_717935.1	SO_2345		gapA	complement(NC_004347.2:2452798..2453808)	glyceraldehyde-3-phosphate dehydrogenase (NAD+) GapA [Shewanella oneidensis MR-1].
NP_717937.1	SO_2347		gapB	NC_004347.2:2455117..2456550	glyceraldehyde-3-phosphate dehydrogenase GapB [Shewanella oneidensis MR-1].
NP_717940.1	SO_2350		aspC	NC_004347.2:2457433..2458626	aspartate aminotransferase AspC [Shewanella oneidensis MR-1].
NP_717949.1	SO_2359		ccoI	complement(NC_004347.2:2465257..2467656)	Cbb3-type cytochrome oxidase-associated copper translocating P-ATPase CcoI [Shewanella oneidensis MR-1].
NP_717951.1	SO_2361		ccoP	complement(NC_004347.2:2468269..2469237)	Cbb3-type cytochrome c oxidase subunit III CcoP [Shewanella oneidensis MR-1].
NP_717952.1	SO_2362		ccoQ	complement(NC_004347.2:2469237..2469413)	Cbb3-type cytochrome c oxidase subunit IV CcoQ [Shewanella oneidensis MR-1].
NP_717953.1	SO_2363		ccoO	complement(NC_004347.2:2469425..2470051)	Cbb3-type cytochrome c oxidase subunit II CcoO [Shewanella oneidensis MR-1].
NP_717954.1	SO_2364		ccoN	complement(NC_004347.2:2470064..2471500)	Cbb3-type cytochrome c oxidase subunit I CcoN [Shewanella oneidensis MR-1].
NP_717956.1	SO_2366			complement(NC_004347.2:2472311..2473888)	two component signal transduction system response regulator with DUF3369 and HD domains [Shewanella oneidensis MR-1].
NP_717977.1	SO_2387			complement(NC_004347.2:2489757..2490512)	DTW domain-containing protein [Shewanella oneidensis MR-1].
NP_717980.1	SO_2390		pssA	complement(NC_004347.2:2493875..2495188)	phosphatidylserine synthase PssA [Shewanella oneidensis MR-1].
NP_717984.1	SO_2394		dacB	NC_004347.2:2497392..2498915	D-alanyl-D-alanine carboxypeptidase DacB [Shewanella oneidensis MR-1].
NP_717985.1	SO_2395		acdS	complement(NC_004347.2:2498976..2500733)	butyryl-CoA dehydrogenase AcdS [Shewanella oneidensis MR-1].
NP_717986.1	SO_2396			complement(NC_004347.2:2500955..2501497)	protein of unknown function DUF2058 [Shewanella oneidensis MR-1].
NP_717988.1	SO_2398		pyrF	complement(NC_004347.2:2502436..2503131)	orotidine 5`-phosphate decarboxylase PyrF [Shewanella oneidensis MR-1].
NP_717992.1	SO_2402		rpsA	complement(NC_004347.2:2505094..2506761)	ribosomal protein S1 RpsA [Shewanella oneidensis MR-1].
NP_717993.1	SO_2403		cmk	complement(NC_004347.2:2506864..2507556)	cytidylate kinase Cmk [Shewanella oneidensis MR-1].
NP_717994.1	SO_2404		aroA	complement(NC_004347.2:2507740..2509020)	3-phosphoshikimate 1-carboxyvinyltransferase AroA [Shewanella oneidensis MR-1].
NP_718000.2	SO_2410		serC	complement(NC_004347.2:2514680..2515777)	bifunctional 3-phosphoserine aminotransferase/phosphohydroxythreonine SerC [Shewanella oneidensis MR-1].
NP_718004.1	SO_2414			NC_004347.2:2519740..2520429	2-phosphoglycolate phosphatase family [Shewanella oneidensis MR-1].
NP_718005.1	SO_2415		nrdA	NC_004347.2:2520881..2523169	aerobic ribonucleoside-diphosphate reductase alpha subunit NrdA [Shewanella oneidensis MR-1].
NP_718006.1	SO_2416		nrdB	NC_004347.2:2523230..2524360	aerobic ribonucleoside-diphosphate reductase beta subunit NrdB [Shewanella oneidensis MR-1].
NP_718009.1	SO_2419		fadH	complement(NC_004347.2:2526768..2528786)	NADP-dependent 24-dienoyl-CoA reductase FadH [Shewanella oneidensis MR-1].
NP_718010.1	SO_2420		sppA	NC_004347.2:2528952..2530796	signal peptide peptidase SppA [Shewanella oneidensis MR-1].
NP_718011.1	SO_2421		ansA	NC_004347.2:2530907..2531920	L-asparaginase I AnsA [Shewanella oneidensis MR-1].
NP_718024.1	SO_2434			complement(NC_004347.2:2543527..2546340)	bifunctional periplasmic substrate binding protein/cytoplasmic diguanylate cyclase [Shewanella oneidensis MR-1].
NP_718025.1	SO_2435		cmoA	NC_004347.2:2546491..2547222	tRNA (uridine-5-oxyacetic acid methyl ester) 34 synthase CmoA [Shewanella oneidensis MR-1].
NP_718030.1	SO_2440		thiH	complement(NC_004347.2:2553972..2555099)	thiazole biosynthesis protein ThiH [Shewanella oneidensis MR-1].
NP_718031.1	SO_2441		thiG	complement(NC_004347.2:2555096..2555860)	thiazole-phosphate synthase ThiG [Shewanella oneidensis MR-1].
NP_718032.1	SO_2442		thiS	complement(NC_004347.2:2555862..2556065)	sulphur carrier protein ThiS [Shewanella oneidensis MR-1].
NP_718033.1	SO_2443		thiF	complement(NC_004347.2:2556062..2556964)	adenylyltransferase ThiF [Shewanella oneidensis MR-1].
NP_718034.2	SO_2444		thiDE	complement(NC_004347.2:2556961..2558538)	bifunctional hydroxy-(phospho)methylpyrimidine kinase/thiamine-phosphate pyrophosphorylase ThiDE [Shewanella oneidensis MR-1].
NP_718035.1	SO_2445		thiC	complement(NC_004347.2:2558541..2560706)	thiamin biosynthesis protein ThiC [Shewanella oneidensis MR-1].
NP_718038.1	SO_2448			complement(NC_004347.2:2563328..2563858)	MutT/nudix family protein [Shewanella oneidensis MR-1].
NP_718058.1	SO_2471		dapE	NC_004347.2:2593062..2594216	succinyl-diaminopimelate desuccinylase DapE [Shewanella oneidensis MR-1].
NP_718061.1	SO_2474		can	NC_004347.2:2596052..2596657	beta-class carbonic anhydrase Can [Shewanella oneidensis MR-1].
NP_718063.1	SO_2476			NC_004347.2:2597000..2598187	polysaccharide biosynthesis protein [Shewanella oneidensis MR-1].
NP_718064.1	SO_2477			NC_004347.2:2598207..2599277	alcohol dehydrogenase iron-containing [Shewanella oneidensis MR-1].
NP_718065.1	SO_2478		kdsB	NC_004347.2:2599360..2600097	3-deoxy-D-manno-octulosonate cytidylyltransferase KdsB [Shewanella oneidensis MR-1].
NP_718070.1	SO_2483		yfbQ	NC_004347.2:2604448..2605662	PLP-dependent aminotransferase YfbQ [Shewanella oneidensis MR-1].
NP_718071.1	SO_2484		yfbR	NC_004347.2:2605884..2606471	5' nucleotidase YfbR [Shewanella oneidensis MR-1].
NP_718072.1	SO_2485		dgt	NC_004347.2:2606497..2607822	deoxyguanosinetriphosphate triphosphohydrolase Dgt [Shewanella oneidensis MR-1].
NP_718073.1	SO_2486		eda	complement(NC_004347.2:2607909..2608550)	bifunctional 4-hydroxy-2-oxoglutarate aldolase/2-dehydro-3-deoxy-phosphogluconate aldolase Eda [Shewanella oneidensis MR-1].
NP_718074.1	SO_2487		edd	complement(NC_004347.2:2608570..2610396)	6-phosphogluconate dehydratase Edd [Shewanella oneidensis MR-1].
NP_718075.1	SO_2488		pgl	complement(NC_004347.2:2610409..2611107)	6-phosphogluconolactonase Pgl [Shewanella oneidensis MR-1].
NP_718076.1	SO_2489		zwf	complement(NC_004347.2:2611117..2612589)	glucose-6-phosphate 1-dehydrogenase Zwf [Shewanella oneidensis MR-1].
NP_718077.1	SO_2490		hexR	NC_004347.2:2612900..2613754	2-keto-3-deoxy-6-phosphogluconate-responsive transcriptional regulator of central carbohydrate metabolism HexR [Shewanella oneidensis MR-1].
NP_718078.1	SO_2491		pykA	NC_004347.2:2613940..2615379	pyruvate kinase II PykA [Shewanella oneidensis MR-1].
NP_718079.1	SO_2492		fadE1	complement(NC_004347.2:2615777..2618056)	acyl-CoA dehydrogenase FadE1 [Shewanella oneidensis MR-1].
NP_718095.1	SO_2508		rnfA	NC_004347.2:2635627..2636205	ion (H+ or Na+)-translocating NADH:ferredoxin oxidoreductase subunit RnfA [Shewanella oneidensis MR-1].
NP_718096.1	SO_2509		rnfB	NC_004347.2:2636206..2636787	ion (H+ or Na+)-translocating NADH:ferredoxin oxidoreductase subunit RnfB [Shewanella oneidensis MR-1].
NP_718097.1	SO_2510		rnfC	NC_004347.2:2636791..2639163	ion (H+ or Na+)-translocating NADH:ferredoxin oxidoreductase subunit RnfC [Shewanella oneidensis MR-1].
NP_718098.1	SO_2511		rnfD	NC_004347.2:2639229..2640278	ion (H+ or Na+)-translocating NADH:ferredoxin oxidoreductase subunit RnfD [Shewanella oneidensis MR-1].
NP_718099.1	SO_2512		rnfG	NC_004347.2:2640333..2640971	ion (H+ or Na+)-translocating NADH:ferredoxin oxidoreductase subunit RnfG [Shewanella oneidensis MR-1].
NP_718100.1	SO_2513		rnfE	NC_004347.2:2640964..2641662	ion (H+ or Na+)-translocating NADH:ferredoxin oxidoreductase subunit RnfE [Shewanella oneidensis MR-1].
NP_718122.1	SO_2536		fadE2	NC_004347.2:2663391..2665838	acyl-CoA dehydrogenase FadE2 [Shewanella oneidensis MR-1].
NP_718123.1	SO_2537			complement(NC_004347.2:2665977..2667986)	sodium:proton antiporter CPA1 family [Shewanella oneidensis MR-1].
NP_718127.1	SO_2541			NC_004347.2:2672086..2673411	two component signal transduction system response regulator [Shewanella oneidensis MR-1].
NP_718149.1	SO_2563		gloB	NC_004347.2:2692502..2693305	hydroxyacylglutathione hydrolase GloB [Shewanella oneidensis MR-1].
NP_718150.1	SO_2564			NC_004347.2:2693556..2695103	membrane-bound lytic peptidoglycan transglycosylase D [Shewanella oneidensis MR-1].
NP_718167.1	SO_2581		fadD	complement(NC_004347.2:2707890..2709563)	long chain fatty acid CoA ligase FadD [Shewanella oneidensis MR-1].
NP_718173.1	SO_2587		hemB	NC_004347.2:2713797..2714798	delta-aminolevulinic acid dehydratase HemB [Shewanella oneidensis MR-1].
NP_718174.1	SO_2588		selR	complement(NC_004347.2:2715512..2716417)	methionine-R-sulfoxide reductase SelR [Shewanella oneidensis MR-1].
NP_718178.1	SO_2592		pyrD	complement(NC_004347.2:2719794..2720813)	dihydroorotate dehydrogenase PyrD [Shewanella oneidensis MR-1].
NP_718179.1	SO_2593		gdh	complement(NC_004347.2:2720876..2725720)	glutamate dehydrogenase (NAD+) Gdh [Shewanella oneidensis MR-1].
NP_718186.1	SO_2600		pepN	complement(NC_004347.2:2733645..2736194)	alanyl aminopeptidase PepN [Shewanella oneidensis MR-1].
NP_718198.1	SO_2613		tmk	complement(NC_004347.2:2749732..2750361)	thymidylate kinase Tmk [Shewanella oneidensis MR-1].
NP_718199.1	SO_2614		yceG	complement(NC_004347.2:2750358..2751368)	protein YceG [Shewanella oneidensis MR-1].
NP_718200.1	SO_2615		pabC	complement(NC_004347.2:2751365..2752174)	aminodeoxychorismate lyase PabC [Shewanella oneidensis MR-1].
NP_718201.1	SO_2616		dcd	complement(NC_004347.2:2752180..2752761)	deoxycytidine triphosphate deaminase Dcd [Shewanella oneidensis MR-1].
NP_718202.1	SO_2617		udk	complement(NC_004347.2:2752791..2753429)	uridine kinase Udk [Shewanella oneidensis MR-1].
NP_718203.1	SO_2618		apbC	complement(NC_004347.2:2753441..2754556)	scaffold protein for [4Fe-4S] cluster assembly ApbC [Shewanella oneidensis MR-1].
NP_718205.1	SO_2620			NC_004347.2:2756946..2757902	transport protein AEC family [Shewanella oneidensis MR-1].
NP_718214.1	SO_2629		icd	complement(NC_004347.2:2764527..2766752)	isocitrate dehydrogenase NADP-dependent Icd [Shewanella oneidensis MR-1].
NP_718215.1	SO_2631			NC_004347.2:2767948..2768424	MutT/nudix family protein [Shewanella oneidensis MR-1].
NP_718219.1	SO_2635		purB	NC_004347.2:2770490..2771860	adenylosuccinate lyase PurB [Shewanella oneidensis MR-1].
NP_718222.1	SO_2638		ldh	NC_004347.2:2773989..2775023	leucine dehydrogenase Ldh [Shewanella oneidensis MR-1].
NP_718227.1	SO_2643			complement(NC_004347.2:2776727..2779768)	oxidoreductase FAD-binding protein [Shewanella oneidensis MR-1].
NP_718228.1	SO_2644		ppsA	complement(NC_004347.2:2779868..2782237)	phosphoenolpyruvate synthase PpsA [Shewanella oneidensis MR-1].
NP_718230.1	SO_2646		aroH	NC_004347.2:2783358..2784422	phospho-2-dehydro-3-deoxyheptonate aldolase trp-sensitive AroH [Shewanella oneidensis MR-1].
NP_718290.1	SO_2706		astB	NC_004347.2:2825952..2827286	N-succinylarginine dihydrolase AstB [Shewanella oneidensis MR-1].
NP_718297.1	SO_2713		pnuT	complement(NC_004347.2:2831461..2832126)	thiamin uptake permease PnuT [Shewanella oneidensis MR-1].
NP_718324.1	SO_2740		bioB	complement(NC_004347.2:2855715..2856767)	biotin synthase BioB [Shewanella oneidensis MR-1].
NP_718327.1	SO_2743		acs	NC_004347.2:2861908..2863860	acetyl-coenzyme A synthetase AcsA [Shewanella oneidensis MR-1].
NP_718329.1	SO_2745		grxA	NC_004347.2:2865902..2866162	glutaredoxin GrxA [Shewanella oneidensis MR-1].
NP_718334.1	SO_2750		tolR	complement(NC_004347.2:2871571..2872005)	TolA energy-transducing system inner membrane component TolR [Shewanella oneidensis MR-1].
NP_718335.1	SO_2751		tolQ	complement(NC_004347.2:2872005..2872691)	TolA energy-transducing system inner membrane component TolQ [Shewanella oneidensis MR-1].
NP_718339.1	SO_2757		yuiF	NC_004347.2:2878840..2880159	putative histidine porter YuiF [Shewanella oneidensis MR-1].
NP_718341.1	SO_2759		upp	complement(NC_004347.2:2881829..2882455)	uracil phosphoribosyltransferase Upp [Shewanella oneidensis MR-1].
NP_718342.2	SO_2760		purM	NC_004347.2:2882783..2883820	phosphoribosylformylglycinamidine cyclo-ligase PurM [Shewanella oneidensis MR-1].
NP_718343.1	SO_2761		purN	NC_004347.2:2883820..2884464	phosphoribosylglycinamide formyltransferase PurN [Shewanella oneidensis MR-1].
NP_718344.1	SO_2762		nagD	NC_004347.2:2884605..2885351	haloacid dehalogenase subfamily IIA associated with N-acetylglucosamine degradation NagD [Shewanella oneidensis MR-1].
NP_718348.1	SO_2767		asnB	NC_004347.2:2889322..2890986	asparagine synthase glutamine-hydrolyzing AsnB [Shewanella oneidensis MR-1].
NP_718349.1	SO_2768			complement(NC_004347.2:2891060..2892850)	acyl-CoA dehydrogenase [Shewanella oneidensis MR-1].
NP_718352.1	SO_2771		garR	complement(NC_004347.2:2894033..2894908)	2-hydroxy-3-oxopropionate reductase GarR [Shewanella oneidensis MR-1].
NP_718353.1	SO_2772		yciA	complement(NC_004347.2:2895192..2895671)	acyl-CoA thioesterase YciA [Shewanella oneidensis MR-1].
NP_718355.1	SO_2774		fabF	complement(NC_004347.2:2896334..2897572)	3-oxoacyl-(acyl-carrier-protein) synthase II FabF [Shewanella oneidensis MR-1].
NP_718356.1	SO_2775		acpP	complement(NC_004347.2:2897782..2898015)	acyl carrier protein AcpP [Shewanella oneidensis MR-1].
NP_718357.1	SO_2776		fabG	complement(NC_004347.2:2898179..2898925)	3-oxoacyl-(acyl-carrier-protein) reductase FabG [Shewanella oneidensis MR-1].
NP_718358.1	SO_2777		fabD	complement(NC_004347.2:2898935..2899861)	malonyl CoA-acyl carrier protein transacylase FabD [Shewanella oneidensis MR-1].
NP_718359.1	SO_2778		fabH	complement(NC_004347.2:2899966..2900925)	3-oxoacyl-(acyl-carrier-protein) synthase III FabH [Shewanella oneidensis MR-1].
NP_718360.1	SO_2779		plsX	complement(NC_004347.2:2900935..2901963)	phosphate:acyl-ACP acyltransferase PlsX [Shewanella oneidensis MR-1].
NP_718369.1	SO_2791		cdd	NC_004347.2:2913788..2914678	cytidine deaminase Cdd [Shewanella oneidensis MR-1].
NP_718379.1	SO_2801		lpxK	complement(NC_004347.2:2922563..2923570)	tetraacyldisaccharide 4'-kinase LpxK [Shewanella oneidensis MR-1].
NP_718380.1	SO_2802		msbA	complement(NC_004347.2:2923571..2925376)	ABC-type lipid A export system bifunctional ATPase and permease components MsbA [Shewanella oneidensis MR-1].
NP_718403.1	SO_2831		ribA	complement(NC_004347.2:2949000..2949611)	GTP cyclohydrolase II RibA [Shewanella oneidensis MR-1].
NP_718405.1	SO_2833		nrdG	complement(NC_004347.2:2950356..2950817)	anaerobic ribonucleoside-triphosphate reductase activating protein NrdG [Shewanella oneidensis MR-1].
NP_718406.1	SO_2834		nrdD	complement(NC_004347.2:2950933..2953050)	anaerobic ribonucleoside-triphosphate reductase NrdD [Shewanella oneidensis MR-1].
NP_718423.1	SO_2851		gmhB	complement(NC_004347.2:2975089..2975652)	DD-heptose 17-bisphosphate phosphatase GmhB [Shewanella oneidensis MR-1].
NP_718425.1	SO_2853			NC_004347.2:2976950..2978014	3-oxoacyl-(acyl-carrier-protein) synthase III [Shewanella oneidensis MR-1].
NP_718428.1	SO_2856			complement(NC_004347.2:2979535..2981397)	putative nucleotidyltransferase DUF294 [Shewanella oneidensis MR-1].
NP_718429.1	SO_2857			complement(NC_004347.2:2981532..2983268)	putative solute:sodium symporter large subunit [Shewanella oneidensis MR-1].
NP_718434.1	SO_2862			complement(NC_004347.2:2986128..2987333)	cyclic di-GMP hydrolase [Shewanella oneidensis MR-1].
NP_718437.1	SO_2865		argO	complement(NC_004347.2:2988266..2988886)	L-arginine efflux tranporter ArgO [Shewanella oneidensis MR-1].
NP_718441.1	SO_2869		yfgC	NC_004347.2:2991622..2993091	periplasmic Zn-dependent protease YfgC [Shewanella oneidensis MR-1].
NP_718443.2	SO_2871		arsC	NC_004347.2:2993224..2993574	glutaredoxin-dependent arsenate reductase ArsC [Shewanella oneidensis MR-1].
NP_718451.1	SO_2879		uraA	NC_004347.2:2999545..3000783	N-acetylglucosamine/uracil transporter UraA [Shewanella oneidensis MR-1].
NP_718452.2	SO_2880		grxD	complement(NC_004347.2:3000916..3001248)	monothiol glutaredoxin GrxD [Shewanella oneidensis MR-1].
NP_718457.1	SO_2885		fadR	complement(NC_004347.2:3007460..3008182)	transcriptional regulator of fatty acid metabolism FadR [Shewanella oneidensis MR-1].
NP_718458.1	SO_2886		nhaB	NC_004347.2:3008485..3010086	sodium:proton antiporter NhaB [Shewanella oneidensis MR-1].
NP_718467.1	SO_2895		pdxH	complement(NC_004347.2:3016935..3017573)	pyridoxamine-phosphate oxidase PdxH [Shewanella oneidensis MR-1].
NP_718468.1	SO_2896		ligA	complement(NC_004347.2:3017755..3019824)	DNA ligase NAD-dependent LigA [Shewanella oneidensis MR-1].
NP_718471.1	SO_2899		cysZ	NC_004347.2:3024662..3025441	putative sulfate transporter CysZ [Shewanella oneidensis MR-1].
NP_718475.1	SO_2903		cysK	NC_004347.2:3030749..3031717	cysteine synthase CysK [Shewanella oneidensis MR-1].
NP_718481.1	SO_2911		focA	complement(NC_004347.2:3040157..3041131)	bidirectional formate transporter FocA [Shewanella oneidensis MR-1].
NP_718482.1	SO_2912		pflB	NC_004347.2:3042166..3044448	pyruvate formate-lyase PflB [Shewanella oneidensis MR-1].
NP_718483.1	SO_2913		pflA	NC_004347.2:3044512..3045252	pyruvate formate-lyase 1 activating enzyme PflA [Shewanella oneidensis MR-1].
NP_718485.1	SO_2915		ackA	NC_004347.2:3045853..3047052	acetate kinase AckA [Shewanella oneidensis MR-1].
NP_718486.1	SO_2916		pta	NC_004347.2:3047174..3049327	phosphate acetyltransferase Pta [Shewanella oneidensis MR-1].
NP_718492.1	SO_2922		yfcH	NC_004347.2:3053396..3054286	predicted nucleoside-diphosphate sugar epimerase YfcH [Shewanella oneidensis MR-1].
NP_718493.1	SO_2923		gltS	NC_004347.2:3054833..3056056	sodium:glutamate symporter GltS [Shewanella oneidensis MR-1].
NP_718498.2	SO_2928		tesA	NC_004347.2:3060370..3060969	multifunctional thioesterase/protease/lysophospholipase L1 TesA [Shewanella oneidensis MR-1].
NP_718587.1	SO_3019		trpE	NC_004347.2:3129862..3131586	anthranilate synthase component I TrpE [Shewanella oneidensis MR-1].
NP_718589.1	SO_3021		trpD	NC_004347.2:3132205..3133248	anthranilate phosphoribosyltransferase TrpD [Shewanella oneidensis MR-1].
NP_718590.2	SO_3022		trpCF	NC_004347.2:3133254..3134750	bifunctional indole-3-glycerolphosphate synthetase/phosphoribosylanthranilate isomerase TrpCF [Shewanella oneidensis MR-1].
NP_718591.1	SO_3023		trpB	NC_004347.2:3134870..3136060	tryptophan synthase beta subunit TrpB [Shewanella oneidensis MR-1].
NP_718592.1	SO_3024		trpA	NC_004347.2:3136066..3136902	tryptophan synthase alpha subunit TrpA [Shewanella oneidensis MR-1].
NP_718613.1	SO_3048			complement(NC_004347.2:3159803..3162049)	aldehyde oxidase / xanthine dehydrogenase family molybdopterin cytosine dinucleotide-binding subunit [Shewanella oneidensis MR-1].
NP_718614.1	SO_3049			complement(NC_004347.2:3162051..3162545)	aldehyde oxidase / xanthine dehydrogenase family FeS subunit [Shewanella oneidensis MR-1].
NP_718616.1	SO_3051			complement(NC_004347.2:3163238..3164251)	xanthine and CO dehydrogenase family maturation factor XdhC/CoxF family [Shewanella oneidensis MR-1].
NP_718619.1	SO_3054			complement(NC_004347.2:3166568..3167212)	metallo-beta-lactamase family protein [Shewanella oneidensis MR-1].
NP_718622.2	SO_3057			complement(NC_004347.2:3169321..3170958)	phenylalanine/histidine ammonia-lyase family protein [Shewanella oneidensis MR-1].
NP_718625.1	SO_3060			complement(NC_004347.2:3174325..3175494)	outer membrane porin [Shewanella oneidensis MR-1].
NP_718628.1	SO_3063			NC_004347.2:3178633..3180120	cation:alanine/glycine transporter AGCS family [Shewanella oneidensis MR-1].
NP_718629.1	SO_3064		purF	complement(NC_004347.2:3180216..3181730)	amidophosphoribosyltransferase PurF [Shewanella oneidensis MR-1].
NP_718632.1	SO_3067		folC	complement(NC_004347.2:3183349..3184644)	bifunctional folylpolyglutamate synthase/dihydrofolate synthase FolC [Shewanella oneidensis MR-1].
NP_718634.1	SO_3070		asd	complement(NC_004347.2:3189112..3190128)	aspartate semialdehyde dehydrogenese Asd [Shewanella oneidensis MR-1].
NP_718635.1	SO_3071		pdxB	complement(NC_004347.2:3190131..3191261)	erythronate-4-phosphate dehydrogenase PdxB [Shewanella oneidensis MR-1].
NP_718636.2	SO_3072		fabB	complement(NC_004347.2:3191408..3192643)	3-oxoacyl-(acyl-carrier-protein) synthase I FabB [Shewanella oneidensis MR-1].
NP_718642.1	SO_3078			complement(NC_004347.2:3197223..3198392)	transporter major facilitator superfamily [Shewanella oneidensis MR-1].
NP_718651.2	SO_3088		fadJ	complement(NC_004347.2:3210696..3212813)	anaerobic fatty oxidation complex alpha subunit FadJ [Shewanella oneidensis MR-1].
NP_718652.1	SO_3089		fadI	complement(NC_004347.2:3212819..3214129)	anaerobic fatty oxidation complex beta subunit FadI [Shewanella oneidensis MR-1].
NP_718667.1	SO_3105			NC_004347.2:3232568..3232966	periplasmic rhodanese domain protein [Shewanella oneidensis MR-1].
NP_718678.1	SO_3116			NC_004347.2:3244504..3245118	acyl carrier protein phosphodiesterase AcpH-like protein [Shewanella oneidensis MR-1].
NP_718681.1	SO_3120		agaO	NC_004347.2:3247389..3248768	sugar oxidoreductase AgaO [Shewanella oneidensis MR-1].
NP_718683.1	SO_3122		sstT	complement(NC_004347.2:3249434..3250660)	serine/threonine:Na+ symporter SstT [Shewanella oneidensis MR-1].
NP_718694.1	SO_3134		dctP	NC_004347.2:3263024..3264043	TRAP-type C4-dicarboxylate:H+ symport system substrate-binding component DctP [Shewanella oneidensis MR-1].
NP_718698.1	SO_3140		tdk	complement(NC_004347.2:3273028..3273606)	thymidine kinase Tdk [Shewanella oneidensis MR-1].
NP_718704.2	SO_3148			NC_004347.2:3283336..3286410	periplasmic amidohydrolase family protein [Shewanella oneidensis MR-1].
NP_718716.1	SO_3160		rfbc	complement(NC_004347.2:3297552..3298091)	dTDP-4-keto-L-rhamnose-35-epimerase RfbC [Shewanella oneidensis MR-1].
NP_718723.1	SO_3167		rffG	complement(NC_004347.2:3302667..3303698)	dTDP-glucose-4,6-dehydratase RffG [Shewanella oneidensis MR-1].
NP_718729.1	SO_3173			complement(NC_004347.2:3310256..3311185)	NAD-dependent epimerase/dehydratase family protein [Shewanella oneidensis MR-1].
NP_718731.1	SO_3175		wbpQ	complement(NC_004347.2:3312351..3314282)	asparagine synthase glutamine-hydrolyzing WbpQ [Shewanella oneidensis MR-1].
NP_718733.1	SO_3177			complement(NC_004347.2:3315435..3316196)	formyltransferase domain protein [Shewanella oneidensis MR-1].
NP_718742.1	SO_3186		rmlA	complement(NC_004347.2:3324548..3325462)	glucose-1-phosphate-thymidylyltransferase RmlA [Shewanella oneidensis MR-1].
NP_718744.1	SO_3188		rfbB	complement(NC_004347.2:3325917..3327044)	dTDP-glucose-4,6-dehydratase RfbB [Shewanella oneidensis MR-1].
NP_718752.1	SO_3197		mlaA	complement(NC_004347.2:3338760..3339545)	phospholipid transport-associated protein MlaA [Shewanella oneidensis MR-1].
NP_718780.1	SO_3225		fliI	complement(NC_004347.2:3363294..3364631)	flagellar protein export ATPase FliI [Shewanella oneidensis MR-1].
NP_718815.1	SO_3261			NC_004347.2:3396936..3397808	polysaccharide biosynthesis related-protein [Shewanella oneidensis MR-1].
NP_718817.2	SO_3263			NC_004347.2:3399546..3400280	3-oxoacyl-(acyl-carrier-protein) reductase [Shewanella oneidensis MR-1].
NP_718819.1	SO_3265			NC_004347.2:3401484..3402722	uncharacterized protein SO_3265 [Shewanella oneidensis MR-1].
NP_718824.1	SO_3270		pseC	complement(NC_004347.2:3408741..3409886)	C4 aminotransferase for PseB product PseC [Shewanella oneidensis MR-1].
NP_718825.1	SO_3271		pseB	complement(NC_004347.2:3409883..3410878)	bifunctional UDP GlcNAc C6 dehydratase/C5 epimerase PseB [Shewanella oneidensis MR-1].
NP_718839.1	SO_3285		cydB	complement(NC_004347.2:3424994..3426133)	cytochrome d ubiquinol oxidase subunit II CydB [Shewanella oneidensis MR-1].
NP_718840.1	SO_3286		cydA	complement(NC_004347.2:3426149..3427705)	cytochrome d ubiquinol oxidase subunit I CydA [Shewanella oneidensis MR-1].
NP_718841.1	SO_3287		purL	complement(NC_004347.2:3428945..3432826)	phosphoribosylformylglycinamidine synthase PurL [Shewanella oneidensis MR-1].
NP_718842.2	SO_3288		mltF	NC_004347.2:3433107..3434543	membrane bound lytic transglycosylase MltF [Shewanella oneidensis MR-1].
NP_718846.1	SO_3292		guaA	complement(NC_004347.2:3435683..3437260)	GMP synthase (glutamine-hydrolysing) GuaA [Shewanella oneidensis MR-1].
NP_718847.1	SO_3293		guaB	complement(NC_004347.2:3437377..3438843)	inosine-5-monophosphate dehydrogenase GuaB [Shewanella oneidensis MR-1].
NP_718866.1	SO_3312		ispG	complement(NC_004347.2:3463798..3464913)	4-hydroxy-3-methylbut-2-en-1-yl diphosphate synthase IspG [Shewanella oneidensis MR-1].
NP_718871.1	SO_3317			NC_004347.2:3469353..3471104	5'-nucleotidase [Shewanella oneidensis MR-1].
NP_718892.1	SO_3338		ybjU	complement(NC_004347.2:3485685..3486698)	threonine aldolase YbjU [Shewanella oneidensis MR-1].
NP_718903.1	SO_3349			complement(NC_004347.2:3494173..3494706)	periplasmic glutathione peroxidase [Shewanella oneidensis MR-1].
NP_718908.1	SO_3354		proC	NC_004347.2:3498010..3498828	pyrroline-5-carboxylate reductase ProC [Shewanella oneidensis MR-1].
NP_718912.1	SO_3358		yggV	NC_004347.2:3500363..3500980	non-canonical purine NTP pyrophosphatase YggV [Shewanella oneidensis MR-1].
NP_718913.1	SO_3359		yggW	NC_004347.2:3500980..3502137	radical SAM superfamily protein YggW [Shewanella oneidensis MR-1].
NP_718919.1	SO_3365		glsA	complement(NC_004347.2:3508479..3509393)	glutaminase A GlsA [Shewanella oneidensis MR-1].
NP_718936.1	SO_3382			complement(NC_004347.2:3520707..3521507)	oxidoreductase short-chain dehydrogenase/reductase family [Shewanella oneidensis MR-1].
NP_718946.1	SO_3392		sye4	complement(NC_004347.2:3533464..3534531)	NAD(P)H:flavin oxidoreductase Sye4 [Shewanella oneidensis MR-1].
NP_718966.1	SO_3413		thrC	complement(NC_004347.2:3552924..3554207)	threonine synthase ThrC [Shewanella oneidensis MR-1].
NP_718967.1	SO_3414		thrB	complement(NC_004347.2:3554280..3555218)	homoserine kinase ThrB [Shewanella oneidensis MR-1].
NP_718968.1	SO_3415		thrA	complement(NC_004347.2:3555215..3557683)	bifunctional aspartokinase I / homoserine dehydrogenase I ThrA [Shewanella oneidensis MR-1].
NP_718976.1	SO_3423		holC	NC_004347.2:3563019..3563483	DNA polymerase III chi subunit HolC [Shewanella oneidensis MR-1].
NP_718980.1	SO_3427			complement(NC_004347.2:3568493..3569749)	lysine-sensitive monofunctional aspartokinase LysC family [Shewanella oneidensis MR-1].
NP_718984.1	SO_3431		mutS	NC_004347.2:3574613..3577183	DNA mismatch repair protein MutS [Shewanella oneidensis MR-1].
NP_718988.2	SO_3435		surE	complement(NC_004347.2:3579914..3580663)	5'/3'-nucleotidase SurE [Shewanella oneidensis MR-1].
NP_718990.1	SO_3437		ispF	complement(NC_004347.2:3581801..3582280)	2-C-methyl-D-erythritol 24-cyclodiphosphate synthase IspF [Shewanella oneidensis MR-1].
NP_718991.1	SO_3438		ispD	complement(NC_004347.2:3582333..3583082)	2-C-methyl-D-erythritol 4-phosphate cytidylyltransferase IspD [Shewanella oneidensis MR-1].
NP_718993.2	SO_3440		eno	complement(NC_004347.2:3583493..3584788)	enolase Eno [Shewanella oneidensis MR-1].
NP_718994.1	SO_3441		pyrG	complement(NC_004347.2:3585002..3586642)	CTP synthase PyrG [Shewanella oneidensis MR-1].
NP_718995.3	SO_3442			complement(NC_004347.2:3586759..3587697)	nucleoside triphosphate pyrophosphohydrolase [Shewanella oneidensis MR-1].
NP_719004.1	SO_3455		relA	complement(NC_004347.2:3598100..3600307)	GTP pyrophosphokinase RelA [Shewanella oneidensis MR-1].
NP_719012.1	SO_3463		pgpA	complement(NC_004347.2:3609781..3610275)	phosphatidylglycerophosphatase A PgpA [Shewanella oneidensis MR-1].
NP_719013.1	SO_3464		thiL	complement(NC_004347.2:3610275..3611231)	thiamine-phosphate kinase ThiL [Shewanella oneidensis MR-1].
NP_719015.1	SO_3466		ribE	complement(NC_004347.2:3611729..3612205)	riboflavin synthase beta subunit RibE [Shewanella oneidensis MR-1].
NP_719016.1	SO_3467		ribBA	complement(NC_004347.2:3612346..3613449)	bifunctional 34-dihydroxy-2-butanone 4-phosphate synthase/GTP cyclohydrolase II RibBA [Shewanella oneidensis MR-1].
NP_719017.1	SO_3468			complement(NC_004347.2:3613516..3614172)	riboflavin synthase alpha subunit RibC-like protein [Shewanella oneidensis MR-1].
NP_719018.1	SO_3469		ribD	complement(NC_004347.2:3614180..3615325)	bifunctional diaminohydroxyphosphoribosylaminopyrimidine deaminase/5-amino-6-(5-phosphoribosylamino) uracil reductase RibD [Shewanella oneidensis MR-1].
NP_719020.1	SO_3471		glyA	complement(NC_004347.2:3616039..3617292)	serine hydroxymethyltransferase GlyA [Shewanella oneidensis MR-1].
NP_719040.1	SO_3491			complement(NC_004347.2:3638564..3639832)	cyclic di-GMP hydrolase [Shewanella oneidensis MR-1].
NP_719046.1	SO_3497		aptA	NC_004347.2:3647929..3649269	beta-alanine-pyruvate transaminase AptA [Shewanella oneidensis MR-1].
NP_719050.1	SO_3503		nagP	complement(NC_004347.2:3653566..3654873)	N-acetyl glucosamine transporter NagP [Shewanella oneidensis MR-1].
NP_719052.1	SO_3505		nagA	complement(NC_004347.2:3656540..3657676)	N-acetylglucosamine-6-phosphate deacetylase NagA [Shewanella oneidensis MR-1].
NP_719053.1	SO_3506		nagB	complement(NC_004347.2:3657721..3658719)	glucosamine-6-phosphate deaminase NagB [Shewanella oneidensis MR-1].
NP_719064.1	SO_3517		ndh	complement(NC_004347.2:3671369..3672658)	respiratory NADH dehydrogenase II Ndh [Shewanella oneidensis MR-1].
NP_719076.1	SO_3529		ispH	complement(NC_004347.2:3683917..3684873)	1-hydroxy-2-methyl-2-(E)-butenyl 4-diphosphate reductase IspH [Shewanella oneidensis MR-1].
NP_719080.1	SO_3533		ribF	complement(NC_004347.2:3688671..3689606)	bifunctional flavokinase/FAD synthetase RibF [Shewanella oneidensis MR-1].
NP_719081.1	SO_3534		murJ	complement(NC_004347.2:3689672..3691231)	peptidoglycan lipid II flippase MurJ [Shewanella oneidensis MR-1].
NP_719088.1	SO_3541			complement(NC_004347.2:3694605..3696071)	alanine/glycine:cation symporter (AGCS) family protein [Shewanella oneidensis MR-1].
NP_719092.2	SO_3545			NC_004347.2:3701769..3702866	outer membrane porin [Shewanella oneidensis MR-1].
NP_719093.1	SO_3546		talB	NC_004347.2:3703111..3704067	transaldolase B TalB [Shewanella oneidensis MR-1].
NP_719094.1	SO_3547		pgi	NC_004347.2:3704088..3705725	glucose-6-phosphate isomerase Pgi [Shewanella oneidensis MR-1].
NP_719100.1	SO_3553			NC_004347.2:3710420..3712186	sulfate transporter SulP family [Shewanella oneidensis MR-1].
NP_719101.1	SO_3554		purE	NC_004347.2:3712449..3712940	phosphoribosylaminoimidazole carboxylase catalytic subunit PurE [Shewanella oneidensis MR-1].
NP_719102.1	SO_3555		purK	NC_004347.2:3712940..3714037	phosphoribosylaminoimidazole carboxylase ATPase subunit PurK [Shewanella oneidensis MR-1].
NP_719106.2	SO_3559		gshA	complement(NC_004347.2:3717001..3718650)	glutamate--cysteine ligase GshA [Shewanella oneidensis MR-1].
NP_719109.1	SO_3562			NC_004347.2:3722592..3723833	proton/sodium:glutamate symporter DAACS family [Shewanella oneidensis MR-1].
NP_719112.1	SO_3565		cpdB	NC_004347.2:3727579..3729636	bifunctional 2',3'-cyclic-nucleotide 2'-phosphodiesterase/3`-nucleotidase CpdB [Shewanella oneidensis MR-1].
NP_719120.1	SO_3575		pssA	complement(NC_004347.2:3740693..3741502)	CDP-diacylglycerol--serine O-phosphatidyltransferase PssA [Shewanella oneidensis MR-1].
NP_719141.2	SO_3598		cysM	complement(NC_004347.2:3759970..3760848)	cysteine synthase B CysM [Shewanella oneidensis MR-1].
NP_719142.1	SO_3599		cysP	NC_004347.2:3761069..3762076	ABC-type sulfate/thiosulfate uptake system substrate-binding component CysP [Shewanella oneidensis MR-1].
NP_719143.1	SO_3600		cysT	NC_004347.2:3762252..3763097	ABC-type sulfate/thiosulfate uptake system permease component 1 CysT [Shewanella oneidensis MR-1].
NP_719144.1	SO_3601		cysW	NC_004347.2:3763107..3763976	ABC-type sulfate/thiosulfate uptake system permease component 2 CysW [Shewanella oneidensis MR-1].
NP_719145.1	SO_3602		cysA	NC_004347.2:3763973..3765103	ABC-type sulfate/thiosulfate uptake system ATPase component CysA [Shewanella oneidensis MR-1].
NP_719156.2	SO_3613		purT	NC_004347.2:3774218..3775393	phosphoribosylglycinamide formyltransferase 2 PurT [Shewanella oneidensis MR-1].
NP_719173.1	SO_3631		hprA	complement(NC_004347.2:3789347..3790303)	NADH-dependent hydroxypyruvate reductase HprA [Shewanella oneidensis MR-1].
NP_719176.1	SO_3634			complement(NC_004347.2:3791939..3792619)	nucleotidyltransferase family protein [Shewanella oneidensis MR-1].
NP_719180.1	SO_3638		pdxA	NC_004347.2:3797658..3798644	4-hydroxy-L-threonine phosphate dehydrogenase PdxA [Shewanella oneidensis MR-1].
NP_719183.1	SO_3641		apaH	NC_004347.2:3799920..3800744	bis(5-nucleosyl)-tetraphosphatase ApaH [Shewanella oneidensis MR-1].
NP_719188.1	SO_3646		folA	complement(NC_004347.2:3803937..3804419)	dihydrofolate reductase FolA [Shewanella oneidensis MR-1].
NP_719195.2	SO_3653		ispB	NC_004347.2:3807909..3808904	octaprenyl-diphosphate synthase IspB [Shewanella oneidensis MR-1].
NP_719205.1	SO_3664		fadD	NC_004347.2:3816570..3818168	long chain fatty acid CoA ligase FadD [Shewanella oneidensis MR-1].
NP_719206.1	SO_3665			complement(NC_004347.2:3818226..3820013)	ABC-type multidrug eflux system bifunctional ATPase and permease component [Shewanella oneidensis MR-1].
NP_719210.1	SO_3669		hmuA	complement(NC_004347.2:3821536..3823629)	TonB-dependent heme/hemoglobin receptor HmuA [Shewanella oneidensis MR-1].
NP_719235.1	SO_3695		pyrC	NC_004347.2:3846020..3847051	dihydroorotase homodimeric type PyrC [Shewanella oneidensis MR-1].
NP_719245.1	SO_3705			NC_004347.2:3854430..3855215	5-methylthioadenosine nucleosidase/S-adenosylhomocysteine nucleosidase [Shewanella oneidensis MR-1].
NP_719255.1	SO_3715		nfnB	NC_004347.2:3862817..3863470	bifunctional oxygen-insensitive NAD(P)H nitroreductase/dihydropteridine reductase NfnB [Shewanella oneidensis MR-1].
NP_719263.1	SO_3723		cysC	complement(NC_004347.2:3868058..3868675)	adenylylsulfate kinase CysC [Shewanella oneidensis MR-1].
NP_719266.2	SO_3726		cysN	complement(NC_004347.2:3869210..3870667)	sulfate adenylyltransferase large subunit CysN [Shewanella oneidensis MR-1].
NP_719267.1	SO_3727		cysD	complement(NC_004347.2:3870825..3871733)	sulfate adenylyltransferase small subunit CysD [Shewanella oneidensis MR-1].
NP_719268.1	SO_3728		cysG	complement(NC_004347.2:3871814..3872644)	uroporphyrin-III C-methyltransferase CysG [Shewanella oneidensis MR-1].
NP_719274.1	SO_3735		mtgA	complement(NC_004347.2:3878729..3879505)	monofunctional biosynthetic peptidoglycan transglycosylase MtgA [Shewanella oneidensis MR-1].
NP_719275.2	SO_3736		cysH	complement(NC_004347.2:3880181..3880978)	phosphoadenylyl-sulfate reductase thioredoxin-dependent CysH [Shewanella oneidensis MR-1].
NP_719276.1	SO_3737		cysI	complement(NC_004347.2:3880971..3882668)	sulfite reductase (NADPH) siroheme FeS subunit CysI [Shewanella oneidensis MR-1].
NP_719277.1	SO_3738		cysJ	complement(NC_004347.2:3882744..3884567)	sulfite reductase (NADPH) flavoprotein subunit CysJ [Shewanella oneidensis MR-1].
NP_719279.1	SO_3740		pntA	NC_004347.2:3884984..3886510	NAD(P) transhydrogenase alpha subunit PntA [Shewanella oneidensis MR-1].
NP_719280.1	SO_3741		pntB	NC_004347.2:3886522..3887931	NAD(P) transhydrogenase beta subunit PntB [Shewanella oneidensis MR-1].
NP_719284.1	SO_3745		rfaE	complement(NC_004347.2:3890028..3891458)	bifunctional heptose 7-phosphate kinase/heptose 1-phosphate adenyltransferase RfaE [Shewanella oneidensis MR-1].
NP_719285.1	SO_3746		lpxL	NC_004347.2:3891561..3892487	lipid A biosynthesis lauroyl acyltransferase LpxL [Shewanella oneidensis MR-1].
NP_719286.1	SO_3747		khaP	complement(NC_004347.2:3892721..3894445)	K+:H+ antiporter KhaP [Shewanella oneidensis MR-1].
NP_719296.1	SO_3759			complement(NC_004347.2:3906324..3907298)	diguanylate cyclase with GAF sensory domain [Shewanella oneidensis MR-1].
NP_719300.1	SO_3763		speE	NC_004347.2:3912388..3914112	spermidine synthase SpeE [Shewanella oneidensis MR-1].
NP_719305.1	SO_3768		kvaP	NC_004347.2:3916691..3917515	voltage-gated potassium uptake system KvaP [Shewanella oneidensis MR-1].
NP_719308.2	SO_3771			NC_004347.2:3920002..3921291	inorganic phosphate transporter PiT family [Shewanella oneidensis MR-1].
NP_719311.1	SO_3774		putA	NC_004347.2:3922309..3925488	bifunctional proline dehydrogenase/delta-1-pyrroline-5-carboxylate dehydrogenase PutA [Shewanella oneidensis MR-1].
NP_719315.1	SO_3778		cyaB	complement(NC_004347.2:3928723..3929307)	cytoplasmic adenylate cyclase CyaB [Shewanella oneidensis MR-1].
NP_719316.1	SO_3779		cydC	complement(NC_004347.2:3929335..3931086)	ABC-type cysteine/glutathione export system bifunctional ATPase and permease component CydC [Shewanella oneidensis MR-1].
NP_719317.1	SO_3780		cydD	complement(NC_004347.2:3931083..3933023)	ABC-type cysteine/glutathione export system bifunctional ATPase and permease components CydD [Shewanella oneidensis MR-1].
NP_719339.1	SO_3803		hprT	complement(NC_004347.2:3958022..3958552)	hypoxanthine phosphoribosyltransferase HprT [Shewanella oneidensis MR-1].
NP_719341.1	SO_3805		mpl	complement(NC_004347.2:3959221..3960618)	UDP-N-acetylmuramate:L-alanyl-gamma-D-glutamyl-meso-diaminopimelate ligase Mpl [Shewanella oneidensis MR-1].
NP_719343.1	SO_3807			complement(NC_004347.2:3960930..3961793)	sterol desaturase family protein [Shewanella oneidensis MR-1].
NP_719350.1	SO_3814		ampG	NC_004347.2:3965553..3966938	GlcNAc-anhMurNAc permease AmpG [Shewanella oneidensis MR-1].
NP_719353.1	SO_3817		panE	NC_004347.2:3968055..3969038	2-dehydropantoate 2-reductase PanE [Shewanella oneidensis MR-1].
NP_719360.1	SO_3827		kdsA	complement(NC_004347.2:3977384..3978232)	2-dehydro-3-deoxyphosphooctonate aldolase KdsA [Shewanella oneidensis MR-1].
NP_719365.1	SO_3832		prmC	complement(NC_004347.2:3981547..3982407)	peptide release factor glutamine N5-methylase PrmC [Shewanella oneidensis MR-1].
NP_719367.1	SO_3834		hemA	complement(NC_004347.2:3983516..3984766)	glutamyl-tRNA reductase HemA [Shewanella oneidensis MR-1].
NP_719369.1	SO_3836		ispE	NC_004347.2:3985667..3986521	4-diphosphocytidyl-2C-methyl-D-erythritol kinase IspE [Shewanella oneidensis MR-1].
NP_719370.1	SO_3837		prsA	NC_004347.2:3986634..3987581	ribose-phosphate pyrophosphokinase PrsA [Shewanella oneidensis MR-1].
NP_719387.1	SO_3855		sfcA	NC_004347.2:4000798..4002486	NAD-dependent malate dehydrogenase (oxaloacetate-decarboxylating) SfcA [Shewanella oneidensis MR-1].
NP_719395.2	SO_3863		modA	NC_004347.2:4010040..4010825	ABC-type molybdate uptake system substrate-binding component ModA [Shewanella oneidensis MR-1].
NP_719396.1	SO_3864		modB	NC_004347.2:4010825..4011562	ABC-type molybdate uptake system permease component ModB [Shewanella oneidensis MR-1].
NP_719397.1	SO_3865		modC	NC_004347.2:4011556..4012641	ABC-type molybdate uptake system ATPase component ModC [Shewanella oneidensis MR-1].
NP_719432.1	SO_3901		cpdA	complement(NC_004347.2:4049416..4050252)	cyclic 3', 5'-adenosine monophosphate phosphodiesterase CpdA [Shewanella oneidensis MR-1].
NP_719434.1	SO_3903		nudF	complement(NC_004347.2:4050722..4051324)	ADP-ribose pyrophosphatase NudF [Shewanella oneidensis MR-1].
NP_719435.1	SO_3904		tolC	NC_004347.2:4051566..4052873	global secretion system secretin TolC [Shewanella oneidensis MR-1].
NP_719439.1	SO_3908		echH	NC_004347.2:4055193..4055930	enoyl-CoA hydratase EchH [Shewanella oneidensis MR-1].
NP_719447.1	SO_3916		alr	complement(NC_004347.2:4062295..4063371)	alanine racemase biosynthetic Alr [Shewanella oneidensis MR-1].
NP_719451.1	SO_3920		hydA	NC_004347.2:4067816..4069048	periplasmic [Fe-Fe] hydrogenase large subunit HydA [Shewanella oneidensis MR-1].
NP_719454.1	SO_3923		hydG	NC_004347.2:4070148..4071587	Fe hydrogenase maturation rSAM protein HydG [Shewanella oneidensis MR-1].
NP_719456.1	SO_3925		hydE	NC_004347.2:4072226..4073305	Fe hydrogenase maturation rSAM protein HydE [Shewanella oneidensis MR-1].
NP_719468.1	SO_3937		purA	complement(NC_004347.2:4082763..4084058)	adenylosuccinate synthetase PurA [Shewanella oneidensis MR-1].
NP_719478.1	SO_3948		murA	complement(NC_004347.2:4093450..4094709)	UDP-N-acetylglucosamine 1-carboxyvinyltransferase MurA [Shewanella oneidensis MR-1].
NP_719486.1	SO_3956		kdsD	NC_004347.2:4098655..4099632	arabinose-5-phosphate isomerase KdsD [Shewanella oneidensis MR-1].
NP_719487.1	SO_3957		kdsC	NC_004347.2:4099632..4100183	3-deoxy-manno-octulosonate-8-phosphatase KdsC [Shewanella oneidensis MR-1].
NP_719493.1	SO_3963		ptsN	NC_004347.2:4103907..4104350	phosphotransferase system (PTS) sugar-specific IIA component PtsN [Shewanella oneidensis MR-1].
NP_719495.1	SO_3965		ptsO	NC_004347.2:4105188..4105463	phosphotransferase system (PTS) phosphohisitinoprotein-hexose phosphotransferase comonent PtsO [Shewanella oneidensis MR-1].
NP_719496.1	SO_3966			NC_004347.2:4105660..4107024	magnesium transporter MgtE family [Shewanella oneidensis MR-1].
NP_719497.2	SO_3967			complement(NC_004347.2:4107107..4107937)	orphan ABC-type transport system substrate-binding component [Shewanella oneidensis MR-1].
NP_719499.1	SO_3969		yiaD	complement(NC_004347.2:4108159..4108845)	putative outer membrane lipoprotein YiaD [Shewanella oneidensis MR-1].
NP_719510.1	SO_3980		nrfA	complement(NC_004347.2:4116214..4117617)	ammonia-forming nitrite reductase NrfA [Shewanella oneidensis MR-1].
NP_719516.1	SO_3986		lysC	complement(NC_004347.2:4123070..4124425)	lysine-sensitive aspartokinase III LysC [Shewanella oneidensis MR-1].
NP_719521.1	SO_3991		fbp	NC_004347.2:4129629..4130606	fructose-16-bisphosphatase Fbp [Shewanella oneidensis MR-1].
NP_719546.1	SO_4016			complement(NC_004347.2:4161673..4163016)	serine/threonine protein kinase [Shewanella oneidensis MR-1].
NP_719551.1	SO_4021		mdtL	complement(NC_004347.2:4170469..4171659)	chloramphenicol resistance protein MdtL [Shewanella oneidensis MR-1].
NP_719559.1	SO_4029			complement(NC_004347.2:4183255..4184622)	drug:H+ antiporter DHA1 family [Shewanella oneidensis MR-1].
NP_719584.1	SO_4054		metF	complement(NC_004347.2:4207716..4208609)	5,10-methylenetetrahydrofolate reductase MetF [Shewanella oneidensis MR-1].
NP_719585.1	SO_4055		metL	complement(NC_004347.2:4208846..4211239)	bifunctional aspartokinase II/homoserine dehydrogenase methionine-sensitive MetL [Shewanella oneidensis MR-1].
NP_719586.1	SO_4056		metB	complement(NC_004347.2:4211251..4212432)	cystathionine gamma-synthase MetB [Shewanella oneidensis MR-1].
NP_719591.1	SO_4061		phsB	complement(NC_004347.2:4214889..4215455)	sulfur reductase FeS subunit PhsB [Shewanella oneidensis MR-1].
NP_719592.1	SO_4062		phsA	complement(NC_004347.2:4215468..4217750)	sulfur reductase molybdoperterin-binding subunit PhsA [Shewanella oneidensis MR-1].
NP_719596.1	SO_4066		purC	NC_004347.2:4219703..4220806	phosphoribosylaminoimidazole-succinocarboxamide synthase PurC [Shewanella oneidensis MR-1].
NP_719611.1	SO_4081		puuP	complement(NC_004347.2:4236504..4237835)	putrescine uptake protein PuuP [Shewanella oneidensis MR-1].
NP_719647.1	SO_4118		maeB	complement(NC_004347.2:4277313..4278557)	NADP-dependent malate dehydrogenase (oxaloacetate-decarboxylating) MaeB [Shewanella oneidensis MR-1].
NP_719662.1	SO_4133		udp	complement(NC_004347.2:4289818..4290576)	uridine phosphorylase Udp [Shewanella oneidensis MR-1].
NP_719665.1	SO_4136		speC	complement(NC_004347.2:4292691..4293866)	ornithine decarboxylase SpeC [Shewanella oneidensis MR-1].
NP_719670.1	SO_4141			NC_004347.2:4297612..4298343	oxidoreductase short-chain dehydrogenase/reductase family [Shewanella oneidensis MR-1].
NP_719675.1	SO_4146			NC_004347.2:4304544..4306193	type I secretion system ATPase subunit HlyB family [Shewanella oneidensis MR-1].
NP_719680.1	SO_4151			complement(NC_004347.2:4326141..4327145)	polysaccharide deacetylase [Shewanella oneidensis MR-1].
NP_719718.1	SO_4190		ppaC	NC_004347.2:4358926..4359846	inorganic pyrophosphatase manganese-dependent PpaC [Shewanella oneidensis MR-1].
NP_719725.1	SO_4197		rraA	NC_004347.2:4364891..4365376	ribonuclease E inhibitor RraA [Shewanella oneidensis MR-1].
NP_719726.2	SO_4198		hutG	NC_004347.2:4365506..4366558	formimidoylglutamase HutG [Shewanella oneidensis MR-1].
NP_719727.1	SO_4199		ubiE	NC_004347.2:4366800..4367555	bifunctional 2-octaprenyl-6-methoxy-14-benzoquinone methylase/S-adenosylmethionine:2-DMK methyltransferase UbiE [Shewanella oneidensis MR-1].
NP_719729.1	SO_4201		ubiB	NC_004347.2:4368172..4369821	2-polyprenylphenol 6-hydroxylase UbiB [Shewanella oneidensis MR-1].
NP_719736.1	SO_4208		hemB	NC_004347.2:4374601..4375611	delta-aminolevulinic acid dehydratase HemB [Shewanella oneidensis MR-1].
NP_719740.1	SO_4212			complement(NC_004347.2:4385873..4386772)	peptidase M23 family [Shewanella oneidensis MR-1].
NP_719742.1	SO_4214		lpxC	complement(NC_004347.2:4387260..4388180)	UDP-3-0-acyl N-acetylglucosamine deacetylase LpxC [Shewanella oneidensis MR-1].
NP_719745.1	SO_4217		ftsQ	complement(NC_004347.2:4390791..4391579)	cell division protein FtsQ [Shewanella oneidensis MR-1].
NP_719746.1	SO_4218		murC	complement(NC_004347.2:4391691..4393157)	UDP-N-acetylmuramate--alanine ligase MurC [Shewanella oneidensis MR-1].
NP_719747.1	SO_4219		murG	complement(NC_004347.2:4393160..4394248)	undecaprenyldiphospho-muramoylpentapeptide beta-N-acetylglucosaminyltransferase MurG [Shewanella oneidensis MR-1].
NP_719749.1	SO_4221		murD	complement(NC_004347.2:4395449..4396768)	UDP-N-acetylmuramoyl-L-alanine-D-glutamate ligase MurD [Shewanella oneidensis MR-1].
NP_719750.1	SO_4222		mraY	complement(NC_004347.2:4396775..4397857)	phospho-N-acetylmuramoyl-pentapeptide-transferase MraY [Shewanella oneidensis MR-1].
NP_719751.1	SO_4223		murF	complement(NC_004347.2:4397858..4399240)	UDP-N-acetylmuramoylalanyl-D-glutamyl-2, 6-diaminopimelate-D-alanyl-D-alanyl ligase MurF [Shewanella oneidensis MR-1].
NP_719752.2	SO_4224		murE	complement(NC_004347.2:4399240..4400718)	UDP-N-acetylmuramoylalanyl-D-glutamate--2,6-diaminopimelate ligase MurE [Shewanella oneidensis MR-1].
NP_719753.1	SO_4225		ftsI	complement(NC_004347.2:4400715..4402466)	peptidoglycan synthetase FtsI [Shewanella oneidensis MR-1].
NP_719758.1	SO_4230		glpK	complement(NC_004347.2:4405462..4406946)	glycerol kinase GlpK [Shewanella oneidensis MR-1].
NP_719759.1	SO_4232			complement(NC_004347.2:4408583..4409896)	outer membrane long-chain fatty acid receptor FadL family [Shewanella oneidensis MR-1].
NP_719760.1	SO_4233		leuD	complement(NC_004347.2:4410427..4411032)	3-isopropylmalate dehydratase small subunit LeuD [Shewanella oneidensis MR-1].
NP_719761.1	SO_4234		leuC	complement(NC_004347.2:4411057..4412481)	3-isopropylmalate dehydratase large subunit LeuC [Shewanella oneidensis MR-1].
NP_719762.1	SO_4235		leuB	complement(NC_004347.2:4412481..4413575)	3-isopropylmalate dehydrogenase LeuB [Shewanella oneidensis MR-1].
NP_719763.1	SO_4236		leuA	complement(NC_004347.2:4413627..4415195)	2-isopropylmalate synthase LeuA [Shewanella oneidensis MR-1].
NP_719768.1	SO_4241		recQ	complement(NC_004347.2:4418799..4420622)	ATP-dependent DNA helicase RecQ [Shewanella oneidensis MR-1].
NP_719772.1	SO_4245		argA	complement(NC_004347.2:4423106..4424443)	amino-acid acetyltransferase ArgA [Shewanella oneidensis MR-1].
NP_719776.2	SO_4249		dfp	NC_004347.2:4426083..4427312	bifunctional 4'-phosphopantothenoylcysteine decarboxylase/phosphopantothenoylcysteine synthetase Dfp [Shewanella oneidensis MR-1].
NP_719777.1	SO_4250		dut	NC_004347.2:4427313..4427771	deoxyuridine 5-triphosphate nucleotidohydrolase Dut [Shewanella oneidensis MR-1].
NP_719781.1	SO_4254		folE	NC_004347.2:4430787..4431437	GTP cyclohydrolase I FolE [Shewanella oneidensis MR-1].
NP_719782.1	SO_4255		pyrE	complement(NC_004347.2:4431526..4432173)	orotate phosphoribosyltransferase PyrE [Shewanella oneidensis MR-1].
NP_719799.1	SO_4274		uppP	complement(NC_004347.2:4453218..4454021)	undecaprenol diphosphatase UppP [Shewanella oneidensis MR-1].
NP_719806.1	SO_4281		ktrA	NC_004347.2:4460591..4461235	sodium-dependent potassium uptake system NAD binding component KtrA [Shewanella oneidensis MR-1].
NP_719814.1	SO_4289		pstB	complement(NC_004347.2:4468447..4469196)	ABC-type phosphate uptake system permease ATPase component PstB [Shewanella oneidensis MR-1].
NP_719815.2	SO_4290		pstA	complement(NC_004347.2:4469239..4470102)	ABC-type phosphate uptake system permease component PstA [Shewanella oneidensis MR-1].
NP_719816.2	SO_4291		pstC	complement(NC_004347.2:4470105..4471010)	ABC-type phosphate uptake system permease component PstC [Shewanella oneidensis MR-1].
NP_719817.1	SO_4292		pstS	complement(NC_004347.2:4471059..4471868)	ABC-type phosphate uptake system substrate-binding component PstS [Shewanella oneidensis MR-1].
NP_719820.1	SO_4295			NC_004347.2:4473901..4474452	quinone oxidoreductase family protein [Shewanella oneidensis MR-1].
NP_719827.2	SO_4302		dnrN	NC_004347.2:4480851..4481597	repair of iron centers (RIC) protein DnrN [Shewanella oneidensis MR-1].
NP_719833.1	SO_4308		dapF	complement(NC_004347.2:4485201..4486028)	diaminopimelate epimerase DapF [Shewanella oneidensis MR-1].
NP_719834.1	SO_4309		lysA	complement(NC_004347.2:4486099..4487343)	diaminopimelate decarboxylase LysA [Shewanella oneidensis MR-1].
NP_719836.2	SO_4311		cyaY	NC_004347.2:4487648..4487977	iron donor for FeS cluster assembly CyaY [Shewanella oneidensis MR-1].
NP_719837.1	SO_4312		cyaA	complement(NC_004347.2:4488018..4490432)	adenylate cyclase CyaA [Shewanella oneidensis MR-1].
NP_719838.1	SO_4313		hemC	NC_004347.2:4490634..4491566	hydroxymethylbilane synthase HemC [Shewanella oneidensis MR-1].
NP_719839.1	SO_4314		hemD	NC_004347.2:4491571..4492311	uroporphyrinogen-III synthase HemD [Shewanella oneidensis MR-1].
NP_719840.1	SO_4315		hemX	NC_004347.2:4492372..4493616	uroporphyrin-III C-methyltransferase HemX [Shewanella oneidensis MR-1].
NP_719843.1	SO_4318		aggC	NC_004347.2:4503574..4505754	type I protein secretion system bifunctional ATPase and permease component AggC [Shewanella oneidensis MR-1].
NP_719846.1	SO_4321			NC_004347.2:4508568..4509173	Pal-like T1SS-linked outer membrane lipoprotein [Shewanella oneidensis MR-1].
NP_719848.1	SO_4323			NC_004347.2:4509908..4511827	bifunctional diguanylate cyclase/phosphodiesterase LasD-like protein [Shewanella oneidensis MR-1].
NP_719859.1	SO_4335		pgpB	NC_004347.2:4527633..4528415	phosphatidylglycerophosphatase B PgpB [Shewanella oneidensis MR-1].
NP_719867.2	SO_4343		agxT	complement(NC_004347.2:4534392..4535525)	serine-pyruvate aminotransferase AgxT [Shewanella oneidensis MR-1].
NP_719868.1	SO_4344		ilvA	complement(NC_004347.2:4535665..4537302)	threonine dehydratase IlvA [Shewanella oneidensis MR-1].
NP_719869.1	SO_4345		ilvD	complement(NC_004347.2:4537304..4539163)	dihydroxy-acid dehydratase IlvD [Shewanella oneidensis MR-1].
NP_719870.1	SO_4346		ilvM	complement(NC_004347.2:4539242..4539502)	acetolactate synthase II small subunit IlvM [Shewanella oneidensis MR-1].
NP_719871.1	SO_4347		ilvG	complement(NC_004347.2:4539499..4541157)	acetolactate synthase II large subunit IlvG [Shewanella oneidensis MR-1].
NP_719873.1	SO_4349		ilvC	complement(NC_004347.2:4541751..4543229)	ketol-acid reductoisomerase IlvC [Shewanella oneidensis MR-1].
NP_719891.1	SO_4367			NC_004347.2:4562502..4563353	acyltransferase family protein [Shewanella oneidensis MR-1].
NP_719895.1	SO_4371			NC_004347.2:4564394..4565758	AMP-dependent synthetase and ligase family protein [Shewanella oneidensis MR-1].
NP_719898.1	SO_4374			NC_004347.2:4567939..4569504	phenylalanine/tyrosine ammonia-lyase [Shewanella oneidensis MR-1].
NP_719904.1	SO_4380			NC_004347.2:4575439..4576656	beta-ketoacyl synthase [Shewanella oneidensis MR-1].
NP_719907.1	SO_4383		fabF	NC_004347.2:4578035..4579297	3-oxoacyl-(acyl-carrier-protein) synthase II FabF [Shewanella oneidensis MR-1].
NP_719930.1	SO_4407			NC_004347.2:4599751..4600785	diguanylate cyclase [Shewanella oneidensis MR-1].
NP_719933.1	SO_4410		glnA	NC_004347.2:4603663..4605072	glutamine synthetase GlnA [Shewanella oneidensis MR-1].
NP_719936.1	SO_4413		kynU	complement(NC_004347.2:4606617..4607753)	kynureninase KynU [Shewanella oneidensis MR-1].
NP_719940.1	SO_4417		dcuB	NC_004347.2:4609217..4610560	anaerobic C4-dicarboxylate transporter DcuB [Shewanella oneidensis MR-1].
NP_719941.1	SO_4418			NC_004347.2:4610773..4611438	CHAP domain protein [Shewanella oneidensis MR-1].
NP_719947.2	SO_4425			NC_004347.2:4615937..4617115	diguanylate cyclase [Shewanella oneidensis MR-1].
NP_719967.1	SO_4446		modC	complement(NC_004347.2:4636213..4637316)	ABC-type molybdate uptake system ATPase component ModC [Shewanella oneidensis MR-1].
NP_719968.1	SO_4447		modB	complement(NC_004347.2:4637297..4637977)	ABC-type molybdate uptake system permease component ModB [Shewanella oneidensis MR-1].
NP_719970.1	SO_4449		moaE	complement(NC_004347.2:4638809..4639276)	molybdenum cofactor biosynthesis protein E MoaE [Shewanella oneidensis MR-1].
NP_719971.1	SO_4450		moaD	complement(NC_004347.2:4639278..4639529)	molybdenum cofactor biosynthesis protein D MoaD [Shewanella oneidensis MR-1].
NP_719972.1	SO_4451		moaC	complement(NC_004347.2:4639549..4640028)	molybdenum cofactor biosynthesis protein C MoaC [Shewanella oneidensis MR-1].
NP_719973.2	SO_4452		moaA	complement(NC_004347.2:4640142..4641155)	molybdenum cofactor biosynthesis protein A MoaA [Shewanella oneidensis MR-1].
NP_719978.1	SO_4457			complement(NC_004347.2:4646596..4648053)	diguanylate cyclase [Shewanella oneidensis MR-1].
NP_719979.1	SO_4458			complement(NC_004347.2:4648362..4649201)	carbohydrate kinase PfkB family [Shewanella oneidensis MR-1].
NP_719987.1	SO_4466			complement(NC_004347.2:4654070..4656025)	chemotaxis signal transduction system methyl accepting sensory transducer [Shewanella oneidensis MR-1].
NP_719996.1	SO_4475		fieF	complement(NC_004347.2:4663358..4664248)	cadmium and zinc efflux pump FieF [Shewanella oneidensis MR-1].
NP_720001.1	SO_4480		exaC	NC_004347.2:4669480..4671000	NAD+-dependent acetaldehyde dehydrogenase ExaC [Shewanella oneidensis MR-1].
NP_720023.2	SO_4503			complement(NC_004347.2:4695260..4696156)	formate dehydrogenase assembly/maturation protein [Shewanella oneidensis MR-1].
NP_720031.1	SO_4511		fdhC	NC_004347.2:4704007..4705035	formate dehydrogenase cytochrome b subunit FdhC [Shewanella oneidensis MR-1].
NP_720040.1	SO_4520			NC_004347.2:4714415..4715752	coproporphyrinogen III oxidase oxygen-independent [Shewanella oneidensis MR-1].
NP_720043.2	SO_4523		irgA	complement(NC_004347.2:4717129..4719120)	iron-responsive TonB-dependent enterobactin receptor IrgA [Shewanella oneidensis MR-1].
NP_720046.1	SO_4527			complement(NC_004347.2:4722093..4722947)	10 TMS drug/metabolite efflux pump (DME) family [Shewanella oneidensis MR-1].
NP_720072.1	SO_4555			complement(NC_004347.2:4751082..4752290)	drug:H+ antiporter DHA1 family [Shewanella oneidensis MR-1].
NP_720081.1	SO_4564		tonB	NC_004347.2:4760835..4761446	TonB mediated energy transduction system energy transducer component TonB [Shewanella oneidensis MR-1].
NP_720085.1	SO_4568		nrfD	complement(NC_004347.2:4763724..4764665)	nitrite reductase quinol dehydrogenase component NrfD [Shewanella oneidensis MR-1].
NP_720089.1	SO_4573		menD	NC_004347.2:4766997..4768718	2-succinyl-5-enolpyruvyl-6-hydroxy-3-cyclohexene-1-carboxylic-acid synthase MenD [Shewanella oneidensis MR-1].
NP_720090.1	SO_4574		menH	NC_004347.2:4768718..4769518	2-succinyl-6-hydroxy-24-cyclohexadiene-1-carboxylate synthase MenH [Shewanella oneidensis MR-1].
NP_720091.1	SO_4575		menC	NC_004347.2:4769569..4770693	O-succinylbenzoate-CoA synthase MenC [Shewanella oneidensis MR-1].
NP_720092.2	SO_4576		menE	NC_004347.2:4770701..4772146	O-succinylbenzoic acid CoA ligase MenE [Shewanella oneidensis MR-1].
NP_720106.1	SO_4590			NC_004347.2:4784774..4785307	isochorismatase family protein [Shewanella oneidensis MR-1].
NP_720117.2	SO_4601		mtr	complement(NC_004347.2:4795349..4796605)	high affinity tryptophan transporter Mtr [Shewanella oneidensis MR-1].
NP_720118.1	SO_4602		plsB	complement(NC_004347.2:4796598..4799027)	glycerol-3-phosphate O-acyltransferase PlsB [Shewanella oneidensis MR-1].
NP_720122.1	SO_4606		coxB	NC_004347.2:4800723..4802264	aa3-type cytochrome c oxidase subunit II CoxB [Shewanella oneidensis MR-1].
NP_720123.1	SO_4607		coxA	NC_004347.2:4802279..4803871	aa3 type cytochrome c oxidase subunit I CoxA [Shewanella oneidensis MR-1].
NP_720124.1	SO_4608		ctaG	NC_004347.2:4803873..4804454	aa3 type cytochrome c oxidase assembly protein CtaG [Shewanella oneidensis MR-1].
NP_720125.1	SO_4609		coxC	NC_004347.2:4804451..4805326	aa3 type cytochrome c oxidase subunit III CoxC [Shewanella oneidensis MR-1].
NP_720130.1	SO_4614		ctaB	NC_004347.2:4808064..4808966	protoheme IX farnesyltransferase (heme O synthase) CtaB [Shewanella oneidensis MR-1].
NP_720168.1	SO_4652		sbp	NC_004347.2:4848025..4849038	ABC-type sulfate/thiosulfate uptakesystem substrate-binding subunit Sbp [Shewanella oneidensis MR-1].
NP_720169.2	SO_4653		cysT	NC_004347.2:4849101..4849925	ABC-type sulfate/thiosulfate uptakesystem permease component 1 CysT [Shewanella oneidensis MR-1].
NP_720170.1	SO_4654		cysW	NC_004347.2:4849930..4850781	ABC-type sulfate/thiosulfate uptakesystem permease component 2 CysW [Shewanella oneidensis MR-1].
NP_720171.1	SO_4655		cysA	NC_004347.2:4850809..4851873	ABC-type sulfate/thiosulfate uptakesystem ATPase component CysA [Shewanella oneidensis MR-1].
NP_720175.1	SO_4660			complement(NC_004347.2:4859481..4860200)	glycoside hydrolase family 23 [Shewanella oneidensis MR-1].
NP_720188.1	SO_4673		tdh	complement(NC_004347.2:4870961..4871986)	L-threonine 3-dehydrogenase Tdh [Shewanella oneidensis MR-1].
NP_720189.1	SO_4674		kbl	complement(NC_004347.2:4871998..4873191)	2-amino-3-ketobutyrate coenzyme A ligase Kbl [Shewanella oneidensis MR-1].
NP_720191.1	SO_4676		kdtA	NC_004347.2:4874425..4875699	3-deoxy-D-manno-octulosonic-acid (KDO) transferase KdtA [Shewanella oneidensis MR-1].
NP_720193.1	SO_4678		waaC	NC_004347.2:4876556..4877599	ADP-heptose-LPS heptosyltransferase WaaC [Shewanella oneidensis MR-1].
NP_720194.1	SO_4679		wabH	NC_004347.2:4877652..4878737	glycosyl transferase family 4 WabH [Shewanella oneidensis MR-1].
NP_720200.1	SO_4684		coaD	NC_004347.2:4882679..4883170	phosphopantetheine adenylyltransferase CoaD [Shewanella oneidensis MR-1].
NP_720203.1	SO_4687		wcvB	complement(NC_004347.2:4886079..4887242)	UDP-glucose dehydrogenase WcvB [Shewanella oneidensis MR-1].
NP_720204.1	SO_4688			NC_004347.2:4887477..4888208	glycosyl transferase family 2 [Shewanella oneidensis MR-1].
NP_720206.1	SO_4690			NC_004347.2:4889113..4890837	glycosyl transferase family 83 [Shewanella oneidensis MR-1].
NP_720208.1	SO_4692		vmeB	complement(NC_004347.2:4891484..4894618)	proton-coupled multidrug efflux pump permease component VmeB [Shewanella oneidensis MR-1].
NP_720209.1	SO_4693		vmeA	complement(NC_004347.2:4894628..4895776)	proton-coupled multidrug efflux pump MFP component VmeA [Shewanella oneidensis MR-1].
NP_720218.1	SO_4702		gor	NC_004347.2:4903736..4905091	glutathione-disulfide reductase Gor [Shewanella oneidensis MR-1].
NP_720222.1	SO_4706			NC_004347.2:4908901..4909464	malate synthase domain protein [Shewanella oneidensis MR-1].
NP_720227.1	SO_4711			complement(NC_004347.2:4913091..4914275)	cyclic di-GMP hydrolase [Shewanella oneidensis MR-1].
NP_720229.1	SO_4713		menF	NC_004347.2:4916558..4917916	menaquinone-specific isochorismate synthase MenF [Shewanella oneidensis MR-1].
NP_720238.1	SO_4722		mobA	NC_004347.2:4926422..4927015	tungstopterin-guanine dinucleotide biosynthesis protein A MobA [Shewanella oneidensis MR-1].
NP_720246.1	SO_4730		hemN	NC_004347.2:4934138..4935514	coproporphyrinogen III oxidase oxygen-independent HemN [Shewanella oneidensis MR-1].
NP_720247.1	SO_4731		add	complement(NC_004347.2:4935584..4936579)	adenosine deaminase Add [Shewanella oneidensis MR-1].
NP_720249.1	SO_4733		lypA	NC_004347.2:4938688..4939677	lysophospholipase L2 LypA [Shewanella oneidensis MR-1].
NP_720255.1	SO_4739		menB	NC_004347.2:4950022..4950924	naphthoate synthase MenB [Shewanella oneidensis MR-1].
NP_720257.1	SO_4741		glmS	complement(NC_004347.2:4951376..4953205)	glutamine:fructose-6-phosphate transaminase (isomerizing) GlmS [Shewanella oneidensis MR-1].
NP_720261.1	SO_4745		glmU	complement(NC_004347.2:4956634..4957998)	bifunctional N-acetyl glucosamine-1-phosphate uridyltransferase/glucosamine-1-phosphate acetyl transferase GlmU [Shewanella oneidensis MR-1].
NP_720385.1	SO_A0049			complement(NC_004349.1:38936..41113)	toxin secretion ABC transporter, ATP-binding subunit/permease protein, putative (plasmid) [Shewanella oneidensis MR-1].
NP_720426.1	SO_A0098			NC_004349.1:77039..77434	hypothetical protein SO_A0098 (plasmid) [Shewanella oneidensis MR-1].
NP_720438.1	SO_A0114		ompA	NC_004349.1:99408..100436	outer membrane protein A (plasmid) [Shewanella oneidensis MR-1].
NP_720475.1	SO_A0159			complement(NC_004349.1:147492..147818)	multidrug efflux transporter (plasmid) [Shewanella oneidensis MR-1].
NP_720476.1	SO_A0160			complement(NC_004349.1:148058..148897)	esterase, putative (plasmid) [Shewanella oneidensis MR-1].
NP_720479.1	SO_A0164			complement(NC_004349.1:152606..153757)	iron-containing alcohol dehydrogenase (plasmid) [Shewanella oneidensis MR-1].
YP_007001321.1	SO_0419		nadC	complement(NC_004347.2:434288..435169)	nicotinate-nucleotide pyrophosphorylase NadC [Shewanella oneidensis MR-1].
YP_007001327.1	SO_0590		psd	complement(NC_004347.2:617296..618174)	phosphatidylserine decarboxylase Psd [Shewanella oneidensis MR-1].
YP_007001337.1	SO_1296		cca	complement(NC_004347.2:1345724..1346974)	tRNA nucleotidyltransferase Cca [Shewanella oneidensis MR-1].
YP_007001347.1	SO_1799		mopI	complement(NC_004347.2:1889276..1889488)	molybdenum-pterin binding protein MopI [Shewanella oneidensis MR-1].
YP_007001348.1	SO_1900		prpE	NC_004347.2:1999028..2000935	propionyl-CoA synthetase PrpE [Shewanella oneidensis MR-1].
YP_007001349.1	SO_4778		sdhD	NC_004347.2:2031270..2031617	succinate dehydrogenase membrane anchor subunit SdhD [Shewanella oneidensis MR-1].
YP_007001355.1	SO_2304		ald	complement(NC_004347.2:2414974..2416089)	alanine dehydrogenase Ald [Shewanella oneidensis MR-1].
YP_007001369.1	SO_2756		tsaA	complement(NC_004347.2:2877865..2878470)	peroxiredoxin TsaA [Shewanella oneidensis MR-1].
YP_007001382.1	SO_3079		aroC	complement(NC_004347.2:3198470..3199564)	chorismate synthase AroC [Shewanella oneidensis MR-1].
YP_007001384.1	SO_3130		gltX	complement(NC_004347.2:3259786..3261195)	glutamyl-tRNA synthetase GltX [Shewanella oneidensis MR-1].
YP_007001387.1	SO_4799		wbnJ	complement(NC_004347.2:3318436..3318969)	O-antigen biosynthesis acetyltransferase WbnJ [Shewanella oneidensis MR-1].
YP_007001412.1	SO_4422			NC_004347.2:4613050..4615224	TonB-dependent ferric achromobactin receptor [Shewanella oneidensis MR-1].
YP_007001415.1	SO_4538			complement(NC_004347.2:4730690..4732168)	predicted non-catalytic member of peptidase subfamily M16B [Shewanella oneidensis MR-1].
YP_007001416.1	SO_4811			complement(NC_004347.2:4732165..4733496)	periplasmic peptidase family M16B [Shewanella oneidensis MR-1].
YP_007001418.1	SO_4657			complement(NC_004347.2:4852483..4856028)	diguanylate cyclase/phosphodiesterase with PAS and LOV sensory domains and Chase small molecule binding site [Shewanella oneidensis MR-1].
