NP_742196.1	PP_0026			NC_002947.4:30431..31336	cobalt/cadmium/zinc exporter [Pseudomonas putida KT2440].
NP_742203.1	PP_0033			complement(NC_002947.4:36198..37652)	undecaprenyl-glycosyl transferase [Pseudomonas putida KT2440].
NP_742204.1	PP_0034			complement(NC_002947.4:37646..38629)	bactoprenol glycosyl-transferase [Pseudomonas putida KT2440].
NP_742211.1	PP_0041		cadA-I	complement(NC_002947.4:43527..45524)	cadmium translocating P-type ATPase [Pseudomonas putida KT2440].
NP_742222.1	PP_0052			NC_002947.4:60831..61715	beta-lactamase domain-containing protein [Pseudomonas putida KT2440].
NP_742226.1	PP_0056		betA-I	NC_002947.4:64943..66595	choline dehydrogenase [Pseudomonas putida KT2440].
NP_742228.1	PP_0058			complement(NC_002947.4:68487..69272)	1-acyl-sn-glycerol-3-phosphate acyltransferase [Pseudomonas putida KT2440].
NP_742229.1	PP_0059		gmhB	complement(NC_002947.4:69319..69846)	D-glycero-beta-D-manno-heptose-1,7-bisphosphate 7-phosphatase [Pseudomonas putida KT2440].
NP_742235.1	PP_0065		trkA	complement(NC_002947.4:74836..76209)	TrK potassium transporter NAD-binding protein [Pseudomonas putida KT2440].
NP_742242.1	PP_0072		qor-I	complement(NC_002947.4:82151..83128)	quinone oxidoreductase [Pseudomonas putida KT2440].
NP_742243.1	PP_0073		hemF	NC_002947.4:83261..84172	coproporphyrinogen-III oxidase [Pseudomonas putida KT2440].
NP_742244.1	PP_0074		aroE	NC_002947.4:84198..85022	shikimate 5-dehydrogenase [Pseudomonas putida KT2440].
NP_742245.1	PP_0075			complement(NC_002947.4:85152..86717)	choline sulfate transporter [Pseudomonas putida KT2440].
NP_742246.2	PP_0076			complement(NC_002947.4:86862..87785)	choline betaine-binding protein [Pseudomonas putida KT2440].
NP_742247.1	PP_0077		betC	complement(NC_002947.4:87800..89317)	choline-sulfatase [Pseudomonas putida KT2440].
NP_742252.1	PP_0082		trpA	complement(NC_002947.4:91570..92379)	tryptophan synthase subunit alpha [Pseudomonas putida KT2440].
NP_742253.1	PP_0083		trpB	complement(NC_002947.4:92376..93593)	tryptophan synthase subunit beta [Pseudomonas putida KT2440].
NP_742264.1	PP_0094			complement(NC_002947.4:99758..100408)	5'-nucleotidase [Pseudomonas putida KT2440].
NP_742270.1	PP_0100		cynT	NC_002947.4:105207..105926	carbonic anhydrase [Pseudomonas putida KT2440].
NP_742271.1	PP_0101			NC_002947.4:106134..107651	sulfate transporter [Pseudomonas putida KT2440].
NP_742273.1	PP_0103			NC_002947.4:108810..109937	cytochrome c oxidase subunit 2 [Pseudomonas putida KT2440].
NP_742274.1	PP_0104		ctaD	NC_002947.4:109981..111570	cytochrome c oxidase subunit 1 [Pseudomonas putida KT2440].
NP_742275.1	PP_0105			NC_002947.4:111580..112146	cytochrome c oxidase assembly protein [Pseudomonas putida KT2440].
NP_742276.1	PP_0106			NC_002947.4:112163..113050	cytochrome c oxidase subunit 3 [Pseudomonas putida KT2440].
NP_742280.1	PP_0110			NC_002947.4:115698..116591	CyoE-like protoheme IX farnesyltransferase [Pseudomonas putida KT2440].
NP_742282.1	PP_0112		metQ	complement(NC_002947.4:117314..118084)	methionine ABC transporter substrate-binding protein [Pseudomonas putida KT2440].
NP_742283.1	PP_0113		metI	complement(NC_002947.4:118149..118820)	methionine ABC transporter permease [Pseudomonas putida KT2440].
NP_742284.1	PP_0114		metN	complement(NC_002947.4:118820..119827)	methionine ABC transporter ATP-binding protein [Pseudomonas putida KT2440].
NP_742287.1	PP_0117		znuB	complement(NC_002947.4:123085..123867)	zinc ABC transporter permease [Pseudomonas putida KT2440].
NP_742288.1	PP_0118		znuC	complement(NC_002947.4:123860..124633)	zinc ABC transporter ATP-binding protein [Pseudomonas putida KT2440].
NP_742290.1	PP_0120			NC_002947.4:125182..126090	zinc ABC transporter [Pseudomonas putida KT2440].
NP_742291.1	PP_0121		thrB	complement(NC_002947.4:126140..127090)	homoserine kinase [Pseudomonas putida KT2440].
NP_742307.1	PP_0137		gltP	NC_002947.4:144767..146095	glutamate/aspartate-proton DAACS transporter [Pseudomonas putida KT2440].
NP_742315.1	PP_0145		yjbB	complement(NC_002947.4:153637..155295)	Na+/Pi-cotransporter [Pseudomonas putida KT2440].
NP_742317.1	PP_0147		citN	complement(NC_002947.4:156418..157725)	citrate transporter [Pseudomonas putida KT2440].
NP_742324.1	PP_0154		scpC	complement(NC_002947.4:162340..163833)	propionyl-CoA:succinate CoA transferase [Pseudomonas putida KT2440].
NP_742325.1	PP_0155		pntB	complement(NC_002947.4:164020..165456)	pyridine nucleotide transhydrogenase subunit beta [Pseudomonas putida KT2440].
NP_742327.1	PP_0158		gcdH	NC_002947.4:168404..169585	glutaryl-CoA dehydrogenase [Pseudomonas putida KT2440].
NP_742328.1	PP_0159			NC_002947.4:169599..170819	family III CoA-transferase [Pseudomonas putida KT2440].
NP_742336.1	PP_0167		paxB	complement(NC_002947.4:191361..193517)	toxin secretion ATP-binding protein [Pseudomonas putida KT2440].
NP_742338.1	PP_0169			NC_002947.4:221229..222128	TauD/TfdA family dioxygenase [Pseudomonas putida KT2440].
NP_742353.1	PP_0184		argH	complement(NC_002947.4:235428..236834)	argininosuccinate lyase [Pseudomonas putida KT2440].
NP_742355.1	PP_0186		hemC	NC_002947.4:237982..238923	porphobilinogen deaminase [Pseudomonas putida KT2440].
NP_742356.1	PP_0187		hemD	NC_002947.4:238920..239687	uroporphyrinogen-III synthase [Pseudomonas putida KT2440].
NP_742357.1	PP_0188			NC_002947.4:239706..240833	uroporphyrin-III C-methyltransferase [Pseudomonas putida KT2440].
NP_742371.1	PP_0202			complement(NC_002947.4:252778..253215)	CBS domain-containing protein [Pseudomonas putida KT2440].
NP_742372.1	PP_0203			complement(NC_002947.4:253386..255116)	dipeptidase [Pseudomonas putida KT2440].
NP_742376.1	PP_0207			NC_002947.4:258467..259873	nitrate ABC transporter substrate-binding protein [Pseudomonas putida KT2440].
NP_742377.1	PP_0208			NC_002947.4:259889..260671	nitrate ABC transporter permease [Pseudomonas putida KT2440].
NP_742378.1	PP_0209		tauB-I	NC_002947.4:260671..261522	taurine ABC transporter ATP-binding protein [Pseudomonas putida KT2440].
NP_742381.1	PP_0213		gabD-I	NC_002947.4:263250..264692	succinate-semialdehyde dehydrogenase [Pseudomonas putida KT2440].
NP_742382.1	PP_0214		gabT	NC_002947.4:264875..266152	4-aminobutyrate aminotransferase [Pseudomonas putida KT2440].
NP_742387.1	PP_0219		metP	complement(NC_002947.4:272024..272668)	L,D-methionine D-methionine ABC transporter permease [Pseudomonas putida KT2440].
NP_742393.1	PP_0225		sctC	complement(NC_002947.4:278819..279577)	sulfur compound ABC transporter ATP-binding protein [Pseudomonas putida KT2440].
NP_742394.1	PP_0226		sctS	complement(NC_002947.4:279580..280248)	sulfur compound ABC transporter permease [Pseudomonas putida KT2440].
NP_742395.1	PP_0227		fliY	complement(NC_002947.4:280245..281039)	cystine-binding protein [Pseudomonas putida KT2440].
NP_742396.2	PP_0228			NC_002947.4:281348..282280	serine acetyltransferase [Pseudomonas putida KT2440].
NP_742397.2	PP_0229		betT-II	NC_002947.4:282550..284553	choline/carnitine/betaine transporter [Pseudomonas putida KT2440].
NP_742398.1	PP_0230		atsK	complement(NC_002947.4:284616..285449)	alpha-ketoglutarate-dependent sulfonate dioxygenase [Pseudomonas putida KT2440].
NP_742399.1	PP_0231		tauC	complement(NC_002947.4:285498..286337)	taurine ABC transporter permease [Pseudomonas putida KT2440].
NP_742400.1	PP_0232		tauB-II	complement(NC_002947.4:286334..287122)	taurine ABC transporter ATP-binding protein [Pseudomonas putida KT2440].
NP_742401.1	PP_0233		tauA	complement(NC_002947.4:287136..288107)	taurine ABC transporter substrate-binding protein [Pseudomonas putida KT2440].
NP_742402.1	PP_0234		oprE	NC_002947.4:288582..289916	outer-membrane porin E [Pseudomonas putida KT2440].
NP_742404.1	PP_0236		ssuE	NC_002947.4:290940..291533	NAD(P)H-dependent FMN reductase subunit [Pseudomonas putida KT2440].
NP_742405.1	PP_0237		ssuA	NC_002947.4:291619..292584	aliphatic sulfonatesABC transporter substrate-binding protein [Pseudomonas putida KT2440].
NP_742406.1	PP_0238		ssuD	NC_002947.4:292644..293792	alkanesulfonate monooxygenase [Pseudomonas putida KT2440].
NP_742407.1	PP_0239		ssuC	NC_002947.4:293803..294600	aliphatic sulfonatesABC transporter permease [Pseudomonas putida KT2440].
NP_742408.1	PP_0240		ssuB	NC_002947.4:294597..295409	aliphatic sulfonates ABC transporter ATP-binding protein SsuB [Pseudomonas putida KT2440].
NP_742411.1	PP_0243		gshA	complement(NC_002947.4:296426..298003)	glutamate--cysteine ligase [Pseudomonas putida KT2440].
NP_742423.1	PP_0256			complement(NC_002947.4:310030..312375)	putative oxidoreductase [Pseudomonas putida KT2440].
NP_742424.1	PP_0257		fdhD	complement(NC_002947.4:312381..313211)	protein sulfur transferase [Pseudomonas putida KT2440].
NP_742426.1	PP_0259		yrfG	complement(NC_002947.4:313878..314540)	purine nucleotidase [Pseudomonas putida KT2440].
NP_742428.1	PP_0261		cysQ	NC_002947.4:315186..315986	adenosine-3'(2'),5'-bisphosphate nucleotidase [Pseudomonas putida KT2440].
NP_742432.1	PP_0265		rmlC	complement(NC_002947.4:319784..320329)	dTDP-4-dehydrorhamnose 3,5-epimerase [Pseudomonas putida KT2440].
NP_742447.1	PP_0280			complement(NC_002947.4:337879..338568)	amino acid ABC transporter permease [Pseudomonas putida KT2440].
NP_742448.1	PP_0281			complement(NC_002947.4:338568..339260)	amino acid ABC transporter permease [Pseudomonas putida KT2440].
NP_742449.1	PP_0282		artJ	complement(NC_002947.4:339315..340067)	L-arginine ABC transporter substrate-binding subunit [Pseudomonas putida KT2440].
NP_742450.1	PP_0283		aotP	complement(NC_002947.4:340079..340852)	arginine/ornithine ABC transporter ATP-binding protein AotP [Pseudomonas putida KT2440].
NP_742456.1	PP_0289		hisB	NC_002947.4:349955..350587	imidazoleglycerol-phosphate dehydratase [Pseudomonas putida KT2440].
NP_742457.1	PP_0290		hisH	NC_002947.4:350588..351226	imidazole glycerol phosphate synthase subunit HisH [Pseudomonas putida KT2440].
NP_742459.1	PP_0292		hisA	NC_002947.4:351515..352252	phosphoribosylformimino-5-aminoimidazole carboxamide ribonucleotide isomerase [Pseudomonas putida KT2440].
NP_742460.1	PP_0293		hisF	NC_002947.4:352263..353033	imidazole glycerol phosphate synthase subunit HisF [Pseudomonas putida KT2440].
NP_742461.1	PP_0294		cbcV	complement(NC_002947.4:353151..354329)	choline/betaine/carnitine ABC transporter ATP binding protein [Pseudomonas putida KT2440].
NP_742462.1	PP_0295		cbcW	complement(NC_002947.4:354326..355171)	choline/betaine/carnitine ABC transporter permease [Pseudomonas putida KT2440].
NP_742463.1	PP_0296		cbcX	complement(NC_002947.4:355256..356203)	choline/betaine/carnitine ABC transporter substrate-binding protein [Pseudomonas putida KT2440].
NP_742464.1	PP_0297		tdcG-I	NC_002947.4:356656..358032	L-serine dehydratase [Pseudomonas putida KT2440].
NP_742469.1	PP_0302		lcdH	complement(NC_002947.4:362517..363482)	L-carnitine dehydrogenase [Pseudomonas putida KT2440].
NP_742477.1	PP_0310		dgcA	NC_002947.4:370520..372580	dimethylglycine dehydrogenase subunit [Pseudomonas putida KT2440].
NP_742488.1	PP_0321		ltaE	complement(NC_002947.4:385495..386535)	low specificity l-threonine aldolase [Pseudomonas putida KT2440].
NP_742489.1	PP_0322		glyA-I	NC_002947.4:386861..388114	serine hydroxymethyltransferase [Pseudomonas putida KT2440].
NP_742494.1	PP_0327		purU-I	NC_002947.4:393460..394317	formyltetrahydrofolate deformylase [Pseudomonas putida KT2440].
NP_742503.1	PP_0336		msrA	complement(NC_002947.4:402529..403197)	peptide methionine sulfoxide reductase MsrA [Pseudomonas putida KT2440].
NP_742505.1	PP_0338		aceF	complement(NC_002947.4:406364..408004)	AceF-S-acetyldihydrolipoate [Pseudomonas putida KT2440].
NP_742506.1	PP_0339		aceE	complement(NC_002947.4:408018..410663)	pyruvate dehydrogenase E1 component [Pseudomonas putida KT2440].
NP_742508.1	PP_0341		waaF	NC_002947.4:414183..415232	ADP-heptose:LPS heptosyltransferase II [Pseudomonas putida KT2440].
NP_742509.1	PP_0342		waaC	NC_002947.4:415233..416291	ADP-heptose:LPS heptosyltransferase I [Pseudomonas putida KT2440].
NP_742510.1	PP_0343		waaG	NC_002947.4:416291..417415	lipopolysaccharide glucosyltransferase I [Pseudomonas putida KT2440].
NP_742511.1	PP_0344		waaP	NC_002947.4:417412..418218	lipopolysaccharide core heptose (I) kinase [Pseudomonas putida KT2440].
NP_742521.1	PP_0354			complement(NC_002947.4:430376..432313)	CBS domain-containing protein [Pseudomonas putida KT2440].
NP_742523.1	PP_0356		glcB	complement(NC_002947.4:433022..435199)	malate synthase G [Pseudomonas putida KT2440].
NP_742529.1	PP_0362		bioB	NC_002947.4:440060..441118	biotin synthase [Pseudomonas putida KT2440].
NP_742536.2	PP_0369			NC_002947.4:447422..448705	diguanylate cyclase [Pseudomonas putida KT2440].
NP_742537.1	PP_0370			NC_002947.4:448830..450608	acyl-CoA dehydrogenase family protein [Pseudomonas putida KT2440].
NP_742539.1	PP_0372		aruC	NC_002947.4:452083..453363	acetylornithine aminotransferase [Pseudomonas putida KT2440].
NP_742549.1	PP_0382		davA	complement(NC_002947.4:462605..463399)	5-aminopentanamidase [Pseudomonas putida KT2440].
NP_742550.1	PP_0383		davB	complement(NC_002947.4:463414..465096)	lysine 2-monooxygenase [Pseudomonas putida KT2440].
NP_742558.1	PP_0391		plsY	complement(NC_002947.4:476752..477321)	glycerol-3-phosphate acyltransferase [Pseudomonas putida KT2440].
NP_742560.1	PP_0393			NC_002947.4:477743..478252	2-amino-4-hydroxy-6-hydroxymethyldihydropteridine pyrophosphokinase [Pseudomonas putida KT2440].
NP_742561.1	PP_0394		cca	complement(NC_002947.4:478362..479468)	multifunctional tRNA nucleotidyltransferase/2',3'-cyclic phosphodiesterase/2' nucleotidase/phosphatase [Pseudomonas putida KT2440].
NP_742566.1	PP_0399		apaH	complement(NC_002947.4:485068..485934)	bis(5'-nucleosyl)-tetraphosphatase [Pseudomonas putida KT2440].
NP_742569.1	PP_0402		pdxA	complement(NC_002947.4:487312..488301)	4-hydroxythreonine-4-phosphate dehydrogenase [Pseudomonas putida KT2440].
NP_742572.1	PP_0406			NC_002947.4:493567..494238	nucleotidyltransferase family protein [Pseudomonas putida KT2440].
NP_742577.1	PP_0411			NC_002947.4:499452..500576	polyamine ABC transporter ATP-binding protein [Pseudomonas putida KT2440].
NP_742578.1	PP_0412			NC_002947.4:500617..501651	polyamine ABC transportersubstrate-binding protein [Pseudomonas putida KT2440].
NP_742579.1	PP_0413			NC_002947.4:501712..502959	polyamine ABC transporter permease [Pseudomonas putida KT2440].
NP_742580.1	PP_0414			NC_002947.4:502970..503797	polyamine ABC transporter permease [Pseudomonas putida KT2440].
NP_742581.2	PP_0415		rpe	NC_002947.4:503948..504622	ribulose-5-phosphate 3-epimerase [Pseudomonas putida KT2440].
NP_742582.1	PP_0416			NC_002947.4:504619..505437	phosphoglycolate phosphatase [Pseudomonas putida KT2440].
NP_742583.1	PP_0417		trpE	NC_002947.4:505507..506988	anthranilate synthase component 1 [Pseudomonas putida KT2440].
NP_742586.1	PP_0420		pabA	NC_002947.4:509378..509971	para-aminobenzoate synthase multi-enzyme complex aminodeoxychorismate synthase [Pseudomonas putida KT2440].
NP_742587.1	PP_0421		trpD	NC_002947.4:509981..511030	anthranilate phosphoribosyltransferase [Pseudomonas putida KT2440].
NP_742588.1	PP_0422		trpC	NC_002947.4:511027..511860	indole-3-glycerol phosphate synthase [Pseudomonas putida KT2440].
NP_742595.1	PP_0429			complement(NC_002947.4:516209..516991)	short-chain dehydrogenase/reductase family oxidoreductase [Pseudomonas putida KT2440].
NP_742597.1	PP_0431			complement(NC_002947.4:518044..518469)	membrane protein [Pseudomonas putida KT2440].
NP_742598.1	PP_0432		argC	NC_002947.4:518612..519646	N-acetyl-gamma-glutamyl-phosphate reductase [Pseudomonas putida KT2440].
NP_742600.1	PP_0434		anmK	complement(NC_002947.4:520204..521295)	anhydro-N-acetylmuramic acid kinase [Pseudomonas putida KT2440].
NP_742601.1	PP_0435			complement(NC_002947.4:521299..522726)	M23/M37 family peptidase [Pseudomonas putida KT2440].
NP_742604.1	PP_0438		coaX	NC_002947.4:531036..531785	type III pantothenate kinase [Pseudomonas putida KT2440].
NP_742618.1	PP_0452		tufB	NC_002947.4:549326..550519	elongation factor Tu-B [Pseudomonas putida KT2440].
NP_742650.1	PP_0484		yajR	NC_002947.4:569625..571019	transporter [Pseudomonas putida KT2440].
NP_742655.1	PP_0490		fdoH	NC_002947.4:578032..578982	formate dehydrogenase-O subunit beta [Pseudomonas putida KT2440].
NP_742656.1	PP_0491		fdoI	NC_002947.4:578979..579635	formate dehydrogenase-O subunit gamma [Pseudomonas putida KT2440].
NP_742657.1	PP_0492		fdhE	NC_002947.4:579610..580566	formate dehydrogenase formation protein [Pseudomonas putida KT2440].
NP_742660.1	PP_0495		ansA	complement(NC_002947.4:584266..585255)	type 1 L-asparaginase [Pseudomonas putida KT2440].
NP_742661.1	PP_0496			complement(NC_002947.4:585328..586770)	sodium/alanine symporter [Pseudomonas putida KT2440].
NP_742664.1	PP_0500			NC_002947.4:589877..590761	dTDP-4-rhamnose reductase-like protein [Pseudomonas putida KT2440].
NP_742665.1	PP_0501			NC_002947.4:590754..591686	NAD-dependent epimerase/dehydratase family protein [Pseudomonas putida KT2440].
NP_742674.1	PP_0510		trx	complement(NC_002947.4:598072..598944)	thioredoxin [Pseudomonas putida KT2440].
NP_742677.1	PP_0514		ribD	NC_002947.4:600650..601786	bifunctional diaminohydroxyphosphoribosylaminopyrimidine deaminase/5-amino-6-(5-phosphoribosylamino)uracil reductase [Pseudomonas putida KT2440].
NP_742678.1	PP_0515		ribE	NC_002947.4:601829..602494	riboflavin synthase [Pseudomonas putida KT2440].
NP_742679.3	PP_0516		ribAB-I	NC_002947.4:602495..603604	bifunctional 3,4-dihydroxy-2-butanone 4-phosphate synthase/GTP cyclohydrolase II [Pseudomonas putida KT2440].
NP_742680.1	PP_0517		ribH	NC_002947.4:603696..604172	6,7-dimethyl-8-ribityllumazine synthase [Pseudomonas putida KT2440].
NP_742682.1	PP_0519		thiL	NC_002947.4:604688..605656	thiamin monophosphate kinase [Pseudomonas putida KT2440].
NP_742683.1	PP_0520		pgpA	NC_002947.4:605653..606156	phosphatidylglycerophosphatase A [Pseudomonas putida KT2440].
NP_742685.1	PP_0522		ribA	NC_002947.4:607097..607714	GTP cyclohydrolase II [Pseudomonas putida KT2440].
NP_742690.2	PP_0527		dxs	complement(NC_002947.4:612286..614181)	1-deoxyxylulose-5-phosphate synthase [Pseudomonas putida KT2440].
NP_742691.1	PP_0528		ispA	complement(NC_002947.4:614359..615246)	farnesyl diphosphate synthase [Pseudomonas putida KT2440].
NP_742693.1	PP_0530		ribB	complement(NC_002947.4:615651..616301)	3,4-dihydroxy-2-butanone 4-phosphate synthase [Pseudomonas putida KT2440].
NP_742701.1	PP_0538		ppa	complement(NC_002947.4:625089..625616)	inorganic pyrophosphatase [Pseudomonas putida KT2440].
NP_742705.1	PP_0542		eutC	complement(NC_002947.4:627976..628794)	ethanolamine ammonia-lyase subunit beta [Pseudomonas putida KT2440].
NP_742706.1	PP_0543		eutB	complement(NC_002947.4:628803..630197)	ethanolamine ammonia-lyase subunit alpha [Pseudomonas putida KT2440].
NP_742707.1	PP_0544			complement(NC_002947.4:630244..631692)	ethanolamine transporter [Pseudomonas putida KT2440].
NP_742708.1	PP_0545		aldB-I	complement(NC_002947.4:631920..633440)	aldehyde dehydrogenase [Pseudomonas putida KT2440].
NP_742710.1	PP_0547		mpl	NC_002947.4:635777..637126	UDP-N-acetylmuramate:L-alanyl-gamma-D-glutamyl-meso-diaminopimelate ligase [Pseudomonas putida KT2440].
NP_742715.1	PP_0552		bdhA	complement(NC_002947.4:640763..641851)	2,3-butanediol dehydrogenase [Pseudomonas putida KT2440].
NP_742716.1	PP_0553		acoC	complement(NC_002947.4:641880..642986)	acetoin cleaving system dihydrolipoyllysine-residue acetyltransferase [Pseudomonas putida KT2440].
NP_742721.1	PP_0558		accC	complement(NC_002947.4:648322..649677)	acetyl-CoA carboxylase biotin carboxylase subunit [Pseudomonas putida KT2440].
NP_742722.1	PP_0559		accB	complement(NC_002947.4:649695..650156)	acetyl-CoA carboxylase biotin carboxyl carrier subunit [Pseudomonas putida KT2440].
NP_742723.1	PP_0560		aroQ-I	complement(NC_002947.4:650256..650711)	type II 3-dehydroquinate dehydratase [Pseudomonas putida KT2440].
NP_742726.1	PP_0563			complement(NC_002947.4:654987..656342)	two-component system response regulator [Pseudomonas putida KT2440].
NP_742728.1	PP_0565			NC_002947.4:657660..658193	Nudix hydrolase [Pseudomonas putida KT2440].
NP_742730.1	PP_0567		speA	NC_002947.4:658955..660868	biosynthetic arginine decarboxylase [Pseudomonas putida KT2440].
NP_742735.1	PP_0572		pbpC	NC_002947.4:668559..670913	peptidoglycan glycosyltransferase [Pseudomonas putida KT2440].
NP_742744.1	PP_0581			complement(NC_002947.4:677644..679017)	3-oxoacyl-ACP reductase [Pseudomonas putida KT2440].
NP_742745.1	PP_0582			NC_002947.4:679114..680391	thiolase family protein [Pseudomonas putida KT2440].
NP_742749.1	PP_0586		cadA-II	complement(NC_002947.4:683847..686246)	cadmium translocating P-type ATPase [Pseudomonas putida KT2440].
NP_742751.1	PP_0588			NC_002947.4:686831..687028	copper-binding chaperone [Pseudomonas putida KT2440].
NP_742754.1	PP_0591			complement(NC_002947.4:689689..690636)	adenine deaminase [Pseudomonas putida KT2440].
NP_742760.1	PP_0597		mmsA-I	NC_002947.4:695580..697073	methylmalonate-semialdehyde dehydrogenase [Pseudomonas putida KT2440].
NP_742763.1	PP_0601		murJ	NC_002947.4:707599..709137	lipid II flippase [Pseudomonas putida KT2440].
NP_742764.1	PP_0602		ribF	NC_002947.4:709256..710206	bifunctional riboflavin kinase/FMN adenylyltransferase [Pseudomonas putida KT2440].
NP_742768.1	PP_0606		ispH	NC_002947.4:713987..714934	4-hydroxy-3-methylbut-2-enyl diphosphate reductase [Pseudomonas putida KT2440].
NP_742774.1	PP_0612		thiO	NC_002947.4:717333..718430	FAD-dependent glycine/D-amino acid oxidase [Pseudomonas putida KT2440].
NP_742776.1	PP_0614			complement(NC_002947.4:719918..721195)	bifunctional N-carbamoyl-beta-alanine amidohydrolase/allantoine amidohydrolase [Pseudomonas putida KT2440].
NP_742787.1	PP_0626		ndh	complement(NC_002947.4:734021..735316)	NADH dehydrogenase [Pseudomonas putida KT2440].
NP_742792.1	PP_0631		coaE	complement(NC_002947.4:737926..738549)	dephospho-CoA kinase [Pseudomonas putida KT2440].
NP_742810.1	PP_0649			NC_002947.4:757922..758332	MutT/nudix family protein [Pseudomonas putida KT2440].
NP_742813.1	PP_0652			complement(NC_002947.4:760154..761539)	gluconate transporter [Pseudomonas putida KT2440].
NP_742815.2	PP_0654		mdh	NC_002947.4:761969..762901	malate dehydrogenase [Pseudomonas putida KT2440].
NP_742819.1	PP_0658			NC_002947.4:765406..766341	homocysteine S-methyltransferase family protein [Pseudomonas putida KT2440].
NP_742820.1	PP_0659		metB	NC_002947.4:766509..767780	cystathionine gamma-synthase [Pseudomonas putida KT2440].
NP_742821.1	PP_0660		mmuP	NC_002947.4:767923..769362	S-methyl-L-methionine transporter [Pseudomonas putida KT2440].
NP_742825.1	PP_0664			NC_002947.4:772338..773381	homoserine dehydrogenase [Pseudomonas putida KT2440].
NP_742826.1	PP_0665			NC_002947.4:773394..774812	glyceraldehyde-3-phosphate dehydrogenase [Pseudomonas putida KT2440].
NP_742832.1	PP_0671		glyA-II	complement(NC_002947.4:780592..781845)	serine hydroxymethyltransferase [Pseudomonas putida KT2440].
NP_742833.1	PP_0672			complement(NC_002947.4:782095..785925)	sensory box protein [Pseudomonas putida KT2440].
NP_742835.1	PP_0674		ettA	NC_002947.4:786883..788550	ADP/ATP ratio sensor/translation inhibitor [Pseudomonas putida KT2440].
NP_742836.1	PP_0675		gdhA	NC_002947.4:788763..790112	NADP-dependent glutamate dehydrogenase [Pseudomonas putida KT2440].
NP_742845.1	PP_0684		fklB-I	NC_002947.4:798028..798645	FKBP-type peptidyl-prolyl cis-trans isomerase [Pseudomonas putida KT2440].
NP_742848.1	PP_0687		ispB	complement(NC_002947.4:799504..800472)	octaprenyl diphosphate synthase [Pseudomonas putida KT2440].
NP_742852.1	PP_0691		proB	NC_002947.4:802828..803946	glutamate 5-kinase [Pseudomonas putida KT2440].
NP_742870.1	PP_0709			complement(NC_002947.4:824617..826116)	NCS1 family transporter [Pseudomonas putida KT2440].
NP_742872.1	PP_0711		ycaC-I	NC_002947.4:826810..827430	putative hydrolase [Pseudomonas putida KT2440].
NP_742883.1	PP_0722		prs	complement(NC_002947.4:838756..839697)	ribose-phosphate pyrophosphokinase [Pseudomonas putida KT2440].
NP_742884.1	PP_0723		ispE	complement(NC_002947.4:839841..840701)	4-diphosphocytidyl-2-C-methyl-D-erythritol kinase [Pseudomonas putida KT2440].
NP_742887.1	PP_0726			complement(NC_002947.4:843518..844243)	transferase [Pseudomonas putida KT2440].
NP_742888.1	PP_0727			complement(NC_002947.4:844240..844842)	hypothetical protein PP_0727 [Pseudomonas putida KT2440].
NP_742893.1	PP_0732		hemA	NC_002947.4:851222..852499	glutamyl-tRNA reductase [Pseudomonas putida KT2440].
NP_742895.1	PP_0734		prmC	NC_002947.4:853578..854408	release factor-(glutamine-N5) methyltransferase [Pseudomonas putida KT2440].
NP_742896.1	PP_0735		moeB	NC_002947.4:854402..855157	molybdopterin synthase adenylyltransferase subunit [Pseudomonas putida KT2440].
NP_742897.1	PP_0736		murI	NC_002947.4:855150..855947	glutamate racemase [Pseudomonas putida KT2440].
NP_742905.1	PP_0744		hemH	NC_002947.4:862867..863883	ferrochelatase [Pseudomonas putida KT2440].
NP_742906.1	PP_0745		uraA	complement(NC_002947.4:863919..865184)	uracil permease [Pseudomonas putida KT2440].
NP_742907.1	PP_0746		upp	complement(NC_002947.4:865187..865825)	uracil phosphoribosyltransferase [Pseudomonas putida KT2440].
NP_742908.1	PP_0747			NC_002947.4:865988..866545	hypoxanthine-guanine phosphoribosyltransferase [Pseudomonas putida KT2440].
NP_742912.1	PP_0751		mqo-I	complement(NC_002947.4:868079..869587)	malate:quinone oxidoreductase [Pseudomonas putida KT2440].
NP_742923.1	PP_0762		hprA	complement(NC_002947.4:877213..878178)	glycerate dehydrogenase [Pseudomonas putida KT2440].
NP_742924.1	PP_0763			NC_002947.4:878472..880154	medium-chain-fatty acid CoA ligase [Pseudomonas putida KT2440].
NP_742935.1	PP_0774		pta	complement(NC_002947.4:891627..893714)	phosphate acetyltransferase [Pseudomonas putida KT2440].
NP_742938.1	PP_0777			NC_002947.4:894678..895160	glutathione peroxidase [Pseudomonas putida KT2440].
NP_742946.1	PP_0785		cysZ	complement(NC_002947.4:900553..901281)	sulfate transport protein CysZ [Pseudomonas putida KT2440].
NP_742947.1	PP_0786		trxB	NC_002947.4:901612..902574	thioredoxin reductase [Pseudomonas putida KT2440].
NP_742948.1	PP_0787		nadC	complement(NC_002947.4:902650..903498)	quinolinate phosphoribosyltransferase [Pseudomonas putida KT2440].
NP_742950.1	PP_0789		ampD	NC_002947.4:905990..906562	N-acetyl-anhydromuramyl-L-alanine-amidase [Pseudomonas putida KT2440].
NP_742953.1	PP_0792		cra	complement(NC_002947.4:908213..909208)	catabolite DNA-binding transcriptional regulator [Pseudomonas putida KT2440].
NP_742954.1	PP_0793		fruB	NC_002947.4:909493..912345	PTS fructose transporter subunit EI/HPr/IIA [Pseudomonas putida KT2440].
NP_742955.1	PP_0794		fruK	NC_002947.4:912346..913293	1-phosphofructokinase monomer [Pseudomonas putida KT2440].
NP_742956.1	PP_0795		fruA	NC_002947.4:913290..915032	PTS fructose transporter subunit IIBC [Pseudomonas putida KT2440].
NP_742959.1	PP_0798			complement(NC_002947.4:916076..917566)	GGDEF domain-containing protein [Pseudomonas putida KT2440].
NP_742960.1	PP_0799		opdC	complement(NC_002947.4:917765..919099)	histidine-specific outer membrane porin D [Pseudomonas putida KT2440].
NP_742965.1	PP_0804			complement(NC_002947.4:923024..925192)	protein secretion ABC transporter permease/ATP-binding protein [Pseudomonas putida KT2440].
NP_742969.1	PP_0808		hmp	NC_002947.4:947524..948702	flavohemoprotein [Pseudomonas putida KT2440].
NP_742973.1	PP_0812		cyoA	NC_002947.4:950225..951166	cytochrome bo terminal oxidase subunit II [Pseudomonas putida KT2440].
NP_742974.1	PP_0813		cyoB	NC_002947.4:951170..953188	cytochrome bo terminal oxidase subunit I [Pseudomonas putida KT2440].
NP_742975.1	PP_0814		cyoC	NC_002947.4:953192..953815	cytochrome bo terminal oxidase subunit III [Pseudomonas putida KT2440].
NP_742976.1	PP_0815		cyoD	NC_002947.4:953815..954147	cytochrome bo terminal oxidase subunit IV [Pseudomonas putida KT2440].
NP_742977.1	PP_0816		cyoE	NC_002947.4:954159..955046	protoheme IX farnesyltransferase [Pseudomonas putida KT2440].
NP_742978.1	PP_0817		alaC	NC_002947.4:955359..956567	aminotransferase [Pseudomonas putida KT2440].
NP_742999.1	PP_0838		suhB	complement(NC_002947.4:975320..976138)	bifunctional inositol monophosphatase/glycerol-2-phosphatase [Pseudomonas putida KT2440].
NP_743001.1	PP_0840		cysE	NC_002947.4:977049..977834	serine acetyltransferase [Pseudomonas putida KT2440].
NP_743003.1	PP_0842		iscS-I	NC_002947.4:978551..979765	cysteine desulfurase [Pseudomonas putida KT2440].
NP_743004.1	PP_0843		iscU	NC_002947.4:979812..980198	iron-sulfur cluster assembly scaffold protein [Pseudomonas putida KT2440].
NP_743005.1	PP_0844		iscA	NC_002947.4:980227..980550	copper(I) binding iron-sulfur cluster assembly protein [Pseudomonas putida KT2440].
NP_743010.1	PP_0849		ndk	NC_002947.4:983631..984056	nucleoside diphosphate kinase [Pseudomonas putida KT2440].
NP_743014.1	PP_0853		ispG	NC_002947.4:987014..988123	4-hydroxy-3-methylbut-2-en-1-yl diphosphate synthase [Pseudomonas putida KT2440].
NP_743019.1	PP_0858			NC_002947.4:992994..994142	methionine/glutamine aminotransferase [Pseudomonas putida KT2440].
NP_743021.1	PP_0860			complement(NC_002947.4:995046..997595)	sulfite reductase flavoprotein subunit [Pseudomonas putida KT2440].
NP_743025.2	PP_0864		speC	complement(NC_002947.4:1001823..1002986)	ornithine decarboxylase [Pseudomonas putida KT2440].
NP_743029.1	PP_0868		yehX	complement(NC_002947.4:1007590..1008747)	ABC transporter ATP-binding protein [Pseudomonas putida KT2440].
NP_743030.1	PP_0869		yehW	complement(NC_002947.4:1008744..1009397)	osmoprotectant ABC transporter permease [Pseudomonas putida KT2440].
NP_743031.1	PP_0870			complement(NC_002947.4:1009394..1010335)	glycine betaine/carnitine/choline ABC transporter substrate-binding protein [Pseudomonas putida KT2440].
NP_743032.1	PP_0871			complement(NC_002947.4:1010319..1011062)	glycine betaine/carnitine/choline ABC transporter permease [Pseudomonas putida KT2440].
NP_743039.1	PP_0878		dppF	complement(NC_002947.4:1018092..1019060)	dipeptide ABC transporter ATP-binding protein [Pseudomonas putida KT2440].
NP_743040.1	PP_0879		dppD	complement(NC_002947.4:1019060..1020028)	dipeptide ABC transporter ATP-binding protein [Pseudomonas putida KT2440].
NP_743041.1	PP_0880		dppC	complement(NC_002947.4:1020039..1020965)	dipeptide ABC transporter permease [Pseudomonas putida KT2440].
NP_743042.1	PP_0881		dppB	complement(NC_002947.4:1020976..1021986)	dipeptide ABC transporter permease [Pseudomonas putida KT2440].
NP_743044.1	PP_0883		opdP	complement(NC_002947.4:1023767..1025146)	glycine-glutamate dipeptide porin [Pseudomonas putida KT2440].
NP_743046.1	PP_0885		dppA-III	complement(NC_002947.4:1027114..1028739)	dipeptide ABC transporter substrate-binding protein [Pseudomonas putida KT2440].
NP_743053.1	PP_0892			NC_002947.4:1033964..1035121	phospholipase family protein [Pseudomonas putida KT2440].
NP_743058.1	PP_0897			complement(NC_002947.4:1037871..1039394)	class 1 fumarate hydratase [Pseudomonas putida KT2440].
NP_743077.1	PP_0916			complement(NC_002947.4:1059154..1059768)	amino acid transporter LysE [Pseudomonas putida KT2440].
NP_743083.1	PP_0922			NC_002947.4:1064359..1064943	hypothetical protein PP_0922 [Pseudomonas putida KT2440].
NP_743088.1	PP_0927		aroP-I	NC_002947.4:1068839..1070200	aromatic amino acid transport protein [Pseudomonas putida KT2440].
NP_743089.1	PP_0928			complement(NC_002947.4:1070342..1071385)	K+-dependent Na+/Ca+ exchanger-like protein [Pseudomonas putida KT2440].
NP_743105.1	PP_0944		fumC-I	NC_002947.4:1089140..1090519	class 2 fumarate hydratase [Pseudomonas putida KT2440].
NP_743117.1	PP_0956		kdsC	complement(NC_002947.4:1098054..1098578)	3-deoxy-D-manno-octulosonate 8-phosphate phosphatase [Pseudomonas putida KT2440].
NP_743118.1	PP_0957		kdsD	complement(NC_002947.4:1098591..1099565)	D-arabinose 5-phosphate isomerase [Pseudomonas putida KT2440].
NP_743119.1	PP_0958		mlaF	NC_002947.4:1099814..1100623	phospholipid ABC transporter ATP-binding protein [Pseudomonas putida KT2440].
NP_743125.1	PP_0964		murA	NC_002947.4:1103242..1104507	UDP-N-acetylglucosamine 1-carboxyvinyltransferase [Pseudomonas putida KT2440].
NP_743126.1	PP_0965		hisG	NC_002947.4:1104599..1105234	ATP phosphoribosyltransferase [Pseudomonas putida KT2440].
NP_743127.1	PP_0966		hisD	NC_002947.4:1105521..1106846	histidinol dehydrogenase [Pseudomonas putida KT2440].
NP_743128.1	PP_0967		hisC	NC_002947.4:1106849..1107895	histidinol-phosphate aminotransferase [Pseudomonas putida KT2440].
NP_743140.1	PP_0979		holC	complement(NC_002947.4:1118286..1118714)	DNA polymerase III subunit chi [Pseudomonas putida KT2440].
NP_743141.1	PP_0980		pepA	complement(NC_002947.4:1118765..1120258)	cytosol aminopeptidase [Pseudomonas putida KT2440].
NP_743147.1	PP_0986		gcvT-I	complement(NC_002947.4:1124021..1125142)	aminomethyltransferase [Pseudomonas putida KT2440].
NP_743148.1	PP_0987		tdcG-II	complement(NC_002947.4:1125170..1126546)	L-serine dehydratase [Pseudomonas putida KT2440].
NP_743149.1	PP_0988		gcvP-I	complement(NC_002947.4:1126695..1129550)	glycine dehydrogenase [Pseudomonas putida KT2440].
NP_743150.1	PP_0989		gcvH-I	complement(NC_002947.4:1129562..1129945)	glycine cleavage system protein H [Pseudomonas putida KT2440].
NP_743157.1	PP_0996		gltS	complement(NC_002947.4:1134133..1135338)	glutamate:sodium symporter [Pseudomonas putida KT2440].
NP_743160.1	PP_0999		arcC	complement(NC_002947.4:1137540..1138469)	carbamate kinase [Pseudomonas putida KT2440].
NP_743161.1	PP_1000		arcB	complement(NC_002947.4:1138634..1139644)	ornithine carbamoyltransferase [Pseudomonas putida KT2440].
NP_743162.1	PP_1001		arcA	complement(NC_002947.4:1139714..1140967)	arginine deiminase [Pseudomonas putida KT2440].
NP_743163.1	PP_1002		arcD-I	complement(NC_002947.4:1141001..1142428)	arginine/ornithine antiporter [Pseudomonas putida KT2440].
NP_743170.1	PP_1009		gapA	complement(NC_002947.4:1150010..1151011)	glyceraldehyde-3-phosphate dehydrogenase [Pseudomonas putida KT2440].
NP_743171.1	PP_1010		edd	NC_002947.4:1151276..1153102	phosphogluconate dehydratase [Pseudomonas putida KT2440].
NP_743172.1	PP_1011		glk	NC_002947.4:1153099..1154058	glucokinase [Pseudomonas putida KT2440].
NP_743176.1	PP_1015		gtsA	NC_002947.4:1157868..1159154	mannose/glucose ABC transporter substrate-binding protein [Pseudomonas putida KT2440].
NP_743177.1	PP_1016		gtsB	NC_002947.4:1159288..1160196	mannose/glucose ABC transporter permease [Pseudomonas putida KT2440].
NP_743178.1	PP_1017		gtsC	NC_002947.4:1160189..1161034	mannose/glucose ABC transporter permease [Pseudomonas putida KT2440].
NP_743179.1	PP_1018		gtsD	NC_002947.4:1161038..1162192	mannose/glucose ABC transporter ATP binding protein [Pseudomonas putida KT2440].
NP_743180.1	PP_1019		oprB-I	NC_002947.4:1162233..1163576	carbohydrate-selective porin [Pseudomonas putida KT2440].
NP_743183.1	PP_1022		zwfA	NC_002947.4:1165616..1167085	glucose 6-phosphate-1-dehydrogenase [Pseudomonas putida KT2440].
NP_743184.1	PP_1023		pgl	NC_002947.4:1167057..1167785	6-phosphogluconolactonase [Pseudomonas putida KT2440].
NP_743185.1	PP_1024		eda	NC_002947.4:1167776..1168483	KHG/KDPG aldolase [Pseudomonas putida KT2440].
NP_743186.1	PP_1025		leuA	complement(NC_002947.4:1168736..1170409)	2-isopropylmalate synthase [Pseudomonas putida KT2440].
NP_743187.1	PP_1026			complement(NC_002947.4:1170842..1171669)	M23/M37 family peptidase [Pseudomonas putida KT2440].
NP_743192.1	PP_1031		guaB	NC_002947.4:1175570..1177039	IMP dehydrogenase and single strand DNA binding factor [Pseudomonas putida KT2440].
NP_743193.1	PP_1032		guaA	NC_002947.4:1177118..1178695	glutamine-hydrolyzing GMP synthase [Pseudomonas putida KT2440].
NP_743195.1	PP_1034		cumA	NC_002947.4:1180948..1182354	multicopper oxidase [Pseudomonas putida KT2440].
NP_743196.1	PP_1035		tadA	NC_002947.4:1182396..1182833	tRNA adenosine(34) deaminase TadA [Pseudomonas putida KT2440].
NP_743197.2	PP_1036		mltF	complement(NC_002947.4:1182927..1184384)	membrane-bound lytic murein transglycosylase F [Pseudomonas putida KT2440].
NP_743198.1	PP_1037		purL	NC_002947.4:1184796..1188695	phosphoribosylformylglycinamidine synthase [Pseudomonas putida KT2440].
NP_743220.1	PP_1059		ytnA	NC_002947.4:1209392..1210810	amino acid permease YtnA [Pseudomonas putida KT2440].
NP_743223.1	PP_1062			NC_002947.4:1217095..1217508	MutT/nudix family protein [Pseudomonas putida KT2440].
NP_743229.1	PP_1068		gltL	complement(NC_002947.4:1223275..1224045)	glutamate/aspartate ABC transporter ATP binding protein [Pseudomonas putida KT2440].
NP_743230.1	PP_1069		gltK	complement(NC_002947.4:1224006..1224677)	glutamate/aspartate ABC transporter permease [Pseudomonas putida KT2440].
NP_743231.1	PP_1070		gltJ	complement(NC_002947.4:1224678..1225424)	glutamate/aspartate ABC transporter permease [Pseudomonas putida KT2440].
NP_743232.1	PP_1071		gltI	complement(NC_002947.4:1225570..1226490)	glutamate/aspartate ABC transporter substrate-binding protein [Pseudomonas putida KT2440].
NP_743234.1	PP_1073		glpD	complement(NC_002947.4:1231168..1232712)	aerobic glycerol-3-phosphate dehydrogenase [Pseudomonas putida KT2440].
NP_743236.1	PP_1075		glpK	complement(NC_002947.4:1233786..1235285)	glycerol kinase [Pseudomonas putida KT2440].
NP_743237.1	PP_1076		glpF	complement(NC_002947.4:1235337..1236188)	aquaglyceroporin [Pseudomonas putida KT2440].
NP_743239.1	PP_1078			complement(NC_002947.4:1236999..1238108)	ABC transporter ATP-binding protein [Pseudomonas putida KT2440].
NP_743240.1	PP_1079		argF	complement(NC_002947.4:1238105..1239025)	ornithine carbamoyltransferase [Pseudomonas putida KT2440].
NP_743241.1	PP_1080			NC_002947.4:1239400..1241508	molybdopterin-binding oxidoreductase [Pseudomonas putida KT2440].
NP_743242.1	PP_1081		grxD	NC_002947.4:1241600..1241935	monothiol glutaredoxin [Pseudomonas putida KT2440].
NP_743245.1	PP_1084		tsaA	NC_002947.4:1243109..1243711	peroxiredoxin [Pseudomonas putida KT2440].
NP_743247.1	PP_1086		pyrC	complement(NC_002947.4:1244481..1245527)	dihydroorotase [Pseudomonas putida KT2440].
NP_743249.1	PP_1088		argG	NC_002947.4:1246970..1248187	argininosuccinate synthase [Pseudomonas putida KT2440].
NP_743261.1	PP_1100		dcd	NC_002947.4:1257458..1258024	deoxycytidine triphosphate deaminase [Pseudomonas putida KT2440].
NP_743271.2	PP_1110			NC_002947.4:1269613..1270317	serine acetyltransferase [Pseudomonas putida KT2440].
NP_743274.1	PP_1113			NC_002947.4:1272307..1273209	pyridoxal-phosphate dependent enzyme family protein [Pseudomonas putida KT2440].
NP_743282.1	PP_1121			NC_002947.4:1284063..1284755	OmpA family protein [Pseudomonas putida KT2440].
NP_743290.1	PP_1129		pdxH	NC_002947.4:1293452..1294099	pyridoxine/pyridoxamine 5'-phosphate oxidase [Pseudomonas putida KT2440].
NP_743293.1	PP_1132		nhaA-I	complement(NC_002947.4:1295054..1296247)	Na(+)/H(+) antiporter NhaA [Pseudomonas putida KT2440].
NP_743298.1	PP_1137		livF-I	complement(NC_002947.4:1302674..1303375)	high-affinity branched-chain amino acid ABC transporter ATP-binding protein [Pseudomonas putida KT2440].
NP_743299.1	PP_1138		livG	complement(NC_002947.4:1303376..1304143)	branched-chain amino acid ABC transporter ATP-binding protein [Pseudomonas putida KT2440].
NP_743300.1	PP_1139		livM	complement(NC_002947.4:1304140..1305396)	branched-chain amino acid ABC transporter permease [Pseudomonas putida KT2440].
NP_743301.1	PP_1140		livH	complement(NC_002947.4:1305393..1306316)	branched-chain amino acid ABC transporter permease [Pseudomonas putida KT2440].
NP_743302.1	PP_1141		livK	complement(NC_002947.4:1306502..1307617)	branched-chain amino acids ABC transporter substrate-binding protein [Pseudomonas putida KT2440].
NP_743304.1	PP_1143			NC_002947.4:1308481..1309368	3-hydroxyisobutyrate dehydrogenase family protein [Pseudomonas putida KT2440].
NP_743316.1	PP_1155			complement(NC_002947.4:1322782..1323855)	YaiC/YhcK/ArdA family protein [Pseudomonas putida KT2440].
NP_743317.1	PP_1156		yfdC	complement(NC_002947.4:1324134..1325030)	inner membrane protein [Pseudomonas putida KT2440].
NP_743318.1	PP_1157			NC_002947.4:1330776..1332419	acetolactate synthase [Pseudomonas putida KT2440].
NP_743320.1	PP_1160			NC_002947.4:1334826..1335815	asparaginase family protein [Pseudomonas putida KT2440].
NP_743329.1	PP_1169		dctP	complement(NC_002947.4:1344146..1345117)	TRAP dicarboxylate transporter subunit DctP [Pseudomonas putida KT2440].
NP_743331.1	PP_1171		udh	complement(NC_002947.4:1346086..1346892)	uronate dehydrogenase [Pseudomonas putida KT2440].
NP_743337.1	PP_1177		nrdB	complement(NC_002947.4:1350534..1351784)	ribonucleoside-diphosphate reductase subunit beta [Pseudomonas putida KT2440].
NP_743339.1	PP_1179		nrdA	complement(NC_002947.4:1352497..1355376)	ribonucleoside-diphosphate reductase subunit alpha [Pseudomonas putida KT2440].
NP_743343.1	PP_1183			complement(NC_002947.4:1358431..1359132)	siderophore biosynthesis protein [Pseudomonas putida KT2440].
NP_743348.1	PP_1188		dctA-I	NC_002947.4:1363308..1364630	C4-dicarboxylate transport protein [Pseudomonas putida KT2440].
NP_743360.1	PP_1200		kup	NC_002947.4:1374381..1376291	potassium transport system protein Kup [Pseudomonas putida KT2440].
NP_743366.1	PP_1206		oprD	complement(NC_002947.4:1385191..1386456)	basic amino acid specific porin OprD [Pseudomonas putida KT2440].
NP_743389.1	PP_1229		puuP	complement(NC_002947.4:1405748..1407100)	putrescine permease [Pseudomonas putida KT2440].
NP_743391.1	PP_1231		nadA	NC_002947.4:1409331..1410389	quinolinate synthase iron-sulfur cluster subunit [Pseudomonas putida KT2440].
NP_743392.1	PP_1232			complement(NC_002947.4:1410498..1411934)	hypothetical protein PP_1232 [Pseudomonas putida KT2440].
NP_743395.1	PP_1235			complement(NC_002947.4:1413423..1413896)	AhpC/TSA family protein [Pseudomonas putida KT2440].
NP_743397.1	PP_1237		dapA-I	NC_002947.4:1414728..1415615	4-hydroxy-tetrahydrodipicolinate synthase [Pseudomonas putida KT2440].
NP_743400.1	PP_1240		purC	NC_002947.4:1417542..1418252	phosphoribosylaminoimidazole-succinocarboxamide synthase [Pseudomonas putida KT2440].
NP_743411.3	PP_1251		mqo-II	NC_002947.4:1427900..1429483	malate:quinone oxidoreductase [Pseudomonas putida KT2440].
NP_743416.1	PP_1256			complement(NC_002947.4:1434386..1435963)	alpha-ketoglutarate semialdehyde dehydrogenase [Pseudomonas putida KT2440].
NP_743417.1	PP_1257			complement(NC_002947.4:1436116..1437063)	1-pyrroline-4-hydroxy-2-carboxylate deaminase [Pseudomonas putida KT2440].
NP_743419.1	PP_1259		yveA	complement(NC_002947.4:1438056..1439669)	aspartate-proton symporter [Pseudomonas putida KT2440].
NP_743434.1	PP_1274			complement(NC_002947.4:1456170..1456982)	short-chain dehydrogenase/reductase family oxidoreductase [Pseudomonas putida KT2440].
NP_743437.1	PP_1277		algA	complement(NC_002947.4:1458140..1459597)	mannose-6-phosphate isomerase/mannose-1-phosphate guanylyltransferase [Pseudomonas putida KT2440].
NP_743448.1	PP_1288		algD	complement(NC_002947.4:1472904..1474220)	GDP-mannose 6-dehydrogenase [Pseudomonas putida KT2440].
NP_743452.1	PP_1292		moaC	NC_002947.4:1478937..1479407	cyclic pyranopterin monophosphate synthase accessory protein [Pseudomonas putida KT2440].
NP_743453.1	PP_1293		moaD	NC_002947.4:1479404..1479652	molybdopterin synthase small subunit [Pseudomonas putida KT2440].
NP_743454.1	PP_1294		moaE	NC_002947.4:1479655..1480101	molybdopterin synthase large subunit [Pseudomonas putida KT2440].
NP_743457.1	PP_1297		yhdW	NC_002947.4:1482827..1483855	amino acid ABC transporter-binding protein YhdW [Pseudomonas putida KT2440].
NP_743458.1	PP_1298		yhdX	NC_002947.4:1483923..1485101	amino acid ABC transporter permease [Pseudomonas putida KT2440].
NP_743459.1	PP_1299		yhdY	NC_002947.4:1485112..1486209	amino acid ABC transporter permease [Pseudomonas putida KT2440].
NP_743460.1	PP_1300		yhdZ	NC_002947.4:1486220..1486984	amino acid ABC transporter ATP-binding protein [Pseudomonas putida KT2440].
NP_743463.1	PP_1303		cysD	NC_002947.4:1489404..1490321	sulfate adenylyltransferase subunit 2 [Pseudomonas putida KT2440].
NP_743464.1	PP_1304		cysNC	NC_002947.4:1490338..1492239	sulfate adenylyltransferase subunit 1/adenylyl-sulfate kinase [Pseudomonas putida KT2440].
NP_743468.1	PP_1308		mdeA	NC_002947.4:1495572..1496768	methionine gamma-lyase [Pseudomonas putida KT2440].
NP_743477.1	PP_1317		petA	NC_002947.4:1504296..1504889	ubiquinol-cytochrome c reductase iron-sulfur subunit [Pseudomonas putida KT2440].
NP_743478.1	PP_1318		petB	NC_002947.4:1504889..1506100	cytochrome b [Pseudomonas putida KT2440].
NP_743479.1	PP_1319		petC	NC_002947.4:1506100..1506879	ubiquinol--cytochrome c reductase cytochrome c1 subunit [Pseudomonas putida KT2440].
NP_743483.1	PP_1323		diaA	complement(NC_002947.4:1508698..1509285)	replication/archosome assembly modulator [Pseudomonas putida KT2440].
NP_743490.1	PP_1331		ftsI	NC_002947.4:1515066..1516814	peptidoglycan DD transpeptidase [Pseudomonas putida KT2440].
NP_743491.1	PP_1332		murE	NC_002947.4:1516811..1518301	UDP-N-acetylmuramoyl-L-alanyl-D-glutamate--2,6-diaminopimelate ligase [Pseudomonas putida KT2440].
NP_743492.1	PP_1333		murF	NC_002947.4:1518294..1519661	D-alanyl-D-alanine-adding enzyme [Pseudomonas putida KT2440].
NP_743493.1	PP_1334		mraY	NC_002947.4:1519661..1520743	phospho-N-acetylmuramoyl-pentapeptide-transferase [Pseudomonas putida KT2440].
NP_743494.1	PP_1335		murD	NC_002947.4:1520744..1522096	UDP-N-acetylmuramoylalanine--D-glutamate ligase [Pseudomonas putida KT2440].
NP_743496.1	PP_1337		murG	NC_002947.4:1523297..1524376	UDP-N-acetylglucosamine--N-acetylmuramyl-(pentapeptide) pyrophosphoryl-undecaprenol N-acetylglucosamine transferase [Pseudomonas putida KT2440].
NP_743497.1	PP_1338		murC	NC_002947.4:1524369..1525817	UDP-N-acetylmuramate--L-alanine ligase [Pseudomonas putida KT2440].
NP_743498.1	PP_1339		ddlB	NC_002947.4:1525814..1526770	D-alanine--D-alanine ligase B [Pseudomonas putida KT2440].
NP_743499.1	PP_1340		ftsQ	NC_002947.4:1526776..1527645	cell division protein FtsQ [Pseudomonas putida KT2440].
NP_743502.1	PP_1343		lpxC	NC_002947.4:1530287..1531198	UDP-3-O-[3-hydroxymyristoyl] N-acetylglucosamine deacetylase [Pseudomonas putida KT2440].
NP_743505.1	PP_1346		argJ	NC_002947.4:1534992..1536209	glutamate N-acetyltransferase/amino acid acetyltransferase [Pseudomonas putida KT2440].
NP_743507.1	PP_1348			NC_002947.4:1536994..1537938	MutT/nudix family protein/thiamine-phosphate pyrophosphorylase [Pseudomonas putida KT2440].
NP_743510.1	PP_1351		panE	complement(NC_002947.4:1540607..1541524)	2-dehydropantoate 2-reductase [Pseudomonas putida KT2440].
NP_743513.1	PP_1354		mdfA	NC_002947.4:1543197..1544441	multidrug MFS transporter [Pseudomonas putida KT2440].
NP_743514.1	PP_1355		ampG	complement(NC_002947.4:1544555..1546102)	muropeptide permease AmpG [Pseudomonas putida KT2440].
NP_743521.1	PP_1362		pykA	complement(NC_002947.4:1551367..1552821)	pyruvate kinase II [Pseudomonas putida KT2440].
NP_743526.1	PP_1367		purU-II	NC_002947.4:1556097..1556948	formyltetrahydrofolate hydrolase [Pseudomonas putida KT2440].
NP_743532.1	PP_1373		pitB	complement(NC_002947.4:1563856..1565328)	phosphate transporter [Pseudomonas putida KT2440].
NP_743535.1	PP_1376		pcaK	NC_002947.4:1567517..1568863	4-hydroxybenzoate transporter [Pseudomonas putida KT2440].
NP_743536.1	PP_1377		pcaF-I	NC_002947.4:1569190..1570392	beta-ketoadipyl-CoA thiolase [Pseudomonas putida KT2440].
NP_743537.1	PP_1378		pcaT	NC_002947.4:1570580..1571869	alpha-ketoglutarate permease [Pseudomonas putida KT2440].
NP_743538.1	PP_1379		pcaB	NC_002947.4:1571879..1573231	3-carboxy-cis,cis-muconate cycloisomerase [Pseudomonas putida KT2440].
NP_743539.1	PP_1380		pcaD	NC_002947.4:1573243..1574034	3-oxoadipate enol-lactonase 2 [Pseudomonas putida KT2440].
NP_743540.1	PP_1381		pcaC	NC_002947.4:1574045..1574437	4-carboxymuconolactone decarboxylase [Pseudomonas putida KT2440].
NP_743541.1	PP_1382		pcaP	complement(NC_002947.4:1574490..1575014)	porin [Pseudomonas putida KT2440].
NP_743544.1	PP_1385		ttgB	complement(NC_002947.4:1578244..1581396)	efflux pump membrane protein TtgB [Pseudomonas putida KT2440].
NP_743545.1	PP_1386		ttgA	complement(NC_002947.4:1581400..1582554)	efflux pump periplasmic linker TtgA [Pseudomonas putida KT2440].
NP_743548.1	PP_1389			NC_002947.4:1585389..1586264	oxaloacetate decarboxylase [Pseudomonas putida KT2440].
NP_743553.1	PP_1394			NC_002947.4:1589212..1590849	acetolactate synthase large subunit [Pseudomonas putida KT2440].
NP_743559.1	PP_1400		kgtP	complement(NC_002947.4:1594103..1595422)	alpha-ketoglutarate permease [Pseudomonas putida KT2440].
NP_743562.1	PP_1403		bglX	complement(NC_002947.4:1598892..1601183)	beta-D-glucoside glucohydrolase [Pseudomonas putida KT2440].
NP_743566.1	PP_1407			complement(NC_002947.4:1604544..1606250)	sulfate transporter [Pseudomonas putida KT2440].
NP_743567.1	PP_1408			complement(NC_002947.4:1606646..1607533)	(R)-3-hydroxydecanoyl-ACP:CoA transacylase [Pseudomonas putida KT2440].
NP_743569.1	PP_1411			complement(NC_002947.4:1608783..1610264)	GGDEF domain-containing protein [Pseudomonas putida KT2440].
NP_743572.1	PP_1414		ushA	complement(NC_002947.4:1612923..1614605)	5'-nucleotidase/2',3'-cyclic phosphodiesterase [Pseudomonas putida KT2440].
NP_743577.1	PP_1419		opdH	complement(NC_002947.4:1618945..1620234)	tricarboxylate-specific outer membrane porin [Pseudomonas putida KT2440].
NP_743581.1	PP_1423			complement(NC_002947.4:1623406..1624347)	hypothetical protein PP_1423 [Pseudomonas putida KT2440].
NP_743584.1	PP_1426		nadB	complement(NC_002947.4:1625234..1626838)	L-aspartate oxidase [Pseudomonas putida KT2440].
NP_743592.1	PP_1434		era	NC_002947.4:1634746..1635654	GTPase Era [Pseudomonas putida KT2440].
NP_743594.1	PP_1436		pdxJ	NC_002947.4:1636551..1637291	pyridoxine 5'-phosphate synthase [Pseudomonas putida KT2440].
NP_743602.1	PP_1444		gcd	complement(NC_002947.4:1644945..1647356)	quinoprotein glucose dehydrogenase [Pseudomonas putida KT2440].
NP_743603.1	PP_1445		oprB-II	complement(NC_002947.4:1647387..1648721)	carbohydrate-selective porin [Pseudomonas putida KT2440].
NP_743611.1	PP_1453		nudL	NC_002947.4:1659891..1660490	NUDIX hydrolase [Pseudomonas putida KT2440].
NP_743615.1	PP_1457		purT	NC_002947.4:1661873..1663054	phosphoribosylglycinamide formyltransferase [Pseudomonas putida KT2440].
NP_743616.1	PP_1458		yhjE	complement(NC_002947.4:1663092..1664390)	metabolite transport protein YhjE [Pseudomonas putida KT2440].
NP_743625.1	PP_1467			complement(NC_002947.4:1671083..1672888)	NhaP-type Na+(K+)/H+ antiporter [Pseudomonas putida KT2440].
NP_743628.1	PP_1470		hom	NC_002947.4:1674834..1676138	homoserine dehydrogenase [Pseudomonas putida KT2440].
NP_743629.1	PP_1471		thrC	NC_002947.4:1676198..1677607	threonine synthase [Pseudomonas putida KT2440].
NP_743639.1	PP_1481		patD	complement(NC_002947.4:1685354..1686778)	medium chain aldehyde dehydrogenase [Pseudomonas putida KT2440].
NP_743640.1	PP_1482		ydcV	complement(NC_002947.4:1686796..1687602)	polyamine ABC transporter permease [Pseudomonas putida KT2440].
NP_743641.1	PP_1483		ydcU	complement(NC_002947.4:1687592..1688503)	polyamine ABC transporter permease [Pseudomonas putida KT2440].
NP_743642.1	PP_1484		ydcT	complement(NC_002947.4:1688505..1689536)	polyamine ABC transporter ATP-binding protein [Pseudomonas putida KT2440].
NP_743644.1	PP_1486		ydcS	complement(NC_002947.4:1689685..1690830)	polyamine ABC transporter, periplasmic polyamine-binding protein [Pseudomonas putida KT2440].
NP_743662.1	PP_1505		ppc	NC_002947.4:1709382..1712009	phosphoenolpyruvate carboxylase [Pseudomonas putida KT2440].
NP_743663.1	PP_1506		adk	NC_002947.4:1712267..1712917	adenylate kinase [Pseudomonas putida KT2440].
NP_743667.1	PP_1510			NC_002947.4:1715055..1715885	carboxyvinyl-carboxyphosphonate phosphorylmutase [Pseudomonas putida KT2440].
NP_743677.1	PP_1520		plsB	complement(NC_002947.4:1725677..1728163)	glycerol-3-phosphate acyltransferase [Pseudomonas putida KT2440].
NP_743682.1	PP_1525		dapE	complement(NC_002947.4:1729936..1731087)	succinyl-diaminopimelate desuccinylase [Pseudomonas putida KT2440].
NP_743687.1	PP_1530		dapD	complement(NC_002947.4:1736605..1737639)	2,3,4,5-tetrahydropyridine-2,6-dicarboxylate N-succinyltransferase [Pseudomonas putida KT2440].
NP_743744.1	PP_1587			NC_002947.4:1778341..1780041	NhaP-type Na+(K+)/H+ antiporter [Pseudomonas putida KT2440].
NP_743745.1	PP_1588		dapC	complement(NC_002947.4:1780147..1781343)	N-succinyl-L,L-diaminopimelate aminotransferase [Pseudomonas putida KT2440].
NP_743750.1	PP_1593		pyrH	NC_002947.4:1787215..1787958	uridylate kinase [Pseudomonas putida KT2440].
NP_743752.1	PP_1595		uppS	NC_002947.4:1788528..1789283	(2E,6E)-farnesyl-diphosphate specific ditrans,polycis-undecaprenyl-diphosphate synthase [Pseudomonas putida KT2440].
NP_743753.1	PP_1596		cdsA	NC_002947.4:1789283..1790098	CTP:phosphatidate cytidyltransferase [Pseudomonas putida KT2440].
NP_743754.1	PP_1597		dxr	NC_002947.4:1790071..1791285	1-deoxy-D-xylulose 5-phosphate reductoisomerase [Pseudomonas putida KT2440].
NP_743758.1	PP_1601		lpxD	NC_002947.4:1795693..1796748	UDP-3-O-acylglucosamine N-acyltransferase [Pseudomonas putida KT2440].
NP_743759.1	PP_1602		fabZ	NC_002947.4:1796812..1797303	3-hydroxyacyl-ACP dehydratase FabZ [Pseudomonas putida KT2440].
NP_743760.1	PP_1603		lpxA	NC_002947.4:1797300..1798076	acyl-ACP--UDP-N-acetylglucosamine O-acyltransferase [Pseudomonas putida KT2440].
NP_743761.1	PP_1604		lpxB	NC_002947.4:1798078..1799205	lipid-A-disaccharide synthase [Pseudomonas putida KT2440].
NP_743764.1	PP_1607		accA	NC_002947.4:1803648..1804595	acetyl-CoA carboxylase carboxyl transferase subunit alpha [Pseudomonas putida KT2440].
NP_743767.1	PP_1610		pyrG	NC_002947.4:1806318..1807946	CTP synthase [Pseudomonas putida KT2440].
NP_743769.1	PP_1612		eno	NC_002947.4:1808950..1810239	enolase [Pseudomonas putida KT2440].
NP_743771.1	PP_1614		ispD	NC_002947.4:1810686..1811393	2-C-methyl-D-erythritol 4-phosphate cytidylyltransferase [Pseudomonas putida KT2440].
NP_743773.1	PP_1616		frmA	NC_002947.4:1812522..1813637	glutathione-dependent formaldehyde dehydrogenase [Pseudomonas putida KT2440].
NP_743774.1	PP_1617		frmC	NC_002947.4:1813646..1814500	S-formylglutathione hydrolase/S-lactoylglutathione hydrolase [Pseudomonas putida KT2440].
NP_743775.1	PP_1618		ispF	NC_002947.4:1814613..1815086	2-C-methyl-D-erythritol 2,4-cyclodiphosphate synthase [Pseudomonas putida KT2440].
NP_743777.1	PP_1620		surE	NC_002947.4:1816129..1816878	5'(3')-nucleotidase and polyphosphatase [Pseudomonas putida KT2440].
NP_743783.1	PP_1626		mutS	complement(NC_002947.4:1822680..1825253)	DNA mismatch repair protein MutS [Pseudomonas putida KT2440].
NP_743791.1	PP_1634		yfiP	NC_002947.4:1831122..1831832	hypothetical protein PP_1634 [Pseudomonas putida KT2440].
NP_743793.1	PP_1636		dgkA-I	NC_002947.4:1832736..1833101	diacylglycerol kinase [Pseudomonas putida KT2440].
NP_743801.1	PP_1644			complement(NC_002947.4:1838563..1839168)	NAD(P)H dehydrogenase [Pseudomonas putida KT2440].
NP_743802.1	PP_1645		yfgD	complement(NC_002947.4:1839165..1839518)	arsenate reductase [Pseudomonas putida KT2440].
NP_743806.1	PP_1649		ldhA	complement(NC_002947.4:1840974..1842002)	D-lactate dehydrogenase [Pseudomonas putida KT2440].
NP_743811.1	PP_1654		cysM	NC_002947.4:1848560..1849459	cysteine synthase B [Pseudomonas putida KT2440].
NP_743813.1	PP_1656		relA	NC_002947.4:1850915..1853155	ATP:GTP 3'-pyrophosphotransferase [Pseudomonas putida KT2440].
NP_743814.1	PP_1657		mazG	NC_002947.4:1853279..1854112	modified nucleoside triphosphate pyrophosphohydrolase [Pseudomonas putida KT2440].
NP_743815.1	PP_1658			NC_002947.4:1854139..1854678	hypothetical protein PP_1658 [Pseudomonas putida KT2440].
NP_743821.1	PP_1664		purN	complement(NC_002947.4:1860283..1860936)	phosphoribosylglycinamide formyltransferase [Pseudomonas putida KT2440].
NP_743822.1	PP_1665		purM	complement(NC_002947.4:1860936..1861994)	phosphoribosylformylglycinamidine cyclo-ligase [Pseudomonas putida KT2440].
NP_743841.1	PP_1684			NC_002947.4:1877879..1879099	transporter [Pseudomonas putida KT2440].
NP_743843.1	PP_1686			NC_002947.4:1879208..1879816	glutathione peroxidase [Pseudomonas putida KT2440].
NP_743846.1	PP_1689			complement(NC_002947.4:1881298..1882563)	long-chain fatty acid transporter [Pseudomonas putida KT2440].
NP_743857.1	PP_1700			NC_002947.4:1894767..1896752	acyltransferase [Pseudomonas putida KT2440].
NP_743858.1	PP_1701		sugE	complement(NC_002947.4:1896756..1897073)	transporter [Pseudomonas putida KT2440].
NP_743860.2	PP_1703			NC_002947.4:1899450..1903475	assimilatory nitrate reductase/sulfite reductase [Pseudomonas putida KT2440].
NP_743862.1	PP_1705		nirB	NC_002947.4:1903746..1906298	nitrite reductase large subunit [Pseudomonas putida KT2440].
NP_743863.1	PP_1706		nirD	NC_002947.4:1906298..1906660	nitrite reductase [Pseudomonas putida KT2440].
NP_743864.1	PP_1707			complement(NC_002947.4:1906788..1907738)	D-isomer specific 2-hydroxyacid dehydrogenase family protein [Pseudomonas putida KT2440].
NP_743867.1	PP_1710			complement(NC_002947.4:1909471..1910811)	phthalate permease family MFS transporter [Pseudomonas putida KT2440].
NP_743877.1	PP_1720			NC_002947.4:1920563..1921525	alcohol dehydrogenase [Pseudomonas putida KT2440].
NP_743878.1	PP_1721			complement(NC_002947.4:1921586..1922239)	phosphoserine phosphatase [Pseudomonas putida KT2440].
NP_743880.1	PP_1723			complement(NC_002947.4:1923245..1924039)	2-aminoethylphosphonate ABC transporter permease [Pseudomonas putida KT2440].
NP_743891.1	PP_1735		htrB	NC_002947.4:1934736..1935671	lipid A biosynthesis lauroyl acyltransferase [Pseudomonas putida KT2440].
NP_743897.1	PP_1741		betX	NC_002947.4:1941459..1942322	choline/betaine/carnitine ABC transporter substrate-binding protein BetX [Pseudomonas putida KT2440].
NP_743899.1	PP_1743		actP-I	NC_002947.4:1942835..1944499	acetate permease [Pseudomonas putida KT2440].
NP_743906.1	PP_1750		asnB	complement(NC_002947.4:1949658..1951445)	asparagine synthetase [Pseudomonas putida KT2440].
NP_743908.1	PP_1752			NC_002947.4:1953677..1955170	hypothetical protein PP_1752 [Pseudomonas putida KT2440].
NP_743911.1	PP_1755		fumC-II	complement(NC_002947.4:1957669..1959063)	class 2 fumarate hydratase [Pseudomonas putida KT2440].
NP_743922.1	PP_1766		mtnA	NC_002947.4:1969630..1970706	methylthioribose-1-phosphate isomerase [Pseudomonas putida KT2440].
NP_743924.1	PP_1768		serC	NC_002947.4:1973991..1975076	phosphoserine aminotransferase [Pseudomonas putida KT2440].
NP_743925.1	PP_1769		pheA	NC_002947.4:1975069..1976172	bifunctional chorismate mutase/prephenate dehydratase [Pseudomonas putida KT2440].
NP_743926.1	PP_1770			NC_002947.4:1976337..1978577	3-phosphoshikimate 1-carboxyvinyltransferase [Pseudomonas putida KT2440].
NP_743927.1	PP_1771		cmk	NC_002947.4:1978574..1979260	cytidylate kinase [Pseudomonas putida KT2440].
NP_743928.3	PP_1772		rpsA	NC_002947.4:1979331..1981061	30S ribosomal protein S1 [Pseudomonas putida KT2440].
NP_743933.1	PP_1777		cpsG	NC_002947.4:1985382..1986743	phosphomannomutase [Pseudomonas putida KT2440].
NP_743934.1	PP_1778			NC_002947.4:1986746..1987540	lipopolysaccharide ABC transporter permease [Pseudomonas putida KT2440].
NP_743935.1	PP_1779			NC_002947.4:1987537..1988754	lipopolysaccharide ABC transporter ATP-binding protein [Pseudomonas putida KT2440].
NP_743938.1	PP_1782		rfbC	complement(NC_002947.4:1996039..1996587)	dTDP-4-dehydrorhamnose 3,5-epimerase [Pseudomonas putida KT2440].
NP_743939.1	PP_1783		rfbA	complement(NC_002947.4:1996587..1997468)	dTDP-glucose pyrophosphorylase [Pseudomonas putida KT2440].
NP_743940.1	PP_1784		rfbD	complement(NC_002947.4:1997480..1998382)	dTDP-4-dehydrorhamnose reductase [Pseudomonas putida KT2440].
NP_743941.1	PP_1785		rffG	complement(NC_002947.4:1998379..1999479)	dTDP-glucose 4,6-dehydratase [Pseudomonas putida KT2440].
NP_743947.1	PP_1791			complement(NC_002947.4:2007358..2008962)	aldolase/synthase [Pseudomonas putida KT2440].
NP_743958.1	PP_1803		wbpV	NC_002947.4:2026243..2027214	UDP-sugar epimerase [Pseudomonas putida KT2440].
NP_743961.1	PP_1806			NC_002947.4:2030374..2031327	arabinose 5-phosphate isomerase [Pseudomonas putida KT2440].
NP_743962.1	PP_1807		kdsA-II	complement(NC_002947.4:2031402..2032244)	2-dehydro-3-deoxyphosphooctonate aldolase [Pseudomonas putida KT2440].
NP_743963.1	PP_1808		pgi-I	NC_002947.4:2032520..2034184	glucose 6-phosphate isomerase [Pseudomonas putida KT2440].
NP_743970.1	PP_1815		pyrF	NC_002947.4:2040625..2041326	orotidine 5'-phosphate decarboxylase [Pseudomonas putida KT2440].
NP_743978.1	PP_1823		folEA-I	complement(NC_002947.4:2049331..2049903)	GTP cyclohydrolase I [Pseudomonas putida KT2440].
NP_743985.1	PP_1830		aroC	NC_002947.4:2054860..2055951	chorismate synthase [Pseudomonas putida KT2440].
NP_743991.2	PP_1836			complement(NC_002947.4:2059690..2060628)	ZIP family metal transporter [Pseudomonas putida KT2440].
NP_743997.1	PP_1842			NC_002947.4:2065527..2066261	class I glutamine amidotransferase [Pseudomonas putida KT2440].
NP_743998.1	PP_1843			complement(NC_002947.4:2066302..2067273)	Mg(2+)/Co(2+) transporter [Pseudomonas putida KT2440].
NP_743999.1	PP_1844		plsC	complement(NC_002947.4:2067342..2068055)	1-acyl-sn-glycerol-3-phosphate acyltransferase [Pseudomonas putida KT2440].
NP_744000.1	PP_1845			complement(NC_002947.4:2068176..2068865)	enoyl-CoA hydratase/isomerase family protein [Pseudomonas putida KT2440].
NP_744007.1	PP_1852			complement(NC_002947.4:2076409..2077158)	enoyl-ACP reductase [Pseudomonas putida KT2440].
NP_744021.1	PP_1866		aroH	complement(NC_002947.4:2088105..2089451)	phospho-2-dehydro-3-deoxyheptonate aldolase [Pseudomonas putida KT2440].
NP_744022.1	PP_1867			NC_002947.4:2089568..2090323	hypothetical protein PP_1867 [Pseudomonas putida KT2440].
NP_744027.1	PP_1872		alaA	complement(NC_002947.4:2095266..2096477)	glutamate-pyruvate aminotransferase [Pseudomonas putida KT2440].
NP_744028.1	PP_1873		msrB	NC_002947.4:2096645..2097040	peptide methionine sulfoxide reductase MsrB [Pseudomonas putida KT2440].
NP_744029.1	PP_1874		gpx	NC_002947.4:2097054..2097542	hydroperoxy fatty acid reductase Gpx1 [Pseudomonas putida KT2440].
NP_744048.1	PP_1893		fadE	complement(NC_002947.4:2134303..2136750)	medium-long chain acyl-CoA dehydrogenase [Pseudomonas putida KT2440].
NP_744055.1	PP_1900		lpxK	NC_002947.4:2143652..2144656	tetraacyldisaccharide 4'-kinase [Pseudomonas putida KT2440].
NP_744057.1	PP_1902		kdsB	NC_002947.4:2144883..2145647	3-deoxy-manno-octulosonate cytidylyltransferase [Pseudomonas putida KT2440].
NP_744058.1	PP_1903		etp	NC_002947.4:2145647..2146111	phosphotyrosine-protein phosphatase [Pseudomonas putida KT2440].
NP_744059.1	PP_1904		murB	NC_002947.4:2146072..2147127	UDP-N-acetylenolpyruvoylglucosamine reductase [Pseudomonas putida KT2440].
NP_744061.1	PP_1907			NC_002947.4:2152277..2152951	haloacid dehalogenase-like family hydrolase [Pseudomonas putida KT2440].
NP_744062.1	PP_1908			NC_002947.4:2152958..2153947	putative Peptidase [Pseudomonas putida KT2440].
NP_744066.1	PP_1912		plsX	NC_002947.4:2155559..2156569	phosphate acyltransferase [Pseudomonas putida KT2440].
NP_744067.1	PP_1913		fabD	NC_002947.4:2156697..2157635	malonyl-CoA-ACP transacylase [Pseudomonas putida KT2440].
NP_744068.1	PP_1914		fabG	NC_002947.4:2157651..2158391	3-oxoacyl-ACP reductase subunit [Pseudomonas putida KT2440].
NP_744069.1	PP_1915		acpP	NC_002947.4:2158595..2158831	acyl carrier protein [Pseudomonas putida KT2440].
NP_744070.1	PP_1916		fabF	NC_002947.4:2159019..2160263	beta-ketoacyl-ACP synthase II [Pseudomonas putida KT2440].
NP_744071.1	PP_1917		pabC	NC_002947.4:2160263..2161078	4-amino-4-deoxychorismate lyase [Pseudomonas putida KT2440].
NP_744078.1	PP_1925			complement(NC_002947.4:2172421..2173503)	monooxygenase [Pseudomonas putida KT2440].
NP_744081.1	PP_1928			complement(NC_002947.4:2174774..2175262)	arsenate reductase [Pseudomonas putida KT2440].
NP_744082.1	PP_1929		arsB-I	complement(NC_002947.4:2175259..2176542)	arsenite/antimonite transporter [Pseudomonas putida KT2440].
NP_744095.1	PP_1943		purU-III	NC_002947.4:2198241..2199101	formyltetrahydrofolate deformylase [Pseudomonas putida KT2440].
NP_744096.1	PP_1944			NC_002947.4:2199135..2200412	aminomethyltransferase [Pseudomonas putida KT2440].
NP_744097.1	PP_1945		folD-I	NC_002947.4:2200427..2201302	bifunctional methylenetetrahydrofolate dehydrogenase/methenyltetrahydrofolate cyclohydrolase [Pseudomonas putida KT2440].
NP_744098.1	PP_1946			NC_002947.4:2201355..2202143	short-chain dehydrogenase/reductase family oxidoreductase [Pseudomonas putida KT2440].
NP_744100.1	PP_1948			NC_002947.4:2203324..2204802	benzaldehyde dehydrogenase [Pseudomonas putida KT2440].
NP_744103.1	PP_1951			NC_002947.4:2207789..2208616	short-chain dehydrogenase/reductase family oxidoreductase [Pseudomonas putida KT2440].
NP_744120.1	PP_1969			NC_002947.4:2230784..2231797	molybdenum cofactor biosynthesis protein A [Pseudomonas putida KT2440].
NP_744123.1	PP_1972		tyrB	complement(NC_002947.4:2233409..2234605)	aromatic amino acid aminotransferase [Pseudomonas putida KT2440].
NP_744128.1	PP_1977		gltX	NC_002947.4:2239772..2241253	glutamate--tRNA ligase [Pseudomonas putida KT2440].
NP_744134.2	PP_1983			complement(NC_002947.4:2246302..2249598)	PAS/PAC/GAF sensor-containing diguanylate cyclase/phosphodiesterase [Pseudomonas putida KT2440].
NP_744136.1	PP_1985		leuC	NC_002947.4:2250670..2252103	3-isopropylmalate dehydratase large subunit [Pseudomonas putida KT2440].
NP_744137.1	PP_1986		leuD	NC_002947.4:2252100..2252744	3-isopropylmalate dehydratase small subunit [Pseudomonas putida KT2440].
NP_744139.1	PP_1988		leuB	NC_002947.4:2253682..2254764	3-isopropylmalate dehydrogenase [Pseudomonas putida KT2440].
NP_744140.1	PP_1989		asd	NC_002947.4:2254828..2255940	aspartate-semialdehyde dehydrogenase [Pseudomonas putida KT2440].
NP_744143.1	PP_1992		asd	NC_002947.4:2258337..2259341	aspartate-semialdehyde dehydrogenase [Pseudomonas putida KT2440].
NP_744145.1	PP_1995		trpF	NC_002947.4:2263208..2263828	N-(5'-phosphoribosyl)anthranilate isomerase [Pseudomonas putida KT2440].
NP_744146.1	PP_1996		accD	NC_002947.4:2264051..2264944	acetyl-CoA carboxylase carboxyl transferase subunit beta [Pseudomonas putida KT2440].
NP_744147.1	PP_1997		folC	NC_002947.4:2264941..2266251	bifunctional folypolyglutamate synthase/dihydrofolate synthase [Pseudomonas putida KT2440].
NP_744150.1	PP_2000		purF	NC_002947.4:2267676..2269181	amidophosphoribosyl transferase [Pseudomonas putida KT2440].
NP_744162.1	PP_2012		ppnK	NC_002947.4:2283801..2284748	inorganic polyphosphate/ATP-NAD kinase [Pseudomonas putida KT2440].
NP_744167.1	PP_2017		pepN	NC_002947.4:2287718..2290375	aminopeptidase N [Pseudomonas putida KT2440].
NP_744171.1	PP_2021		ppgL	NC_002947.4:2294325..2295455	L-alpha-hydroxyglutaric acid gamma-lactonase [Pseudomonas putida KT2440].
NP_744188.2	PP_2038			NC_002947.4:2316197..2317744	long-chain-fatty-acid--CoA ligase [Pseudomonas putida KT2440].
NP_744189.1	PP_2039			NC_002947.4:2317759..2318925	acyl-CoA dehydrogenase [Pseudomonas putida KT2440].
NP_744190.1	PP_2040			NC_002947.4:2318988..2320283	MFS transporter [Pseudomonas putida KT2440].
NP_744197.1	PP_2047			NC_002947.4:2328413..2329651	3-hydroxyacyl-CoA dehydrogenase family protein [Pseudomonas putida KT2440].
NP_744199.1	PP_2049			NC_002947.4:2331457..2332620	alcohol dehydrogenase [Pseudomonas putida KT2440].
NP_744201.1	PP_2051		fadA	NC_002947.4:2333069..2334253	3-ketoacyl-CoA thiolase [Pseudomonas putida KT2440].
NP_744202.1	PP_2052			complement(NC_002947.4:2334333..2336456)	bifunctional sugar-phosphatase/mannitol-1-phosphate 5-dehydrogenase [Pseudomonas putida KT2440].
NP_744204.1	PP_2054		ybhD	complement(NC_002947.4:2337168..2338061)	DNA-binding transcriptional regulator [Pseudomonas putida KT2440].
NP_744206.2	PP_2056		dctA-II	NC_002947.4:2339359..2340666	C4-dicarboxylate transport protein [Pseudomonas putida KT2440].
NP_744207.1	PP_2057		yraO	NC_002947.4:2340781..2342085	transporter YraO [Pseudomonas putida KT2440].
NP_744227.1	PP_2077		lysA-I	complement(NC_002947.4:2364209..2365441)	diaminopimelate decarboxylase [Pseudomonas putida KT2440].
NP_744230.2	PP_2080		gdhB	NC_002947.4:2367183..2372048	NAD-specific glutamate dehydrogenase [Pseudomonas putida KT2440].
NP_744232.1	PP_2082		ppsA	NC_002947.4:2373170..2375545	phosphoenolpyruvate synthetase [Pseudomonas putida KT2440].
NP_744234.1	PP_2084			NC_002947.4:2376844..2377335	ribonuclease activity regulator [Pseudomonas putida KT2440].
NP_744235.1	PP_2085		cmaX	NC_002947.4:2377360..2378358	protein CmaX [Pseudomonas putida KT2440].
NP_744240.1	PP_2090		cobA	complement(NC_002947.4:2381458..2382198)	uroporphyrinogen-III C-methyltransferase [Pseudomonas putida KT2440].
NP_744242.1	PP_2092		nasA	complement(NC_002947.4:2383906..2385141)	nitrate transporter [Pseudomonas putida KT2440].
NP_744244.1	PP_2094			complement(NC_002947.4:2385889..2387103)	nitrate-binding protein NasS [Pseudomonas putida KT2440].
NP_744245.1	PP_2095		pyrD	NC_002947.4:2387241..2388263	dihydroorotate dehydrogenase [Pseudomonas putida KT2440].
NP_744247.1	PP_2097			NC_002947.4:2391472..2393874	sensory box protein [Pseudomonas putida KT2440].
NP_744248.1	PP_2098		dacB	complement(NC_002947.4:2393980..2395392)	D-alanyl-D-alanine carboxypeptidase [Pseudomonas putida KT2440].
NP_744252.1	PP_2102		dgt	complement(NC_002947.4:2400557..2401888)	deoxyguanosinetriphosphate triphosphohydrolase-like protein [Pseudomonas putida KT2440].
NP_744256.1	PP_2106			NC_002947.4:2403374..2404582	ammonium transporter [Pseudomonas putida KT2440].
NP_744261.1	PP_2112		acnA-I	complement(NC_002947.4:2408706..2411447)	aconitate hydratase [Pseudomonas putida KT2440].
NP_744266.1	PP_2117		pdxB	NC_002947.4:2415325..2416467	erythronate-4-phosphate dehydrogenase [Pseudomonas putida KT2440].
NP_744268.1	PP_2119			NC_002947.4:2416966..2418729	ABC transporter permease/ATP-binding protein [Pseudomonas putida KT2440].
NP_744272.1	PP_2123		moeA	NC_002947.4:2421713..2422939	molybdenum::molybdopterin ligase [Pseudomonas putida KT2440].
NP_744274.3	PP_2125		yegS	NC_002947.4:2424390..2425319	lipid kinase [Pseudomonas putida KT2440].
NP_744279.1	PP_2130			complement(NC_002947.4:2429983..2431956)	lytic transglycosylase [Pseudomonas putida KT2440].
NP_744285.1	PP_2136		fadB	NC_002947.4:2437081..2439228	enoyl-CoA hydratase/3-hydroxyacyl-CoA dehydrogenase [Pseudomonas putida KT2440].
NP_744286.1	PP_2137		pcaF-II	NC_002947.4:2439260..2440435	beta-ketoadipyl-CoA thiolase subunit beta [Pseudomonas putida KT2440].
NP_744294.1	PP_2145		nagZ	NC_002947.4:2446612..2447622	beta-N-acetylglucosaminidase [Pseudomonas putida KT2440].
NP_744298.1	PP_2149		gapB	NC_002947.4:2455286..2456749	glyceraldehyde-3-phosphate dehydrogenase [Pseudomonas putida KT2440].
NP_744300.1	PP_2151		sthA	NC_002947.4:2458133..2459527	pyridine nucleotide transhydrogenase [Pseudomonas putida KT2440].
NP_744301.1	PP_2152		ugpQ	complement(NC_002947.4:2459576..2460292)	glycerophosphoryl diester phosphodiesterase [Pseudomonas putida KT2440].
NP_744312.1	PP_2163		vacJ	NC_002947.4:2469124..2469831	lipoprotein VacJ [Pseudomonas putida KT2440].
NP_744314.1	PP_2165			NC_002947.4:2470436..2471617	two-component system response regulator [Pseudomonas putida KT2440].
NP_744317.1	PP_2168		tal	complement(NC_002947.4:2474275..2475201)	transaldolase [Pseudomonas putida KT2440].
NP_744320.1	PP_2171			complement(NC_002947.4:2477210..2477836)	LysE family transporter [Pseudomonas putida KT2440].
NP_744324.1	PP_2175			complement(NC_002947.4:2480642..2481346)	3-oxoacyl-ACP reductase [Pseudomonas putida KT2440].
NP_744332.1	PP_2183			NC_002947.4:2488546..2489028	formate dehydrogenase subunit gamma [Pseudomonas putida KT2440].
NP_744333.1	PP_2184			NC_002947.4:2489004..2490581	formate dehydrogenase subunit beta [Pseudomonas putida KT2440].
NP_744334.1	PP_2185			NC_002947.4:2490578..2493460	formate dehydrogenase subunit alpha [Pseudomonas putida KT2440].
NP_744335.1	PP_2186			NC_002947.4:2493457..2493660	formate dehydrogenase subunit delta [Pseudomonas putida KT2440].
NP_744345.3	PP_2196		speB	NC_002947.4:2502706..2503641	agmatinase [Pseudomonas putida KT2440].
NP_744347.1	PP_2198		yliI	NC_002947.4:2504214..2505359	aldose sugar dehydrogenase [Pseudomonas putida KT2440].
NP_744354.1	PP_2205		copA-I	complement(NC_002947.4:2510006..2511730)	copper resistance protein A [Pseudomonas putida KT2440].
NP_744358.1	PP_2209		phnW	complement(NC_002947.4:2515421..2516527)	2-aminoethylphosphonate--pyruvate transaminase [Pseudomonas putida KT2440].
NP_744361.1	PP_2212			NC_002947.4:2518750..2523195	leucine-rich repeat-containing protein [Pseudomonas putida KT2440].
NP_744362.1	PP_2213			NC_002947.4:2523279..2524964	acyl-CoA synthetase [Pseudomonas putida KT2440].
NP_744363.1	PP_2214		fadBA	NC_002947.4:2524978..2525745	type II 3-hydroxyacyl-CoA dehydrogenase [Pseudomonas putida KT2440].
NP_744364.1	PP_2215			NC_002947.4:2525757..2526950	acetyl-CoA acetyltransferase [Pseudomonas putida KT2440].
NP_744365.1	PP_2216		acd	NC_002947.4:2526959..2528086	acyl-CoA dehydrogenase [Pseudomonas putida KT2440].
NP_744366.1	PP_2217			NC_002947.4:2528100..2528873	enoyl-CoA hydratase [Pseudomonas putida KT2440].
NP_744375.1	PP_2226		mrpF	complement(NC_002947.4:2533343..2533621)	K(+)/H(+) antiporter subunit F [Pseudomonas putida KT2440].
NP_744376.1	PP_2227		mrpE	complement(NC_002947.4:2533618..2534106)	K(+)/H(+) antiporter subunit E [Pseudomonas putida KT2440].
NP_744377.1	PP_2228		mrpD	complement(NC_002947.4:2534103..2535782)	K(+)/H(+) antiporter subunit D [Pseudomonas putida KT2440].
NP_744379.1	PP_2230		mrpAB	complement(NC_002947.4:2536123..2539038)	K(+)/H(+) antiporter subunit A/B [Pseudomonas putida KT2440].
NP_744382.1	PP_2233			complement(NC_002947.4:2540836..2541384)	isochorismatase family hydrolase [Pseudomonas putida KT2440].
NP_744388.1	PP_2239		rhtA	complement(NC_002947.4:2547314..2548201)	threonine/homoserine exporter [Pseudomonas putida KT2440].
NP_744414.1	PP_2265		folD-II	complement(NC_002947.4:2584640..2585494)	bifunctional methylenetetrahydrofolate dehydrogenase/methenyltetrahydrofolate cyclohydrolase [Pseudomonas putida KT2440].
NP_744436.1	PP_2287			NC_002947.4:2611062..2615771	internal core protein [Pseudomonas putida KT2440].
NP_744467.1	PP_2318		tesA	NC_002947.4:2648016..2648621	acyl-CoA thioesterase I/protease I/lysophospholipase L1 [Pseudomonas putida KT2440].
NP_744473.1	PP_2324		aroF-I	complement(NC_002947.4:2651305..2652417)	tyr-sensitive phospho-2-dehydro-3-deoxyheptonate aldolase [Pseudomonas putida KT2440].
NP_744474.1	PP_2325			NC_002947.4:2652614..2653561	2-dehydropantoate 2-reductase [Pseudomonas putida KT2440].
NP_744477.1	PP_2328		cysH	complement(NC_002947.4:2655456..2656190)	phosphoadenosine phosphosulfate reductase [Pseudomonas putida KT2440].
NP_744478.1	PP_2329		pabB	complement(NC_002947.4:2656271..2657611)	aminodeoxychorismate synthase/para-aminobenzoate synthase multi-enzyme complex [Pseudomonas putida KT2440].
NP_744483.1	PP_2334		mmgF	NC_002947.4:2661897..2662787	2-methylisocitrate lyase [Pseudomonas putida KT2440].
NP_744484.1	PP_2335		prpC	NC_002947.4:2662848..2663975	methylcitrate synthase [Pseudomonas putida KT2440].
NP_744485.1	PP_2336		acnA-II	NC_002947.4:2664138..2666726	aconitate hydratase [Pseudomonas putida KT2440].
NP_744487.1	PP_2338		prpD	NC_002947.4:2668149..2669633	2-methylcitrate dehydratase [Pseudomonas putida KT2440].
NP_744488.1	PP_2339		acnB	complement(NC_002947.4:2669708..2672317)	bifunctional aconitate hydratase 2/2-methylisocitrate dehydratase [Pseudomonas putida KT2440].
NP_744490.1	PP_2341		queD	complement(NC_002947.4:2673216..2673572)	6-carboxy-5,6,7,8-tetrahydropterin synthase [Pseudomonas putida KT2440].
NP_744500.1	PP_2351		prpE	NC_002947.4:2681435..2683324	propionyl-CoA synthetase [Pseudomonas putida KT2440].
NP_744503.1	PP_2354			complement(NC_002947.4:2685334..2687721)	two-component system sensor histidine kinase/response regulator [Pseudomonas putida KT2440].
NP_744515.1	PP_2366		fsr-II	complement(NC_002947.4:2699248..2700510)	fosmidomycin efflux system [Pseudomonas putida KT2440].
NP_744517.1	PP_2368		dkgB	complement(NC_002947.4:2701836..2702639)	2,5-diketo-D-gluconate reductase [Pseudomonas putida KT2440].
NP_744520.1	PP_2371		cysI	complement(NC_002947.4:2707556..2709208)	sulfite reductase hemoprotein subunit beta [Pseudomonas putida KT2440].
NP_744524.1	PP_2375		metH	complement(NC_002947.4:2711396..2715103)	cobalamin-dependent methionine synthase [Pseudomonas putida KT2440].
NP_744540.2	PP_2392			NC_002947.4:2729554..2730597	MFS transporter [Pseudomonas putida KT2440].
NP_744554.1	PP_2406			complement(NC_002947.4:2749641..2750489)	quinate/shikimate dehydrogenase [Pseudomonas putida KT2440].
NP_744555.1	PP_2407		aroQ-II	complement(NC_002947.4:2750486..2750935)	type II 3-dehydroquinate dehydratase [Pseudomonas putida KT2440].
NP_744570.1	PP_2422			complement(NC_002947.4:2769781..2770134)	hypothetical protein PP_2422 [Pseudomonas putida KT2440].
NP_744574.1	PP_2426		calA	NC_002947.4:2772997..2774049	coniferyl alcohol dehydrogenase [Pseudomonas putida KT2440].
NP_744576.1	PP_2428		sotB	NC_002947.4:2775654..2776880	sugar efflux transporter [Pseudomonas putida KT2440].
NP_744580.1	PP_2432		nfnB	NC_002947.4:2779461..2780114	6,7-dihydropteridine reductase [Pseudomonas putida KT2440].
NP_744588.1	PP_2440		ahpF	NC_002947.4:2787678..2789240	alkyl hydroperoxide reductase subunit F [Pseudomonas putida KT2440].
NP_744591.1	PP_2443		sstT	complement(NC_002947.4:2790336..2791547)	serine/threonine transporter SstT [Pseudomonas putida KT2440].
NP_744596.1	PP_2448		puuB	complement(NC_002947.4:2795004..2796287)	gamma-glutamylputrescine oxidase [Pseudomonas putida KT2440].
NP_744598.1	PP_2450			NC_002947.4:2797616..2798041	hypothetical protein PP_2450 [Pseudomonas putida KT2440].
NP_744601.1	PP_2453		ansB	complement(NC_002947.4:2799202..2800290)	glutaminase-asparaginase [Pseudomonas putida KT2440].
NP_744602.1	PP_2454		rbsB	NC_002947.4:2800658..2801617	ribose ABC transporter, periplasmic ribose-binding subunit [Pseudomonas putida KT2440].
NP_744603.1	PP_2455		rbsA-I	NC_002947.4:2801617..2803191	ribose ABC transporter - ATP-binding subunit [Pseudomonas putida KT2440].
NP_744604.1	PP_2456		rbsC	NC_002947.4:2803188..2804183	D-ribose ABC transporter permease [Pseudomonas putida KT2440].
NP_744606.1	PP_2458		rbsK	NC_002947.4:2805226..2806134	ribokinase [Pseudomonas putida KT2440].
NP_744607.1	PP_2459		rbsD	NC_002947.4:2806131..2806529	ribose pyranase [Pseudomonas putida KT2440].
NP_744608.1	PP_2460		Nuh	NC_002947.4:2806627..2807595	ribonucleoside hydrolase [Pseudomonas putida KT2440].
NP_744611.1	PP_2463		cspA-II	complement(NC_002947.4:2808575..2808787)	nucleic acid cold-shock chaperone [Pseudomonas putida KT2440].
NP_744625.1	PP_2477		iorA-I	NC_002947.4:2823925..2824386	isoquinoline 1-oxidoreductase subunit alpha [Pseudomonas putida KT2440].
NP_744628.1	PP_2480			NC_002947.4:2827825..2829033	xanthine dehydrogenase accessory factor [Pseudomonas putida KT2440].
NP_744634.1	PP_2486			complement(NC_002947.4:2832719..2833843)	Oye family NADH-dependent flavin oxidoreductase [Pseudomonas putida KT2440].
NP_744635.1	PP_2487		aldA	complement(NC_002947.4:2833906..2835417)	aldehyde dehydrogenase [Pseudomonas putida KT2440].
NP_744636.1	PP_2488		sad-I	complement(NC_002947.4:2835657..2837048)	NAD+-dependent succinate semialdehyde dehydrogenase [Pseudomonas putida KT2440].
NP_744638.1	PP_2490		ecd	complement(NC_002947.4:2838698..2839522)	flavoprotein [Pseudomonas putida KT2440].
NP_744651.1	PP_2503			NC_002947.4:2850209..2850940	3-oxoacyl-ACP reductase [Pseudomonas putida KT2440].
NP_744660.1	PP_2512		folEA-II	NC_002947.4:2859168..2859728	GTP cyclohydrolase I [Pseudomonas putida KT2440].
NP_744673.1	PP_2528			complement(NC_002947.4:2874605..2875882)	O-acetylhomoserine (thiol)-lyase [Pseudomonas putida KT2440].
NP_744676.1	PP_2531			complement(NC_002947.4:2876379..2877374)	5-nucleotidase [Pseudomonas putida KT2440].
NP_744678.1	PP_2533			complement(NC_002947.4:2878010..2879005)	D-isomer specific 2-hydroxyacid dehydrogenase family protein [Pseudomonas putida KT2440].
NP_744697.1	PP_2552			NC_002947.4:2897776..2899188	DOPA decarboxylase [Pseudomonas putida KT2440].
NP_744699.1	PP_2554		quiC	NC_002947.4:2900919..2902826	3-dehydroshikimate dehydratase [Pseudomonas putida KT2440].
NP_744703.1	PP_2558			complement(NC_002947.4:2906024..2907382)	outer membrane efflux protein [Pseudomonas putida KT2440].
NP_744733.2	PP_2589			NC_002947.4:2957241..2958734	aldehyde dehydrogenase family protein [Pseudomonas putida KT2440].
NP_744739.2	PP_2595			complement(NC_002947.4:2964869..2966626)	ABC transporter permease/ATP-binding protein [Pseudomonas putida KT2440].
NP_744740.1	PP_2596			complement(NC_002947.4:2966620..2968413)	ABC transporter permease/ATP-binding protein [Pseudomonas putida KT2440].
NP_744743.1	PP_2599			NC_002947.4:2969662..2972052	chemotaxis sensory transducer family protein [Pseudomonas putida KT2440].
NP_744746.1	PP_2602		ligC	NC_002947.4:2974983..2976035	4-carboxy-2-hydroxymuconate-6-semialdehyde dehydrogenase [Pseudomonas putida KT2440].
NP_744748.2	PP_2604			complement(NC_002947.4:2977029..2978354)	major facilitator family transporter [Pseudomonas putida KT2440].
NP_744752.1	PP_2608			complement(NC_002947.4:2982369..2983178)	shikimate dehydrogenase family protein [Pseudomonas putida KT2440].
NP_744781.1	PP_2637		bcsZ	NC_002947.4:3018363..3019475	cellulose synthase endo-1,4-D-glucanase subunit [Pseudomonas putida KT2440].
NP_744783.1	PP_2639		dapA-II	NC_002947.4:3023319..3024185	4-hydroxy-tetrahydrodipicolinate synthase [Pseudomonas putida KT2440].
NP_744789.1	PP_2645		mgtA	NC_002947.4:3030694..3033456	ATP-dependent magnesium transporter [Pseudomonas putida KT2440].
NP_744800.1	PP_2656		pstS	NC_002947.4:3043342..3044388	phosphate ABC transporter substrate-binding protein [Pseudomonas putida KT2440].
NP_744801.1	PP_2657		pstC	NC_002947.4:3044459..3045427	phosphate ABC transporter permease [Pseudomonas putida KT2440].
NP_744802.1	PP_2658		pstA	NC_002947.4:3045424..3046317	phosphate ABC transporter permease [Pseudomonas putida KT2440].
NP_744803.1	PP_2659		pstB-I	NC_002947.4:3046314..3047153	phosphate ABC transporter ATP-binding protein [Pseudomonas putida KT2440].
NP_744824.1	PP_2680		aldB-II	NC_002947.4:3068912..3070432	aldehyde dehydrogenase [Pseudomonas putida KT2440].
NP_744826.1	PP_2682		yiaY	NC_002947.4:3071148..3072311	Fe-containing alcohol dehydrogenase [Pseudomonas putida KT2440].
NP_744838.1	PP_2694			complement(NC_002947.4:3085123..3086565)	aldehyde dehydrogenase family protein [Pseudomonas putida KT2440].
NP_744841.2	PP_2697			complement(NC_002947.4:3088643..3089152)	flavin reductase domain-containing oxidoreductase [Pseudomonas putida KT2440].
NP_744847.2	PP_2703			NC_002947.4:3094459..3095760	MFS transporter [Pseudomonas putida KT2440].
NP_744848.1	PP_2704			NC_002947.4:3095762..3096946	M20/M25/M40 family peptidase [Pseudomonas putida KT2440].
NP_744853.1	PP_2709			NC_002947.4:3099222..3100691	long-chain fatty acid--CoA ligase [Pseudomonas putida KT2440].
NP_744867.1	PP_2723		yhdF	complement(NC_002947.4:3109323..3110180)	oxidoreductase YhdF [Pseudomonas putida KT2440].
NP_744888.1	PP_2744			complement(NC_002947.4:3126465..3127424)	ribose-phosphate pyrophosphokinase family protein [Pseudomonas putida KT2440].
NP_744908.2	PP_2764		msuE	NC_002947.4:3148063..3148767	FMN reductase [Pseudomonas putida KT2440].
NP_744918.1	PP_2774		opuA	NC_002947.4:3157982..3160078	glycine betaine ABC transporter ATP-binding protein/permease [Pseudomonas putida KT2440].
NP_744919.2	PP_2775			NC_002947.4:3160087..3161133	glycine betaine/L-proline ABC transporter substrate-binding protein [Pseudomonas putida KT2440].
NP_744920.1	PP_2776			NC_002947.4:3161130..3162053	homocysteine S-methyltransferase family protein [Pseudomonas putida KT2440].
NP_744926.1	PP_2782			NC_002947.4:3168106..3170985	class III pyridoxalphosphate dependent aminotransferase [Pseudomonas putida KT2440].
NP_744927.1	PP_2783			NC_002947.4:3170995..3171732	3-oxoacyl-ACP reductase [Pseudomonas putida KT2440].
NP_744942.1	PP_2798			complement(NC_002947.4:3188305..3189213)	oxidoreductase [Pseudomonas putida KT2440].
NP_744947.1	PP_2803		dhaT	complement(NC_002947.4:3194882..3196066)	1,3-propanediol dehydrogenase [Pseudomonas putida KT2440].
NP_744979.1	PP_2835			NC_002947.4:3236507..3237541	putative oxidoreductase [Pseudomonas putida KT2440].
NP_744987.1	PP_2843		ureA	NC_002947.4:3247745..3248047	urease subunit gamma [Pseudomonas putida KT2440].
NP_744988.1	PP_2844		ureB	NC_002947.4:3248067..3248384	urease subunit beta [Pseudomonas putida KT2440].
NP_744989.1	PP_2845		ureC	NC_002947.4:3248381..3250084	urease subunit alpha [Pseudomonas putida KT2440].
NP_745004.1	PP_2860			complement(NC_002947.4:3262122..3262688)	nicotinamide mononucleotide transporter [Pseudomonas putida KT2440].
NP_745006.1	PP_2862		uppP	NC_002947.4:3264844..3265677	undecaprenyl-diphosphatase [Pseudomonas putida KT2440].
NP_745011.1	PP_2867			complement(NC_002947.4:3268210..3269412)	pyridine nucleotide-disulphide oxidoreductase family protein [Pseudomonas putida KT2440].
NP_745016.2	PP_2872		eamA	NC_002947.4:3274243..3275127	O-acetylserine/cysteine export transporter [Pseudomonas putida KT2440].
NP_745046.1	PP_2902		lpxH	complement(NC_002947.4:3300184..3300906)	UDP-2,3-diacylglucosamine hydrolase [Pseudomonas putida KT2440].
NP_745054.1	PP_2910		lhgO	NC_002947.4:3308886..3310136	L-2-hydroxyglutarate oxidase [Pseudomonas putida KT2440].
NP_745055.1	PP_2911		gabP-III	NC_002947.4:3310287..3311678	gamma-aminobutyrate permease [Pseudomonas putida KT2440].
NP_745057.1	PP_2913		hemB	NC_002947.4:3312821..3313795	5-aminolevulinate dehydratase [Pseudomonas putida KT2440].
NP_745058.1	PP_2914		proP	NC_002947.4:3313954..3315456	osmosensory proline/betaine/H+ permease [Pseudomonas putida KT2440].
NP_745060.1	PP_2916		ribC	complement(NC_002947.4:3316168..3316797)	riboflavin synthase [Pseudomonas putida KT2440].
NP_745069.1	PP_2925		mqo-III	NC_002947.4:3325248..3326867	malate:quinone oxidoreductase [Pseudomonas putida KT2440].
NP_745070.1	PP_2926		udg	complement(NC_002947.4:3326877..3328205)	UDP-glucose 6-dehydrogenase [Pseudomonas putida KT2440].
NP_745072.1	PP_2928			complement(NC_002947.4:3329627..3330871)	saccharopine dehydrogenase [Pseudomonas putida KT2440].
NP_745073.1	PP_2929		nspC	complement(NC_002947.4:3330904..3332001)	carboxynorspermidine/carboxyspermidine decarboxylase [Pseudomonas putida KT2440].
NP_745074.1	PP_2930			complement(NC_002947.4:3332187..3333104)	L-serine dehydratase [Pseudomonas putida KT2440].
NP_745080.1	PP_2936		ybiT	complement(NC_002947.4:3339241..3340827)	ABC transporter ATP-binding protein [Pseudomonas putida KT2440].
NP_745086.1	PP_2942			complement(NC_002947.4:3345129..3346499)	two-component system response regulator [Pseudomonas putida KT2440].
NP_745092.1	PP_2948			complement(NC_002947.4:3352252..3353634)	GntR family transcriptional regulator [Pseudomonas putida KT2440].
NP_745099.1	PP_2955			complement(NC_002947.4:3358771..3359682)	CorA family magnesium/cobalt transporter [Pseudomonas putida KT2440].
NP_745123.1	PP_2979			complement(NC_002947.4:3378302..3378730)	hypothetical protein PP_2979 [Pseudomonas putida KT2440].
NP_745133.1	PP_2989			NC_002947.4:3387220..3388014	short-chain dehydrogenase/reductase family oxidoreductase [Pseudomonas putida KT2440].
NP_745142.1	PP_2998			NC_002947.4:3394500..3395447	2-dehydropantoate 2-reductase [Pseudomonas putida KT2440].
NP_745145.1	PP_3001			NC_002947.4:3396291..3397523	CAIB/BAIF family protein [Pseudomonas putida KT2440].
NP_745146.1	PP_3002			NC_002947.4:3397520..3398338	shikimate dehydrogenase-like protein [Pseudomonas putida KT2440].
NP_745147.1	PP_3003		aroQ-III	NC_002947.4:3398343..3398780	type II 3-dehydroquinate dehydratase [Pseudomonas putida KT2440].
NP_745163.1	PP_3019			complement(NC_002947.4:3406298..3407041)	carbon-nitrogen hydrolase family protein [Pseudomonas putida KT2440].
NP_745165.1	PP_3021			complement(NC_002947.4:3407929..3408543)	LysE family transporter [Pseudomonas putida KT2440].
NP_745182.1	PP_3038			NC_002947.4:3421843..3424053	TraC domain-containing protein [Pseudomonas putida KT2440].
NP_745215.1	PP_3071		aacs	complement(NC_002947.4:3453938..3455890)	acetoacetyl-CoA synthetase [Pseudomonas putida KT2440].
NP_745224.1	PP_3080		aroF-II	complement(NC_002947.4:3464733..3465794)	tyr-sensitive phospho-2-dehydro-3-deoxyheptonate aldolase [Pseudomonas putida KT2440].
NP_745234.1	PP_3090			complement(NC_002947.4:3478723..3481218)	OmpA domain-containing protein [Pseudomonas putida KT2440].
NP_745264.1	PP_3120		yeaE	complement(NC_002947.4:3531468..3532229)	methylglyoxal reductase [Pseudomonas putida KT2440].
NP_745266.1	PP_3122		atoA	NC_002947.4:3533323..3534021	acetoacetyl CoA-transferase subunit A [Pseudomonas putida KT2440].
NP_745267.1	PP_3123		atoB	NC_002947.4:3534057..3534713	acetoacetyl CoA-transferase subunit B [Pseudomonas putida KT2440].
NP_745268.1	PP_3124			NC_002947.4:3534868..3536286	short chain fatty acid transporter [Pseudomonas putida KT2440].
NP_745272.1	PP_3128			NC_002947.4:3540888..3541694	exopolysaccharide biosynthesis/transport protein [Pseudomonas putida KT2440].
NP_745273.1	PP_3129		galE	complement(NC_002947.4:3541757..3542722)	UDP-glucose 4-epimerase [Pseudomonas putida KT2440].
NP_745280.1	PP_3136			NC_002947.4:3551814..3552338	O-acetyltransferase [Pseudomonas putida KT2440].
NP_745288.1	PP_3144		tdcG-III	NC_002947.4:3560246..3561622	L-serine dehydratase [Pseudomonas putida KT2440].
NP_745295.1	PP_3151		sad-II	complement(NC_002947.4:3569479..3570864)	NAD+-dependent succinate semialdehyde dehydrogenase [Pseudomonas putida KT2440].
NP_745301.1	PP_3157			NC_002947.4:3576615..3577406	inositol monophosphatase family protein [Pseudomonas putida KT2440].
NP_745305.1	PP_3161		benA	NC_002947.4:3581930..3583288	benzoate 1,2-dioxygenase subunit alpha [Pseudomonas putida KT2440].
NP_745306.1	PP_3162		benB	NC_002947.4:3583285..3583770	benzoate 1,2-dioxygenase subunit beta [Pseudomonas putida KT2440].
NP_745307.1	PP_3163		benC	NC_002947.4:3583843..3584853	benzoate 1,2-dioxygenase electron transfer component [Pseudomonas putida KT2440].
NP_745308.1	PP_3164		benD	NC_002947.4:3584988..3585749	1,6-dihydroxycyclohexa-2,4-diene-1-carboxylate dehydrogenase [Pseudomonas putida KT2440].
NP_745309.1	PP_3165		benK	NC_002947.4:3585807..3587135	benzoate MFS transporter [Pseudomonas putida KT2440].
NP_745310.1	PP_3166		catA-II	NC_002947.4:3587165..3588079	catechol 1,2-dioxygenase [Pseudomonas putida KT2440].
NP_745312.1	PP_3168		nicP-I	NC_002947.4:3589480..3590730	porin-like protein [Pseudomonas putida KT2440].
NP_745318.1	PP_3174			complement(NC_002947.4:3597101..3598111)	oxidoreductase [Pseudomonas putida KT2440].
NP_745320.1	PP_3176			complement(NC_002947.4:3599870..3601192)	MFS transporter [Pseudomonas putida KT2440].
NP_745322.1	PP_3178		garK	NC_002947.4:3602595..3603734	glycerate kinase [Pseudomonas putida KT2440].
NP_745330.1	PP_3186			NC_002947.4:3614778..3615437	transcriptional regulator [Pseudomonas putida KT2440].
NP_745331.1	PP_3187		codB	NC_002947.4:3615666..3616931	cytosine transporter [Pseudomonas putida KT2440].
NP_745333.1	PP_3189		codA	NC_002947.4:3618150..3619391	cytosine deaminase/isoguanine deaminase [Pseudomonas putida KT2440].
NP_745334.1	PP_3190			complement(NC_002947.4:3619405..3620352)	ornithine cyclodeaminase/mu-crystallin family protein [Pseudomonas putida KT2440].
NP_745335.1	PP_3191			complement(NC_002947.4:3620349..3621401)	threonine ammonia-lyase/dehydratase [Pseudomonas putida KT2440].
NP_745338.1	PP_3194			complement(NC_002947.4:3622709..3624052)	hypothetical protein PP_3194 [Pseudomonas putida KT2440].
NP_745352.1	PP_3208			complement(NC_002947.4:3640833..3641777)	Pdr/VanB family oxidoreductase [Pseudomonas putida KT2440].
NP_745362.1	PP_3219			complement(NC_002947.4:3653532..3654632)	alkansulfonate monooxygenase [Pseudomonas putida KT2440].
NP_745367.1	PP_3224			complement(NC_002947.4:3659940..3660734)	class II aldolase/adducin domain-containing protein [Pseudomonas putida KT2440].
NP_745369.1	PP_3226			complement(NC_002947.4:3661691..3662833)	acyl-CoA dehydrogenase-related protein [Pseudomonas putida KT2440].
NP_745371.1	PP_3228			NC_002947.4:3664111..3665076	aliphatic sulfonate-binding protein [Pseudomonas putida KT2440].
NP_745375.1	PP_3232			complement(NC_002947.4:3668746..3669315)	GNAT family acetyltransferase [Pseudomonas putida KT2440].
NP_745381.1	PP_3238			complement(NC_002947.4:3673983..3674555)	transcriptional regulator PyrR [Pseudomonas putida KT2440].
NP_745387.1	PP_3244		mgtC	complement(NC_002947.4:3679136..3679849)	MgtC family magnesium transporter [Pseudomonas putida KT2440].
NP_745397.1	PP_3254			NC_002947.4:3688981..3689634	nucleosidase [Pseudomonas putida KT2440].
NP_745407.1	PP_3264		clsB	complement(NC_002947.4:3698470..3699672)	cardiolipin synthase [Pseudomonas putida KT2440].
NP_745413.1	PP_3270		paaZ	complement(NC_002947.4:3703947..3706001)	bifunctional oxepin-CoA hydrolase/3-oxo-5,6-dehydrosuberyl-CoA semialdehyde dehydrogenase [Pseudomonas putida KT2440].
NP_745414.1	PP_3271		phaK	complement(NC_002947.4:3706039..3707292)	phenylacetic acid-specific porin [Pseudomonas putida KT2440].
NP_745415.1	PP_3272		actP-III	complement(NC_002947.4:3707311..3708873)	acetate permease [Pseudomonas putida KT2440].
NP_745417.1	PP_3274		paaE	complement(NC_002947.4:3709320..3710396)	ring 1,2-phenylacetyl-CoA epoxidase reductase subunit [Pseudomonas putida KT2440].
NP_745418.1	PP_3275		paaD	complement(NC_002947.4:3710412..3710945)	1,2-phenylacetyl-CoA epoxidase subunit D [Pseudomonas putida KT2440].
NP_745419.1	PP_3276		paaC	complement(NC_002947.4:3710932..3711690)	ring 1,2-phenylacetyl-CoA epoxidase subunit beta [Pseudomonas putida KT2440].
NP_745420.1	PP_3277		paaB	complement(NC_002947.4:3711699..3711980)	ring 1,2-phenylacetyl-CoA epoxidase regulatory subunit [Pseudomonas putida KT2440].
NP_745421.1	PP_3278		paaA	complement(NC_002947.4:3712006..3712995)	ring 1,2-phenylacetyl-CoA epoxidase subunit alpha [Pseudomonas putida KT2440].
NP_745422.1	PP_3279		paaK	complement(NC_002947.4:3713194..3714513)	phenylacetate-CoA ligase [Pseudomonas putida KT2440].
NP_745423.1	PP_3280		paaJ	complement(NC_002947.4:3714635..3715855)	3-oxoadipyl-CoA/3-oxo-5,6-dehydrosuberyl-CoA thiolase [Pseudomonas putida KT2440].
NP_745426.1	PP_3283		paaG	complement(NC_002947.4:3717801..3718592)	1,2-epoxyphenylacetyl-CoA isomerase [Pseudomonas putida KT2440].
NP_745446.3	PP_3303			NC_002947.4:3738248..3739561	3-oxoacyl-ACP synthase [Pseudomonas putida KT2440].
NP_745452.1	PP_3309		paoB	NC_002947.4:3743717..3744718	aromatic aldehyde dehydrogenase FAD-binding subunit [Pseudomonas putida KT2440].
NP_745453.1	PP_3310		paoC	NC_002947.4:3744715..3746931	aromatic aldehyde dehydrogenase molybdopterin-binding subunit [Pseudomonas putida KT2440].
NP_745454.1	PP_3311		kefB-II	complement(NC_002947.4:3747015..3748760)	glutathione-regulated potassium/H+ antiporter [Pseudomonas putida KT2440].
NP_745462.1	PP_3319			NC_002947.4:3754560..3756761	GGDEF domain-containing sensory box protein [Pseudomonas putida KT2440].
NP_745465.1	PP_3322		hemBB	NC_002947.4:3757688..3758689	porphobilinogen synthase [Pseudomonas putida KT2440].
NP_745482.1	PP_3342		nikA	NC_002947.4:3779550..3781124	nickel ABC transporter substrate-binding protein [Pseudomonas putida KT2440].
NP_745483.1	PP_3343		nikB	NC_002947.4:3781126..3782067	nickel ABC transporter permease [Pseudomonas putida KT2440].
NP_745484.1	PP_3344		nikC	NC_002947.4:3782064..3782909	nickel ABC transporter permease [Pseudomonas putida KT2440].
NP_745485.1	PP_3345		nikD	NC_002947.4:3782910..3783680	nickel ABC transporter ATP-binding protein [Pseudomonas putida KT2440].
NP_745486.1	PP_3346		nikE	NC_002947.4:3783677..3784498	nickel ABC transporter ATP-binding protein [Pseudomonas putida KT2440].
NP_745488.1	PP_3348			NC_002947.4:3784806..3785951	GGDEF domain-containing protein [Pseudomonas putida KT2440].
NP_745489.1	PP_3349		mhpT	complement(NC_002947.4:3785967..3787208)	3-hydroxyphenylpropionate/3-hydroxycinnamate:H+ symporter [Pseudomonas putida KT2440].
NP_745496.2	PP_3356		fcs	complement(NC_002947.4:3794570..3796453)	feruloyl-CoA-synthetase [Pseudomonas putida KT2440].
NP_745497.1	PP_3357		vdh	complement(NC_002947.4:3796545..3797993)	vanillin dehydrogenase [Pseudomonas putida KT2440].
NP_745498.1	PP_3358			complement(NC_002947.4:3798069..3798899)	hydroxycinnamoyl-CoA hydratase-lyase [Pseudomonas putida KT2440].
NP_745503.1	PP_3363			complement(NC_002947.4:3804541..3805158)	thymidylate kinase [Pseudomonas putida KT2440].
NP_745510.1	PP_3370		yajO	NC_002947.4:3813872..3814867	2-carboxybenzaldehyde reductase [Pseudomonas putida KT2440].
NP_745516.1	PP_3376		ptxD	complement(NC_002947.4:3820918..3821880)	phosphonate dehydrogenase [Pseudomonas putida KT2440].
NP_745517.1	PP_3377		kguT	complement(NC_002947.4:3821891..3823183)	2-ketogluconate transporter, putative [Pseudomonas putida KT2440].
NP_745518.1	PP_3378		kguK	complement(NC_002947.4:3823239..3824189)	2-ketogluconokinase [Pseudomonas putida KT2440].
NP_745522.1	PP_3382			complement(NC_002947.4:3828335..3829588)	gluconate 2-dehydrogenase cytochrome c subunit [Pseudomonas putida KT2440].
NP_745523.1	PP_3383			complement(NC_002947.4:3829595..3831379)	gluconate 2-dehydrogenase flavoprotein subunit [Pseudomonas putida KT2440].
NP_745534.1	PP_3394			complement(NC_002947.4:3844704..3845633)	3-hydroxy-3-methylglutaryl-CoA lyase [Pseudomonas putida KT2440].
NP_745544.1	PP_3405			complement(NC_002947.4:3856193..3856822)	membrane protein [Pseudomonas putida KT2440].
NP_745554.1	PP_3416		gnuK	NC_002947.4:3867084..3867623	D-gluconate kinase [Pseudomonas putida KT2440].
NP_745555.1	PP_3417		gntT	NC_002947.4:3867735..3869087	D-gluconate transporter [Pseudomonas putida KT2440].
NP_745560.1	PP_3422		ltg	complement(NC_002947.4:3874314..3874907)	lytic transglycosylase [Pseudomonas putida KT2440].
NP_745571.1	PP_3433		hpd	complement(NC_002947.4:3889642..3890718)	4-hydroxyphenylpyruvate dioxygenase [Pseudomonas putida KT2440].
NP_745576.1	PP_3438			NC_002947.4:3895350..3895931	membrane protein [Pseudomonas putida KT2440].
NP_745581.1	PP_3443			NC_002947.4:3899593..3901212	glyceraldehyde-3-phosphate dehydrogenase [Pseudomonas putida KT2440].
NP_745584.1	PP_3446		ilvA-I	complement(NC_002947.4:3903150..3904742)	threonine deaminase [Pseudomonas putida KT2440].
NP_745590.1	PP_3452			NC_002947.4:3911655..3912746	GGDEF domain-containing protein [Pseudomonas putida KT2440].
NP_745592.2	PP_3454			complement(NC_002947.4:3914085..3914786)	transcriptional regulator [Pseudomonas putida KT2440].
NP_745594.1	PP_3456		mexB	NC_002947.4:3916219..3919347	multidrug resistance protein MexB [Pseudomonas putida KT2440].
NP_745595.1	PP_3457		mobA	NC_002947.4:3919409..3919984	molybdenum cofactor guanylyltransferase [Pseudomonas putida KT2440].
NP_745596.1	PP_3458		acs	complement(NC_002947.4:3920077..3921765)	butyrate--CoA ligase [Pseudomonas putida KT2440].
NP_745601.1	PP_3463		peaE	NC_002947.4:3926831..3928324	phenylacetaldehyde dehydrogenase [Pseudomonas putida KT2440].
NP_745604.1	PP_3466			complement(NC_002947.4:3931767..3933476)	ABC transporter permease/ATP-binding protein [Pseudomonas putida KT2440].
NP_745648.1	PP_3511		ilvE	NC_002947.4:3982987..3984006	branched-chain-amino acid aminotransferase [Pseudomonas putida KT2440].
NP_745652.1	PP_3515		oplA	NC_002947.4:3987483..3989567	5-oxoprolinase A [Pseudomonas putida KT2440].
NP_745670.1	PP_3533			NC_002947.4:4004035..4005087	ornithine cyclodeaminase [Pseudomonas putida KT2440].
NP_745674.1	PP_3537		pobA	complement(NC_002947.4:4009432..4010619)	p-hydroxybenzoate hydroxylase [Pseudomonas putida KT2440].
NP_745677.1	PP_3540		mvaB	NC_002947.4:4012165..4013064	hydroxymethylglutaryl-CoA lyase [Pseudomonas putida KT2440].
NP_745681.1	PP_3544			NC_002947.4:4016099..4017508	GntR family transcriptional regulator [Pseudomonas putida KT2440].
NP_745693.1	PP_3556			complement(NC_002947.4:4033384..4034703)	membrane protein [Pseudomonas putida KT2440].
NP_745696.2	PP_3559			NC_002947.4:4038202..4039050	glycine betaine ABC transporter permease [Pseudomonas putida KT2440].
NP_745707.2	PP_3570		oprB-III	NC_002947.4:4049968..4051236	carbohydrate-selective porin [Pseudomonas putida KT2440].
NP_745708.1	PP_3571			complement(NC_002947.4:4051279..4052454)	acetylornithine deacetylase [Pseudomonas putida KT2440].
NP_745715.1	PP_3578		pgm	complement(NC_002947.4:4059261..4060898)	phosphoglucomutase [Pseudomonas putida KT2440].
NP_745718.1	PP_3581			complement(NC_002947.4:4062251..4064338)	membrane protein [Pseudomonas putida KT2440].
NP_745725.1	PP_3589		sdaC	complement(NC_002947.4:4077916..4079196)	serine:H+ symport permease [Pseudomonas putida KT2440].
NP_745726.1	PP_3590		amaC	complement(NC_002947.4:4079580..4080776)	D-lysine aminotransferase [Pseudomonas putida KT2440].
NP_745727.1	PP_3591		dpkA	complement(NC_002947.4:4080939..4081937)	delta 1-piperideine-2-carboxylate reductase [Pseudomonas putida KT2440].
NP_745729.1	PP_3593			NC_002947.4:4083002..4083754	amino acid ABC transporter substrate-binding protein [Pseudomonas putida KT2440].
NP_745730.1	PP_3594			NC_002947.4:4083859..4084578	amino acid ABC transporter permease [Pseudomonas putida KT2440].
NP_745732.1	PP_3596		amaD	NC_002947.4:4085302..4086546	D-lysine oxidase [Pseudomonas putida KT2440].
NP_745733.1	PP_3597			NC_002947.4:4086569..4087351	amino acid ABC transporter ATP-binding protein [Pseudomonas putida KT2440].
NP_745736.1	PP_3600		gudP	NC_002947.4:4089950..4091314	glucarate transporter [Pseudomonas putida KT2440].
NP_745737.1	PP_3601		garD	NC_002947.4:4091392..4092945	galactarate dehydratase [Pseudomonas putida KT2440].
NP_745742.1	PP_3606		qor-II	complement(NC_002947.4:4097715..4098689)	quinone oxidoreductase [Pseudomonas putida KT2440].
NP_745758.1	PP_3622			NC_002947.4:4117311..4119566	isoquinoline 1-oxidoreductase subunit beta [Pseudomonas putida KT2440].
NP_745764.1	PP_3628			NC_002947.4:4123526..4125271	choline/carnitine/betaine transporter family protein [Pseudomonas putida KT2440].
NP_745766.1	PP_3630		opdT-II	complement(NC_002947.4:4126017..4127360)	tyrosine-specific outer membrane porin D [Pseudomonas putida KT2440].
NP_745769.1	PP_3633			NC_002947.4:4129384..4130325	ArgC-like N-acetyl-gamma-glutamyl-phosphate reductase [Pseudomonas putida KT2440].
NP_745771.1	PP_3635			complement(NC_002947.4:4131200..4131955)	sulfonate ABC transporter permease [Pseudomonas putida KT2440].
NP_745772.1	PP_3636			complement(NC_002947.4:4131955..4133160)	sulfonate ABC transporter substrate-binding protein [Pseudomonas putida KT2440].
NP_745773.1	PP_3637			complement(NC_002947.4:4133147..4133968)	sulfonate ABC transporter ATP-binding protein [Pseudomonas putida KT2440].
NP_745777.1	PP_3641			complement(NC_002947.4:4136782..4138185)	cytosine/purine/uracil/thiamine/allantoin permease family protein [Pseudomonas putida KT2440].
NP_745782.1	PP_3646			NC_002947.4:4141868..4143349	aldehyde dehydrogenase family protein [Pseudomonas putida KT2440].
NP_745786.1	PP_3650		atnUDX	NC_002947.4:4145203..4145766	NUDIX hydrolase [Pseudomonas putida KT2440].
NP_745788.1	PP_3652			complement(NC_002947.4:4148124..4148756)	LysE family transporter [Pseudomonas putida KT2440].
NP_745799.1	PP_3663			complement(NC_002947.4:4160755..4162056)	GGDEF domain-containing protein [Pseudomonas putida KT2440].
NP_745800.1	PP_3664		pssA	complement(NC_002947.4:4162133..4163461)	CDP-diacylglycerol--serine O-phosphatidyltransferase [Pseudomonas putida KT2440].
NP_745804.1	PP_3668		katG	complement(NC_002947.4:4167637..4169892)	catalase-peroxidase [Pseudomonas putida KT2440].
NP_745808.1	PP_3672			complement(NC_002947.4:4173206..4173778)	hypothetical protein PP_3672 [Pseudomonas putida KT2440].
NP_745846.1	PP_3713		catA-I	complement(NC_002947.4:4235837..4236772)	catechol 1,2-dioxygenase [Pseudomonas putida KT2440].
NP_745847.1	PP_3714		catC	complement(NC_002947.4:4236816..4237106)	muconolactone delta-isomerase [Pseudomonas putida KT2440].
NP_745848.1	PP_3715		catB	complement(NC_002947.4:4237128..4238249)	muconate cycloisomerase 1 [Pseudomonas putida KT2440].
NP_745854.1	PP_3721		aruH	complement(NC_002947.4:4243830..4245020)	arginine--pyruvate transaminase AruH [Pseudomonas putida KT2440].
NP_745855.1	PP_3722		alr	complement(NC_002947.4:4245045..4246274)	alanine racemase [Pseudomonas putida KT2440].
NP_745857.1	PP_3725			complement(NC_002947.4:4250044..4251204)	acyl-CoA dehydrogenase [Pseudomonas putida KT2440].
NP_745858.1	PP_3726			complement(NC_002947.4:4251238..4252032)	enoyl-CoA hydratase/isomerase family protein [Pseudomonas putida KT2440].
NP_745859.1	PP_3727		rocE	complement(NC_002947.4:4252272..4253678)	amino acid permease RocE [Pseudomonas putida KT2440].
NP_745868.1	PP_3736		vanA	NC_002947.4:4263708..4264775	vanillate O-demethylase oxygenase subunit [Pseudomonas putida KT2440].
NP_745869.1	PP_3737		vanB	NC_002947.4:4264788..4265738	vanillate O-demethylase oxidoreductase [Pseudomonas putida KT2440].
NP_745871.1	PP_3740			complement(NC_002947.4:4267960..4269300)	MFS transporter [Pseudomonas putida KT2440].
NP_745876.1	PP_3745		glcD	NC_002947.4:4274044..4275543	glycolate oxidase FAD-linked subunit [Pseudomonas putida KT2440].
NP_745877.1	PP_3746		glcE	NC_002947.4:4275543..4276595	glycolate oxidase FAD-binding subunit [Pseudomonas putida KT2440].
NP_745878.1	PP_3747		glcF	NC_002947.4:4276605..4277840	glycolate oxidase iron-sulfur subunit [Pseudomonas putida KT2440].
NP_745884.1	PP_3754		bktB	NC_002947.4:4283398..4284582	beta-ketothiolase BktB [Pseudomonas putida KT2440].
NP_745885.1	PP_3755		hbd	NC_002947.4:4284596..4285444	3-hydroxybutyryl-CoA dehydrogenase [Pseudomonas putida KT2440].
NP_745896.1	PP_3766		gloA	NC_002947.4:4296306..4296833	lactoylglutathione lyase [Pseudomonas putida KT2440].
NP_745898.2	PP_3768			complement(NC_002947.4:4297232..4298053)	shikimate 5-dehydrogenase [Pseudomonas putida KT2440].
NP_745911.1	PP_3781			NC_002947.4:4308595..4310010	oxygen-independent coproporphyrinogen III oxidase family protein [Pseudomonas putida KT2440].
NP_745916.1	PP_3786		aspC	NC_002947.4:4313799..4315007	aminotransferase [Pseudomonas putida KT2440].
NP_745918.1	PP_3788			NC_002947.4:4315918..4317471	non-ribosomal peptide synthetase [Pseudomonas putida KT2440].
NP_745920.1	PP_3790			NC_002947.4:4319030..4319836	diaminopimelate epimerase [Pseudomonas putida KT2440].
NP_745924.1	PP_3794		pbpG	NC_002947.4:4323709..4324635	murein D-alanyl-D-alanine endopeptidase [Pseudomonas putida KT2440].
NP_745943.1	PP_3813		ribAB-II	NC_002947.4:4338894..4340015	bifunctional 3,4-dihydroxy-2-butanone 4-phosphate synthase/GTP cyclohydrolase II [Pseudomonas putida KT2440].
NP_745947.1	PP_3817			NC_002947.4:4343121..4344269	polyamine ABC transporter ATP-binding protein [Pseudomonas putida KT2440].
NP_745949.1	PP_3819		gor	complement(NC_002947.4:4345736..4347091)	glutathione reductase [Pseudomonas putida KT2440].
NP_745951.1	PP_3821		galU	complement(NC_002947.4:4349109..4349948)	UTP-glucose-1-phosphate uridylyltransferase [Pseudomonas putida KT2440].
NP_745957.1	PP_3827		yrpB	NC_002947.4:4352875..4353960	2-nitropropane dioxygenase [Pseudomonas putida KT2440].
NP_745958.1	PP_3828		modA	NC_002947.4:4354043..4354801	molybdate-binding protein [Pseudomonas putida KT2440].
NP_745960.1	PP_3830		modC	NC_002947.4:4355483..4356574	molybdate ABC transporter ATP-binding protein ModC [Pseudomonas putida KT2440].
NP_745965.1	PP_3835			complement(NC_002947.4:4359961..4361121)	two-component system sensor histidine kinase [Pseudomonas putida KT2440].
NP_745969.1	PP_3839		adhP	NC_002947.4:4362915..4363925	alcohol dehydrogenase [Pseudomonas putida KT2440].
NP_746061.1	PP_3931		yfbS	NC_002947.4:4434874..4436703	putative transporter [Pseudomonas putida KT2440].
NP_746062.2	PP_3932			NC_002947.4:4436841..4438265	diguanylate cyclase [Pseudomonas putida KT2440].
NP_746077.1	PP_3947		nicA	NC_002947.4:4449927..4450400	nicotinate dehydrogenase subunit A [Pseudomonas putida KT2440].
NP_746081.1	PP_3951		pcaI	NC_002947.4:4457363..4458058	3-oxoadipate CoA-transferase subunit A [Pseudomonas putida KT2440].
NP_746082.1	PP_3952		pcaJ	NC_002947.4:4458067..4458708	3-oxoadipate CoA-transferase subunit A [Pseudomonas putida KT2440].
NP_746087.1	PP_3957		betT-III	complement(NC_002947.4:4463981..4465954)	choline/carnitine/betaine transporter BetTC [Pseudomonas putida KT2440].
NP_746088.1	PP_3958		nhaA-II	NC_002947.4:4466258..4467619	Na(+)/H(+) antiporter NhaA [Pseudomonas putida KT2440].
NP_746089.1	PP_3959			NC_002947.4:4467756..4469117	voltage-gated chloride channel family protein [Pseudomonas putida KT2440].
NP_746090.1	PP_3960			complement(NC_002947.4:4469219..4469824)	TetR family transcriptional regulator [Pseudomonas putida KT2440].
NP_746100.1	PP_3970		ybdR	NC_002947.4:4478650..4479852	Zn-dependent oxidoreductase [Pseudomonas putida KT2440].
NP_746122.1	PP_3992		xanP	NC_002947.4:4502372..4503751	xanthine permease [Pseudomonas putida KT2440].
NP_746127.1	PP_3997			NC_002947.4:4505227..4506228	glycosyl transferase [Pseudomonas putida KT2440].
NP_746129.1	PP_3999		cysG	complement(NC_002947.4:4507389..4508780)	multifunctional uroporphyrinogen-III C-methyltransferase/precorrin-2 dehydrogenase/sirohydrochlorin ferrochelatase [Pseudomonas putida KT2440].
NP_746141.1	PP_4011		icd	complement(NC_002947.4:4520481..4521737)	NADP(+)-specific isocitrate dehydrogenase [Pseudomonas putida KT2440].
NP_746142.1	PP_4012		idh	NC_002947.4:4522152..4524377	isocitrate dehydrogenase [Pseudomonas putida KT2440].
NP_746143.1	PP_4013			NC_002947.4:4524570..4525010	MutT/nudix family protein [Pseudomonas putida KT2440].
NP_746146.1	PP_4016		purB	NC_002947.4:4526955..4528325	adenylosuccinate lyase [Pseudomonas putida KT2440].
NP_746157.1	PP_4029		nudC	complement(NC_002947.4:4539454..4540284)	NADH pyrophosphatase [Pseudomonas putida KT2440].
NP_746159.1	PP_4031		nhaB	NC_002947.4:4541284..4542786	Na(+)/H(+) antiporter NhaB [Pseudomonas putida KT2440].
NP_746163.1	PP_4035		pydP	complement(NC_002947.4:4545855..4547345)	NCS1 family transporter PydP [Pseudomonas putida KT2440].
NP_746164.1	PP_4037		pydX	NC_002947.4:4549264..4550631	NADP-dependent dihydropyrimidine dehydrogenase subunit [Pseudomonas putida KT2440].
NP_746165.1	PP_4038		pydA	NC_002947.4:4550632..4551906	NADP-dependent dihydropyrimidine dehydrogenase subunit PreA [Pseudomonas putida KT2440].
NP_746168.1	PP_4042		zwfB	complement(NC_002947.4:4554991..4556496)	glucose 6-phosphate 1-dehydrogenase [Pseudomonas putida KT2440].
NP_746169.1	PP_4043		gntZ	complement(NC_002947.4:4556493..4557476)	6-phosphogluconate dehydrogenase [Pseudomonas putida KT2440].
NP_746176.1	PP_4050		glgA	NC_002947.4:4564758..4566317	glycogen synthase [Pseudomonas putida KT2440].
NP_746177.1	PP_4051		treZ	NC_002947.4:4566332..4568074	malto-oligosyltrehalose trehalohydrolase [Pseudomonas putida KT2440].
NP_746178.1	PP_4052		malQ	NC_002947.4:4568071..4570140	4-alpha-glucanotransferase [Pseudomonas putida KT2440].
NP_746179.1	PP_4053		treY	NC_002947.4:4570137..4572911	maltooligosyl trehalose synthase [Pseudomonas putida KT2440].
NP_746181.1	PP_4055		glgX	NC_002947.4:4573329..4575482	glycogen debranching enzyme [Pseudomonas putida KT2440].
NP_746184.1	PP_4058		glgB	complement(NC_002947.4:4577900..4580110)	1,4-alpha-glucan branching enzyme [Pseudomonas putida KT2440].
NP_746185.1	PP_4059		treSB	complement(NC_002947.4:4580107..4583427)	bifunctional trehalose synthase B/maltokinase [Pseudomonas putida KT2440].
NP_746186.1	PP_4060		glgE	complement(NC_002947.4:4583598..4585583)	alpha-1,4-glucan:maltose-1-phosphate maltosyltransferase [Pseudomonas putida KT2440].
NP_746217.1	PP_4097		pgsA	complement(NC_002947.4:4632693..4633253)	CDP-diacylglycerol-glycerol-3-phosphate 3-phosphatidyltransferase [Pseudomonas putida KT2440].
NP_746226.1	PP_4106		gabP-IV	complement(NC_002947.4:4640420..4641802)	gamma-aminobutyrate permease [Pseudomonas putida KT2440].
NP_746228.1	PP_4108			NC_002947.4:4643134..4644384	4-aminobutyrate aminotransferase [Pseudomonas putida KT2440].
NP_746235.1	PP_4116		aceA	NC_002947.4:4653523..4654848	isocitrate lyase [Pseudomonas putida KT2440].
NP_746238.1	PP_4119		nuoA	NC_002947.4:4656185..4656598	NADH-quinone oxidoreductase subunit A [Pseudomonas putida KT2440].
NP_746239.1	PP_4120		nuoB	NC_002947.4:4656608..4657285	NADH-quinone oxidoreductase subunit B [Pseudomonas putida KT2440].
NP_746240.1	PP_4121		nuoC	NC_002947.4:4657365..4659146	NADH-quinone oxidoreductase subunit C/D [Pseudomonas putida KT2440].
NP_746241.1	PP_4122		nuoE	NC_002947.4:4659149..4659646	NADH-quinone oxidoreductasesubunit E [Pseudomonas putida KT2440].
NP_746242.1	PP_4123		nuoF	NC_002947.4:4659643..4661004	NADH-quinone oxidoreductase subunit F [Pseudomonas putida KT2440].
NP_746243.1	PP_4124		nuoG	NC_002947.4:4661137..4663851	NADH-quinone oxidoreductase subunit G [Pseudomonas putida KT2440].
NP_746244.1	PP_4125		nuoH	NC_002947.4:4663848..4664855	NADH-quinone oxidoreductase subunit H [Pseudomonas putida KT2440].
NP_746245.1	PP_4126		nuoI	NC_002947.4:4664867..4665415	NADH-quinone oxidoreductase subunit I [Pseudomonas putida KT2440].
NP_746246.1	PP_4127		nuoJ	NC_002947.4:4665426..4665926	NADH-quinone oxidoreductase subunit J [Pseudomonas putida KT2440].
NP_746247.1	PP_4128		nuoK	NC_002947.4:4665930..4666238	NADH-quinone oxidoreductase subunit K [Pseudomonas putida KT2440].
NP_746248.1	PP_4129		nuoL	NC_002947.4:4666235..4668088	NADH-quinone oxidoreductase subunit L [Pseudomonas putida KT2440].
NP_746249.1	PP_4130		nuoM	NC_002947.4:4668129..4669661	NADH-quinone oxidoreductase subunit M [Pseudomonas putida KT2440].
NP_746250.1	PP_4131		nuoN	NC_002947.4:4669669..4671138	NADH-quinone oxidoreductase subunit N [Pseudomonas putida KT2440].
NP_746257.1	PP_4138		chrR	complement(NC_002947.4:4675405..4675965)	chromate reductase [Pseudomonas putida KT2440].
NP_746262.1	PP_4144		gloB	NC_002947.4:4680831..4681610	hydroxyacylglutathione hydrolase [Pseudomonas putida KT2440].
NP_746263.1	PP_4145		mltD	NC_002947.4:4681711..4683141	membrane-bound lytic murein transglycosylase D [Pseudomonas putida KT2440].
NP_746277.1	PP_4159		kdpC	complement(NC_002947.4:4700837..4701394)	potassium-transporting ATPase subunit C [Pseudomonas putida KT2440].
NP_746278.1	PP_4161		kdpA	complement(NC_002947.4:4703469..4705163)	potassium-transporting ATPase subunit A [Pseudomonas putida KT2440].
NP_746286.1	PP_4169		gpsA	complement(NC_002947.4:4710516..4711541)	glycerol-3-phosphate dehydrogenase [Pseudomonas putida KT2440].
NP_746288.1	PP_4171			NC_002947.4:4711769..4713883	hypothetical protein PP_4171 [Pseudomonas putida KT2440].
NP_746291.1	PP_4174		fabA	NC_002947.4:4716909..4717424	3R-3-hydroxydecanoyl-ACP dehydratase [Pseudomonas putida KT2440].
NP_746292.1	PP_4175		fabB	NC_002947.4:4717436..4718656	3-oxoacyl-ACP synthase [Pseudomonas putida KT2440].
NP_746301.1	PP_4184		brnQ	complement(NC_002947.4:4726068..4727381)	branched-chain amino acid transporter [Pseudomonas putida KT2440].
NP_746302.1	PP_4185		sucD	complement(NC_002947.4:4727785..4728669)	succinyl-CoA synthetase subunit alpha [Pseudomonas putida KT2440].
NP_746303.1	PP_4186		sucC	complement(NC_002947.4:4728669..4729835)	bifunctional succinyl-CoA synthetase subunit beta/glutaryl-CoA synthetase subunit beta [Pseudomonas putida KT2440].
NP_746304.1	PP_4187		lpdG	complement(NC_002947.4:4730007..4731443)	dihydrolipoyl dehydrogenase [Pseudomonas putida KT2440].
NP_746305.1	PP_4188		sucB	complement(NC_002947.4:4731537..4732760)	2-oxoglutarate dehydrogenase dihydrolipoyltranssuccinylase subunit [Pseudomonas putida KT2440].
NP_746306.1	PP_4189		sucA	complement(NC_002947.4:4732803..4735634)	2-oxoglutarate decarboxylase E1 component [Pseudomonas putida KT2440].
NP_746307.1	PP_4190		sdhB	complement(NC_002947.4:4735881..4736585)	succinate dehydrogenase iron-sulfur subunit [Pseudomonas putida KT2440].
NP_746308.1	PP_4191		sdhA	complement(NC_002947.4:4736597..4738369)	succinate dehydrogenase flavoprotein subunit [Pseudomonas putida KT2440].
NP_746309.1	PP_4192		sdhD	complement(NC_002947.4:4738373..4738741)	succinate dehydrogenase hydrophobic membrane anchor subunit [Pseudomonas putida KT2440].
NP_746310.1	PP_4193		sdhC	complement(NC_002947.4:4738735..4739121)	succinate dehydrogenase membrane b-556 subunit [Pseudomonas putida KT2440].
NP_746311.1	PP_4194		gltA	NC_002947.4:4739474..4740763	citrate synthase [Pseudomonas putida KT2440].
NP_746314.1	PP_4197			complement(NC_002947.4:4742399..4743991)	GntR family transcriptional regulator [Pseudomonas putida KT2440].
NP_746315.1	PP_4198			complement(NC_002947.4:4744013..4744825)	OmpA family protein [Pseudomonas putida KT2440].
NP_746331.1	PP_4214		pvdN	NC_002947.4:4761342..4762628	pyoverdine biosynthesis-like protein [Pseudomonas putida KT2440].
NP_746333.1	PP_4216		pvdE	NC_002947.4:4763603..4765261	pyoverdine ABC transporter ATP-binding protein/permease [Pseudomonas putida KT2440].
NP_746335.1	PP_4218			complement(NC_002947.4:4767855..4768811)	lipase/esterase family protein [Pseudomonas putida KT2440].
NP_746347.1	PP_4230			complement(NC_002947.4:4801779..4802345)	hypothetical protein PP_4230 [Pseudomonas putida KT2440].
NP_746350.1	PP_4233			complement(NC_002947.4:4804531..4805067)	oxidoreductase small subunit [Pseudomonas putida KT2440].
NP_746366.1	PP_4250		ccoN-I	NC_002947.4:4835994..4837418	cbb3-type cytochrome c oxidase subunit 1 [Pseudomonas putida KT2440].
NP_746367.1	PP_4251		ccoO-I	NC_002947.4:4837432..4838040	cbb3-type cytochrome c oxidase subunit [Pseudomonas putida KT2440].
NP_746368.1	PP_4252		ccoQ-I	NC_002947.4:4838046..4838240	cbb3-type cytochrome c oxidase subunit [Pseudomonas putida KT2440].
NP_746369.1	PP_4253		ccoP-I	NC_002947.4:4838237..4839178	cbb3-type cytochrome c oxidase subunit [Pseudomonas putida KT2440].
NP_746371.1	PP_4255		ccoN-II	NC_002947.4:4839635..4841077	cbb3-type cytochrome c oxidase subunit 1 [Pseudomonas putida KT2440].
NP_746372.1	PP_4256		ccoO-II	NC_002947.4:4841077..4841685	cbb3-type cytochrome c oxidase subunit [Pseudomonas putida KT2440].
NP_746373.1	PP_4257		ccoQ-II	NC_002947.4:4841691..4841882	cbb3-type cytochrome c oxidase subunit [Pseudomonas putida KT2440].
NP_746374.1	PP_4258		ccoP-II	NC_002947.4:4841879..4842856	cbb3-type cytochrome c oxidase subunit [Pseudomonas putida KT2440].
NP_746377.2	PP_4261			NC_002947.4:4845251..4847725	cation-transporting P-type ATPase [Pseudomonas putida KT2440].
NP_746380.1	PP_4264		hemN	NC_002947.4:4848701..4850083	oxygen-independent coproporphyrinogen III dehydrogenase [Pseudomonas putida KT2440].
NP_746382.1	PP_4266		apt	NC_002947.4:4851060..4851608	adenine phosphoribosyltransferase [Pseudomonas putida KT2440].
NP_746390.1	PP_4274		ligA	complement(NC_002947.4:4858719..4861049)	DNA ligase [Pseudomonas putida KT2440].
NP_746394.1	PP_4278		xdhA	NC_002947.4:4866804..4868258	xanthine dehydrogenase subunit XdhA [Pseudomonas putida KT2440].
NP_746395.1	PP_4279		xdhB	NC_002947.4:4868251..4870650	xanthine dehydrogenase subunit XdhB [Pseudomonas putida KT2440].
NP_746397.1	PP_4281		guaD	NC_002947.4:4871626..4872930	guanine deaminase [Pseudomonas putida KT2440].
NP_746398.1	PP_4282		aqpZ	complement(NC_002947.4:4872927..4873619)	aquaporin Z [Pseudomonas putida KT2440].
NP_746400.1	PP_4284			NC_002947.4:4874813..4876162	transporter [Pseudomonas putida KT2440].
NP_746401.1	PP_4285		pucM	complement(NC_002947.4:4876599..4876952)	5-hydroxyisourate hydrolase [Pseudomonas putida KT2440].
NP_746402.1	PP_4286		puuE	NC_002947.4:4877352..4878278	allantoinase [Pseudomonas putida KT2440].
NP_746403.1	PP_4287		pucL	NC_002947.4:4878278..4878793	2-oxo-4-hydroxy-4-carboxy-5-ureidoimidazoline decarboxylase [Pseudomonas putida KT2440].
NP_746404.1	PP_4288		allA	NC_002947.4:4878843..4879346	ureidoglycolate lyase [Pseudomonas putida KT2440].
NP_746406.1	PP_4290		uacT	NC_002947.4:4880918..4882273	uric acid permease [Pseudomonas putida KT2440].
NP_746407.1	PP_4291			NC_002947.4:4882413..4883198	hypothetical protein PP_4291 [Pseudomonas putida KT2440].
NP_746409.1	PP_4293			NC_002947.4:4883552..4884334	hypothetical protein PP_4293 [Pseudomonas putida KT2440].
NP_746413.1	PP_4297		gcl	NC_002947.4:4886942..4888717	glyoxylate carboligase [Pseudomonas putida KT2440].
NP_746414.1	PP_4298		hyi	NC_002947.4:4888772..4889554	hydroxypyruvate isomerase [Pseudomonas putida KT2440].
NP_746415.1	PP_4299		glxR	NC_002947.4:4889707..4890600	tartronate semialdehyde reductase [Pseudomonas putida KT2440].
NP_746416.1	PP_4300		ttuD	NC_002947.4:4890839..4892113	hydroxypyruvate reductase [Pseudomonas putida KT2440].
NP_746417.1	PP_4301		pyk	NC_002947.4:4892110..4893525	pyruvate kinase [Pseudomonas putida KT2440].
NP_746420.1	PP_4304			NC_002947.4:4895546..4896367	VIC family cation transporter [Pseudomonas putida KT2440].
NP_746421.1	PP_4305		sbp-I	NC_002947.4:4896575..4897573	sulfate ABC transporter substrate-binding protein [Pseudomonas putida KT2440].
NP_746425.1	PP_4309			NC_002947.4:4900537..4902069	NCS1 family transporter [Pseudomonas putida KT2440].
NP_746427.1	PP_4311			complement(NC_002947.4:4902933..4904126)	D-amino acid dehydrogenase small subunit [Pseudomonas putida KT2440].
NP_746432.1	PP_4316			complement(NC_002947.4:4906850..4907788)	D-isomer specific 2-hydroxyacid dehydrogenase family protein [Pseudomonas putida KT2440].
NP_746461.1	PP_4346		ddlA	complement(NC_002947.4:4937694..4938752)	D-alanine--D-alanine ligase A [Pseudomonas putida KT2440].
NP_746463.1	PP_4348			NC_002947.4:4940549..4941643	cystathionine beta-lyase [Pseudomonas putida KT2440].
NP_746480.3	PP_4366		fliI	complement(NC_002947.4:4955381..4956754)	flagellum-specific ATP synthase [Pseudomonas putida KT2440].
NP_746493.1	PP_4379			complement(NC_002947.4:4970636..4971565)	beta-ketoacyl-ACP synthase I [Pseudomonas putida KT2440].
NP_746513.1	PP_4399			complement(NC_002947.4:4989890..4991131)	glutamine synthetase [Pseudomonas putida KT2440].
NP_746515.1	PP_4401		bkdAA	NC_002947.4:4992044..4993276	branched-chain alpha-keto acid dehydrogenase complex subunit alpha [Pseudomonas putida KT2440].
NP_746516.1	PP_4402		bkdAB	NC_002947.4:4993317..4994336	branched-chain alpha-keto acid dehydrogenase complex subunit beta [Pseudomonas putida KT2440].
NP_746517.1	PP_4403		bkdB	NC_002947.4:4994337..4995608	branched-chain alpha-keto acid dehydrogenase complex lipoamide acyltransferase [Pseudomonas putida KT2440].
NP_746518.1	PP_4404		lpdV	NC_002947.4:4995611..4996990	branched-chain alpha-keto acid dehydrogenase complex dihydrolipoyl dehydrogenase [Pseudomonas putida KT2440].
NP_746521.1	PP_4407			NC_002947.4:4999148..5000530	gamma-aminobutyrate transporter [Pseudomonas putida KT2440].
NP_746535.1	PP_4422		gabD-II	complement(NC_002947.4:5017384..5018856)	succinate-semialdehyde dehydrogenase [Pseudomonas putida KT2440].
NP_746538.1	PP_4425			complement(NC_002947.4:5020832..5021599)	amino acid ABC transporter ATP-binding protein [Pseudomonas putida KT2440].
NP_746540.1	PP_4427			complement(NC_002947.4:5022354..5023010)	amino acid ABC transporter permease [Pseudomonas putida KT2440].
NP_746542.1	PP_4429			NC_002947.4:5024179..5025579	GntR family transcriptional regulator [Pseudomonas putida KT2440].
NP_746543.1	PP_4430			NC_002947.4:5025687..5026679	threonine dehydratase [Pseudomonas putida KT2440].
NP_746544.1	PP_4431		ocd	NC_002947.4:5026691..5027683	ornithine cyclodeaminase [Pseudomonas putida KT2440].
NP_746546.1	PP_4433			NC_002947.4:5029362..5030714	amino acid MFS transporter [Pseudomonas putida KT2440].
NP_746547.1	PP_4434		dadA-I	NC_002947.4:5031209..5032507	D-amino acid dehydrogenase small subunit [Pseudomonas putida KT2440].
NP_746564.1	PP_4453		gsiA	complement(NC_002947.4:5052618..5054450)	glutathione ABC transporter ATP-binding protein [Pseudomonas putida KT2440].
NP_746565.1	PP_4454			complement(NC_002947.4:5054516..5055388)	opine ABC transporter permease [Pseudomonas putida KT2440].
NP_746566.1	PP_4455		gsiC	complement(NC_002947.4:5055385..5056326)	glutathione ABC transporter permease [Pseudomonas putida KT2440].
NP_746567.1	PP_4456		ooxA	complement(NC_002947.4:5056457..5057851)	opine oxidase subunit A [Pseudomonas putida KT2440].
NP_746569.1	PP_4458			complement(NC_002947.4:5059253..5060833)	opine ABC transporter substrate-binding protein [Pseudomonas putida KT2440].
NP_746572.1	PP_4461			complement(NC_002947.4:5063704..5064996)	MFS transporter [Pseudomonas putida KT2440].
NP_746577.1	PP_4466			complement(NC_002947.4:5070014..5070886)	TauD/TfdA family dioxygenase [Pseudomonas putida KT2440].
NP_746582.1	PP_4471		mgtE	complement(NC_002947.4:5077313..5078755)	magnesium transporter [Pseudomonas putida KT2440].
NP_746584.1	PP_4473		lysC	complement(NC_002947.4:5080303..5081538)	aspartokinase [Pseudomonas putida KT2440].
NP_746586.1	PP_4475		astE	complement(NC_002947.4:5084650..5085657)	succinylglutamate desuccinylase [Pseudomonas putida KT2440].
NP_746588.1	PP_4477		astB	complement(NC_002947.4:5085973..5087322)	N-succinylarginine dihydrolase [Pseudomonas putida KT2440].
NP_746589.1	PP_4478		astD	complement(NC_002947.4:5087346..5088809)	N-succinylglutamate 5-semialdehyde dehydrogenase [Pseudomonas putida KT2440].
NP_746590.1	PP_4479		astA-I	complement(NC_002947.4:5088810..5089838)	arginine N-succinyltransferase subunit beta [Pseudomonas putida KT2440].
NP_746591.1	PP_4480		astA-II	complement(NC_002947.4:5089917..5090936)	arginine N-succinyltransferase subunit alpha [Pseudomonas putida KT2440].
NP_746592.1	PP_4481		astC	complement(NC_002947.4:5091084..5092304)	succinylornithine transaminase/acetylornithine aminotransferase [Pseudomonas putida KT2440].
NP_746594.1	PP_4483		hisP	complement(NC_002947.4:5093720..5094484)	histidine lysine/arginine/ornithine ABC transporter ATP binding protein [Pseudomonas putida KT2440].
NP_746595.1	PP_4484		hisM	complement(NC_002947.4:5094507..5095205)	histidine/lysine/arginine/ornithine ABC transporter permease [Pseudomonas putida KT2440].
NP_746596.1	PP_4485		hisQ	complement(NC_002947.4:5095202..5095891)	histidine/lysine/arginine/ornithine ABC transporter permease [Pseudomonas putida KT2440].
NP_746597.1	PP_4486		argT	complement(NC_002947.4:5095980..5096765)	lysine/arginine/ornithine ABC transporter substrate-binding protein [Pseudomonas putida KT2440].
NP_746598.2	PP_4487		acsA-I	complement(NC_002947.4:5097301..5099391)	acetyl-CoA synthetase [Pseudomonas putida KT2440].
NP_746601.1	PP_4490		phhA	NC_002947.4:5101884..5102672	phenylalanine-4-hydroxylase [Pseudomonas putida KT2440].
NP_746602.1	PP_4491		phhB	NC_002947.4:5102712..5103068	pterin-4-alpha-carbinolamine dehydratase [Pseudomonas putida KT2440].
NP_746603.1	PP_4492		yhhS	NC_002947.4:5103775..5104977	carbohydrate efflux transporter [Pseudomonas putida KT2440].
NP_746604.1	PP_4493		ydiJ	complement(NC_002947.4:5105091..5108111)	putative oxidoreductase [Pseudomonas putida KT2440].
NP_746606.1	PP_4495		aroP-II	complement(NC_002947.4:5109287..5110705)	aromatic amino acid transport protein [Pseudomonas putida KT2440].
NP_746617.1	PP_4507		trkH-II	NC_002947.4:5120358..5121812	potassium transporter [Pseudomonas putida KT2440].
NP_746620.1	PP_4510			complement(NC_002947.4:5123334..5124131)	hypothetical protein PP_4510 [Pseudomonas putida KT2440].
NP_746626.1	PP_4516		recQ	complement(NC_002947.4:5129256..5131403)	ATP-dependent DNA 3'-5' helicase [Pseudomonas putida KT2440].
NP_746633.1	PP_4523			NC_002947.4:5137814..5138776	agmatinase [Pseudomonas putida KT2440].
NP_746634.1	PP_4524			NC_002947.4:5138909..5140288	sodium-solute symporter [Pseudomonas putida KT2440].
NP_746654.1	PP_4545			complement(NC_002947.4:5162678..5163850)	beta-ketodecanoyl-ACP synthase [Pseudomonas putida KT2440].
NP_746658.1	PP_4549		fadD-I	complement(NC_002947.4:5171262..5172959)	long-chain-fatty acid--CoA ligase [Pseudomonas putida KT2440].
NP_746659.1	PP_4550		fadD-II	complement(NC_002947.4:5173291..5174979)	long-chain-fatty acid--CoA ligase [Pseudomonas putida KT2440].
NP_746674.1	PP_4565		aceK	complement(NC_002947.4:5184744..5186459)	isocitrate dehydrogenase kinase/phosphatase [Pseudomonas putida KT2440].
NP_746680.1	PP_4571		cysK	complement(NC_002947.4:5190439..5191413)	cysteine synthase A [Pseudomonas putida KT2440].
NP_746687.1	PP_4578			complement(NC_002947.4:5197297..5198583)	MFS transporter [Pseudomonas putida KT2440].
NP_746698.1	PP_4589			complement(NC_002947.4:5207776..5208708)	D-isomer specific 2-hydroxyacid dehydrogenase family protein [Pseudomonas putida KT2440].
NP_746701.1	PP_4592			complement(NC_002947.4:5210312..5211949)	metal dependent hydrolase [Pseudomonas putida KT2440].
NP_746703.1	PP_4594			complement(NC_002947.4:5212530..5213711)	cystathionine gamma-synthase [Pseudomonas putida KT2440].
NP_746709.1	PP_4600		moaB-II	complement(NC_002947.4:5220215..5220733)	molybdenum cofactor biosynthesis protein B [Pseudomonas putida KT2440].
NP_746726.1	PP_4617		ldh	complement(NC_002947.4:5239295..5240314)	leucine dehydrogenase [Pseudomonas putida KT2440].
NP_746728.1	PP_4619		hmgC	complement(NC_002947.4:5241239..5241871)	maleylacetoacetate isomerase [Pseudomonas putida KT2440].
NP_746729.1	PP_4620		hmgB	complement(NC_002947.4:5241884..5243176)	fumarylacetoacetase [Pseudomonas putida KT2440].
NP_746730.1	PP_4621		hmgA	complement(NC_002947.4:5243180..5244481)	homogentisate 1,2-dioxygenase [Pseudomonas putida KT2440].
NP_746737.1	PP_4628			complement(NC_002947.4:5252061..5252516)	hypothetical protein PP_4628 [Pseudomonas putida KT2440].
NP_746741.1	PP_4632		folM	NC_002947.4:5255471..5256208	bifunctional dihydrofolate reductase/dihydromonapterin reductase [Pseudomonas putida KT2440].
NP_746745.1	PP_4636		yqeF	NC_002947.4:5259459..5260637	acetyl-CoA acetyltransferase [Pseudomonas putida KT2440].
NP_746746.1	PP_4637			complement(NC_002947.4:5260776..5261600)	5-methyltetrahydropteroyltriglutamate-homocysteine S-methyltransferase family protein [Pseudomonas putida KT2440].
NP_746747.1	PP_4638			NC_002947.4:5261828..5263315	methylenetetrahydrofolate reductase [Pseudomonas putida KT2440].
NP_746759.1	PP_4650		cioB	complement(NC_002947.4:5274249..5275256)	cyanide insensitive ubiquinol oxidase subunit II [Pseudomonas putida KT2440].
NP_746760.1	PP_4651		cioA	complement(NC_002947.4:5275260..5276696)	cyanide insensitive ubiquinol oxidase subunit I [Pseudomonas putida KT2440].
NP_746762.1	PP_4653		purP	NC_002947.4:5278490..5279785	adenine:H+ symporter [Pseudomonas putida KT2440].
NP_746764.1	PP_4655		pcaG	complement(NC_002947.4:5281005..5281610)	protocatechuate 3,4-dioxygenase subunit alpha [Pseudomonas putida KT2440].
NP_746765.1	PP_4656		pcaH	complement(NC_002947.4:5281621..5282340)	protocatechuate 3,4-dioxygenase subunit beta [Pseudomonas putida KT2440].
NP_746768.1	PP_4659		ggt	complement(NC_002947.4:5285638..5287305)	gamma-glutamyltranspeptidase [Pseudomonas putida KT2440].
NP_746770.1	PP_4661		mdaB	complement(NC_002947.4:5288503..5289174)	drug activity modulator B [Pseudomonas putida KT2440].
NP_746775.1	PP_4666		mmsB	complement(NC_002947.4:5291962..5292849)	3-hydroxyisobutyrate dehydrogenase [Pseudomonas putida KT2440].
NP_746776.1	PP_4667		mmsA-II	complement(NC_002947.4:5292860..5294386)	methylmalonate-semialdehyde dehydrogenase [Pseudomonas putida KT2440].
NP_746779.1	PP_4670		TpbB	complement(NC_002947.4:5296091..5297362)	diguanylate cyclase [Pseudomonas putida KT2440].
NP_746786.1	PP_4677			complement(NC_002947.4:5315081..5315932)	CDP-diacylglycerol--serine O-phosphatidyltransferase [Pseudomonas putida KT2440].
NP_746787.1	PP_4678		ilvC	complement(NC_002947.4:5316083..5317099)	ketol-acid reductoisomerase [Pseudomonas putida KT2440].
NP_746788.1	PP_4679		ilvH	complement(NC_002947.4:5317156..5317647)	acetohydroxybutanoate synthase/acetolactate synthase [Pseudomonas putida KT2440].
NP_746789.1	PP_4680		ilvI	complement(NC_002947.4:5317649..5319373)	acetohydroxybutanoate synthase/acetolactate synthase [Pseudomonas putida KT2440].
NP_746792.1	PP_4683		mrcB	complement(NC_002947.4:5320930..5323251)	transglycosylase/transpeptidase [Pseudomonas putida KT2440].
NP_746801.1	PP_4692			complement(NC_002947.4:5330388..5331560)	aspartate/tyrosine/aromatic aminotransferase [Pseudomonas putida KT2440].
NP_746803.1	PP_4694		gluQ	NC_002947.4:5332266..5333168	glutamyl-Q tRNA(Asp) synthetase [Pseudomonas putida KT2440].
NP_746807.1	PP_4698		folK	NC_002947.4:5340152..5340631	6-hydroxymethyl-7,8-dihydropterin pyrophosphokinase [Pseudomonas putida KT2440].
NP_746808.1	PP_4699		panB	NC_002947.4:5340894..5341694	3-methyl-2-oxobutanoate hydroxymethyltransferase [Pseudomonas putida KT2440].
NP_746809.1	PP_4700		panC	NC_002947.4:5341691..5342554	pantothenate synthetase [Pseudomonas putida KT2440].
NP_746811.1	PP_4702		acsA-II	NC_002947.4:5344603..5346537	acetyl-CoA synthetase [Pseudomonas putida KT2440].
NP_746823.1	PP_4715		tpiA	complement(NC_002947.4:5361604..5362359)	triose phosphate isomerase [Pseudomonas putida KT2440].
NP_746824.1	PP_4716		glmM	complement(NC_002947.4:5362425..5363765)	phosphoglucosamine mutase [Pseudomonas putida KT2440].
NP_746825.1	PP_4717		folP	complement(NC_002947.4:5363782..5364633)	dihydropteroate synthase [Pseudomonas putida KT2440].
NP_746826.1	PP_4718		ftsH	complement(NC_002947.4:5364642..5366555)	integral membrane ATP-dependent zinc metallopeptidase [Pseudomonas putida KT2440].
NP_746831.3	PP_4723		carB	complement(NC_002947.4:5368706..5371936)	carbamoyl-phosphate synthase large subunit [Pseudomonas putida KT2440].
NP_746832.1	PP_4724		carA	complement(NC_002947.4:5372033..5373169)	carbamoyl-phosphate synthase small subunit [Pseudomonas putida KT2440].
NP_746833.1	PP_4725		dapB	complement(NC_002947.4:5373496..5374299)	4-hydroxy-tetrahydrodipicolinate reductase [Pseudomonas putida KT2440].
NP_746835.1	PP_4727		dnaK	complement(NC_002947.4:5375639..5377564)	chaperone protein DnaK [Pseudomonas putida KT2440].
NP_746843.1	PP_4735		lldP	NC_002947.4:5383537..5385207	L-lactate permease [Pseudomonas putida KT2440].
NP_746844.1	PP_4736		lldD	NC_002947.4:5385270..5386415	L-lactate dehydrogenase [Pseudomonas putida KT2440].
NP_746857.1	PP_4751			complement(NC_002947.4:5406607..5407416)	amino acid ABC transporter ATP-binding protein [Pseudomonas putida KT2440].
NP_746863.1	PP_4757		gudD	complement(NC_002947.4:5416337..5417683)	bifunctional D-glucarate dehydratase/L-idarate epimerase [Pseudomonas putida KT2440].
NP_746866.1	PP_4760			complement(NC_002947.4:5420088..5421098)	alcohol dehydrogenase [Pseudomonas putida KT2440].
NP_746868.1	PP_4762		tesB	complement(NC_002947.4:5421850..5422719)	acyl-CoA thioesterase II [Pseudomonas putida KT2440].
NP_746880.1	PP_4774		fieF	NC_002947.4:5435822..5436694	divalent cation efflux transporter [Pseudomonas putida KT2440].
NP_746884.2	PP_4779		amn	complement(NC_002947.4:5439362..5440825)	AMP nucleosidase [Pseudomonas putida KT2440].
NP_746885.1	PP_4780			complement(NC_002947.4:5440931..5442583)	acyl-CoA dehydrogenase [Pseudomonas putida KT2440].
NP_746887.1	PP_4782		thiD	NC_002947.4:5445045..5445842	phosphomethylpyrimidine kinase [Pseudomonas putida KT2440].
NP_746888.1	PP_4783		thiE	NC_002947.4:5445856..5446479	thiamine-phosphate synthase [Pseudomonas putida KT2440].
NP_746889.1	PP_4784		hemL	NC_002947.4:5446496..5447779	glutamate-1-semialdehyde 2,1-aminomutase [Pseudomonas putida KT2440].
NP_746904.1	PP_4799			complement(NC_002947.4:5462411..5463349)	muramoyltetrapeptide carboxypeptidase [Pseudomonas putida KT2440].
NP_746905.1	PP_4800		lipA	complement(NC_002947.4:5463448..5464464)	lipoyl synthase [Pseudomonas putida KT2440].
NP_746906.1	PP_4801		lipB	complement(NC_002947.4:5464467..5465117)	octanoyltransferase [Pseudomonas putida KT2440].
NP_746908.1	PP_4803		dacA	complement(NC_002947.4:5465463..5466623)	D-alanyl-D-alanine carboxypeptidase [Pseudomonas putida KT2440].
NP_746910.1	PP_4805		mltB	complement(NC_002947.4:5467845..5468891)	membrane-bound lytic murein transglycosylase B [Pseudomonas putida KT2440].
NP_746912.1	PP_4807		mrdA-II	complement(NC_002947.4:5470015..5471904)	transpeptidase [Pseudomonas putida KT2440].
NP_746915.1	PP_4810		nadD	complement(NC_002947.4:5472862..5473554)	nicotinate-nucleotide adenylyltransferase [Pseudomonas putida KT2440].
NP_746916.1	PP_4811		proA	complement(NC_002947.4:5473523..5474794)	gamma-glutamyl phosphate reductase [Pseudomonas putida KT2440].
NP_746927.1	PP_4822		purH	NC_002947.4:5483487..5485094	bifunctional phosphoribosylaminoimidazolecarboxamide formyltransferase/IMP cyclohydrolase [Pseudomonas putida KT2440].
NP_746928.1	PP_4823		purD	NC_002947.4:5485241..5486536	phosphoribosylamine--glycine ligase [Pseudomonas putida KT2440].
NP_746945.1	PP_4840		cycA	NC_002947.4:5506740..5508146	D-alanine/beta-alanine/D-serine/glycine permease [Pseudomonas putida KT2440].
NP_746946.1	PP_4841		urtA	NC_002947.4:5508396..5509661	urea ABC transporter substrate-binding protein [Pseudomonas putida KT2440].
NP_746947.2	PP_4842		urtB	NC_002947.4:5509802..5511289	urea ABC transporter permease [Pseudomonas putida KT2440].
NP_746948.1	PP_4843		urtC	NC_002947.4:5511289..5512368	urea ABC transporter permease [Pseudomonas putida KT2440].
NP_746949.1	PP_4844		urtD	NC_002947.4:5512365..5513222	urea ABC transporter ATP-binding protein [Pseudomonas putida KT2440].
NP_746950.1	PP_4845		urtE	NC_002947.4:5513376..5514074	urea ABC transporter ATP-binding protein [Pseudomonas putida KT2440].
NP_746967.1	PP_4862		ydfG	complement(NC_002947.4:5528022..5528786)	bifunctional NADP-dependent 3-hydroxy acid dehydrogenase/malonic semialdehyde reductase [Pseudomonas putida KT2440].
NP_746968.1	PP_4863		livF-II	complement(NC_002947.4:5529380..5530096)	high-affinity branched-chain amino acid ABC transporter ATP-binding protein [Pseudomonas putida KT2440].
NP_746969.1	PP_4864		braF	complement(NC_002947.4:5530093..5530968)	high-affinity branched-chain amino acid ABC transporter ATP-binding protein BraF [Pseudomonas putida KT2440].
NP_746970.1	PP_4865		braE	complement(NC_002947.4:5530965..5532272)	high-affinity branched-chain amino acid ABC transporter permease BraE [Pseudomonas putida KT2440].
NP_746971.1	PP_4866		braD	complement(NC_002947.4:5532269..5533183)	high-affinity branched-chain amino acid ABC transporter permease BraD [Pseudomonas putida KT2440].
NP_746972.1	PP_4867			complement(NC_002947.4:5533338..5534474)	BraC-like branched-chain amino acid ABC transporter substrate-binding protein [Pseudomonas putida KT2440].
NP_746973.1	PP_4868		pncB	NC_002947.4:5534984..5536192	nicotinate phosphoribosyltransferase [Pseudomonas putida KT2440].
NP_746974.1	PP_4869		nadE	NC_002947.4:5536196..5537023	NH(3)-dependent NAD(+) synthetase [Pseudomonas putida KT2440].
NP_746985.1	PP_4881			NC_002947.4:5549759..5550772	iron ABC transporter substrate-binding protein [Pseudomonas putida KT2440].
NP_746986.1	PP_4882			NC_002947.4:5550772..5552337	iron ABC transporter permease [Pseudomonas putida KT2440].
NP_746992.1	PP_4889		purA	complement(NC_002947.4:5557960..5559252)	adenylosuccinate synthetase [Pseudomonas putida KT2440].
NP_746996.1	PP_4893		hflX	complement(NC_002947.4:5562945..5564246)	GTPase HflX [Pseudomonas putida KT2440].
NP_747000.1	PP_4897		amiC	complement(NC_002947.4:5567485..5568915)	N-acetylmuramoyl-L-alanine amidase [Pseudomonas putida KT2440].
NP_747006.1	PP_4903		rsgA	NC_002947.4:5572917..5573948	ribosome biogenesis GTPase RsgA [Pseudomonas putida KT2440].
NP_747011.1	PP_4908		psd	NC_002947.4:5578678..5579541	phosphatidylserine decarboxylase [Pseudomonas putida KT2440].
NP_747012.1	PP_4909		serB	complement(NC_002947.4:5579617..5580864)	phosphoserine phosphatase [Pseudomonas putida KT2440].
NP_747024.1	PP_4921			complement(NC_002947.4:5592770..5594053)	NCS1 family transporter [Pseudomonas putida KT2440].
NP_747025.1	PP_4922		thiC	complement(NC_002947.4:5594198..5596078)	phosphomethylpyrimidine synthase [Pseudomonas putida KT2440].
NP_747026.1	PP_4923			NC_002947.4:5596500..5597933	outer membrane efflux protein [Pseudomonas putida KT2440].
NP_747031.1	PP_4928		waaA	complement(NC_002947.4:5608326..5609597)	3-deoxy-D-manno-octulosonic acid transferase [Pseudomonas putida KT2440].
NP_747033.1	PP_4930		emrE	NC_002947.4:5610586..5610918	small multidrug resistance protein [Pseudomonas putida KT2440].
NP_747034.1	PP_4931			NC_002947.4:5611007..5612182	hypothetical protein PP_4931 [Pseudomonas putida KT2440].
NP_747037.1	PP_4934		hldE	complement(NC_002947.4:5614100..5615521)	bifunctional heptose 7-phosphate kinase/heptose 1-phosphate adenylyltransferase [Pseudomonas putida KT2440].
NP_747038.1	PP_4935		msbA	complement(NC_002947.4:5615652..5617460)	lipid A export ATP-binding/permease MsbA [Pseudomonas putida KT2440].
NP_747049.2	PP_4946		putP	complement(NC_002947.4:5628637..5630265)	sodium/L-proline transporter [Pseudomonas putida KT2440].
NP_747050.1	PP_4947		putA	NC_002947.4:5630471..5634424	proline dehydrogenase/1-pyrroline-5-carboxylate dehydrogenase [Pseudomonas putida KT2440].
NP_747051.1	PP_4948			NC_002947.4:5635633..5637435	acyl-CoA dehydrogenase family protein [Pseudomonas putida KT2440].
NP_747063.1	PP_4960		fba	complement(NC_002947.4:5651405..5652469)	fructose-bisphosphate aldolase [Pseudomonas putida KT2440].
NP_747066.1	PP_4963		pgk	complement(NC_002947.4:5653311..5654474)	phosphoglycerate kinase [Pseudomonas putida KT2440].
NP_747067.1	PP_4964		epd	complement(NC_002947.4:5654487..5655545)	D-erythrose 4-phosphate dehydrogenase [Pseudomonas putida KT2440].
NP_747068.1	PP_4965		tktA	complement(NC_002947.4:5655697..5657694)	transketolase A [Pseudomonas putida KT2440].
NP_747070.1	PP_4967		metK	NC_002947.4:5658957..5660147	methionine adenosyltransferase [Pseudomonas putida KT2440].
NP_747074.1	PP_4971			NC_002947.4:5663227..5664405	outer membrane-bound lytic murein transglycolase A [Pseudomonas putida KT2440].
NP_747077.1	PP_4974		nhaP	NC_002947.4:5665987..5667222	NhaP-type Na+(K+)/H+ antiporter [Pseudomonas putida KT2440].
NP_747079.1	PP_4977		metF	NC_002947.4:5669524..5670411	5,10-methylenetetrahydrofolate reductase [Pseudomonas putida KT2440].
NP_747095.1	PP_4993		gshB	NC_002947.4:5690581..5691534	glutathione synthetase [Pseudomonas putida KT2440].
NP_747099.1	PP_4997		pyrR	NC_002947.4:5693745..5694263	pyrimidine operon regulatory protein/uracil phosphoribosyltransferase [Pseudomonas putida KT2440].
NP_747100.1	PP_4998		pyrB	NC_002947.4:5694276..5695280	aspartate carbamoyltransferase [Pseudomonas putida KT2440].
NP_747101.1	PP_4999		pyrC'	NC_002947.4:5695277..5696548	dihydroorotase-like protein [Pseudomonas putida KT2440].
NP_747105.1	PP_5003		phaA	NC_002947.4:5699523..5701202	poly(3-hydroxyalkanoate) polymerase [Pseudomonas putida KT2440].
NP_747106.1	PP_5004		phaB	NC_002947.4:5701265..5702116	poly(3-hydroxyalkanoate) depolymerase [Pseudomonas putida KT2440].
NP_747107.1	PP_5005		phaC-II	NC_002947.4:5702166..5703848	poly(3-hydroxyalkanoate) polymerase [Pseudomonas putida KT2440].
NP_747113.1	PP_5011		ubiE	NC_002947.4:5711162..5711932	ubiquinone/menaquinone biosynthesis C-methyltransferase UbiE [Pseudomonas putida KT2440].
NP_747115.1	PP_5014		hisI	NC_002947.4:5714247..5714639	phosphoribosyl-AMP cyclohydrolase [Pseudomonas putida KT2440].
NP_747116.1	PP_5015		hisE	NC_002947.4:5714641..5714976	phosphoribosyl-ATP pyrophosphatase [Pseudomonas putida KT2440].
NP_747122.1	PP_5021			NC_002947.4:5719476..5721419	methyl-accepting chemotaxis transducer [Pseudomonas putida KT2440].
NP_747124.1	PP_5023			complement(NC_002947.4:5722256..5723218)	amino acid ABC transporter permease [Pseudomonas putida KT2440].
NP_747125.1	PP_5024			complement(NC_002947.4:5723298..5724098)	amino acid ABC transporter substrate-binding protein [Pseudomonas putida KT2440].
NP_747129.2	PP_5028		pip	complement(NC_002947.4:5729395..5730477)	proline iminopeptidase [Pseudomonas putida KT2440].
NP_747130.1	PP_5029		hutG	complement(NC_002947.4:5730536..5731339)	N-formylglutamate deformylase [Pseudomonas putida KT2440].
NP_747131.1	PP_5030		hutI	complement(NC_002947.4:5731350..5732555)	imidazolonepropionase [Pseudomonas putida KT2440].
NP_747132.1	PP_5031		proY	complement(NC_002947.4:5732571..5733974)	proline (histidine) APC transporter [Pseudomonas putida KT2440].
NP_747133.1	PP_5032		hutH	complement(NC_002947.4:5734131..5735663)	histidine ammonia-lyase [Pseudomonas putida KT2440].
NP_747134.1	PP_5033		hutU	complement(NC_002947.4:5735772..5737445)	urocanate hydratase [Pseudomonas putida KT2440].
NP_747137.1	PP_5036		hutF	NC_002947.4:5739071..5740435	formiminoglutamate deiminase [Pseudomonas putida KT2440].
NP_747141.1	PP_5040		fbp	complement(NC_002947.4:5742157..5743167)	class 1 fructose-1,6-bisphosphatase [Pseudomonas putida KT2440].
NP_747142.1	PP_5041		glgP	complement(NC_002947.4:5743414..5745864)	glycogen phosphorylase [Pseudomonas putida KT2440].
NP_747146.1	PP_5045		thiI	complement(NC_002947.4:5750108..5751562)	tRNA sulfurtransferase [Pseudomonas putida KT2440].
NP_747147.1	PP_5046		glnA	NC_002947.4:5752033..5753439	glutamine synthetase [Pseudomonas putida KT2440].
NP_747155.1	PP_5054		grxC	complement(NC_002947.4:5760072..5760326)	glutaredoxin [Pseudomonas putida KT2440].
NP_747157.1	PP_5056		gpmI	NC_002947.4:5760949..5762484	2,3-bisphosphoglycerate-independent phosphoglycerate mutase [Pseudomonas putida KT2440].
NP_747158.1	PP_5057			NC_002947.4:5762625..5763941	M23/M37 family peptidase [Pseudomonas putida KT2440].
NP_747162.1	PP_5061		betT-I	complement(NC_002947.4:5770959..5772962)	choline transporter [Pseudomonas putida KT2440].
NP_747164.1	PP_5063		betB	NC_002947.4:5774134..5775606	NAD-dependent betaine aldehyde dehydrogenase [Pseudomonas putida KT2440].
NP_747165.1	PP_5064		betA-II	NC_002947.4:5775684..5777381	choline dehydrogenase [Pseudomonas putida KT2440].
NP_747167.3	PP_5066		cvrA	NC_002947.4:5779697..5781490	K(+)/H(+) antiporter NhaP [Pseudomonas putida KT2440].
NP_747170.1	PP_5069		trxC	NC_002947.4:5786588..5787022	thioredoxin [Pseudomonas putida KT2440].
NP_747175.1	PP_5074		hemE	complement(NC_002947.4:5790653..5791717)	uroporphyrinogen decarboxylase [Pseudomonas putida KT2440].
NP_747176.1	PP_5075		gltD	complement(NC_002947.4:5791912..5793330)	glutamate synthase subunit beta [Pseudomonas putida KT2440].
NP_747177.1	PP_5076		gltB	complement(NC_002947.4:5793454..5797899)	L-glutamate synthase subunit alpha [Pseudomonas putida KT2440].
NP_747179.1	PP_5078		aroB	complement(NC_002947.4:5799878..5800975)	3-dehydroquinate synthase [Pseudomonas putida KT2440].
NP_747180.1	PP_5079		aroK	complement(NC_002947.4:5801072..5801590)	shikimate kinase [Pseudomonas putida KT2440].
NP_747185.1	PP_5084		mrcA	NC_002947.4:5805412..5807865	penicillin-insensitive transglycosylase/penicillin-sensitive transpeptidase [Pseudomonas putida KT2440].
NP_747186.1	PP_5085		maeB	complement(NC_002947.4:5808020..5809288)	malic enzyme B [Pseudomonas putida KT2440].
NP_747196.1	PP_5095		proI	NC_002947.4:5818732..5819550	pyrroline-5-carboxylate reductase [Pseudomonas putida KT2440].
NP_747198.1	PP_5097		metX	NC_002947.4:5820251..5821390	homoserine O-acetyltransferase [Pseudomonas putida KT2440].
NP_747199.1	PP_5098		metW	NC_002947.4:5821380..5822018	methionine biosynthesis protein MetW [Pseudomonas putida KT2440].
NP_747201.1	PP_5100		rdgB	NC_002947.4:5822472..5823068	dITP/XTP pyrophosphatase [Pseudomonas putida KT2440].
NP_747202.1	PP_5101		yggW	NC_002947.4:5823065..5824240	coproporphyrinogen/heterocyclic compound oxidase [Pseudomonas putida KT2440].
NP_747208.1	PP_5107		mtgA	NC_002947.4:5827088..5827798	monofunctional biosynthetic peptidoglycan transglycosylase [Pseudomonas putida KT2440].
NP_747213.1	PP_5112			NC_002947.4:5832375..5833730	peptidase [Pseudomonas putida KT2440].
NP_747214.1	PP_5113			NC_002947.4:5833723..5835213	Zn-dependent peptidase [Pseudomonas putida KT2440].
NP_747221.1	PP_5120		calB	NC_002947.4:5841432..5842862	coniferyl aldehyde dehydrogenase [Pseudomonas putida KT2440].
NP_747224.1	PP_5123		coaD	NC_002947.4:5845090..5845575	phosphopantetheine adenylyltransferase [Pseudomonas putida KT2440].
NP_747229.1	PP_5128		ilvD	NC_002947.4:5849296..5851137	dihydroxy-acid dehydratase [Pseudomonas putida KT2440].
NP_747232.1	PP_5131		tcyP	NC_002947.4:5853981..5855372	sodium/cystine symporter [Pseudomonas putida KT2440].
NP_747233.1	PP_5132		folA	complement(NC_002947.4:5855504..5856019)	dihydrofolate reductase [Pseudomonas putida KT2440].
NP_747237.1	PP_5136			complement(NC_002947.4:5860004..5861728)	ABC transporter permease [Pseudomonas putida KT2440].
NP_747238.1	PP_5137		fbpC	complement(NC_002947.4:5861730..5862788)	ferric iron ABC transporter ATP-binding protein [Pseudomonas putida KT2440].
NP_747240.1	PP_5139		cadA-III	complement(NC_002947.4:5863898..5866150)	cadmium translocating P-type ATPase [Pseudomonas putida KT2440].
NP_747242.1	PP_5141		thyA	complement(NC_002947.4:5866734..5867705)	thymidylate synthase [Pseudomonas putida KT2440].
NP_747247.1	PP_5146		rppH	complement(NC_002947.4:5872675..5873154)	RNA pyrophosphohydrolase [Pseudomonas putida KT2440].
NP_747248.1	PP_5147			NC_002947.4:5873296..5873952	haloacid dehalogenase-like family hydrolase [Pseudomonas putida KT2440].
NP_747250.1	PP_5149		ilvA-II	complement(NC_002947.4:5874656..5876170)	threonine deaminase [Pseudomonas putida KT2440].
NP_747251.1	PP_5150		rpiA	NC_002947.4:5876304..5876978	ribose-5-phosphate isomerase A [Pseudomonas putida KT2440].
NP_747254.1	PP_5153		ycgM	complement(NC_002947.4:5879179..5879844)	isomerase/hydrolase [Pseudomonas putida KT2440].
NP_747256.1	PP_5155		serA	NC_002947.4:5881440..5882669	bifunctional D-3-phosphoglycerate dehydrogenase/alpha-ketoglutarate reductase [Pseudomonas putida KT2440].
NP_747258.1	PP_5157			NC_002947.4:5883417..5883905	hypothetical protein PP_5157 [Pseudomonas putida KT2440].
NP_747269.1	PP_5168		cysA	complement(NC_002947.4:5893480..5894469)	sulfate/thiosulfate ABC transporter ATP-binding protein [Pseudomonas putida KT2440].
NP_747270.1	PP_5169		cysW	complement(NC_002947.4:5894473..5895345)	sulfate ABC transporter permease CysW [Pseudomonas putida KT2440].
NP_747271.1	PP_5170		cysU	complement(NC_002947.4:5895357..5896175)	sulfate ABC transporter permease CysT [Pseudomonas putida KT2440].
NP_747272.1	PP_5171		sbp-II	complement(NC_002947.4:5896360..5897388)	sulfate ABC transporter substrate-binding protein [Pseudomonas putida KT2440].
NP_747278.1	PP_5177		spuH	complement(NC_002947.4:5903851..5904744)	spermidine/putrescine ABC transporter permease [Pseudomonas putida KT2440].
NP_747279.1	PP_5178		spuG	complement(NC_002947.4:5904741..5905661)	spermidine/putrescine ABC transporter permease [Pseudomonas putida KT2440].
NP_747280.1	PP_5179		spuF	complement(NC_002947.4:5905658..5906800)	spermidine/putrescine ABC transporter ATP binding protein [Pseudomonas putida KT2440].
NP_747281.1	PP_5180		spuE	complement(NC_002947.4:5906872..5907966)	spermidine/putrescine ABC transporter substrate-binding protein [Pseudomonas putida KT2440].
NP_747283.1	PP_5182		spuC-II	complement(NC_002947.4:5909389..5910750)	polyamine:pyruvate transaminase [Pseudomonas putida KT2440].
NP_747286.1	PP_5185		argA	complement(NC_002947.4:5914261..5915559)	amino acid N-acetyltransferase [Pseudomonas putida KT2440].
NP_747287.1	PP_5186		argE	complement(NC_002947.4:5915684..5916826)	acetylornithine deacetylase [Pseudomonas putida KT2440].
NP_747293.1	PP_5192		gcvP-II	complement(NC_002947.4:5921557..5924430)	glycine dehydrogenase [Pseudomonas putida KT2440].
NP_747294.1	PP_5193		gcvH-II	complement(NC_002947.4:5924627..5925010)	glycine cleavage system protein H [Pseudomonas putida KT2440].
NP_747295.1	PP_5194		gcvT-II	complement(NC_002947.4:5925062..5926144)	aminomethyltransferase [Pseudomonas putida KT2440].
NP_747296.1	PP_5195			complement(NC_002947.4:5926272..5927894)	iron ABC transporter permease [Pseudomonas putida KT2440].
NP_747297.1	PP_5196		fbpA	complement(NC_002947.4:5928047..5929048)	iron ABC transporter substrate-binding protein [Pseudomonas putida KT2440].
NP_747313.1	PP_5212			complement(NC_002947.4:5944574..5945542)	iron-sulfur-binding oxidoreductase [Pseudomonas putida KT2440].
NP_747314.2	PP_5213		ubiD	complement(NC_002947.4:5945542..5947008)	3-octaprenyl-4-hydroxybenzoate carboxy-lyase [Pseudomonas putida KT2440].
NP_747316.1	PP_5215		trxA	complement(NC_002947.4:5948701..5949030)	thioredoxin I [Pseudomonas putida KT2440].
NP_747317.1	PP_5216		ppx	NC_002947.4:5949284..5950786	exopolyphosphatase [Pseudomonas putida KT2440].
NP_747318.1	PP_5217		ppk	complement(NC_002947.4:5950773..5952956)	polyphosphate kinase [Pseudomonas putida KT2440].
NP_747323.1	PP_5222		cyaA	NC_002947.4:5956597..5959452	adenylate cyclase [Pseudomonas putida KT2440].
NP_747326.1	PP_5225		cyaY	complement(NC_002947.4:5960305..5960637)	frataxin [Pseudomonas putida KT2440].
NP_747328.1	PP_5227		lysA-II	NC_002947.4:5961105..5962352	diaminopimelate decarboxylase [Pseudomonas putida KT2440].
NP_747329.1	PP_5228		dapF	NC_002947.4:5962324..5963187	diaminopimelate epimerase [Pseudomonas putida KT2440].
NP_747332.1	PP_5231		had	NC_002947.4:5964807..5965502	(S)-2-haloacid dehalogenase [Pseudomonas putida KT2440].
NP_747334.1	PP_5233		amtB	complement(NC_002947.4:5966361..5967692)	ammonium transporter AmtB [Pseudomonas putida KT2440].
NP_747347.1	PP_5246		kefB-III	NC_002947.4:5986919..5988706	glutathione-regulated potassium/H+ antiporter [Pseudomonas putida KT2440].
NP_747349.1	PP_5248		ycaC-III	complement(NC_002947.4:5990037..5990666)	putative hydrolase [Pseudomonas putida KT2440].
NP_747351.1	PP_5250		opdB	NC_002947.4:5992010..5993272	proline-specific outer membrane porin D [Pseudomonas putida KT2440].
NP_747356.1	PP_5255		ycaC-IV	complement(NC_002947.4:5998516..5999145)	putative hydrolase [Pseudomonas putida KT2440].
NP_747358.2	PP_5257		amaA	complement(NC_002947.4:6001002..6002300)	L-pipecolate oxidase [Pseudomonas putida KT2440].
NP_747359.1	PP_5258		amaB	complement(NC_002947.4:6002446..6003936)	L-piperidine-6-carboxylate dehydrogenase [Pseudomonas putida KT2440].
NP_747366.1	PP_5265		xpt	NC_002947.4:6013223..6013795	xanthine phosphoribosyltransferase [Pseudomonas putida KT2440].
NP_747367.2	PP_5266			complement(NC_002947.4:6013905..6015764)	acetyl-CoA hydrolase family protein [Pseudomonas putida KT2440].
NP_747370.1	PP_5269		dadX	complement(NC_002947.4:6018126..6019199)	alanine racemase [Pseudomonas putida KT2440].
NP_747371.1	PP_5270		dadA-II	complement(NC_002947.4:6019344..6020648)	D-amino acid:quinone oxidoreductase [Pseudomonas putida KT2440].
NP_747376.1	PP_5275		yjiR	NC_002947.4:6023578..6025068	transcriptional regulator [Pseudomonas putida KT2440].
NP_747377.1	PP_5276			NC_002947.4:6025129..6026682	phospholipase D family protein [Pseudomonas putida KT2440].
NP_747379.1	PP_5278		kauB	complement(NC_002947.4:6027967..6029460)	4-guanidinobutyraldehyde dehydrogenase [Pseudomonas putida KT2440].
NP_747386.1	PP_5285		dfp	NC_002947.4:6033678..6034889	bifunctional 4'-phosphopantothenoylcysteine decarboxylase/phosphopantothenoylcysteine synthetase [Pseudomonas putida KT2440].
NP_747387.1	PP_5286		dut	NC_002947.4:6034895..6035350	deoxyuridine 5'-triphosphate nucleotidohydrolase [Pseudomonas putida KT2440].
NP_747389.1	PP_5288		algC	NC_002947.4:6035471..6036862	phosphomannomutase/phosphoglucomutase [Pseudomonas putida KT2440].
NP_747390.1	PP_5289		argB	NC_002947.4:6036893..6037798	acetylglutamate kinase [Pseudomonas putida KT2440].
NP_747392.1	PP_5291		pyrE	complement(NC_002947.4:6039274..6039915)	orotate phosphoribosyltransferase [Pseudomonas putida KT2440].
NP_747397.1	PP_5296		gmk	NC_002947.4:6043028..6043648	deoxyguanylate kinase/guanylate kinase [Pseudomonas putida KT2440].
NP_747399.1	PP_5298			complement(NC_002947.4:6045343..6046110)	glutamine amidotransferase [Pseudomonas putida KT2440].
NP_747400.1	PP_5299		puuA-II	complement(NC_002947.4:6046115..6047497)	glutamate-putrescine ligase [Pseudomonas putida KT2440].
NP_747403.1	PP_5302		spoT	NC_002947.4:6049139..6051247	bifunctional (p)ppGpp synthase/hydrolase [Pseudomonas putida KT2440].
NP_747418.1	PP_5317		ubiC	NC_002947.4:6063112..6063669	chorismate pyruvate-lyase [Pseudomonas putida KT2440].
NP_747419.1	PP_5318		ubiA	NC_002947.4:6063669..6064559	4-hydroxybenzoate octaprenyltransferase [Pseudomonas putida KT2440].
NP_747427.1	PP_5326		pstB-II	complement(NC_002947.4:6071679..6072524)	phosphate ABC transporter ATP-binding protein [Pseudomonas putida KT2440].
NP_747428.1	PP_5327			complement(NC_002947.4:6072585..6074255)	phosphate ABC transporter permease [Pseudomonas putida KT2440].
NP_747429.2	PP_5328			complement(NC_002947.4:6074273..6076561)	phosphate ABC transporter permease [Pseudomonas putida KT2440].
NP_747430.1	PP_5329			complement(NC_002947.4:6076700..6077698)	phosphate ABC transporter substrate-binding protein [Pseudomonas putida KT2440].
NP_747431.1	PP_5330			complement(NC_002947.4:6077936..6079225)	MFS transporter [Pseudomonas putida KT2440].
NP_747436.1	PP_5335		purK	complement(NC_002947.4:6081951..6083033)	N5-carboxyaminoimidazole ribonucleotide synthase [Pseudomonas putida KT2440].
NP_747437.1	PP_5336		purE	complement(NC_002947.4:6083044..6083535)	N5-carboxyaminoimidazole ribonucleotide mutase [Pseudomonas putida KT2440].
NP_747439.1	PP_5338		aspA	NC_002947.4:6084891..6086327	aspartate ammonia-lyase [Pseudomonas putida KT2440].
NP_747447.1	PP_5346		pycB	complement(NC_002947.4:6093462..6095270)	pyruvate carboxylase subunit B [Pseudomonas putida KT2440].
NP_747448.1	PP_5347		pycA	complement(NC_002947.4:6095282..6096697)	pyruvate carboxylase subunit A [Pseudomonas putida KT2440].
NP_747451.1	PP_5350			complement(NC_002947.4:6098222..6099088)	RpiR family transcriptional regulator [Pseudomonas putida KT2440].
NP_747452.1	PP_5351		zwf	NC_002947.4:6099177..6100634	glucose 6-phosphate 1-dehydrogenase [Pseudomonas putida KT2440].
NP_747456.1	PP_5355			complement(NC_002947.4:6104698..6106458)	sodium/proton antiporter [Pseudomonas putida KT2440].
NP_747457.1	PP_5356		vdlD	NC_002947.4:6106798..6107283	hydrolase VdlD [Pseudomonas putida KT2440].
NP_747458.1	PP_5357		pdxY	complement(NC_002947.4:6107280..6108152)	pyridoxamine kinase [Pseudomonas putida KT2440].
NP_747465.1	PP_5364		clsA	NC_002947.4:6112871..6114316	cardiolipin synthase [Pseudomonas putida KT2440].
NP_747467.1	PP_5366		lpd	NC_002947.4:6115792..6117192	dihydrolipoyl dehydrogenase [Pseudomonas putida KT2440].
NP_747473.1	PP_5372			complement(NC_002947.4:6122162..6123607)	aldehyde dehydrogenase [Pseudomonas putida KT2440].
NP_747475.1	PP_5374			NC_002947.4:6125206..6126909	choline/carnitine/betaine transporter family protein [Pseudomonas putida KT2440].
NP_747481.1	PP_5380		copA-II	complement(NC_002947.4:6131843..6133852)	copper resistance protein A [Pseudomonas putida KT2440].
NP_747509.1	PP_5409		glmS	complement(NC_002947.4:6170466..6172301)	L-glutamine/D-fructose-6-phosphate aminotransferase [Pseudomonas putida KT2440].
NP_747511.1	PP_5411		glmU	complement(NC_002947.4:6173271..6174638)	bifunctional N-acetyl glucosamine-1-phosphate uridyltransferase/glucosamine-1-phosphate acetyl transferase [Pseudomonas putida KT2440].
NP_747512.1	PP_5412		atpC	complement(NC_002947.4:6174757..6175176)	ATP synthase subunit epsilon [Pseudomonas putida KT2440].
NP_747513.1	PP_5413		atpD	complement(NC_002947.4:6175220..6176596)	ATP synthase subunit beta [Pseudomonas putida KT2440].
NP_747514.1	PP_5414		atpG	complement(NC_002947.4:6176624..6177484)	ATP synthase subunit gamma [Pseudomonas putida KT2440].
NP_747515.1	PP_5415		atpA	complement(NC_002947.4:6177533..6179077)	ATP synthase subunit alpha [Pseudomonas putida KT2440].
NP_747516.1	PP_5416		atpH	complement(NC_002947.4:6179099..6179635)	ATP synthase subunit delta [Pseudomonas putida KT2440].
NP_747517.1	PP_5417		atpF	complement(NC_002947.4:6179648..6180118)	ATP synthase subunit b [Pseudomonas putida KT2440].
NP_747518.1	PP_5418		atpE	complement(NC_002947.4:6180175..6180432)	ATP synthase subunit c [Pseudomonas putida KT2440].
NP_747519.1	PP_5419		atpB	complement(NC_002947.4:6180577..6181446)	ATP synthase subunit a [Pseudomonas putida KT2440].
YP_009236894.1	PP_5747		pntAB	complement(NC_002947.4:165459..165773)	pyridine nucleotide transhydrogenase subunit alpha [Pseudomonas putida KT2440].
YP_009236895.1	PP_0156		pntAA	complement(NC_002947.4:165785..166906)	pyridine nucleotide transhydrogenase subunit alpha [Pseudomonas putida KT2440].
YP_009237129.1	PP_4112			complement(NC_002947.4:4647678..4649138)	sulfate transporter [Pseudomonas putida KT2440].
YP_009237131.1	PP_4140		ldcC	complement(NC_002947.4:4676324..4678573)	lysine decarboxylase [Pseudomonas putida KT2440].
YP_009237132.1	PP_4160		kdpB	complement(NC_002947.4:4701405..4703459)	K+ transporting ATPase subunit KdpB [Pseudomonas putida KT2440].
YP_009237146.1	PP_5673			NC_002947.4:4943726..4944640	D-alanine--D-alanine ligase [Pseudomonas putida KT2440].
YP_009237194.1	PP_4976		ahcY	NC_002947.4:5668005..5669399	adenosylhomocysteinase [Pseudomonas putida KT2440].
YP_009237195.1	PP_5013		ubiB	NC_002947.4:5712552..5714174	2-octaprenylphenol hydroxylase [Pseudomonas putida KT2440].
