NP_384109.1	SMc02791		aroE	NC_003047.1:1939..2799	shikimate 5-dehydrogenase [Sinorhizobium meliloti 1021].
NP_384110.1	SMc02790		coaE	NC_003047.1:2796..3380	dephospho-CoA kinase [Sinorhizobium meliloti 1021].
NP_384115.1	SMc02785			NC_003047.1:6511..7629	lytic murein transglycosylase A protein [Sinorhizobium meliloti 1021].
NP_384120.1	SMc02780		gabD1	NC_003047.1:11996..13450	succinate-semialdehyde dehydrogenase [NADP+] protein [Sinorhizobium meliloti 1021].
NP_384122.1	SMc02778			NC_003047.1:14893..15693	hydroxyacid aldolase [Sinorhizobium meliloti 1021].
NP_384124.1	SMc02776			NC_003047.1:16752..18257	altronate hydrolase [Sinorhizobium meliloti 1021].
NP_384133.1	SMc02767		trpF	NC_003047.1:27376..28023	N-(5'-phosphoribosyl)anthranilate isomerase [Sinorhizobium meliloti 1021].
NP_384134.1	SMc02766		trpB	NC_003047.1:28048..29268	tryptophan synthase subunit beta [Sinorhizobium meliloti 1021].
NP_384135.1	SMc02765		trpA	NC_003047.1:29274..30113	tryptophan synthase subunit alpha [Sinorhizobium meliloti 1021].
NP_384136.1	SMc02764		accD	NC_003047.1:30167..31081	acetyl-CoA carboxylase subunit beta [Sinorhizobium meliloti 1021].
NP_384137.1	SMc02763		folC	NC_003047.1:31097..32440	bifunctional folylpolyglutamate synthase/dihydrofolate synthase [Sinorhizobium meliloti 1021].
NP_384139.1	SMc02761		trxA	complement(NC_003047.1:34091..34414)	thioredoxin [Sinorhizobium meliloti 1021].
NP_384142.1	SMc02758			complement(NC_003047.1:41236..41967)	nucleotidyl transferase [Sinorhizobium meliloti 1021].
NP_384144.1	SMc02756			complement(NC_003047.1:43498..45978)	sensor histidine kinase [Sinorhizobium meliloti 1021].
NP_384145.1	SMc02755		ahcY	complement(NC_003047.1:46280..47680)	S-adenosyl-L-homocysteine hydrolase [Sinorhizobium meliloti 1021].
NP_384146.1	SMc02754			complement(NC_003047.1:47837..48127)	phosphocarrier HPr [Sinorhizobium meliloti 1021].
NP_384148.1	SMc02752			complement(NC_003047.1:48809..49255)	hypothetical protein SMc02752 [Sinorhizobium meliloti 1021].
NP_384151.1	SMc02562		pckA	NC_003047.1:52483..54093	phosphoenolpyruvate carboxykinase [Sinorhizobium meliloti 1021].
NP_384155.1	SMc02567		coaA	complement(NC_003047.1:56529..57524)	pantothenate kinase [Sinorhizobium meliloti 1021].
NP_384156.1	SMc02568		hisE	complement(NC_003047.1:57521..57844)	phosphoribosyl-ATP pyrophosphatase [Sinorhizobium meliloti 1021].
NP_384157.1	SMc02569		hisF	complement(NC_003047.1:57909..58685)	imidazole glycerol phosphate synthase subunit HisF [Sinorhizobium meliloti 1021].
NP_384158.1	SMc02570		hisA	complement(NC_003047.1:58682..59425)	1-(5-phosphoribosyl)-5-[(5-phosphoribosylamino)methylideneamino] imidazole-4-carboxamide isomerase [Sinorhizobium meliloti 1021].
NP_384159.1	SMc02572		hisH	complement(NC_003047.1:59458..60108)	imidazole glycerol phosphate synthase subunit HisH [Sinorhizobium meliloti 1021].
NP_384161.1	SMc02574		hisB	complement(NC_003047.1:60608..61216)	imidazoleglycerol-phosphate dehydratase [Sinorhizobium meliloti 1021].
NP_384167.1	SMc02580			NC_003047.1:66749..68755	hypothetical protein SMc02580 [Sinorhizobium meliloti 1021].
NP_384168.1	SMc02581		glcB	NC_003047.1:68916..71087	malate synthase G [Sinorhizobium meliloti 1021].
NP_384175.1	SMc02588			complement(NC_003047.1:78132..79820)	ABC transporter permease [Sinorhizobium meliloti 1021].
NP_384182.1	SMc02595		metB	complement(NC_003047.1:91920..93146)	cystathionine gamma-synthase [Sinorhizobium meliloti 1021].
NP_384187.1	SMc02604		folD1	complement(NC_003047.1:96439..97359)	bifunctional 5,10-methylene-tetrahydrofolate dehydrogenase/ 5,10-methylene-tetrahydrofolate cyclohydrolase [Sinorhizobium meliloti 1021].
NP_384193.1	SMc02610		glxB	NC_003047.1:103542..104504	amidotransferase [Sinorhizobium meliloti 1021].
NP_384196.1	SMc02613		glnT	NC_003047.1:106653..107960	glutamine synthetase [Sinorhizobium meliloti 1021].
NP_384199.1	SMc02616			complement(NC_003047.1:109201..110598)	permease transmembrane protein [Sinorhizobium meliloti 1021].
NP_384204.3	SMc04154		purU	NC_003047.1:112737..113627	formyltetrahydrofolate deformylase [Sinorhizobium meliloti 1021].
NP_384210.1	SMc04148			complement(NC_003047.1:119188..121557)	aminomethyltransferase [Sinorhizobium meliloti 1021].
NP_384221.1	SMc04137			complement(NC_003047.1:134700..135587)	ABC transporter permease [Sinorhizobium meliloti 1021].
NP_384222.1	SMc04136			complement(NC_003047.1:135580..136527)	ABC transporter permease [Sinorhizobium meliloti 1021].
NP_384229.1	SMc04129			NC_003047.1:143458..144759	oxidoreductase [Sinorhizobium meliloti 1021].
NP_384230.1	SMc04128			NC_003047.1:144857..147088	heavy metal transporting ATPase [Sinorhizobium meliloti 1021].
NP_384234.1	SMc04124		cdd	NC_003047.1:151452..151910	cytidine deaminase [Sinorhizobium meliloti 1021].
NP_384235.1	SMc04123		deoD	NC_003047.1:151907..152704	purine nucleoside phosphorylase [Sinorhizobium meliloti 1021].
NP_384236.1	SMc04122		deoA	NC_003047.1:152705..154027	thymidine phosphorylase [Sinorhizobium meliloti 1021].
NP_384237.1	SMc04121		upp	complement(NC_003047.1:154131..154760)	uracil phosphoribosyltransferase [Sinorhizobium meliloti 1021].
NP_384238.1	SMc04120		add	complement(NC_003047.1:154871..155845)	adenosine deaminase [Sinorhizobium meliloti 1021].
NP_384239.1	SMc04119		deoB	complement(NC_003047.1:155842..157062)	phosphopentomutase [Sinorhizobium meliloti 1021].
NP_384255.1	SMc02825			NC_003047.1:172213..173604	aminopeptidase [Sinorhizobium meliloti 1021].
NP_384262.1	SMc02832			complement(NC_003047.1:180139..181998)	periplasmic binding protein [Sinorhizobium meliloti 1021].
NP_384263.1	SMc02833		mepA	NC_003047.1:182290..183357	penicillin-insensitive murein endopeptidase [Sinorhizobium meliloti 1021].
NP_384264.1	SMc02834		mgsA	NC_003047.1:183478..183858	methylglyoxal synthase [Sinorhizobium meliloti 1021].
NP_384265.1	SMc02835		glk	NC_003047.1:183920..184939	glucokinase [Sinorhizobium meliloti 1021].
NP_384267.1	SMc02837		dapB	NC_003047.1:186871..187689	dihydrodipicolinate reductase [Sinorhizobium meliloti 1021].
NP_384268.1	SMc02838		gpmA	NC_003047.1:187720..188355	phosphoglyceromutase [Sinorhizobium meliloti 1021].
NP_384277.1	SMc02846			NC_003047.1:195004..195996	sugar kinase [Sinorhizobium meliloti 1021].
NP_384287.1	SMc02856			NC_003047.1:207244..209547	penicillin-binding protein [Sinorhizobium meliloti 1021].
NP_384288.1	SMc02857		dnaK	NC_003047.1:209764..211689	molecular chaperone DnaK [Sinorhizobium meliloti 1021].
NP_384292.1	SMc02861		pit	complement(NC_003047.1:214914..215918)	phosphate transporter [Sinorhizobium meliloti 1021].
NP_384298.1	SMc02867			complement(NC_003047.1:219907..223053)	multidrug-efflux system transmembrane protein [Sinorhizobium meliloti 1021].
NP_384299.1	SMc02868			complement(NC_003047.1:223064..224287)	multidrug efflux system protein [Sinorhizobium meliloti 1021].
NP_384305.1	SMc02874		murQ	complement(NC_003047.1:230235..231131)	N-acetylmuramic acid 6-phosphate etherase [Sinorhizobium meliloti 1021].
NP_384307.1	SMc02876			NC_003047.1:232212..232976	transcriptional regulator [Sinorhizobium meliloti 1021].
NP_384308.1	SMc02877			NC_003047.1:233070..234092	hypothetical protein SMc02877 [Sinorhizobium meliloti 1021].
NP_384309.1	SMc02878		nagA	NC_003047.1:234089..235249	N-acetylglucosamine-6-phosphate deacetylase [Sinorhizobium meliloti 1021].
NP_384311.1	SMc02880			complement(NC_003047.1:236267..237178)	hypothetical protein SMc02880 [Sinorhizobium meliloti 1021].
NP_384316.1	SMc02885		msrA1	complement(NC_003047.1:241298..241951)	methionine sulfoxide reductase A [Sinorhizobium meliloti 1021].
NP_384327.1	SMc02896		ilvE1	complement(NC_003047.1:253002..254099)	branched-chain amino acid aminotransferase [Sinorhizobium meliloti 1021].
NP_384329.1	SMc02898		kdsB	NC_003047.1:255204..255956	3-deoxy-manno-octulosonate cytidylyltransferase [Sinorhizobium meliloti 1021].
NP_384330.1	SMc02899		pheA	NC_003047.1:255981..256835	prephenate dehydratase [Sinorhizobium meliloti 1021].
NP_384334.1	SMc02903			complement(NC_003047.1:258435..259415)	hypothetical protein SMc02903 [Sinorhizobium meliloti 1021].
NP_384340.1	SMc02909			NC_003047.1:263817..265055	transglycosylase transmembrane protein [Sinorhizobium meliloti 1021].
NP_384341.1	SMc02910			complement(NC_003047.1:265263..266918)	transport transmembrane protein [Sinorhizobium meliloti 1021].
NP_384352.1	SMc00326		fabI2	complement(NC_003047.1:280795..281601)	enoyl-ACP reductase [Sinorhizobium meliloti 1021].
NP_384353.1	SMc00327		fabB	complement(NC_003047.1:281606..282826)	3-oxoacyl-ACP synthase [Sinorhizobium meliloti 1021].
NP_384354.1	SMc00328		fabA	complement(NC_003047.1:282876..283391)	3-hydroxydecanoyl-ACP dehydratase [Sinorhizobium meliloti 1021].
NP_384359.1	SMc00333		aroA	NC_003047.1:286978..288345	3-phosphoshikimate 1-carboxyvinyltransferase [Sinorhizobium meliloti 1021].
NP_384360.1	SMc00334		cmk	NC_003047.1:288345..288983	cytidylate kinase [Sinorhizobium meliloti 1021].
NP_384361.1	SMc00335		rpsA	NC_003047.1:289147..290853	30S ribosomal protein S1 [Sinorhizobium meliloti 1021].
NP_384366.1	SMc00340			complement(NC_003047.1:296607..297653)	oxidoreductase [Sinorhizobium meliloti 1021].
NP_384407.1	SMc00381			NC_003047.1:334588..335460	hypothetical protein SMc00381 [Sinorhizobium meliloti 1021].
NP_384413.1	SMc00387		tatA	complement(NC_003047.1:339573..340742)	aromatic amino acid aminotransferase [Sinorhizobium meliloti 1021].
NP_384420.1	SMc00394		guaA	complement(NC_003047.1:343959..345521)	GMP synthase [Sinorhizobium meliloti 1021].
NP_384421.1	SMc00395		pfs	complement(NC_003047.1:345628..346266)	5'-methylthioadenosine/S-adenosylhomocysteine nucleosidase [Sinorhizobium meliloti 1021].
NP_384425.1	SMc00399		corA1	complement(NC_003047.1:348723..349712)	magnesium/cobalt transporter CorA [Sinorhizobium meliloti 1021].
NP_384434.1	SMc00408		uppP	NC_003047.1:359249..360055	UDP pyrophosphate phosphatase [Sinorhizobium meliloti 1021].
NP_384438.1	SMc00412		pyrF	complement(NC_003047.1:362070..362774)	orotidine 5'-phosphate decarboxylase [Sinorhizobium meliloti 1021].
NP_384444.1	SMc00419		gshB1	NC_003047.1:367072..368019	glutathione synthetase [Sinorhizobium meliloti 1021].
NP_384446.1	SMc00421		cysK1	complement(NC_003047.1:370367..371335)	O-acetylserine sulfhydrylase A [Sinorhizobium meliloti 1021].
NP_384451.1	SMc00461		dut	complement(NC_003047.1:374362..374844)	deoxyuridine 5'-triphosphate nucleotidohydrolase [Sinorhizobium meliloti 1021].
NP_384455.1	SMc00430			NC_003047.1:378451..379434	oxidoreductase [Sinorhizobium meliloti 1021].
NP_384462.1	SMc01163			complement(NC_003047.1:387088..388218)	oxidoreductase [Sinorhizobium meliloti 1021].
NP_384464.1	SMc01161		dfp	complement(NC_003047.1:389277..390482)	bifunctional phosphopantothenoylcysteine decarboxylase/phosphopantothenate synthase [Sinorhizobium meliloti 1021].
NP_384466.1	SMc01159			NC_003047.1:391073..391978	oxidoreductase [Sinorhizobium meliloti 1021].
NP_384469.1	SMc01156		aarF	complement(NC_003047.1:393673..395247)	ubiquinone biosynthesis protein [Sinorhizobium meliloti 1021].
NP_384470.1	SMc01155		ubiE	complement(NC_003047.1:395252..396064)	ubiquinone/menaquinone biosynthesis methyltransferase [Sinorhizobium meliloti 1021].
NP_384472.1	SMc01153			NC_003047.1:397173..397946	enoyl-CoA hydratase [Sinorhizobium meliloti 1021].
NP_384479.1	SMc01147			complement(NC_003047.1:404075..405256)	coproporphyrinogen III oxidase [Sinorhizobium meliloti 1021].
NP_384480.1	SMc01146			complement(NC_003047.1:405268..405912)	deoxyribonucleotide triphosphate pyrophosphatase [Sinorhizobium meliloti 1021].
NP_384485.1	SMc01141		ptsN	complement(NC_003047.1:409774..410238)	nitrogen regulatory IIA protein [Sinorhizobium meliloti 1021].
NP_384491.1	SMc01135			NC_003047.1:415411..416370	protease IV transmembrane protein [Sinorhizobium meliloti 1021].
NP_384500.1	SMc01126		tme	complement(NC_003047.1:424367..426652)	malic enzyme [Sinorhizobium meliloti 1021].
NP_384501.1	SMc01125		mutS	NC_003047.1:426755..429505	DNA mismatch repair protein MutS [Sinorhizobium meliloti 1021].
NP_384503.1	SMc01123		mviN	NC_003047.1:432453..434060	virulence factor MviN-like protein [Sinorhizobium meliloti 1021].
NP_384510.1	SMc01116		olsA	NC_003047.1:438442..439320	acyltransferase transmembrane protein [Sinorhizobium meliloti 1021].
NP_384517.1	SMc01109		metK	NC_003047.1:446191..447471	S-adenosylmethionine synthetase [Sinorhizobium meliloti 1021].
NP_384521.1	SMc01105			NC_003047.1:449429..450373	nucleoside hydrolase [Sinorhizobium meliloti 1021].
NP_384522.1	SMc01104		mcpX	complement(NC_003047.1:450468..452834)	chemoreceptor methyl-accepting chemotaxis transmembrane protein [Sinorhizobium meliloti 1021].
NP_384523.1	SMc01103		rbsK	complement(NC_003047.1:453189..454088)	ribokinase [Sinorhizobium meliloti 1021].
NP_384531.1	SMc01096		dapE	complement(NC_003047.1:459723..460916)	succinyl-diaminopimelate desuccinylase [Sinorhizobium meliloti 1021].
NP_384539.3	SMc01732		dapD	complement(NC_003047.1:470207..471097)	2,3,4,5-tetrahydropyridine-2,6-carboxylate N-succinyltransferase [Sinorhizobium meliloti 1021].
NP_384541.1	SMc01730			complement(NC_003047.1:472329..473105)	hypothetical protein SMc01730 [Sinorhizobium meliloti 1021].
NP_384544.1	SMc01727			NC_003047.1:475278..476048	hypothetical protein SMc01727 [Sinorhizobium meliloti 1021].
NP_384545.1	SMc01726		argB	complement(NC_003047.1:476243..477130)	acetylglutamate kinase [Sinorhizobium meliloti 1021].
NP_384560.1	SMc01712		lldD2	NC_003047.1:491966..493177	L-lactate dehydrogenase (cytochrome) protein [Sinorhizobium meliloti 1021].
NP_384572.1	SMc02181		putA	complement(NC_003047.1:511820..515521)	bifunctional proline dehydrogenase/pyrroline-5-carboxylate dehydrogenase [Sinorhizobium meliloti 1021].
NP_384574.1	SMc02179			complement(NC_003047.1:516081..516887)	hypothetical protein SMc02179 [Sinorhizobium meliloti 1021].
NP_384577.1	SMc02176		cyaD1	complement(NC_003047.1:518501..520372)	adenylate cyclase transmembrane protein [Sinorhizobium meliloti 1021].
NP_384586.1	SMc02166		pyrC	NC_003047.1:527870..528913	dihydroorotase [Sinorhizobium meliloti 1021].
NP_384587.1	SMc02165		pyrE	NC_003047.1:528931..529629	orotate phosphoribosyltransferase [Sinorhizobium meliloti 1021].
NP_384588.1	SMc02164		frk	NC_003047.1:529686..530612	fructokinase [Sinorhizobium meliloti 1021].
NP_384589.1	SMc02163		pgi	complement(NC_003047.1:530745..532370)	glucose-6-phosphate isomerase [Sinorhizobium meliloti 1021].
NP_384590.1	SMc02162		fadD	complement(NC_003047.1:532686..534386)	long-chain-fatty-acid--CoA ligase [Sinorhizobium meliloti 1021].
NP_384594.1	SMc02158			NC_003047.1:538087..538698	acyltransferase [Sinorhizobium meliloti 1021].
NP_384595.1	SMc02157			NC_003047.1:538706..539647	hypothetical protein SMc02157 [Sinorhizobium meliloti 1021].
NP_384615.1	SMc02146			NC_003047.1:566715..567749	phosphate-binding periplasmic protein [Sinorhizobium meliloti 1021].
NP_384617.1	SMc02144		pstC	NC_003047.1:568413..569324	phosphate ABC transporter permease [Sinorhizobium meliloti 1021].
NP_384618.1	SMc02143		pstA	NC_003047.1:569321..570643	phosphate ABC transporter permease [Sinorhizobium meliloti 1021].
NP_384619.1	SMc02142		pstB	NC_003047.1:570657..571472	phosphate transporter ATP-binding protein [Sinorhizobium meliloti 1021].
NP_384623.1	SMc02138		argD	NC_003047.1:574093..575292	acetylornithine transaminase [Sinorhizobium meliloti 1021].
NP_384624.1	SMc02137		argF1	NC_003047.1:575367..576278	ornithine carbamoyltransferase [Sinorhizobium meliloti 1021].
NP_384629.1	SMc02218			NC_003047.1:580265..581362	2'-deoxycytidine 5'-triphosphate deaminase [Sinorhizobium meliloti 1021].
NP_384635.1	SMc02224		chaA	NC_003047.1:585497..586582	calcium/proton antiporter transmembrane protein [Sinorhizobium meliloti 1021].
NP_384639.1	SMc02228		fadA	complement(NC_003047.1:590135..591343)	acetyl-CoA acetyltransferase [Sinorhizobium meliloti 1021].
NP_384640.1	SMc02229			complement(NC_003047.1:591449..593245)	acyl-CoA dehydrogenase [Sinorhizobium meliloti 1021].
NP_384655.1	SMc02245		pyrD	complement(NC_003047.1:608536..609624)	dihydroorotate dehydrogenase 2 [Sinorhizobium meliloti 1021].
NP_384661.1	SMc02251			NC_003047.1:615760..616926	aspartate aminotransferase [Sinorhizobium meliloti 1021].
NP_384662.1	SMc02252		galE	NC_003047.1:617107..618135	UDP-glucose 4-epimerase [Sinorhizobium meliloti 1021].
NP_384664.1	SMc02254		qxtB	complement(NC_003047.1:618694..619698)	quinol oxidase subunit II transmembrane protein [Sinorhizobium meliloti 1021].
NP_384665.1	SMc02255		qxtA	complement(NC_003047.1:619688..621169)	quinol oxidase subunit I transmembrane protein [Sinorhizobium meliloti 1021].
NP_384666.2	SMc02256		hipO2	complement(NC_003047.1:621308..622489)	hippurate hydrolase [Sinorhizobium meliloti 1021].
NP_384668.1	SMc02258			complement(NC_003047.1:623300..624025)	ABC transporter permease [Sinorhizobium meliloti 1021].
NP_384669.1	SMc02259			complement(NC_003047.1:624133..624915)	periplasmic binding ABC transporter protein [Sinorhizobium meliloti 1021].
NP_384670.1	SMc02260			complement(NC_003047.1:624952..625806)	ABC transporter ATP-binding protein [Sinorhizobium meliloti 1021].
NP_384672.1	SMc02262			NC_003047.1:626634..627824	aminotransferase [Sinorhizobium meliloti 1021].
NP_384673.1	SMc02263		ilvB1	NC_003047.1:627821..629434	hypothetical protein SMc02263 [Sinorhizobium meliloti 1021].
NP_384678.1	SMc02268		kpsF3	NC_003047.1:634287..635300	capsule expression protein [Sinorhizobium meliloti 1021].
NP_384682.1	SMc02272		rkpG	complement(NC_003047.1:639160..640575)	acyl-transferase transferase [Sinorhizobium meliloti 1021].
NP_384683.1	SMc02273		rkpA	complement(NC_003047.1:640572..648086)	fatty acid synthase transmembrane protein [Sinorhizobium meliloti 1021].
NP_384685.1	SMc02275		pncA	NC_003047.1:649987..650622	pyrazinamidase/nicotinamidase (Includes: pyrazinamidase, nicotinamidase) protein [Sinorhizobium meliloti 1021].
NP_384686.1	SMc02276		pncB	NC_003047.1:650739..652043	nicotinate phosphoribosyltransferase [Sinorhizobium meliloti 1021].
NP_384692.1	SMc02282			NC_003047.1:655077..656426	copper-containing oxidoreductase [Sinorhizobium meliloti 1021].
NP_384715.1	SMc02305		murA	NC_003047.1:677941..679233	UDP-N-acetylglucosamine 1-carboxyvinyltransferase [Sinorhizobium meliloti 1021].
NP_384717.1	SMc02307		hisD	NC_003047.1:679893..681197	histidinol dehydrogenase [Sinorhizobium meliloti 1021].
NP_384733.1	SMc02321			complement(NC_003047.1:690552..691844)	sugar isomerase [Sinorhizobium meliloti 1021].
NP_384738.1	SMc03000			NC_003047.1:697771..698751	ABC transporter permease [Sinorhizobium meliloti 1021].
NP_384741.1	SMc03003			NC_003047.1:700077..701465	hypothetical protein SMc03003 [Sinorhizobium meliloti 1021].
NP_384763.1	SMc03025		fliI	NC_003047.1:722679..724082	flagellum-specific ATP synthase [Sinorhizobium meliloti 1021].
NP_384801.1	SMc03061		aglE	NC_003047.1:757756..759132	alpha-glucoside ABC transporter periplasmic-binding protein [Sinorhizobium meliloti 1021].
NP_384802.1	SMc03062		aglF	NC_003047.1:759384..760394	alpha-glucoside ABC transporter permease [Sinorhizobium meliloti 1021].
NP_384803.1	SMc03063		aglG	NC_003047.1:760396..761538	alpha-glucoside ABC transporter permease [Sinorhizobium meliloti 1021].
NP_384804.1	SMc03064		aglA	NC_003047.1:761568..763223	alpha-glucosidase [Sinorhizobium meliloti 1021].
NP_384808.1	SMc03068		edd	complement(NC_003047.1:766634..768454)	phosphogluconate dehydratase [Sinorhizobium meliloti 1021].
NP_384809.1	SMc03069		pgl	complement(NC_003047.1:768546..769244)	6-phosphogluconolactonase [Sinorhizobium meliloti 1021].
NP_384810.1	SMc03070		zwf	complement(NC_003047.1:769253..770728)	glucose-6-phosphate 1-dehydrogenase [Sinorhizobium meliloti 1021].
NP_384818.1	SMc00768		aceA	complement(NC_003047.1:779980..781269)	isocitrate lyase [Sinorhizobium meliloti 1021].
NP_384820.1	SMc00770		potF	NC_003047.1:783254..784348	putrescine-binding periplasmic protein [Sinorhizobium meliloti 1021].
NP_384821.1	SMc00771		potG	NC_003047.1:784466..785611	putrescine ABC transporter ATP-binding protein [Sinorhizobium meliloti 1021].
NP_384822.1	SMc00772		potH	NC_003047.1:785616..786527	putrescine ABC transporter permease [Sinorhizobium meliloti 1021].
NP_384823.1	SMc00773		potI	NC_003047.1:786531..787352	putrescine ABC transporter permease [Sinorhizobium meliloti 1021].
NP_384825.1	SMc00774		acsA2	NC_003047.1:789645..791597	acetoacetyl-CoA synthetase [Sinorhizobium meliloti 1021].
NP_384826.1	SMc00775		fbpB	complement(NC_003047.1:791887..793569)	iron(III) permease [Sinorhizobium meliloti 1021].
NP_384832.1	SMc00781		iolA	NC_003047.1:801316..802812	malonic semialdehyde oxidative decarboxylase [Sinorhizobium meliloti 1021].
NP_384835.1	SMc00784			complement(NC_003047.1:805302..806345)	iron binding protein [Sinorhizobium meliloti 1021].
NP_384837.1	SMc00786		dppA1	NC_003047.1:807487..809082	periplasmic dipeptide-binding protein [Sinorhizobium meliloti 1021].
NP_384838.1	SMc00787		dppB1	NC_003047.1:809186..810190	peptide ABC transporter permease [Sinorhizobium meliloti 1021].
NP_384839.1	SMc00788		dppC1	NC_003047.1:810201..811109	peptide ABC transporter permease [Sinorhizobium meliloti 1021].
NP_384840.1	SMc00789		dppD1	NC_003047.1:811111..811965	peptide ABC transporter ATP-binding protein [Sinorhizobium meliloti 1021].
NP_384848.1	SMc00797			NC_003047.1:817466..818719	oxidoreductase [Sinorhizobium meliloti 1021].
NP_384850.1	SMc00799			complement(NC_003047.1:819147..819719)	hypothetical protein SMc00799 [Sinorhizobium meliloti 1021].
NP_384861.1	SMc00810			NC_003047.1:830836..832176	hypothetical protein SMc00810 [Sinorhizobium meliloti 1021].
NP_384866.1	SMc00815		guaB	NC_003047.1:836212..837714	inosine 5'-monophosphate dehydrogenase [Sinorhizobium meliloti 1021].
NP_384878.2	SMc00827			complement(NC_003047.1:847602..849146)	transport transmembrane protein [Sinorhizobium meliloti 1021].
NP_384883.1	SMc00832		glcD	NC_003047.1:853444..854883	glycolate oxidase subunit protein [Sinorhizobium meliloti 1021].
NP_384884.1	SMc00833		glcE	NC_003047.1:854880..856097	glycolate oxidase subunit protein [Sinorhizobium meliloti 1021].
NP_384885.2	SMc00926		glcF	NC_003047.1:856192..857523	glycolate oxidase iron-sulfur subunit protein [Sinorhizobium meliloti 1021].
NP_384889.1	SMc00922			complement(NC_003047.1:860384..861841)	transporter transmembrane protein [Sinorhizobium meliloti 1021].
NP_384894.1	SMc00917		hisG	NC_003047.1:865805..866500	ATP phosphoribosyltransferase catalytic subunit [Sinorhizobium meliloti 1021].
NP_384902.1	SMc00909		ribF	NC_003047.1:873416..874399	bifunctional riboflavin kinase/FMN adenylyltransferase [Sinorhizobium meliloti 1021].
NP_384906.1	SMc00905			complement(NC_003047.1:878931..879380)	deaminase [Sinorhizobium meliloti 1021].
NP_384912.1	SMc00898		kefB1	complement(NC_003047.1:883723..885555)	glutathione-regulated potassium-efflux system transmembrane protein [Sinorhizobium meliloti 1021].
NP_384916.1	SMc00894		kdtA	NC_003047.1:888315..889628	3-deoxy-D-manno-octulosonic-acid transferase [Sinorhizobium meliloti 1021].
NP_384917.1	SMc00893			NC_003047.1:889665..890375	hypothetical protein SMc00893 [Sinorhizobium meliloti 1021].
NP_384918.1	SMc00892		lpxK	NC_003047.1:890518..891558	tetraacyldisaccharide 4'-kinase [Sinorhizobium meliloti 1021].
NP_384930.1	SMc00882			complement(NC_003047.1:904691..905329)	2-dehydro-3-deoxy-6-phosphogalactonate aldolase [Sinorhizobium meliloti 1021].
NP_384931.1	SMc00881		dgoK1	complement(NC_003047.1:905344..906264)	2-dehydro-3-deoxygalactonokinase [Sinorhizobium meliloti 1021].
NP_384938.1	SMc00873		kup1	NC_003047.1:912907..914775	KUP system potassium uptake transmembrane protein [Sinorhizobium meliloti 1021].
NP_384949.1	SMc00863		moaB	complement(NC_003047.1:923950..924492)	molybdenum cofactor biosynthesis protein B [Sinorhizobium meliloti 1021].
NP_384950.1	SMc00862		ipk	complement(NC_003047.1:924500..925405)	4-diphosphocytidyl-2-C-methyl-D-erythritol kinase [Sinorhizobium meliloti 1021].
NP_384952.1	SMc00860		ispB	complement(NC_003047.1:927505..928521)	octaprenyl-diphosphate synthase [Sinorhizobium meliloti 1021].
NP_384964.1	SMc00993		purD	complement(NC_003047.1:938694..939965)	phosphoribosylamine--glycine ligase [Sinorhizobium meliloti 1021].
NP_384970.1	SMc00988		ubiA	NC_003047.1:946982..947938	4-hydroxybenzoate polyprenyltransferase [Sinorhizobium meliloti 1021].
NP_384977.1	SMc00981			NC_003047.1:956324..957418	ferredoxin protein [Sinorhizobium meliloti 1021].
NP_384992.1	SMc00966			complement(NC_003047.1:973742..974935)	acetyl-COA acyltransferase [Sinorhizobium meliloti 1021].
NP_384993.1	SMc00965			complement(NC_003047.1:974919..976415)	hypothetical protein SMc00965 [Sinorhizobium meliloti 1021].
NP_384999.1	SMc00068			complement(NC_003047.1:981288..982517)	hypothetical protein SMc00068 [Sinorhizobium meliloti 1021].
NP_385001.1	SMc00069		pdxH	complement(NC_003047.1:983810..984430)	pyridoxamine 5'-phosphate oxidase [Sinorhizobium meliloti 1021].
NP_385004.1	SMc00005		fabI1	NC_003047.1:986489..987307	enoyl-ACP reductase [Sinorhizobium meliloti 1021].
NP_385005.1	SMc00006			NC_003047.1:987452..988036	hypothetical protein SMc00006 [Sinorhizobium meliloti 1021].
NP_385007.1	SMc00007		aroC	NC_003047.1:988748..989845	chorismate synthase [Sinorhizobium meliloti 1021].
NP_385008.1	SMc00008		ribA	NC_003047.1:989937..991037	riboflavin biosynthesis protein RibA [Sinorhizobium meliloti 1021].
NP_385010.1	SMc00009		ctaC	NC_003047.1:992038..992922	cytochrome C oxidase subunit II protein [Sinorhizobium meliloti 1021].
NP_385011.1	SMc00010		ctaD	NC_003047.1:992942..994630	cytochrome C oxidase polypeptide I transmembrane protein [Sinorhizobium meliloti 1021].
NP_385012.1	SMc00450		ctaB	NC_003047.1:994627..995679	protoheme IX farnesyltransferase [Sinorhizobium meliloti 1021].
NP_385014.1	SMc00012		ctaG	NC_003047.1:995831..996427	cytochrome C oxidase assembly protein [Sinorhizobium meliloti 1021].
NP_385015.2	SMc00013		ctaE	NC_003047.1:996489..997367	cytochrome C oxidase subunit III transmembrane protein [Sinorhizobium meliloti 1021].
NP_385018.1	SMc00016		ispH	NC_003047.1:998733..999785	4-hydroxy-3-methylbut-2-enyl diphosphate reductase [Sinorhizobium meliloti 1021].
NP_385019.1	SMc00017		thrB	NC_003047.1:999940..1000920	homoserine kinase [Sinorhizobium meliloti 1021].
NP_385026.2	SMc00451			complement(NC_003047.1:1007719..1009017)	processing protease [Sinorhizobium meliloti 1021].
NP_385027.1	SMc00077		thrC1	complement(NC_003047.1:1009036..1010436)	threonine synthase [Sinorhizobium meliloti 1021].
NP_385029.1	SMc00078		livJ	complement(NC_003047.1:1011536..1012642)	Leu/Ile/Val-binding protein [Sinorhizobium meliloti 1021].
NP_385030.1	SMc00079			complement(NC_003047.1:1012771..1013466)	hypothetical protein SMc00079 [Sinorhizobium meliloti 1021].
NP_385038.1	SMc00025		ppdK	NC_003047.1:1023072..1025768	pyruvate phosphate dikinase [Sinorhizobium meliloti 1021].
NP_385048.1	SMc00090		cysN	complement(NC_003047.1:1034852..1036348)	sulfate adenylyltransferase [Sinorhizobium meliloti 1021].
NP_385049.1	SMc00091		cysD	complement(NC_003047.1:1036348..1037301)	sulfate adenylyltransferase [Sinorhizobium meliloti 1021].
NP_385050.1	SMc00092		cysH	complement(NC_003047.1:1037349..1038146)	phosphoadenosine phosphosulfate reductase [Sinorhizobium meliloti 1021].
NP_385053.1	SMc00093		betA	complement(NC_003047.1:1039293..1040942)	choline dehydrogenase [Sinorhizobium meliloti 1021].
NP_385054.1	SMc00094		betB	complement(NC_003047.1:1041153..1042616)	betaine aldehyde dehydrogenase [Sinorhizobium meliloti 1021].
NP_385055.1	SMc00127		betC	complement(NC_003047.1:1042618..1044156)	choline sulfatase [Sinorhizobium meliloti 1021].
NP_385059.1	SMc00034			NC_003047.1:1047631..1048614	oxidoreductase [Sinorhizobium meliloti 1021].
NP_385065.1	SMc00038			NC_003047.1:1053664..1055982	hypothetical protein SMc00038 [Sinorhizobium meliloti 1021].
NP_385072.1	SMc00101			complement(NC_003047.1:1060630..1061457)	oxidoreductase [Sinorhizobium meliloti 1021].
NP_385076.1	SMc00105			complement(NC_003047.1:1064165..1065205)	oxidoreductase transmembrane protein [Sinorhizobium meliloti 1021].
NP_385077.2	SMc00042		ilvE2	NC_003047.1:1065361..1066242	aminotransferase [Sinorhizobium meliloti 1021].
NP_385087.1	SMc00110		gcd	complement(NC_003047.1:1073224..1075557)	glucose dehydrogenase [Sinorhizobium meliloti 1021].
NP_385097.2	SMc00117			complement(NC_003047.1:1084374..1084781)	hypothetical protein SMc00117 [Sinorhizobium meliloti 1021].
NP_385099.1	SMc00052		phaB2	NC_003047.1:1087406..1087825	monovalent cation/H+ antiporter subunit B [Sinorhizobium meliloti 1021].
NP_385100.1	SMc00053		phaC2	NC_003047.1:1087825..1088202	monovalent cation/H+ antiporter subunit C [Sinorhizobium meliloti 1021].
NP_385101.1	SMc00054		phaD2	NC_003047.1:1088209..1089774	monovalent cation/H+ antiporter subunit D [Sinorhizobium meliloti 1021].
NP_385102.1	SMc00055		phaE2	NC_003047.1:1089771..1090247	monovalent cation/H+ antiporter subunit E [Sinorhizobium meliloti 1021].
NP_385103.1	SMc00056		phaF2	NC_003047.1:1090244..1090615	monovalent cation/H+ antiporter subunit F [Sinorhizobium meliloti 1021].
NP_385104.1	SMc00057		phaG2	NC_003047.1:1090615..1090965	monovalent cation/H+ antiporter subunit G [Sinorhizobium meliloti 1021].
NP_385106.1	SMc00118			complement(NC_003047.1:1092006..1092428)	hypothetical protein SMc00118 [Sinorhizobium meliloti 1021].
NP_385132.1	SMc02370		pepN	complement(NC_003047.1:1121700..1124354)	aminopeptidase N [Sinorhizobium meliloti 1021].
NP_385144.1	SMc02382			NC_003047.1:1136285..1137211	hypothetical protein SMc02382 [Sinorhizobium meliloti 1021].
NP_385148.1	SMc02386		amn	complement(NC_003047.1:1140807..1142309)	AMP nucleosidase [Sinorhizobium meliloti 1021].
NP_385155.1	SMc02393			complement(NC_003047.1:1145519..1146640)	histidinol-phosphate aminotransferase [Sinorhizobium meliloti 1021].
NP_385164.1	SMc02403			complement(NC_003047.1:1153838..1155883)	murein transglycosylase [Sinorhizobium meliloti 1021].
NP_385165.1	SMc02404		dapA	NC_003047.1:1156180..1157064	dihydrodipicolinate synthase [Sinorhizobium meliloti 1021].
NP_385171.1	SMc02659		relA	NC_003047.1:1164419..1166644	GTP pyrophosphokinase (ATP:GTP 3'-pyrophosphotransferase) protein [Sinorhizobium meliloti 1021].
NP_385182.1	SMc02648			complement(NC_003047.1:1172481..1173182)	transport transmembrane protein [Sinorhizobium meliloti 1021].
NP_385184.1	SMc02646			complement(NC_003047.1:1173653..1174654)	hypothetical protein SMc02646 [Sinorhizobium meliloti 1021].
NP_385188.1	SMc02641		rkpK	complement(NC_003047.1:1179630..1180943)	UDP-glucose 6-dehydrogenase [Sinorhizobium meliloti 1021].
NP_385200.1	SMc02601		nadA	NC_003047.1:1193610..1194689	quinolinate synthetase [Sinorhizobium meliloti 1021].
NP_385201.1	SMc02599		nadB	NC_003047.1:1194739..1196337	L-aspartate oxidase [Sinorhizobium meliloti 1021].
NP_385202.1	SMc02598		nadC	NC_003047.1:1196387..1197286	nicotinate-nucleotide pyrophosphorylase carboxylating protein [Sinorhizobium meliloti 1021].
NP_385204.1	SMc02661			NC_003047.1:1198811..1200490	toxin secretion ATP-binding ABC transporter protein [Sinorhizobium meliloti 1021].
NP_385210.1	SMc02558			complement(NC_003047.1:1204581..1205423)	hypothetical protein SMc02558 [Sinorhizobium meliloti 1021].
NP_385214.1	SMc02554			complement(NC_003047.1:1207165..1207629)	hypothetical protein SMc02554 [Sinorhizobium meliloti 1021].
NP_385222.1	SMc02546		leuA2	NC_003047.1:1213129..1214745	alpha-isopropylmalate/homocitrate synthase family transferase [Sinorhizobium meliloti 1021].
NP_385226.1	SMc00550			NC_003047.1:1218739..1220622	ABC transporter ATP-binding protein [Sinorhizobium meliloti 1021].
NP_385227.1	SMc00551			NC_003047.1:1220729..1221427	phosphatidylserine decarboxylase [Sinorhizobium meliloti 1021].
NP_385228.1	SMc00552		pssA	NC_003047.1:1221437..1222306	CDP-diacylglycerol--serine O-phosphatidyltransferase transmembrane protein [Sinorhizobium meliloti 1021].
NP_385230.1	SMc00554		purF	complement(NC_003047.1:1223663..1225153)	amidophosphoribosyltransferase [Sinorhizobium meliloti 1021].
NP_385233.1	SMc00557		alr	complement(NC_003047.1:1227495..1228634)	alanine racemase [Sinorhizobium meliloti 1021].
NP_385247.1	SMc00571		fabD	NC_003047.1:1240670..1241614	ACP S-malonyltransferase [Sinorhizobium meliloti 1021].
NP_385248.1	SMc00572		fabG	NC_003047.1:1241639..1242376	3-ketoacyl-ACP reductase [Sinorhizobium meliloti 1021].
NP_385249.1	SMc00573		acpP	NC_003047.1:1242713..1242949	acyl carrier protein [Sinorhizobium meliloti 1021].
NP_385250.1	SMc00574		fabF	NC_003047.1:1243255..1244520	3-oxoacyl-ACP synthase [Sinorhizobium meliloti 1021].
NP_385251.1	SMc00575			NC_003047.1:1244845..1246044	hypothetical protein SMc00575 [Sinorhizobium meliloti 1021].
NP_385253.1	SMc00577		gmk	NC_003047.1:1247182..1247841	guanylate kinase [Sinorhizobium meliloti 1021].
NP_385261.1	SMc00585		pepA	NC_003047.1:1256168..1257661	leucyl aminopeptidase [Sinorhizobium meliloti 1021].
NP_385270.1	SMc00595		ndk	NC_003047.1:1268126..1268548	nucleoside diphosphate kinase [Sinorhizobium meliloti 1021].
NP_385276.1	SMc00601		pgsA	complement(NC_003047.1:1271487..1272074)	CDP-diacylglycerol--glycerol-3-phosphate 3-phosphatidyltransferase [Sinorhizobium meliloti 1021].
NP_385284.1	SMc00609		dmsA	NC_003047.1:1279209..1281323	anaerobic dimethyl sulfoxide reductase subunit A [Sinorhizobium meliloti 1021].
NP_385285.1	SMc00610			NC_003047.1:1281531..1282127	hypothetical protein SMc00610 [Sinorhizobium meliloti 1021].
NP_385289.1	SMc00614		purN	complement(NC_003047.1:1286215..1286877)	phosphoribosylglycinamide formyltransferase [Sinorhizobium meliloti 1021].
NP_385290.1	SMc00615		purM	complement(NC_003047.1:1286874..1287944)	phosphoribosylaminoimidazole synthetase [Sinorhizobium meliloti 1021].
NP_385293.1	SMc00618		ppk	NC_003047.1:1290115..1292325	polyphosphate kinase [Sinorhizobium meliloti 1021].
NP_385298.1	SMc01754			complement(NC_003047.1:1297956..1299350)	oxidoreductase [Sinorhizobium meliloti 1021].
NP_385310.1	SMc01766		hemB	complement(NC_003047.1:1312688..1313830)	delta-aminolevulinic acid dehydratase [Sinorhizobium meliloti 1021].
NP_385314.1	SMc01770		glyA	NC_003047.1:1316903..1318198	serine hydroxymethyltransferase [Sinorhizobium meliloti 1021].
NP_385316.1	SMc01772		ribD	NC_003047.1:1318702..1319907	riboflavin biosynthesis protein [Sinorhizobium meliloti 1021].
NP_385317.1	SMc01773		ribE	NC_003047.1:1319908..1320528	riboflavin synthase subunit alpha [Sinorhizobium meliloti 1021].
NP_385321.1	SMc01777		ribH	NC_003047.1:1322709..1323170	6,7-dimethyl-8-ribityllumazine synthase [Sinorhizobium meliloti 1021].
NP_385324.1	SMc01780		hppA	NC_003047.1:1325083..1327218	membrane-bound proton-translocating pyrophosphatase [Sinorhizobium meliloti 1021].
NP_385328.1	SMc01784		plsX	NC_003047.1:1329299..1330342	glycerol-3-phosphate acyltransferase PlsX [Sinorhizobium meliloti 1021].
NP_385329.1	SMc01785		fabH	NC_003047.1:1330361..1331332	3-oxoacyl-ACP synthase [Sinorhizobium meliloti 1021].
NP_385342.1	SMc01797			NC_003047.1:1345174..1345824	acetyltransferase [Sinorhizobium meliloti 1021].
NP_385346.2	SMc01801		argC	complement(NC_003047.1:1348142..1349074)	N-acetyl-gamma-glutamyl-phosphate reductase [Sinorhizobium meliloti 1021].
NP_385347.1	SMc01802		speB	complement(NC_003047.1:1349168..1350124)	agmatinase [Sinorhizobium meliloti 1021].
NP_385351.1	SMc01806			NC_003047.1:1352032..1352853	enoyl-CoA hydratase [Sinorhizobium meliloti 1021].
NP_385354.1	SMc01809			NC_003047.1:1354426..1355706	O-acetylhomoserine aminocarboxypropyltransferase [Sinorhizobium meliloti 1021].
NP_385360.1	SMc04448			NC_003047.1:1360238..1361803	hypothetical protein SMc04448 [Sinorhizobium meliloti 1021].
NP_385385.1	SMc01927		nuoN	NC_003047.1:1392670..1394112	NADH dehydrogenase subunit N [Sinorhizobium meliloti 1021].
NP_385388.1	SMc01930			NC_003047.1:1396630..1397034	hypothetical protein SMc01930 [Sinorhizobium meliloti 1021].
NP_385400.1	SMc01370		pleD	NC_003047.1:1410107..1411474	response regulator PleD [Sinorhizobium meliloti 1021].
NP_385408.1	SMc01362			complement(NC_003047.1:1421042..1421653)	glycerol-3-phosphate acyltransferase PlsY [Sinorhizobium meliloti 1021].
NP_385409.1	SMc01361			complement(NC_003047.1:1421683..1422975)	dihydroorotase [Sinorhizobium meliloti 1021].
NP_385410.1	SMc01360		pyrB	complement(NC_003047.1:1422972..1423913)	aspartate carbamoyltransferase catalytic subunit [Sinorhizobium meliloti 1021].
NP_385411.1	SMc01359		aidB	NC_003047.1:1424056..1425708	oxidoreductase [Sinorhizobium meliloti 1021].
NP_385425.3	SMc01345		accC	complement(NC_003047.1:1435047..1436396)	acetyl-CoA carboxylase biotin carboxylase subunit [Sinorhizobium meliloti 1021].
NP_385426.1	SMc01344		accB	complement(NC_003047.1:1436403..1436879)	acetyl-CoA carboxylase biotin carboxyl carrier protein subunit [Sinorhizobium meliloti 1021].
NP_385427.1	SMc01343		aroQ	complement(NC_003047.1:1436903..1437349)	3-dehydroquinate dehydratase [Sinorhizobium meliloti 1021].
NP_385430.1	SMc01340			NC_003047.1:1438485..1439642	aminotransferase [Sinorhizobium meliloti 1021].
NP_385435.2	SMc01335		amiC	NC_003047.1:1445119..1446399	N-acetylmuramoyl-L-alanine amidase AMIC precursor transmembrane protein [Sinorhizobium meliloti 1021].
NP_385436.1	SMc01334		mrcA1	NC_003047.1:1446764..1449217	penicillin-binding 1A transmembrane protein [Sinorhizobium meliloti 1021].
NP_385439.1	SMc01331		ppnK	complement(NC_003047.1:1451534..1452307)	inorganic polyphosphate/ATP-NAD kinase [Sinorhizobium meliloti 1021].
NP_385460.1	SMc01311		tuf	NC_003047.1:1477275..1478450	elongation factor Tu [Sinorhizobium meliloti 1021].
NP_385483.2	SMc01288		adk	NC_003047.1:1489926..1490504	adenylate kinase [Sinorhizobium meliloti 1021].
NP_385494.1	SMc01276		gph2	complement(NC_003047.1:1499879..1500544)	phosphoglycolate phosphatase [Sinorhizobium meliloti 1021].
NP_385497.1	SMc01273			complement(NC_003047.1:1501986..1502819)	S-formylglutathione hydrolase [Sinorhizobium meliloti 1021].
NP_385500.1	SMc01270		adhC1	complement(NC_003047.1:1504032..1505159)	alcohol dehydrogenase [Sinorhizobium meliloti 1021].
NP_385502.1	SMc01268		lipB	complement(NC_003047.1:1505829..1506587)	lipoate-protein ligase B [Sinorhizobium meliloti 1021].
NP_385509.1	SMc01261			NC_003047.1:1514121..1515542	transporter transmembrane protein [Sinorhizobium meliloti 1021].
NP_385514.1	SMc01256		sda	NC_003047.1:1519212..1520612	L-serine dehydratase [Sinorhizobium meliloti 1021].
NP_385517.2	SMc00996			complement(NC_003047.1:1522150..1523652)	hypothetical protein SMc00996 [Sinorhizobium meliloti 1021].
NP_385525.1	SMc01004		hisI	complement(NC_003047.1:1531283..1531735)	phosphoribosyl-AMP cyclohydrolase [Sinorhizobium meliloti 1021].
NP_385526.1	SMc01005		folE	complement(NC_003047.1:1531837..1532451)	GTP cyclohydrolase I [Sinorhizobium meliloti 1021].
NP_385544.1	SMc01023		tpiA	NC_003047.1:1548277..1549047	triosephosphate isomerase [Sinorhizobium meliloti 1021].
NP_385546.1	SMc01025		pyrG	NC_003047.1:1549799..1551427	CTP synthetase [Sinorhizobium meliloti 1021].
NP_385548.1	SMc01027		kdsA	NC_003047.1:1552470..1553312	2-dehydro-3-deoxyphosphooctonate aldolase [Sinorhizobium meliloti 1021].
NP_385549.1	SMc01028		eno	NC_003047.1:1553447..1554721	phosphopyruvate hydratase [Sinorhizobium meliloti 1021].
NP_385556.1	SMc01035		lpdA1	NC_003047.1:1561049..1562494	dihydrolipoamide dehydrogenase [Sinorhizobium meliloti 1021].
NP_385558.1	SMc01037		lipA	NC_003047.1:1562956..1563924	lipoyl synthase [Sinorhizobium meliloti 1021].
NP_385562.3	SMc01040		ispDF	complement(NC_003047.1:1565866..1567170)	bifunctional 2-C-methyl-D-erythritol 4-phosphate cytidylyltransferase/2-C-methyl-D-erythritol 2,4-cyclodiphosphate synthase [Sinorhizobium meliloti 1021].
NP_385568.1	SMc01046		trkA	NC_003047.1:1574775..1576151	potassium transporter peripheral membrane protein [Sinorhizobium meliloti 1021].
NP_385569.1	SMc01047			NC_003047.1:1576163..1577026	D-amino acid aminotransferase [Sinorhizobium meliloti 1021].
NP_385573.1	SMc01051		mazG	complement(NC_003047.1:1581612..1582445)	nucleoside triphosphate pyrophosphohydrolase [Sinorhizobium meliloti 1021].
NP_385575.1	SMc01053		cysG	NC_003047.1:1583260..1584717	siroheme synthase [Sinorhizobium meliloti 1021].
NP_385581.1	SMc02121		aapP	complement(NC_003047.1:1588831..1589607)	general L-amino acid transport ATP-binding ABC transporter protein [Sinorhizobium meliloti 1021].
NP_385582.1	SMc02120		aapM	complement(NC_003047.1:1589626..1590780)	general L-amino acid transport permease ABC transporter protein [Sinorhizobium meliloti 1021].
NP_385583.1	SMc02119		aapQ	complement(NC_003047.1:1590785..1591978)	general L-amino acid transport permease ABC transporter protein [Sinorhizobium meliloti 1021].
NP_385584.1	SMc02118		aapJ	complement(NC_003047.1:1592083..1593108)	general L-amino acid-binding periplasmic ABC transporter protein [Sinorhizobium meliloti 1021].
NP_385585.1	SMc02117		metC	NC_003047.1:1593446..1594633	cystathionine beta-lyase [Sinorhizobium meliloti 1021].
NP_385589.1	SMc02113		cysE	NC_003047.1:1597391..1598218	serine acetyltransferase [Sinorhizobium meliloti 1021].
NP_385598.1	SMc02104			complement(NC_003047.1:1605408..1606133)	hypothetical protein SMc02104 [Sinorhizobium meliloti 1021].
NP_385603.1	SMc02099		pyrH	NC_003047.1:1609884..1610606	uridylate kinase [Sinorhizobium meliloti 1021].
NP_385605.1	SMc02097		uppS	NC_003047.1:1611255..1611998	UDP pyrophosphate synthase [Sinorhizobium meliloti 1021].
NP_385606.1	SMc02096		cdsA	NC_003047.1:1611998..1612831	phosphatidate cytidylyltransferase [Sinorhizobium meliloti 1021].
NP_385609.1	SMc02093		lpxD	NC_003047.1:1616710..1617774	UDP-3-O-[3-hydroxymyristoyl] glucosamine N-acyltransferase [Sinorhizobium meliloti 1021].
NP_385610.1	SMc02092		fabZ	NC_003047.1:1617767..1618231	(3R)-hydroxymyristoyl-ACP dehydratase [Sinorhizobium meliloti 1021].
NP_385611.1	SMc02091		lpxA	NC_003047.1:1618234..1619046	UDP-N-acetylglucosamine acyltransferase [Sinorhizobium meliloti 1021].
NP_385613.1	SMc02089		lpxB	NC_003047.1:1619930..1621099	lipid-A-disaccharide synthase [Sinorhizobium meliloti 1021].
NP_385615.1	SMc02087		gltA	complement(NC_003047.1:1622121..1623410)	type II citrate synthase [Sinorhizobium meliloti 1021].
NP_385620.1	SMc02082		tolC	NC_003047.1:1629672..1631042	outer membrane secretion protein [Sinorhizobium meliloti 1021].
NP_385626.1	SMc02076		cls	NC_003047.1:1639171..1640634	cardiolipin synthetase transmembrane protein [Sinorhizobium meliloti 1021].
NP_385628.1	SMc02074			NC_003047.1:1641206..1642423	deoxyguanosinetriphosphate triphosphohydrolase-like protein [Sinorhizobium meliloti 1021].
NP_385631.1	SMc02071			NC_003047.1:1647300..1648334	hydrolase glycosidase [Sinorhizobium meliloti 1021].
NP_385639.1	SMc02063		surE	NC_003047.1:1654441..1655211	stationary phase survival protein SurE [Sinorhizobium meliloti 1021].
NP_385654.1	SMc02048		gcvH	complement(NC_003047.1:1673243..1673605)	glycine cleavage system protein H [Sinorhizobium meliloti 1021].
NP_385655.1	SMc02047		gcvT	complement(NC_003047.1:1673622..1674761)	glycine cleavage system aminomethyltransferase T [Sinorhizobium meliloti 1021].
NP_385661.1	SMc01237		nrd	complement(NC_003047.1:1681005..1684796)	ribonucleotide-diphosphate reductase subunit alpha [Sinorhizobium meliloti 1021].
NP_385667.1	SMc01230			complement(NC_003047.1:1694423..1695409)	transglycosylase transmembrane protein [Sinorhizobium meliloti 1021].
NP_385673.1	SMc01224		trxB	complement(NC_003047.1:1700159..1701133)	thioredoxin reductase [Sinorhizobium meliloti 1021].
NP_385677.1	SMc01220		lpsE	NC_003047.1:1704018..1705040	lipopolysaccharide core biosynthesis glycosyl transferase [Sinorhizobium meliloti 1021].
NP_385682.1	SMc01215		carB	complement(NC_003047.1:1708859..1712350)	carbamoyl phosphate synthase large subunit [Sinorhizobium meliloti 1021].
NP_385683.1	SMc01214			complement(NC_003047.1:1712553..1713596)	zinc-containing alcohol dehydrogenase [Sinorhizobium meliloti 1021].
NP_385685.1	SMc01212			NC_003047.1:1715098..1716345	transport transmembrane protein [Sinorhizobium meliloti 1021].
NP_385688.1	SMc01209		coaD	NC_003047.1:1719314..1719805	phosphopantetheine adenylyltransferase [Sinorhizobium meliloti 1021].
NP_385710.1	SMc01189		tmk	complement(NC_003047.1:1740782..1741486)	thymidylate kinase [Sinorhizobium meliloti 1021].
NP_385711.1	SMc01188		dac	complement(NC_003047.1:1741544..1742698)	penicillin-binding precursor (D-alanyl-D-alanine carboxypeptidase fraction A) transmembrane protein [Sinorhizobium meliloti 1021].
NP_385720.1	SMc01179			NC_003047.1:1752970..1753314	multidrug transmembrane resistance signal peptide protein [Sinorhizobium meliloti 1021].
NP_385721.1	SMc01178			NC_003047.1:1753311..1753637	multidrug transmembrane resistance signal peptide protein [Sinorhizobium meliloti 1021].
NP_385725.1	SMc01174		cysK2	NC_003047.1:1755660..1756745	cysteine synthase A [Sinorhizobium meliloti 1021].
NP_385730.1	SMc01169		ald	complement(NC_003047.1:1759743..1760861)	alanine dehydrogenase oxidoreductase [Sinorhizobium meliloti 1021].
NP_385732.1	SMc04449		cpdB	NC_003047.1:1761609..1763582	bifunctional 2',3'-cyclic nucleotide 2'-phosphodiesterase/3'-nucleotidase periplasmic protein [Sinorhizobium meliloti 1021].
NP_385734.1	SMc00936		ilvA	complement(NC_003047.1:1764290..1765537)	threonine dehydratase [Sinorhizobium meliloti 1021].
NP_385735.1	SMc00937		trkH	NC_003047.1:1765694..1767148	TRK system potassium uptake transmembrane protein [Sinorhizobium meliloti 1021].
NP_385743.1	SMc00945		gpt	NC_003047.1:1771930..1772427	xanthine-guanine phosphoribosyltransferase [Sinorhizobium meliloti 1021].
NP_385746.1	SMc00948		glnA	NC_003047.1:1774760..1776169	glutamine synthetase [Sinorhizobium meliloti 1021].
NP_385763.1	SMc00232		glmU	complement(NC_003047.1:1796872..1798242)	bifunctional N-acetylglucosamine-1-phosphate uridyltransferase/glucosamine-1-phosphate acetyltransferase [Sinorhizobium meliloti 1021].
NP_385764.1	SMc00233			complement(NC_003047.1:1798398..1800044)	hypothetical protein SMc00233 [Sinorhizobium meliloti 1021].
NP_385766.1	SMc00235		trpD	NC_003047.1:1802308..1803321	anthranilate phosphoribosyltransferase [Sinorhizobium meliloti 1021].
NP_385767.1	SMc00236		trpC	NC_003047.1:1803331..1804146	Indole-3-glycerol phosphate synthase [Sinorhizobium meliloti 1021].
NP_385769.1	SMc00238		moeA	NC_003047.1:1804640..1805860	molybdopterin biosynthesis protein [Sinorhizobium meliloti 1021].
NP_385777.1	SMc00246		qor	complement(NC_003047.1:1813837..1814814)	quinone oxidoreductase [Sinorhizobium meliloti 1021].
NP_385794.1	SMc00260			complement(NC_003047.1:1828026..1828790)	oxidoreductase [Sinorhizobium meliloti 1021].
NP_385795.1	SMc00261			complement(NC_003047.1:1828787..1830436)	acyl-CoA synthetase [Sinorhizobium meliloti 1021].
NP_385796.1	SMc00262			complement(NC_003047.1:1830433..1831602)	acetyl-CoA acetyltransferase [Sinorhizobium meliloti 1021].
NP_385803.1	SMc00269			complement(NC_003047.1:1838279..1839325)	transketolase [Sinorhizobium meliloti 1021].
NP_385804.1	SMc00270			complement(NC_003047.1:1839338..1840192)	transketolase subunit alpha [Sinorhizobium meliloti 1021].
NP_385825.1	SMc00290		gloA	NC_003047.1:1859795..1860235	lactoylglutathione lyase [Sinorhizobium meliloti 1021].
NP_385828.1	SMc00293		thrA	complement(NC_003047.1:1864871..1866193)	homoserine dehydrogenase [Sinorhizobium meliloti 1021].
NP_385829.1	SMc00294			complement(NC_003047.1:1866274..1867491)	aminotransferase [Sinorhizobium meliloti 1021].
NP_385831.1	SMc00296		phbC	NC_003047.1:1868133..1869968	POLY3-hydroxybutyrate polymerase [Sinorhizobium meliloti 1021].
NP_385835.1	SMc00300			NC_003047.1:1872516..1873919	soluble pyridine nucleotide transhydrogenase [Sinorhizobium meliloti 1021].
NP_385836.1	SMc00301			complement(NC_003047.1:1874133..1874525)	hypothetical protein SMc00301 [Sinorhizobium meliloti 1021].
NP_385837.1	SMc00302			complement(NC_003047.1:1874621..1875001)	hypothetical protein SMc00302 [Sinorhizobium meliloti 1021].
NP_385838.1	SMc00533			complement(NC_003047.1:1875012..1876256)	pyridoxal-phosphate-dependent aminotransferase [Sinorhizobium meliloti 1021].
NP_385839.1	SMc00532			complement(NC_003047.1:1876269..1877546)	hypothetical protein SMc00532 [Sinorhizobium meliloti 1021].
NP_385840.1	SMc00531			complement(NC_003047.1:1877569..1878324)	ABC transporter ATP-binding protein [Sinorhizobium meliloti 1021].
NP_385841.1	SMc00530			complement(NC_003047.1:1878402..1879871)	cysteine desulfurase activator complex subunit SufB [Sinorhizobium meliloti 1021].
NP_385842.1	SMc00529		nifS	complement(NC_003047.1:1880026..1881192)	pyridoxal-phosphate-dependent aminotransferase [Sinorhizobium meliloti 1021].
NP_385844.1	SMc00527		anmK	complement(NC_003047.1:1882476..1883627)	anhydro-N-acetylmuramic acid kinase [Sinorhizobium meliloti 1021].
NP_385847.1	SMc00524		bcp	NC_003047.1:1888877..1889344	bacterioferritin comigratory protein [Sinorhizobium meliloti 1021].
NP_385850.2	SMc00539			NC_003047.1:1890312..1891637	hypothetical protein SMc00539 [Sinorhizobium meliloti 1021].
NP_385852.1	SMc00521			NC_003047.1:1893346..1893753	hypothetical protein SMc00521 [Sinorhizobium meliloti 1021].
NP_385854.1	SMc00519			complement(NC_003047.1:1894093..1895709)	hypothetical protein SMc00519 [Sinorhizobium meliloti 1021].
NP_385855.1	SMc00518			complement(NC_003047.1:1895706..1896413)	hypothetical protein SMc00518 [Sinorhizobium meliloti 1021].
NP_385865.1	SMc00508		purB	NC_003047.1:1903904..1905211	adenylosuccinate lyase [Sinorhizobium meliloti 1021].
NP_385878.1	SMc00495		purC	NC_003047.1:1915805..1916569	phosphoribosylaminoimidazolesuccinocarboxamide synthase [Sinorhizobium meliloti 1021].
NP_385879.1	SMc00494			NC_003047.1:1916588..1916830	phosphoribosylformylglycinamidine synthase subunit PurS [Sinorhizobium meliloti 1021].
NP_385880.1	SMc00493		purQ	NC_003047.1:1916912..1917583	phosphoribosylformylglycinamidine synthase I [Sinorhizobium meliloti 1021].
NP_385885.1	SMc00488		purL	NC_003047.1:1921045..1923276	phosphoribosylformylglycinamidine synthase II [Sinorhizobium meliloti 1021].
NP_385887.1	SMc00538			NC_003047.1:1924050..1924385	hypothetical protein SMc00538 [Sinorhizobium meliloti 1021].
NP_385888.1	SMc00537			NC_003047.1:1924736..1925974	transporter [Sinorhizobium meliloti 1021].
NP_385890.1	SMc00535			complement(NC_003047.1:1927461..1928285)	hypothetical protein SMc00535 [Sinorhizobium meliloti 1021].
NP_385892.1	SMc00486		glsA	complement(NC_003047.1:1929452..1930399)	glutaminase [Sinorhizobium meliloti 1021].
NP_385895.1	SMc00483		murI	complement(NC_003047.1:1933066..1933899)	glutamate racemase [Sinorhizobium meliloti 1021].
NP_385898.1	SMc00480		icd	NC_003047.1:1937089..1938303	isocitrate dehydrogenase [Sinorhizobium meliloti 1021].
NP_385903.1	SMc00476			NC_003047.1:1943574..1945229	transport transmembrane protein [Sinorhizobium meliloti 1021].
NP_385906.1	SMc00473			NC_003047.1:1949597..1950556	carbohydrate kinase [Sinorhizobium meliloti 1021].
NP_385915.1	SMc00465		folK	complement(NC_003047.1:1960922..1961446)	7,8-dihydro-6-hydroxymethylpterin-pyrophosphokinase [Sinorhizobium meliloti 1021].
NP_385916.1	SMc00463		folB	complement(NC_003047.1:1961433..1961804)	dihydroneopterin aldolase DHNA lyase folate biosynthesis protein [Sinorhizobium meliloti 1021].
NP_385917.1	SMc00462		folP	complement(NC_003047.1:1961819..1962670)	dihydropteroate synthase antibiotic resistance transferase folate protein [Sinorhizobium meliloti 1021].
NP_385926.1	SMc00186			complement(NC_003047.1:1975896..1977818)	ABC transporter ATP-binding protein [Sinorhizobium meliloti 1021].
NP_385929.1	SMc00183			complement(NC_003047.1:1980720..1981292)	hypothetical protein SMc00183 [Sinorhizobium meliloti 1021].
NP_385933.1	SMc00180		hemF	NC_003047.1:1983644..1984555	coproporphyrinogen III oxidase [Sinorhizobium meliloti 1021].
NP_385940.1	SMc00459			NC_003047.1:1989955..1990938	hypothetical protein SMc00459 [Sinorhizobium meliloti 1021].
NP_385941.1	SMc00172			complement(NC_003047.1:1990890..1992113)	TARNSPORT protein transmembrane [Sinorhizobium meliloti 1021].
NP_385942.1	SMc00171			complement(NC_003047.1:1992362..1993207)	hypothetical protein SMc00171 [Sinorhizobium meliloti 1021].
NP_385943.1	SMc00169		dme	NC_003047.1:1993451..1995763	malic enzyme [Sinorhizobium meliloti 1021].
NP_385952.1	SMc00161		nadE	complement(NC_003047.1:2004154..2005836)	NAD synthetase [Sinorhizobium meliloti 1021].
NP_385959.1	SMc00155		aroF	complement(NC_003047.1:2012405..2013778)	DAHP synthetase prtein [Sinorhizobium meliloti 1021].
NP_385960.1	SMc00154		gor	complement(NC_003047.1:2014011..2015402)	glutathione reductase [Sinorhizobium meliloti 1021].
NP_385962.1	SMc00152		rpiA	complement(NC_003047.1:2016261..2016956)	ribose-5-phosphate isomerase A [Sinorhizobium meliloti 1021].
NP_385963.1	SMc00151		gph1	NC_003047.1:2017176..2017859	phosphoglycolate phosphatase [Sinorhizobium meliloti 1021].
NP_385965.3	SMc00149		fumC	NC_003047.1:2020255..2021676	fumarate hydratase [Sinorhizobium meliloti 1021].
NP_385972.1	SMc00143		mobA	NC_003047.1:2026678..2027334	molybdopterin-guanine dinucleotide biosynthesis protein MobA [Sinorhizobium meliloti 1021].
NP_385973.1	SMc00142		mobB	NC_003047.1:2027331..2027855	molybdopterin-guanine dinucleotide biosynthesis protein [Sinorhizobium meliloti 1021].
NP_385977.1	SMc00139			NC_003047.1:2031583..2032386	amino acid ABC transporter permease [Sinorhizobium meliloti 1021].
NP_385983.1	SMc00133			NC_003047.1:2036481..2037350	oxidoreductase [Sinorhizobium meliloti 1021].
NP_385989.1	SMc04213		dgkA	complement(NC_003047.1:2041698..2042111)	diacylglycerol kinase [Sinorhizobium meliloti 1021].
NP_386010.1	SMc04234		csp4	NC_003047.1:2061342..2061554	cold shock-like transcription regulator protein [Sinorhizobium meliloti 1021].
NP_386016.1	SMc04240			NC_003047.1:2065879..2066565	hypothetical protein SMc04240 [Sinorhizobium meliloti 1021].
NP_386019.1	SMc04243		znuB	complement(NC_003047.1:2067552..2068379)	high-affinity zinc uptake system membrane ABC transporter protein [Sinorhizobium meliloti 1021].
NP_386020.1	SMc04244		znuC	complement(NC_003047.1:2068372..2069247)	high-affinity zinc uptake system ATP-binding ABC transporter protein [Sinorhizobium meliloti 1021].
NP_386021.1	SMc04245		znuA	NC_003047.1:2069425..2070447	high-affinity zinc uptake system ABC transporter protein [Sinorhizobium meliloti 1021].
NP_386028.1	SMc04252			complement(NC_003047.1:2078764..2079792)	oxidoreductase [Sinorhizobium meliloti 1021].
NP_386031.1	SMc04255		manB	complement(NC_003047.1:2082053..2084548)	beta-mannosidase [Sinorhizobium meliloti 1021].
NP_386038.1	SMc04262		gnd	complement(NC_003047.1:2091007..2092437)	6-phosphogluconate dehydrogenase [Sinorhizobium meliloti 1021].
NP_386039.1	SMc04263			NC_003047.1:2092873..2094291	amino acid carrier transmembrane protein [Sinorhizobium meliloti 1021].
NP_386043.1	SMc04268		msbB	complement(NC_003047.1:2096413..2097351)	lipid A biosynthesis lauroyl acyltransferase [Sinorhizobium meliloti 1021].
NP_386045.1	SMc04273			complement(NC_003047.1:2098613..2099896)	3-oxoacyl-ACP synthase [Sinorhizobium meliloti 1021].
NP_386046.1	SMc04275			complement(NC_003047.1:2099909..2101111)	3-oxoacyl-ACP synthase [Sinorhizobium meliloti 1021].
NP_386047.1	SMc04277			complement(NC_003047.1:2101114..2101590)	(3R)-hydroxymyristoyl-ACP dehydratase [Sinorhizobium meliloti 1021].
NP_386052.1	SMc04284		cobA	complement(NC_003047.1:2105473..2106312)	uroporphyrin-III C-methyltransferase [Sinorhizobium meliloti 1021].
NP_386078.1	SMc04326			complement(NC_003047.1:2135496..2136638)	aminotransferase [Sinorhizobium meliloti 1021].
NP_386086.1	SMc04334			NC_003047.1:2142915..2143715	formyltransferase [Sinorhizobium meliloti 1021].
NP_386091.1	SMc04340			NC_003047.1:2145943..2147034	oxidoreductase [Sinorhizobium meliloti 1021].
NP_386092.1	SMc04342			NC_003047.1:2147155..2148117	methyltetrahydrofolate:corrinoid/iron-sulfur protein methyltransferase [Sinorhizobium meliloti 1021].
NP_386100.1	SMc04165			complement(NC_003047.1:2154024..2154887)	oxidoreductase [Sinorhizobium meliloti 1021].
NP_386102.1	SMc04167			complement(NC_003047.1:2155736..2156701)	histidine-rich transporter transmembrane protein [Sinorhizobium meliloti 1021].
NP_386107.1	SMc04172		cyaH	NC_003047.1:2161394..2162803	adenylate/guanylate cyclase [Sinorhizobium meliloti 1021].
NP_386114.1	SMc04179			complement(NC_003047.1:2169289..2171064)	transmembrane protein [Sinorhizobium meliloti 1021].
NP_386159.1	SMc04299			complement(NC_003047.1:2215614..2217326)	hypothetical protein SMc04299 [Sinorhizobium meliloti 1021].
NP_386166.1	SMc04321		gst10	NC_003047.1:2223179..2223853	glutathione S-transferase [Sinorhizobium meliloti 1021].
NP_386167.1	SMc04322		mocA	NC_003047.1:2223890..2224939	oxidoreductase [Sinorhizobium meliloti 1021].
NP_386168.1	SMc04323			complement(NC_003047.1:2225161..2226387)	aminotransferase [Sinorhizobium meliloti 1021].
NP_386174.1	SMc04346		ilvC	complement(NC_003047.1:2230742..2231761)	ketol-acid reductoisomerase [Sinorhizobium meliloti 1021].
NP_386183.1	SMc04362			complement(NC_003047.1:2240307..2241755)	transporter [Sinorhizobium meliloti 1021].
NP_386185.1	SMc04452		ndh	complement(NC_003047.1:2243154..2244422)	NADH dehydrogenase transmembrane protein [Sinorhizobium meliloti 1021].
NP_386201.1	SMc01491			complement(NC_003047.1:2257749..2260838)	hypothetical protein SMc01491 [Sinorhizobium meliloti 1021].
NP_386214.1	SMc01425			complement(NC_003047.1:2270190..2270783)	hypothetical protein SMc01425 [Sinorhizobium meliloti 1021].
NP_386218.1	SMc01429			NC_003047.1:2273101..2273946	oxidoreductase [Sinorhizobium meliloti 1021].
NP_386219.1	SMc01430		ilvH	complement(NC_003047.1:2274156..2274728)	acetolactate synthase 3 regulatory subunit [Sinorhizobium meliloti 1021].
NP_386220.1	SMc01431		ilvI	complement(NC_003047.1:2274751..2276529)	acetolactate synthase 3 catalytic subunit [Sinorhizobium meliloti 1021].
NP_386225.1	SMc01494		serB	NC_003047.1:2280892..2281779	phosphoserine phosphatase [Sinorhizobium meliloti 1021].
NP_386231.1	SMc01442		folA	complement(NC_003047.1:2286901..2287443)	dihydrofolate reductase [Sinorhizobium meliloti 1021].
NP_386233.1	SMc01444		thyA	complement(NC_003047.1:2288124..2288918)	thymidylate synthase [Sinorhizobium meliloti 1021].
NP_386253.1	SMc01464			NC_003047.1:2310804..2312084	hypothetical protein SMc01464 [Sinorhizobium meliloti 1021].
NP_386267.1	SMc01881		panB	complement(NC_003047.1:2325178..2325999)	3-methyl-2-oxobutanoate hydroxymethyltransferase [Sinorhizobium meliloti 1021].
NP_386268.1	SMc01880		panC	complement(NC_003047.1:2326002..2326877)	pantoate--beta-alanine ligase [Sinorhizobium meliloti 1021].
NP_386270.1	SMc01878		ligA	complement(NC_003047.1:2327922..2330075)	NAD-dependent DNA ligase LigA [Sinorhizobium meliloti 1021].
NP_386273.1	SMc01875		lpxC	complement(NC_003047.1:2333017..2333985)	UDP-3-O-[3-hydroxymyristoyl] N-acetylglucosamine deacetylase [Sinorhizobium meliloti 1021].
NP_386276.1	SMc01872		ftsQ	complement(NC_003047.1:2337585..2338514)	cell division transmembrane protein [Sinorhizobium meliloti 1021].
NP_386277.1	SMc01871		ddl	complement(NC_003047.1:2338502..2339428)	D-alanine--D-alanine ligase [Sinorhizobium meliloti 1021].
NP_386278.1	SMc01870		aqpZ1	complement(NC_003047.1:2339739..2340425)	aquaporin Z [Sinorhizobium meliloti 1021].
NP_386279.1	SMc01869			NC_003047.1:2340828..2342138	transport transmembrane protein [Sinorhizobium meliloti 1021].
NP_386280.1	SMc01868		murB	complement(NC_003047.1:2342211..2343185)	UDP-N-acetylenolpyruvoylglucosamine reductase [Sinorhizobium meliloti 1021].
NP_386281.1	SMc01867		murC	complement(NC_003047.1:2343182..2344597)	UDP-N-acetylmuramate--L-alanine ligase [Sinorhizobium meliloti 1021].
NP_386282.1	SMc01866		murG	complement(NC_003047.1:2344594..2345718)	UDP-diphospho-muramoylpentapeptide beta-N-acetylglucosaminyltransferase [Sinorhizobium meliloti 1021].
NP_386284.1	SMc01864		murD	complement(NC_003047.1:2346934..2348325)	UDP-N-acetylmuramoyl-L-alanyl-D-glutamate synthetase [Sinorhizobium meliloti 1021].
NP_386285.1	SMc01863		mraY	complement(NC_003047.1:2348332..2349432)	phospho-N-acetylmuramoyl-pentapeptide-transferase [Sinorhizobium meliloti 1021].
NP_386286.1	SMc01862		murF	complement(NC_003047.1:2349674..2351107)	UDP-N-acetylmuramoylalanyl-D-glutamyl-2,6- diaminopimelate--D-alanyl-D-alanine ligase [Sinorhizobium meliloti 1021].
NP_386287.1	SMc01861		murE	complement(NC_003047.1:2351109..2352569)	UDP-N-acetylmuramoylalanyl-D-glutamate--2,6-diaminopimelate ligase [Sinorhizobium meliloti 1021].
NP_386288.1	SMc01860		ftsI	complement(NC_003047.1:2352736..2354484)	penicillin-binding transmembrane protein [Sinorhizobium meliloti 1021].
NP_386294.1	SMc01854			complement(NC_003047.1:2359313..2360104)	amidase (AMPD protein) [Sinorhizobium meliloti 1021].
NP_386303.1	SMc01845			NC_003047.1:2369011..2370228	transglycosylase transmembrane protein [Sinorhizobium meliloti 1021].
NP_386305.1	SMc01843		metF	complement(NC_003047.1:2371885..2372826)	5,10-methylenetetrahydrofolate reductase [Sinorhizobium meliloti 1021].
NP_386306.1	SMc01842			complement(NC_003047.1:2372829..2373851)	methyltransferase transcription regulator protein [Sinorhizobium meliloti 1021].
NP_386315.1	SMc01576			NC_003047.1:2384057..2385346	oxidoreductase [Sinorhizobium meliloti 1021].
NP_386317.1	SMc01582			complement(NC_003047.1:2386299..2387444)	alcohol dehydrogenase [Sinorhizobium meliloti 1021].
NP_386318.1	SMc01588			complement(NC_003047.1:2387441..2388826)	aldehyde dehydrogenase [Sinorhizobium meliloti 1021].
NP_386327.1	SMc01609		ribH	NC_003047.1:2398374..2398901	riboflavin synthase subunit beta [Sinorhizobium meliloti 1021].
NP_386331.1	SMc01613		rpiB	complement(NC_003047.1:2404360..2404797)	ribose-5-phosphate isomerase B [Sinorhizobium meliloti 1021].
NP_386332.1	SMc01614		tpiA	complement(NC_003047.1:2404835..2405602)	triosephosphate isomerase [Sinorhizobium meliloti 1021].
NP_386335.1	SMc01617			complement(NC_003047.1:2407430..2408275)	hypothetical protein SMc01617 [Sinorhizobium meliloti 1021].
NP_386338.1	SMc01620		eryB	complement(NC_003047.1:2410621..2412135)	glycerol-3-phosphate dehydrogenase [Sinorhizobium meliloti 1021].
NP_386339.1	SMc01621		fucA1	complement(NC_003047.1:2412164..2412832)	L-fuculose phosphate aldolase [Sinorhizobium meliloti 1021].
NP_386340.1	SMc01622			complement(NC_003047.1:2412842..2413879)	oxidoreductase [Sinorhizobium meliloti 1021].
NP_386350.1	SMc01632			NC_003047.1:2424518..2425681	periplasmic binding ABC transporter protein [Sinorhizobium meliloti 1021].
NP_386356.1	SMc01638			NC_003047.1:2430531..2432021	bifunctional 3-hydroxyacyl-CoA dehydrogenase/thioesterase [Sinorhizobium meliloti 1021].
NP_386368.1	SMc01650			complement(NC_003047.1:2447133..2448056)	esterase/lipase [Sinorhizobium meliloti 1021].
NP_386370.1	SMc01652			NC_003047.1:2449208..2450368	ABC transporter [Sinorhizobium meliloti 1021].
NP_386371.1	SMc01653			NC_003047.1:2450528..2451568	ABC transporter ATP-binding protein [Sinorhizobium meliloti 1021].
NP_386372.1	SMc01654			NC_003047.1:2451565..2452515	ABC transporter permease [Sinorhizobium meliloti 1021].
NP_386373.1	SMc01655			NC_003047.1:2452505..2453320	ABC transporter permease [Sinorhizobium meliloti 1021].
NP_386374.1	SMc01656			NC_003047.1:2453348..2454775	gamma-aminobutyraldehyde dehydrogenase [Sinorhizobium meliloti 1021].
NP_386380.1	SMc01662			complement(NC_003047.1:2461617..2464064)	oxidoreductase [Sinorhizobium meliloti 1021].
NP_386384.1	SMc01666		mdeA	NC_003047.1:2469621..2470904	methionine gamma-lyase [Sinorhizobium meliloti 1021].
NP_386387.1	SMc01669			NC_003047.1:2472203..2472994	enoyl-CoA hydratase [Sinorhizobium meliloti 1021].
NP_386421.1	SMc01564		tdh	complement(NC_003047.1:2504356..2505390)	L-threonine 3-dehydrogenase [Sinorhizobium meliloti 1021].
NP_386422.1	SMc01565		kbl	complement(NC_003047.1:2505414..2506601)	2-amino-3-ketobutyrate CoA ligase [Sinorhizobium meliloti 1021].
NP_386423.1	SMc01566		recQ	complement(NC_003047.1:2506861..2508771)	ATP-dependent DNA helicase [Sinorhizobium meliloti 1021].
NP_386426.1	SMc01569		carA	NC_003047.1:2511829..2513034	carbamoyl phosphate synthase small subunit [Sinorhizobium meliloti 1021].
NP_386429.1	SMc01572			NC_003047.1:2514862..2515329	oxidoreductase [Sinorhizobium meliloti 1021].
NP_386431.1	SMc01578		aatA	complement(NC_003047.1:2515844..2517046)	aspartate aminotransferase [Sinorhizobium meliloti 1021].
NP_386438.1	SMc01587			complement(NC_003047.1:2521847..2522488)	hypothetical protein SMc01587 [Sinorhizobium meliloti 1021].
NP_386446.1	SMc02677		proC	complement(NC_003047.1:2527748..2528566)	pyrroline-5-carboxylate reductase [Sinorhizobium meliloti 1021].
NP_386454.1	SMc02686		prsA	NC_003047.1:2535497..2536429	ribose-phosphate pyrophosphokinase [Sinorhizobium meliloti 1021].
NP_386455.1	SMc02687			complement(NC_003047.1:2536470..2537300)	hypothetical protein SMc02687 [Sinorhizobium meliloti 1021].
NP_386457.1	SMc02689			complement(NC_003047.1:2537887..2539395)	aldehyde dehydrogenase [Sinorhizobium meliloti 1021].
NP_386466.1	SMc02698		apt	complement(NC_003047.1:2547120..2547662)	adenine phosphoribosyltransferase [Sinorhizobium meliloti 1021].
NP_386468.1	SMc02700			complement(NC_003047.1:2548041..2549300)	hypothetical protein SMc02700 [Sinorhizobium meliloti 1021].
NP_386469.1	SMc02701			complement(NC_003047.1:2549297..2549929)	hypothetical protein SMc02701 [Sinorhizobium meliloti 1021].
NP_386479.1	SMc02711			complement(NC_003047.1:2561019..2561510)	hypothetical protein SMc02711 [Sinorhizobium meliloti 1021].
NP_386485.3	SMc02717		leuA1	complement(NC_003047.1:2564972..2566681)	2-isopropylmalate synthase [Sinorhizobium meliloti 1021].
NP_386491.1	SMc02723			complement(NC_003047.1:2572047..2572511)	7-cyano-7-deazaguanine reductase [Sinorhizobium meliloti 1021].
NP_386492.1	SMc02724			complement(NC_003047.1:2572508..2573428)	hypothetical protein SMc02724 [Sinorhizobium meliloti 1021].
NP_386496.2	SMc02728		fhs	complement(NC_003047.1:2579562..2581241)	formate--tetrahydrofolate ligase [Sinorhizobium meliloti 1021].
NP_386504.1	SMc02736		tdk	complement(NC_003047.1:2590269..2590856)	thymidine kinase [Sinorhizobium meliloti 1021].
NP_386505.1	SMc02737		opuC	NC_003047.1:2591143..2592099	glycine betaine-binding ABC transporter protein [Sinorhizobium meliloti 1021].
NP_386506.1	SMc02738		opuB	NC_003047.1:2592256..2593101	glycine betaine transport system permease ABC transporter protein [Sinorhizobium meliloti 1021].
NP_386507.1	SMc02739		opuA	NC_003047.1:2593098..2594147	glycine betaine transport ATP-binding ABC transporter protein [Sinorhizobium meliloti 1021].
NP_386511.1	SMc01533		adeC1	NC_003047.1:2597573..2599270	adenine deaminase [Sinorhizobium meliloti 1021].
NP_386512.1	SMc01532			complement(NC_003047.1:2599454..2601097)	alpha-glycosylase [Sinorhizobium meliloti 1021].
NP_386513.1	SMc01531		kdgK	NC_003047.1:2601232..2602149	2-dehydro-3-deoxygluconokinase [Sinorhizobium meliloti 1021].
NP_386517.1	SMc01527		dppC2	complement(NC_003047.1:2605417..2606349)	peptide ABC transporter permease [Sinorhizobium meliloti 1021].
NP_386518.1	SMc01526		dppB2	complement(NC_003047.1:2606346..2607389)	peptide ABC transporter permease [Sinorhizobium meliloti 1021].
NP_386519.1	SMc01525		dppA2	complement(NC_003047.1:2607431..2609071)	dipeptide binding periplasmic protein [Sinorhizobium meliloti 1021].
NP_386544.1	SMc01503			complement(NC_003047.1:2625527..2627110)	sugar kinase [Sinorhizobium meliloti 1021].
NP_386545.1	SMc01502			complement(NC_003047.1:2627194..2627868)	hydrolase phosphatase [Sinorhizobium meliloti 1021].
NP_386547.1	SMc01500		smoS	complement(NC_003047.1:2629376..2630149)	sorbitol dehydrogenase [Sinorhizobium meliloti 1021].
NP_386554.1	SMc01815			NC_003047.1:2637126..2638439	dihydropyrimidine dehydrogenase [Sinorhizobium meliloti 1021].
NP_386557.1	SMc01818		cyaC	NC_003047.1:2640678..2642351	adenylate cyclase transmembrane protein [Sinorhizobium meliloti 1021].
NP_386559.1	SMc01820			NC_003047.1:2643670..2644920	allantoate amidohydrolase [Sinorhizobium meliloti 1021].
NP_386562.2	SMc01823			NC_003047.1:2647139..2647930	ABC transporter ATP-binding protein [Sinorhizobium meliloti 1021].
NP_386576.1	SMc01837		ureC	complement(NC_003047.1:2660750..2662462)	urease subunit alpha [Sinorhizobium meliloti 1021].
NP_386579.1	SMc01939		ureB	complement(NC_003047.1:2663536..2663841)	urease subunit beta [Sinorhizobium meliloti 1021].
NP_386581.1	SMc01941		ureA	complement(NC_003047.1:2664120..2664422)	urease subunit gamma [Sinorhizobium meliloti 1021].
NP_386583.1	SMc01943			complement(NC_003047.1:2665350..2666327)	2-hydroxyacid dehydrogenase [Sinorhizobium meliloti 1021].
NP_386588.1	SMc01948		livF	complement(NC_003047.1:2669992..2670717)	high-affinity branched-chain amino acid ABC transporter ATP-binding protein [Sinorhizobium meliloti 1021].
NP_386589.1	SMc01949		livG	complement(NC_003047.1:2670714..2671601)	high-affinity branched-chain amino acid ABC transporter ATP-binding protein [Sinorhizobium meliloti 1021].
NP_386590.1	SMc01950		livM	complement(NC_003047.1:2671601..2672986)	high-affinity branched-chain amino acid ABC transporter permease [Sinorhizobium meliloti 1021].
NP_386591.1	SMc01951		livH	complement(NC_003047.1:2672991..2673893)	high-affinity branched-chain amino acid ABC transporter permease [Sinorhizobium meliloti 1021].
NP_386592.1	SMc01952		cysQ	NC_003047.1:2674288..2675064	transmembrane protein [Sinorhizobium meliloti 1021].
NP_386602.1	SMc01962			complement(NC_003047.1:2684402..2685181)	hypothetical protein SMc01962 [Sinorhizobium meliloti 1021].
NP_386607.1	SMc01967		speB2	complement(NC_003047.1:2689288..2690346)	agmatinase [Sinorhizobium meliloti 1021].
NP_386609.1	SMc01969			NC_003047.1:2691652..2692830	hypothetical protein SMc01969 [Sinorhizobium meliloti 1021].
NP_386611.1	SMc01971			complement(NC_003047.1:2693875..2695308)	aldehyde dehydrogenase [Sinorhizobium meliloti 1021].
NP_386612.1	SMc01972		ordL1	complement(NC_003047.1:2695795..2697108)	oxidoreductase [Sinorhizobium meliloti 1021].
NP_386613.1	SMc01973			complement(NC_003047.1:2697105..2698472)	glutamine synthetase [Sinorhizobium meliloti 1021].
NP_386616.1	SMc01976			NC_003047.1:2700264..2701436	hypothetical protein SMc01976 [Sinorhizobium meliloti 1021].
NP_386618.1	SMc01978			NC_003047.1:2702834..2703769	sugar transport system permease ABC transporter protein [Sinorhizobium meliloti 1021].
NP_386620.1	SMc01980			NC_003047.1:2704614..2705681	sugar transport system ATP-binding ABC transporter protein [Sinorhizobium meliloti 1021].
NP_386632.1	SMc01992			complement(NC_003047.1:2717638..2718678)	alcohol dehydrogenase [Sinorhizobium meliloti 1021].
NP_386649.1	SMc02031			complement(NC_003047.1:2735873..2736922)	permease [Sinorhizobium meliloti 1021].
NP_386651.1	SMc02033			complement(NC_003047.1:2738662..2739849)	periplasmic binding protein [Sinorhizobium meliloti 1021].
NP_386655.1	SMc02037			NC_003047.1:2743512..2744282	oxidoreductase [Sinorhizobium meliloti 1021].
NP_386656.1	SMc02038		gldA	NC_003047.1:2744318..2745412	glycerol dehydrogenase [Sinorhizobium meliloti 1021].
NP_386663.1	SMc02045			NC_003047.1:2749203..2750135	oxidoreductase [Sinorhizobium meliloti 1021].
NP_386666.1	SMc02333			NC_003047.1:2751898..2752644	hypothetical protein SMc02333 [Sinorhizobium meliloti 1021].
NP_386668.1	SMc02335			NC_003047.1:2754193..2755722	pentose kinase [Sinorhizobium meliloti 1021].
NP_386675.1	SMc02341			complement(NC_003047.1:2762142..2763575)	sugar kinase [Sinorhizobium meliloti 1021].
NP_386676.1	SMc02342		tkt1	complement(NC_003047.1:2763602..2765596)	transketolase [Sinorhizobium meliloti 1021].
NP_386678.1	SMc02344			complement(NC_003047.1:2767271..2768305)	periplasmic binding protein [Sinorhizobium meliloti 1021].
NP_386679.1	SMc02345			complement(NC_003047.1:2768364..2769227)	ABC transporter permease [Sinorhizobium meliloti 1021].
NP_386688.1	SMc02355			NC_003047.1:2776720..2777373	hypothetical protein SMc02355 [Sinorhizobium meliloti 1021].
NP_386692.1	SMc02359			NC_003047.1:2780156..2781046	high-affinity branched-chain amino acid ABC transporter permease [Sinorhizobium meliloti 1021].
NP_386693.1	SMc02360			NC_003047.1:2781059..2782087	branched chain amino acid ABC transporter permease [Sinorhizobium meliloti 1021].
NP_386695.1	SMc02413			NC_003047.1:2782766..2784079	aminotransferase [Sinorhizobium meliloti 1021].
NP_386702.1	SMc02420			NC_003047.1:2792811..2794004	cytosine deaminase [Sinorhizobium meliloti 1021].
NP_386704.1	SMc02423			NC_003047.1:2795490..2796473	oligopeptide transport ATP-binding ABC transporter protein [Sinorhizobium meliloti 1021].
NP_386716.1	SMc02435		hemK1	complement(NC_003047.1:2818114..2818995)	methyltransferase [Sinorhizobium meliloti 1021].
NP_386718.1	SMc02437		ptsP	complement(NC_003047.1:2820153..2822420)	phosphoenolpyruvate phosphotransferase PTSP (enzyme I-Ntr) protein [Sinorhizobium meliloti 1021].
NP_386719.1	SMc02438		lysC	complement(NC_003047.1:2822611..2823885)	aspartate kinase [Sinorhizobium meliloti 1021].
NP_386724.1	SMc02443		grxC	complement(NC_003047.1:2827069..2827335)	glutaredoxin [Sinorhizobium meliloti 1021].
NP_386729.1	SMc02448		mutT	complement(NC_003047.1:2830074..2830481)	mutator protein 7,8-dihydro-8-oxoguanine-triphosphatase [Sinorhizobium meliloti 1021].
NP_386731.2	SMc02450		argJ	complement(NC_003047.1:2831382..2832623)	bifunctional ornithine acetyltransferase/N-acetylglutamate synthase [Sinorhizobium meliloti 1021].
NP_386734.1	SMc00744			NC_003047.1:2836830..2838029	transporter [Sinorhizobium meliloti 1021].
NP_386737.1	SMc00741			complement(NC_003047.1:2840862..2842508)	fatty-acid-CoA ligase [Sinorhizobium meliloti 1021].
NP_386743.1	SMc00735			NC_003047.1:2845948..2846844	glutamyl-Q tRNA(Asp) synthetase [Sinorhizobium meliloti 1021].
NP_386751.1	SMc00727		hbdA	NC_003047.1:2852633..2853505	3-hydroxybutyryl-CoA dehydrogenase [Sinorhizobium meliloti 1021].
NP_386753.1	SMc00725		argH1	NC_003047.1:2854243..2855646	argininosuccinate lyase [Sinorhizobium meliloti 1021].
NP_386755.1	SMc00723		lysA	NC_003047.1:2856057..2857325	diaminopimelate DAP decarboxylase [Sinorhizobium meliloti 1021].
NP_386759.2	SMc00719		hpt	complement(NC_003047.1:2862263..2862808)	hypoxanthine-guanine phosphoribosyltransferase [Sinorhizobium meliloti 1021].
NP_386764.1	SMc00714			NC_003047.1:2866275..2867057	1-acyl-SN-glycerol-3-phosphate acyltransferase (PLSC) protein [Sinorhizobium meliloti 1021].
NP_386767.1	SMc00711		tyrC	complement(NC_003047.1:2868971..2869894)	cyclohexadienyl dehydrogenase [Sinorhizobium meliloti 1021].
NP_386772.1	SMc00706			complement(NC_003047.1:2873207..2874094)	hypothetical protein SMc00706 [Sinorhizobium meliloti 1021].
NP_386782.1	SMc00696		aroB	complement(NC_003047.1:2883540..2884673)	3-dehydroquinate synthase [Sinorhizobium meliloti 1021].
NP_386783.1	SMc00695		aroK	complement(NC_003047.1:2884678..2885256)	shikimate kinase [Sinorhizobium meliloti 1021].
NP_386788.1	SMc00690		accA	NC_003047.1:2887348..2888301	acetyl-CoA carboxylase carboxyltransferase subunit alpha [Sinorhizobium meliloti 1021].
NP_386795.1	SMc00683			complement(NC_003047.1:2892160..2893242)	penicillin-binding protein [Sinorhizobium meliloti 1021].
NP_386798.1	SMc00680			complement(NC_003047.1:2895169..2896212)	zinc-type alcohol dehydrogenase [Sinorhizobium meliloti 1021].
NP_386805.1	SMc00673			NC_003047.1:2906417..2907802	N-formimino-L-glutamate deiminase [Sinorhizobium meliloti 1021].
NP_386806.1	SMc00672		hisX	NC_003047.1:2907840..2908874	histidine-binding periplasmic signal peptide protein [Sinorhizobium meliloti 1021].
NP_386807.1	SMc00671		hisW	NC_003047.1:2909011..2909868	histidine transport system permease ABC transporter protein [Sinorhizobium meliloti 1021].
NP_386808.1	SMc00670		hisV	NC_003047.1:2909861..2910688	histidine transport ATP-binding ABC transporter protein [Sinorhizobium meliloti 1021].
NP_386809.1	SMc00669		hutH2	NC_003047.1:2910681..2912180	histidine ammonia-lyase [Sinorhizobium meliloti 1021].
NP_386834.1	SMc00643		purA	complement(NC_003047.1:2932696..2933994)	adenylosuccinate synthetase [Sinorhizobium meliloti 1021].
NP_386836.1	SMc00641		serA	complement(NC_003047.1:2935226..2936821)	D-3-phosphoglycerate dehydrogenase [Sinorhizobium meliloti 1021].
NP_386837.1	SMc00640		serC	complement(NC_003047.1:2936903..2938081)	phosphoserine aminotransferase [Sinorhizobium meliloti 1021].
NP_386840.1	SMc00637		glmM	complement(NC_003047.1:2940506..2941858)	phosphoglucosamine mutase [Sinorhizobium meliloti 1021].
NP_386841.1	SMc04459		ftsH	complement(NC_003047.1:2942182..2944119)	metalloprotease transmembrane protein [Sinorhizobium meliloti 1021].
NP_386844.1	SMc02942		pal	complement(NC_003047.1:2946821..2947351)	peptidoglycan-associated lipoprotein [Sinorhizobium meliloti 1021].
NP_386850.1	SMc03960			complement(NC_003047.1:2954234..2954689)	hypothetical protein SMc03960 [Sinorhizobium meliloti 1021].
NP_386853.1	SMc03963		sqdC	NC_003047.1:2956906..2957832	sulfolipid biosynthesis protein [Sinorhizobium meliloti 1021].
NP_386864.1	SMc03974			complement(NC_003047.1:2970120..2970701)	hypothetical protein SMc03974 [Sinorhizobium meliloti 1021].
NP_386869.1	SMc03979		gap	NC_003047.1:2975447..2976457	glyceraldehyde-3-phosphate dehydrogenase [Sinorhizobium meliloti 1021].
NP_386871.1	SMc03981		pgk	NC_003047.1:2977053..2978252	phosphoglycerate kinase [Sinorhizobium meliloti 1021].
NP_386875.1	SMc03985		cyaF2	complement(NC_003047.1:2982469..2984373)	adenylate/guanylate cyclase [Sinorhizobium meliloti 1021].
NP_386882.1	SMc03992			complement(NC_003047.1:2989855..2990889)	hypothetical protein SMc03992 [Sinorhizobium meliloti 1021].
NP_386884.1	SMc03994		suhB	complement(NC_003047.1:2992307..2993107)	inositol monophosphatase [Sinorhizobium meliloti 1021].
NP_386891.1	SMc04001		purE	NC_003047.1:2997136..2997636	phosphoribosylaminoimidazole carboxylase catalytic subunit protein [Sinorhizobium meliloti 1021].
NP_386892.1	SMc04002		purK	NC_003047.1:2997633..2998682	phosphoribosylaminoimidazole carboxylase ATPase subunit [Sinorhizobium meliloti 1021].
NP_386895.1	SMc04005		pykA	complement(NC_003047.1:3000009..3001448)	pyruvate kinase [Sinorhizobium meliloti 1021].
NP_386903.1	SMc04013		pabB	NC_003047.1:3009360..3010517	aminodeoxychorismate synthase [Sinorhizobium meliloti 1021].
NP_386909.2	SMc04019		hemH	NC_003047.1:3016873..3017901	ferrochelatase [Sinorhizobium meliloti 1021].
NP_386913.1	SMc04023		exoN2	complement(NC_003047.1:3021043..3021930)	UTP--glucose-1-phosphate uridylyltransferase [Sinorhizobium meliloti 1021].
NP_386916.2	SMc04026		gltD	complement(NC_003047.1:3025146..3026603)	glutamate synthase [Sinorhizobium meliloti 1021].
NP_386917.1	SMc04028		gltB	complement(NC_003047.1:3026704..3031428)	glutamate synthase [Sinorhizobium meliloti 1021].
NP_386918.1	SMc04029			NC_003047.1:3032007..3033053	low specificity L-threonine aldolase [Sinorhizobium meliloti 1021].
NP_386924.1	SMc04035			NC_003047.1:3038074..3038925	peptide ABC transporter permease [Sinorhizobium meliloti 1021].
NP_386934.1	SMc04045		ilvD2	NC_003047.1:3049059..3050897	dihydroxy-acid dehydratase [Sinorhizobium meliloti 1021].
NP_386949.1	SMc04460		glgP	NC_003047.1:3065247..3067712	glycogen phosphorylase [Sinorhizobium meliloti 1021].
NP_386950.1	SMc03922		glgB1	NC_003047.1:3067709..3069919	glycogen branching protein [Sinorhizobium meliloti 1021].
NP_386951.1	SMc03923		glgC	NC_003047.1:3070033..3071295	glucose-1-phosphate adenylyltransferase [Sinorhizobium meliloti 1021].
NP_386952.1	SMc03924		glgA	NC_003047.1:3071302..3072744	glycogen synthase [Sinorhizobium meliloti 1021].
NP_386953.1	SMc03925		pgm	NC_003047.1:3072749..3074377	phosphoglucomutase [Sinorhizobium meliloti 1021].
NP_386957.1	SMc03929			complement(NC_003047.1:3078322..3079497)	zinc-type alcohol dehydrogenase transmembrane protein [Sinorhizobium meliloti 1021].
NP_386966.1	SMc03938		pntB	complement(NC_003047.1:3088832..3090232)	NAD(P) transhydrogenase subunit beta [Sinorhizobium meliloti 1021].
NP_386968.1	SMc03950		pntAa	complement(NC_003047.1:3090654..3091802)	proton-translocating nicotinamide nucleotide transhydrogenase subunit protein [Sinorhizobium meliloti 1021].
NP_386971.1	SMc03943			NC_003047.1:3095090..3095845	hypothetical protein SMc03943 [Sinorhizobium meliloti 1021].
NP_386981.1	SMc02983			complement(NC_003047.1:3103912..3105051)	ornithine, DAP, or arginine decarboxylase [Sinorhizobium meliloti 1021].
NP_386990.1	SMc03153		eda2	complement(NC_003047.1:3111273..3111911)	keto-hydroxyglutarate-aldolase/keto-deoxy-phosphogluconate aldolase [Sinorhizobium meliloti 1021].
NP_386994.1	SMc03157			complement(NC_003047.1:3114744..3115520)	outer membrane lipoprotein transmembrane [Sinorhizobium meliloti 1021].
NP_386995.1	SMc03158			complement(NC_003047.1:3115559..3116224)	ABC transporter permease [Sinorhizobium meliloti 1021].
NP_386996.1	SMc03159			complement(NC_003047.1:3116214..3117290)	ABC transporter ATP-binding protein [Sinorhizobium meliloti 1021].
NP_387000.1	SMc03163		xylA	complement(NC_003047.1:3121898..3123208)	xylose isomerase [Sinorhizobium meliloti 1021].
NP_387001.1	SMc03164		xylB	complement(NC_003047.1:3123303..3124757)	xylulose kinase [Sinorhizobium meliloti 1021].
NP_387009.1	SMc03172		gltX	NC_003047.1:3133083..3134540	glutamyl-tRNA synthetase [Sinorhizobium meliloti 1021].
NP_387010.1	SMc03173		lysS	NC_003047.1:3134551..3136047	lysyl-tRNA synthetase [Sinorhizobium meliloti 1021].
NP_387012.1	SMc03175			NC_003047.1:3137037..3137990	nucleoside hydrolase [Sinorhizobium meliloti 1021].
NP_387016.1	SMc03179		phaA1	NC_003047.1:3143729..3146728	monovalent cation/H+ antiporter subunit A [Sinorhizobium meliloti 1021].
NP_387022.1	SMc03185			complement(NC_003047.1:3149816..3150628)	NADPH dehydrogenase quinone reductase transmembrane protein [Sinorhizobium meliloti 1021].
NP_387033.1	SMc03196		modA	NC_003047.1:3159930..3160715	molybdate ABC transporter substrate-binding protein [Sinorhizobium meliloti 1021].
NP_387034.1	SMc03197		modB	NC_003047.1:3160885..3161586	molybdate ABC transporter permease [Sinorhizobium meliloti 1021].
NP_387035.1	SMc03198		modC	NC_003047.1:3161583..3162656	molybdenum ABC transporter ATP-binding protein [Sinorhizobium meliloti 1021].
NP_387038.1	SMc03201		bkdAa	NC_003047.1:3164896..3166128	2-oxoisovalerate dehydrogenase subunit alpha [Sinorhizobium meliloti 1021].
NP_387039.1	SMc03202		bkdAb	NC_003047.1:3166130..3167143	2-oxoisovalerate dehydrogenase subunit beta [Sinorhizobium meliloti 1021].
NP_387040.1	SMc03203		bkdB	NC_003047.1:3167147..3168427	branched-chain alpha-keto acid dehydrogenase E2 subunit [Sinorhizobium meliloti 1021].
NP_387041.1	SMc03204		lpdA3	NC_003047.1:3168434..3169828	dihydrolipoamide dehydrogenase [Sinorhizobium meliloti 1021].
NP_387042.1	SMc03205		purU1	complement(NC_003047.1:3170213..3171097)	formyltetrahydrofolate deformylase [Sinorhizobium meliloti 1021].
NP_387043.1	SMc03206		maiA	complement(NC_003047.1:3171261..3171914)	maleylacetoacetate isomerase (glutathione transferase zeta 1) protein [Sinorhizobium meliloti 1021].
NP_387045.1	SMc03208		hmgA	complement(NC_003047.1:3173023..3174384)	homogentisate 1,2-dioxygenase [Sinorhizobium meliloti 1021].
NP_387048.1	SMc03211			NC_003047.1:3175543..3176655	4-hydroxyphenylpyruvate dioxygenase [Sinorhizobium meliloti 1021].
NP_387058.1	SMc03141			NC_003047.1:3189307..3190356	hypothetical protein SMc03141, partial [Sinorhizobium meliloti 1021].
NP_387060.1	SMc03139			NC_003047.1:3191496..3192509	hypothetical protein SMc03139 [Sinorhizobium meliloti 1021].
NP_387061.1	SMc03138			NC_003047.1:3192589..3193401	sugar kinase [Sinorhizobium meliloti 1021].
NP_387066.1	SMc03133			complement(NC_003047.1:3195916..3196887)	amino-acid transport system permease ABC transporter protein [Sinorhizobium meliloti 1021].
NP_387068.1	SMc03131			complement(NC_003047.1:3198252..3199079)	amino acid-binding periplasmic ABC transporter protein [Sinorhizobium meliloti 1021].
NP_387070.1	SMc03129			complement(NC_003047.1:3200446..3201213)	hypothetical protein SMc03129 [Sinorhizobium meliloti 1021].
NP_387074.1	SMc03125			complement(NC_003047.1:3204043..3205056)	transport system ATP-binding ABC transporter protein [Sinorhizobium meliloti 1021].
NP_387075.1	SMc03124			complement(NC_003047.1:3205150..3206778)	periplasmic binding ABC transporter protein [Sinorhizobium meliloti 1021].
NP_387078.1	SMc03121			NC_003047.1:3216094..3217299	periplasmic binding ABC transporter protein [Sinorhizobium meliloti 1021].
NP_387087.1	SMc03112		metH	complement(NC_003047.1:3225354..3229127)	B12-dependent methionine synthase [Sinorhizobium meliloti 1021].
NP_387090.1	SMc03109			complement(NC_003047.1:3231049..3231945)	hypothetical protein SMc03109 [Sinorhizobium meliloti 1021].
NP_387094.1	SMc03105		dxr	NC_003047.1:3235946..3237121	1-deoxy-D-xylulose 5-phosphate reductoisomerase [Sinorhizobium meliloti 1021].
NP_387108.1	SMc03091		argI1	NC_003047.1:3257061..3257984	arginase [Sinorhizobium meliloti 1021].
NP_387114.1	SMc03085		fdsC	complement(NC_003047.1:3262153..3263025)	formate dehydrogenase accessory protein [Sinorhizobium meliloti 1021].
NP_387129.1	SMc02512			NC_003047.1:3280856..3282340	permease transmembrane protein [Sinorhizobium meliloti 1021].
NP_387132.1	SMc02509		sitA	NC_003047.1:3283929..3284834	iron-binding periplasmic ABC transporter protein [Sinorhizobium meliloti 1021].
NP_387133.1	SMc02508		sitB	NC_003047.1:3284831..3285766	iron transport ATP-binding ABC transporter protein [Sinorhizobium meliloti 1021].
NP_387134.1	SMc02507		sitC	NC_003047.1:3285763..3286620	iron transport system membrane ABC transporter protein [Sinorhizobium meliloti 1021].
NP_387135.1	SMc02506		sitD	NC_003047.1:3286617..3287471	iron transport system membrane ABC transporter protein [Sinorhizobium meliloti 1021].
NP_387146.1	SMc02495			NC_003047.1:3298816..3299469	translaldolase [Sinorhizobium meliloti 1021].
NP_387154.1	SMc02487		lpdA2	complement(NC_003047.1:3308114..3309520)	dihydrolipoamide dehydrogenase [Sinorhizobium meliloti 1021].
NP_387155.1	SMc02486			complement(NC_003047.1:3309557..3310309)	oxidoreductase [Sinorhizobium meliloti 1021].
NP_387157.1	SMc02484			complement(NC_003047.1:3310806..3311450)	amino acid efflux transmembrane protein [Sinorhizobium meliloti 1021].
NP_387158.1	SMc02483		sucB	complement(NC_003047.1:3311706..3312959)	dihydrolipoamide succinyltransferase [Sinorhizobium meliloti 1021].
NP_387159.1	SMc02482		sucA	complement(NC_003047.1:3313082..3316078)	2-oxoglutarate dehydrogenase E1 component [Sinorhizobium meliloti 1021].
NP_387160.1	SMc02481		sucD	complement(NC_003047.1:3316359..3317261)	succinyl-CoA synthetase subunit alpha [Sinorhizobium meliloti 1021].
NP_387161.1	SMc02480		sucC	complement(NC_003047.1:3317268..3318464)	succinyl-CoA synthetase subunit beta [Sinorhizobium meliloti 1021].
NP_387162.1	SMc02479		mdh	complement(NC_003047.1:3318498..3319460)	malate dehydrogenase [Sinorhizobium meliloti 1021].
NP_387171.1	SMc02470			NC_003047.1:3326844..3328049	transcriptional regulator [Sinorhizobium meliloti 1021].
NP_387174.1	SMc02467		msrA2	complement(NC_003047.1:3330083..3330679)	peptide methionine sulfoxide reductase [Sinorhizobium meliloti 1021].
NP_387183.1	SMc03229		gpsA	complement(NC_003047.1:3337245..3338246)	NAD(P)H-dependent glycerol-3-phosphate dehydrogenase [Sinorhizobium meliloti 1021].
NP_387190.1	SMc03236			NC_003047.1:3344877..3345635	glutamine amidotransferase [Sinorhizobium meliloti 1021].
NP_387193.1	SMc03239		ppa	complement(NC_003047.1:3347734..3348267)	inorganic pyrophosphatase [Sinorhizobium meliloti 1021].
NP_387199.1	SMc03245			NC_003047.1:3353951..3355258	amidase [Sinorhizobium meliloti 1021].
NP_387212.1	SMc03252		proB2	complement(NC_003047.1:3366186..3367034)	gamma-glutamyl kinase [Sinorhizobium meliloti 1021].
NP_387223.1	SMc03265			NC_003047.1:3380522..3381811	amino acid dehydrogenase transmembrane protein [Sinorhizobium meliloti 1021].
NP_387225.1	SMc03268			NC_003047.1:3384420..3386297	peptide transport system ATP-binding ABC transporter protein [Sinorhizobium meliloti 1021].
NP_387265.3	SMc03775		obgE	NC_003047.1:3441067..3442197	GTPase ObgE [Sinorhizobium meliloti 1021].
NP_387266.1	SMc03776		proB1	NC_003047.1:3442200..3443381	gamma-glutamyl kinase [Sinorhizobium meliloti 1021].
NP_387267.1	SMc03777		proA	NC_003047.1:3443374..3444657	gamma-glutamyl phosphate reductase [Sinorhizobium meliloti 1021].
NP_387268.2	SMc03778		nadD	NC_003047.1:3444693..3445280	nicotinic acid mononucleotide adenylyltransferase [Sinorhizobium meliloti 1021].
NP_387274.1	SMc03785		ialA	NC_003047.1:3450747..3451250	dinucleoside polyphosphate hydrolase [Sinorhizobium meliloti 1021].
NP_387284.1	SMc03795		leuD	NC_003047.1:3460581..3461186	isopropylmalate isomerase small subunit [Sinorhizobium meliloti 1021].
NP_387286.1	SMc03797		metA	NC_003047.1:3461839..3462834	homoserine O-succinyltransferase [Sinorhizobium meliloti 1021].
NP_387290.1	SMc03801			NC_003047.1:3466366..3467358	thioredoxin protein [Sinorhizobium meliloti 1021].
NP_387294.1	SMc03805		tesB	NC_003047.1:3470120..3471004	acyl-CoA thioesterase II [Sinorhizobium meliloti 1021].
NP_387296.1	SMc03807		amtB	NC_003047.1:3471607..3472962	ammonium transporter [Sinorhizobium meliloti 1021].
NP_387301.2	SMc03812			complement(NC_003047.1:3478582..3479658)	oxidoreductase [Sinorhizobium meliloti 1021].
NP_387302.1	SMc03813			complement(NC_003047.1:3480151..3481164)	periplasmic binding ABC transporter protein [Sinorhizobium meliloti 1021].
NP_387312.1	SMc03823		leuC	complement(NC_003047.1:3488934..3490343)	isopropylmalate isomerase large subunit [Sinorhizobium meliloti 1021].
NP_387314.1	SMc03825			NC_003047.1:3491154..3492392	transporter [Sinorhizobium meliloti 1021].
NP_387315.1	SMc03826		argG	complement(NC_003047.1:3492455..3493672)	argininosuccinate synthase [Sinorhizobium meliloti 1021].
NP_387316.1	SMc03827			NC_003047.1:3493885..3494526	amino acid efflux transmembrane protein [Sinorhizobium meliloti 1021].
NP_387325.2	SMc03836		tesA	complement(NC_003047.1:3501860..3502549)	acyl-CoA thioesterase i protein [Sinorhizobium meliloti 1021].
NP_387335.1	SMc03846		acnA	complement(NC_003047.1:3510902..3513592)	aconitate hydratase [Sinorhizobium meliloti 1021].
NP_387340.1	SMc03851		ccmG	NC_003047.1:3516142..3516750	thiol:disulfide interchange protein (cytochrome C biogenesis protein) [Sinorhizobium meliloti 1021].
NP_387345.1	SMc03856		dapF	complement(NC_003047.1:3521161..3522081)	diaminopimelate epimerase [Sinorhizobium meliloti 1021].
NP_387347.1	SMc03858		pheAa	NC_003047.1:3524020..3524355	chorismate mutase [Sinorhizobium meliloti 1021].
NP_387354.1	SMc03865			NC_003047.1:3528800..3529621	amino-acid transport system permease ABC transporter protein [Sinorhizobium meliloti 1021].
NP_387361.1	SMc03872			NC_003047.1:3536747..3538240	hypothetical protein SMc03872 [Sinorhizobium meliloti 1021].
NP_387367.1	SMc03878		phbB	complement(NC_003047.1:3545701..3546426)	acetoacetyl-CoA reductase [Sinorhizobium meliloti 1021].
NP_387368.1	SMc03879		phbA	complement(NC_003047.1:3546544..3547725)	acetyl-CoA acetyltransferase [Sinorhizobium meliloti 1021].
NP_387372.1	SMc03883		mtgA	complement(NC_003047.1:3549686..3550474)	monofunctional biosynthetic peptidoglycan transglycosylase [Sinorhizobium meliloti 1021].
NP_387373.1	SMc03884		ispA	NC_003047.1:3550625..3551539	geranyltranstransferase [Sinorhizobium meliloti 1021].
NP_387374.1	SMc03885		hisC2	NC_003047.1:3551544..3552599	histidinol-phosphate aminotransferase [Sinorhizobium meliloti 1021].
NP_387377.1	SMc03888		ispG	complement(NC_003047.1:3555017..3556270)	4-hydroxy-3-methylbut-2-en-1-yl diphosphate synthase [Sinorhizobium meliloti 1021].
NP_387380.1	SMc03891			NC_003047.1:3558751..3559524	amino acid-binding periplasmic ABC transporter protein [Sinorhizobium meliloti 1021].
NP_387382.1	SMc03893			NC_003047.1:3561068..3561748	amino-acid transport system permease ABC transporter protein [Sinorhizobium meliloti 1021].
NP_387383.1	SMc03894			NC_003047.1:3561745..3562506	amino-acid ABC transporter ATP-binding protein [Sinorhizobium meliloti 1021].
NP_387384.1	SMc03895		pyc	complement(NC_003047.1:3562521..3565979)	pyruvate carboxylase [Sinorhizobium meliloti 1021].
NP_387389.1	SMc03900		ndvA	NC_003047.1:3568721..3570571	cyclic beta-1,2-glucan ABc transporter [Sinorhizobium meliloti 1021].
NP_387392.1	SMc04382		ndvB	complement(NC_003047.1:3573301..3581799)	beta-(1,2)-glucan production associated transmembrane protein [Sinorhizobium meliloti 1021].
NP_387396.1	SMc04385			NC_003047.1:3586114..3587646	aldehyde dehydrogenase transmembrane protein [Sinorhizobium meliloti 1021].
NP_387397.1	SMc04386		aatB	NC_003047.1:3587663..3588895	aspartate aminotransferase B protein [Sinorhizobium meliloti 1021].
NP_387404.1	SMc04393			complement(NC_003047.1:3596725..3597837)	ABC transporter ATP-binding protein [Sinorhizobium meliloti 1021].
NP_387405.1	SMc04394			complement(NC_003047.1:3597841..3598722)	ABC transporter permease [Sinorhizobium meliloti 1021].
NP_387406.1	SMc04395			complement(NC_003047.1:3598722..3599600)	ABC transporter permease [Sinorhizobium meliloti 1021].
NP_387407.1	SMc04396			complement(NC_003047.1:3599785..3601029)	periplasmic binding protein [Sinorhizobium meliloti 1021].
NP_387408.1	SMc04397			complement(NC_003047.1:3601190..3602704)	L-sorbosone dehydrogenase, NADP dependent protein [Sinorhizobium meliloti 1021].
NP_387410.1	SMc04399			complement(NC_003047.1:3603470..3605092)	acyl-COA transferase [Sinorhizobium meliloti 1021].
NP_387416.1	SMc04405		leuB	NC_003047.1:3611782..3612894	3-isopropylmalate dehydrogenase [Sinorhizobium meliloti 1021].
NP_387418.1	SMc04407			complement(NC_003047.1:3613831..3615720)	transport transmembrane protein [Sinorhizobium meliloti 1021].
NP_387422.1	SMc04410		asd	NC_003047.1:3617313..3618347	aspartate-semialdehyde dehydrogenase [Sinorhizobium meliloti 1021].
NP_387424.1	SMc04083		cynT	complement(NC_003047.1:3619688..3620371)	carbonic anhydrase [Sinorhizobium meliloti 1021].
NP_387425.1	SMc04084		pdxK	complement(NC_003047.1:3620545..3621426)	pyridoxamine kinase [Sinorhizobium meliloti 1021].
NP_387426.1	SMc04085			NC_003047.1:3621709..3626496	hypothetical protein SMc04085 [Sinorhizobium meliloti 1021].
NP_387428.1	SMc04088		purH	complement(NC_003047.1:3628147..3629757)	bifunctional phosphoribosylaminoimidazolecarboxamide formyltransferase/IMP cyclohydrolase [Sinorhizobium meliloti 1021].
NP_387433.1	SMc04093		acsA1	complement(NC_003047.1:3634753..3636702)	acetyl-CoA synthetase [Sinorhizobium meliloti 1021].
NP_387435.1	SMc04095			complement(NC_003047.1:3637954..3639861)	acyl-COA synthetase [Sinorhizobium meliloti 1021].
NP_387446.1	SMc02795			complement(NC_003047.1:3652623..3653165)	hypothetical protein SMc02795 [Sinorhizobium meliloti 1021].
NP_387447.1	SMc02794		hemE	complement(NC_003047.1:3653176..3654135)	uroporphyrinogen decarboxylase [Sinorhizobium meliloti 1021].
NP_435247.1	SMa0002		fdoG	NC_003037.1:1353..4457	formate dehydrogenase subunit alpha (plasmid) [Sinorhizobium meliloti 1021].
NP_435248.1	SMa0005		fdoH	NC_003037.1:4454..5446	formate dehydrogenase susbunit beta (plasmid) [Sinorhizobium meliloti 1021].
NP_435249.1	SMa0007		fdoI	NC_003037.1:5424..6110	formate dehydrogenase subunit gamma (plasmid) [Sinorhizobium meliloti 1021].
NP_435250.1	SMa0009		fdhE	NC_003037.1:6149..7069	formate dehydrogenase subunit epsilon (plasmid) [Sinorhizobium meliloti 1021].
NP_435271.1	SMa0056			complement(NC_003037.1:28295..29428)	dehydratase/enolase (plasmid) [Sinorhizobium meliloti 1021].
NP_435281.1	SMa0072			NC_003037.1:38333..39064	ABC transporter ATP-binding protein (plasmid) [Sinorhizobium meliloti 1021].
NP_435287.1	SMa0082			NC_003037.1:43471..44286	ABC transporter substrate-binding protein (plasmid) [Sinorhizobium meliloti 1021].
NP_435288.1	SMa0083			NC_003037.1:44302..45081	ABC transporter ATP-binding protein (plasmid) [Sinorhizobium meliloti 1021].
NP_435298.1	SMa0105			NC_003037.1:54624..55559	ABC transporter permease (plasmid) [Sinorhizobium meliloti 1021].
NP_435299.1	SMa0106			NC_003037.1:55565..56386	ABC transporter permease (plasmid) [Sinorhizobium meliloti 1021].
NP_435300.1	SMa0108			NC_003037.1:56383..57297	ABC transporter ATP-binding protein (plasmid) [Sinorhizobium meliloti 1021].
NP_435326.1	SMa0150			complement(NC_003037.1:82374..83900)	malonyl-CoA synthase (plasmid) [Sinorhizobium meliloti 1021].
NP_435368.1	SMa0228		gdhA	NC_003037.1:126420..127766	glutamate dehydrogenase (plasmid) [Sinorhizobium meliloti 1021].
NP_435371.1	SMa0233		otsA	complement(NC_003037.1:129300..130691)	OtsA trehalose-6-phosphate synthase (plasmid) [Sinorhizobium meliloti 1021].
NP_435373.1	SMa0237			complement(NC_003037.1:132893..133774)	dehydrogenase (plasmid) [Sinorhizobium meliloti 1021].
NP_435374.1	SMa0241			complement(NC_003037.1:133771..134754)	epimerase (plasmid) [Sinorhizobium meliloti 1021].
NP_435378.1	SMa0249			NC_003037.1:138487..139020	TRAP-type small permease component (plasmid) [Sinorhizobium meliloti 1021].
NP_435386.1	SMa0263			complement(NC_003037.1:148163..149362)	alcohol dehydrogenase (plasmid) [Sinorhizobium meliloti 1021].
NP_435387.1	SMa0265			complement(NC_003037.1:149384..150388)	dehydrogenase (plasmid) [Sinorhizobium meliloti 1021].
NP_435395.1	SMa0279			complement(NC_003037.1:156800..157411)	hypothetical protein SMa0279 (plasmid) [Sinorhizobium meliloti 1021].
NP_435396.1	SMa0280			complement(NC_003037.1:157557..158345)	hypothetical protein SMa0280 (plasmid) [Sinorhizobium meliloti 1021].
NP_435411.1	SMa0306			complement(NC_003037.1:170035..171675)	histidine ammonia-lyase (plasmid) [Sinorhizobium meliloti 1021].
NP_435419.1	SMa0320			NC_003037.1:179119..179868	short chain alcohol dehydrogenase-related dehydrogenase (plasmid) [Sinorhizobium meliloti 1021].
NP_435452.1	SMa0387		hisC3	complement(NC_003037.1:209020..210132)	histidinol-phosphate aminotransferase (plasmid) [Sinorhizobium meliloti 1021].
NP_435458.3	SMa0398		hisD2	NC_003037.1:215421..216791	histidinol dehydrogenase (plasmid) [Sinorhizobium meliloti 1021].
NP_435497.1	SMa0478			complement(NC_003037.1:260764..261969)	formate dehydrogenase (plasmid) [Sinorhizobium meliloti 1021].
NP_435500.1	SMa0483			complement(NC_003037.1:263506..264432)	Phosphatase (plasmid) [Sinorhizobium meliloti 1021].
NP_435502.1	SMa0486			complement(NC_003037.1:266004..266954)	ornithine cyclodeaminase (plasmid) [Sinorhizobium meliloti 1021].
NP_435504.1	SMa0492			complement(NC_003037.1:267881..268564)	ABC transporter permease (plasmid) [Sinorhizobium meliloti 1021].
NP_435505.1	SMa0493			complement(NC_003037.1:268561..269259)	ABC transporter permease (plasmid) [Sinorhizobium meliloti 1021].
NP_435513.1	SMa0508			NC_003037.1:274983..275714	ABC transporter ATP-binding protein (plasmid) [Sinorhizobium meliloti 1021].
NP_435515.1	SMa0512		idnD	NC_003037.1:276745..277776	IdnD L-idonate 5-dehydrogenase (plasmid) [Sinorhizobium meliloti 1021].
NP_435516.1	SMa0513		idnO1	NC_003037.1:277846..278601	gluconate 5-dehydrogenase (plasmid) [Sinorhizobium meliloti 1021].
NP_435517.1	SMa0514		idnK	NC_003037.1:278603..279121	gluconate kinase (plasmid) [Sinorhizobium meliloti 1021].
NP_435518.1	SMa0516			NC_003037.1:279118..280005	hypothetical protein SMa0516 (plasmid) [Sinorhizobium meliloti 1021].
NP_435525.1	SMa0527			NC_003037.1:285619..286218	phosphatase (plasmid) [Sinorhizobium meliloti 1021].
NP_435534.2	SMa0552			NC_003037.1:293602..294093	cyclic amidohydrolase (plasmid) [Sinorhizobium meliloti 1021].
NP_435543.1	SMa0567			NC_003037.1:301204..301761	hypothetical protein SMa0567 (plasmid) [Sinorhizobium meliloti 1021].
NP_435551.1	SMa0581		nrtC	complement(NC_003037.1:310425..311225)	nitrate ABC transporter ATP-binding protein (plasmid) [Sinorhizobium meliloti 1021].
NP_435553.1	SMa0585		nrtA	complement(NC_003037.1:312195..313487)	nitrate ABC transporter substrate-binding protein (plasmid) [Sinorhizobium meliloti 1021].
NP_435571.1	SMa0621		fixI2	NC_003037.1:331477..333744	FixI2 E1-E2 type cation ATPase (plasmid) [Sinorhizobium meliloti 1021].
NP_435574.1	SMa0626			NC_003037.1:335117..336379	hypothetical protein SMa0626 (plasmid) [Sinorhizobium meliloti 1021].
NP_435580.1	SMa0636			NC_003037.1:341499..342152	hypothetical protein SMa0636 (plasmid) [Sinorhizobium meliloti 1021].
NP_435600.1	SMa0670			NC_003037.1:357359..358213	regulatory protein (plasmid) [Sinorhizobium meliloti 1021].
NP_435603.2	SMa0675			complement(NC_003037.1:360346..361491)	Ca2+/H+ antiporter (plasmid) [Sinorhizobium meliloti 1021].
NP_435605.1	SMa0678		potE	complement(NC_003037.1:362667..364025)	putrescine transporter (plasmid) [Sinorhizobium meliloti 1021].
NP_435606.1	SMa0680			complement(NC_003037.1:364053..366401)	amino acid (ornithine, lysine, arginine) decarboxylase (plasmid) [Sinorhizobium meliloti 1021].
NP_435607.4	SMa0682			complement(NC_003037.1:366403..368673)	decarboxylase (lysine, ornithine, arginine) (plasmid) [Sinorhizobium meliloti 1021].
NP_435609.1	SMa0684			complement(NC_003037.1:369951..371276)	transport protein (plasmid) [Sinorhizobium meliloti 1021].
NP_435614.1	SMa0695		arcB	NC_003037.1:376973..377977	ornithine carbamoyltransferase (plasmid) [Sinorhizobium meliloti 1021].
NP_435615.1	SMa0697		arcC	NC_003037.1:377980..378954	carbamate kinase (plasmid) [Sinorhizobium meliloti 1021].
NP_435618.2	SMa0705		dgoK2	complement(NC_003037.1:380966..381907)	DgoK2 2-dehydro-3-deoxygalactonokinase (plasmid) [Sinorhizobium meliloti 1021].
NP_435623.1	SMa0711			NC_003037.1:386385..387215	ABC transporter permease (plasmid) [Sinorhizobium meliloti 1021].
NP_435677.1	SMa0796			NC_003037.1:434028..435491	hypothetical protein SMa0796 (plasmid) [Sinorhizobium meliloti 1021].
NP_435688.1	SMa0814		nifB	complement(NC_003037.1:444206..445678)	NifB FeMo cofactor biosynthesis protein (plasmid) [Sinorhizobium meliloti 1021].
NP_435692.1	SMa0819		fixB	complement(NC_003037.1:449368..450429)	FixB electron transfer flavoprotein alpha chain (plasmid) [Sinorhizobium meliloti 1021].
NP_435693.1	SMa0822		fixA	complement(NC_003037.1:450461..451339)	FixA electron transfer flavoprotein beta chain (plasmid) [Sinorhizobium meliloti 1021].
NP_435695.1	SMa0825		nifH	NC_003037.1:453556..454449	nitrogenase reductase (plasmid) [Sinorhizobium meliloti 1021].
NP_435696.1	SMa0827		nifD	NC_003037.1:454549..456051	NifD nitrogenase molybdenum-iron protein alpha chain (plasmid) [Sinorhizobium meliloti 1021].
NP_435697.1	SMa0829		nifK	NC_003037.1:456142..457683	NifK nitrogenase molybdenum-iron protein beta chain (plasmid) [Sinorhizobium meliloti 1021].
NP_435698.1	SMa0830		nifE	NC_003037.1:457737..459167	nitrogenase molybdenum-cofactor biosynthesis protein NifE (plasmid) [Sinorhizobium meliloti 1021].
NP_435699.1	SMa0831		nifX	NC_003037.1:459663..460163	NifX iron-molybdenum cluster-binding protein (plasmid) [Sinorhizobium meliloti 1021].
NP_435701.1	SMa0834		fdxB	NC_003037.1:460843..461160	FdxB ferredoxin III (plasmid) [Sinorhizobium meliloti 1021].
NP_435712.1	SMa0853		nodE	NC_003037.1:469913..471121	3-ketoacyl-ACP synthase (plasmid) [Sinorhizobium meliloti 1021].
NP_435714.1	SMa0855		nodP1	NC_003037.1:472764..473663	sulfate adenylyltransferase subunit 2 (plasmid) [Sinorhizobium meliloti 1021].
NP_435728.1	SMa0878		nodM	complement(NC_003037.1:490023..491849)	glucosamine--fructose-6-phosphate aminotransferase (plasmid) [Sinorhizobium meliloti 1021].
NP_435764.1	SMa0956		atrB	NC_003037.1:534818..536179	AtrB glutamate-1-semialdehyde 2,1-aminomutase (plasmid) [Sinorhizobium meliloti 1021].
NP_435794.1	SMa1013		actP	NC_003037.1:560686..563166	ATPase P (plasmid) [Sinorhizobium meliloti 1021].
NP_435813.1	SMa1046		cyaE2	NC_003037.1:574539..575606	adenylate cyclase (plasmid) [Sinorhizobium meliloti 1021].
NP_435818.1	SMa1057			complement(NC_003037.1:577812..579110)	hypothetical protein SMa1057 (plasmid) [Sinorhizobium meliloti 1021].
NP_435834.1	SMa1086			complement(NC_003037.1:593620..594294)	hypothetical protein SMa1086 (plasmid) [Sinorhizobium meliloti 1021].
NP_435846.1	SMa1103		cyaP	NC_003037.1:601805..603559	adenylate cyclase (plasmid) [Sinorhizobium meliloti 1021].
NP_435850.2	SMa1115			NC_003037.1:606562..607890	Mn2+/Fe2+ transporter NRAMP family (plasmid) [Sinorhizobium meliloti 1021].
NP_435864.1	SMa1142			NC_003037.1:622009..623595	FixL-related histidine kinase (plasmid) [Sinorhizobium meliloti 1021].
NP_435871.1	SMa1155			NC_003037.1:630205..632907	cation transport P-type ATPase (plasmid) [Sinorhizobium meliloti 1021].
NP_435872.1	SMa1156			complement(NC_003037.1:632973..634046)	alcohol dehydrogenase (plasmid) [Sinorhizobium meliloti 1021].
NP_435878.2	SMa1163			NC_003037.1:637388..639787	Cation transport P-type ATPase (plasmid) [Sinorhizobium meliloti 1021].
NP_435895.1	SMa1191		fhp	NC_003037.1:654733..655944	nitric oxide dioxygenase (plasmid) [Sinorhizobium meliloti 1021].
NP_435898.2	SMa1195			complement(NC_003037.1:657562..658236)	hypothetical protein SMa1195 (plasmid) [Sinorhizobium meliloti 1021].
NP_435900.1	SMa1198			complement(NC_003037.1:658828..660453)	copper export protein (plasmid) [Sinorhizobium meliloti 1021].
NP_435905.1	SMa1209		fixI1	complement(NC_003037.1:662787..665060)	FixI1 ATPase (plasmid) [Sinorhizobium meliloti 1021].
NP_435918.1	SMa1232		napC	complement(NC_003037.1:676020..676721)	NapC membrane-bound tetraheme cytochrome c subunit (plasmid) [Sinorhizobium meliloti 1021].
NP_435919.1	SMa1233		napB	complement(NC_003037.1:676725..677228)	NapB periplasmic nitrate reductase cytochrome c- type subunit (plasmid) [Sinorhizobium meliloti 1021].
NP_435920.1	SMa1236		napA	complement(NC_003037.1:677198..679702)	nitrate reductase catalytic subunit (plasmid) [Sinorhizobium meliloti 1021].
NP_435931.1	SMa1255			complement(NC_003037.1:687399..687710)	hypothetical protein SMa1255 (plasmid) [Sinorhizobium meliloti 1021].
NP_435937.1	SMa1266		hemN	NC_003037.1:692476..693828	coproporphyrinogen III oxidase (plasmid) [Sinorhizobium meliloti 1021].
NP_435940.1	SMa1273		norB	complement(NC_003037.1:696686..698032)	NorB nitric oxide reductase, large subunit (plasmid) [Sinorhizobium meliloti 1021].
NP_435945.2	SMa1288			complement(NC_003037.1:701871..703322)	Carboxylase (plasmid) [Sinorhizobium meliloti 1021].
NP_435950.1	SMa1296		adhA1	complement(NC_003037.1:706855..707877)	alcohol dehydrogenase (plasmid) [Sinorhizobium meliloti 1021].
NP_435998.1	SMa1371			complement(NC_003037.1:753652..754632)	ABC transporter ATP-binding protein (plasmid) [Sinorhizobium meliloti 1021].
NP_436004.1	SMa1381			complement(NC_003037.1:761267..762625)	oxidase (plasmid) [Sinorhizobium meliloti 1021].
NP_436011.1	SMa1398		fabG	complement(NC_003037.1:768956..769735)	3-ketoacyl-ACP reductase (plasmid) [Sinorhizobium meliloti 1021].
NP_436012.2	SMa1400			complement(NC_003037.1:769732..770874)	acyl-CoA dehydrogenase (plasmid) [Sinorhizobium meliloti 1021].
NP_436015.1	SMa1408			complement(NC_003037.1:773437..774207)	dehydratase (plasmid) [Sinorhizobium meliloti 1021].
NP_436016.1	SMa1409			complement(NC_003037.1:774204..775775)	acyl-CoA transferase (plasmid) [Sinorhizobium meliloti 1021].
NP_436017.1	SMa1410			NC_003037.1:775888..776721	oxidoreductase (plasmid) [Sinorhizobium meliloti 1021].
NP_436020.1	SMa1415			complement(NC_003037.1:779216..780712)	aldehyde dehydrogenase (plasmid) [Sinorhizobium meliloti 1021].
NP_436025.1	SMa1427			complement(NC_003037.1:785430..786548)	ABC transporter substrate-binding protein (plasmid) [Sinorhizobium meliloti 1021].
NP_436036.2	SMa1447			complement(NC_003037.1:797393..798706)	Permease, MFS (plasmid) [Sinorhizobium meliloti 1021].
NP_436037.1	SMa1450			complement(NC_003037.1:799195..800385)	thiolase (plasmid) [Sinorhizobium meliloti 1021].
NP_436038.1	SMa1452			complement(NC_003037.1:800410..801177)	hypothetical protein SMa1452 (plasmid) [Sinorhizobium meliloti 1021].
NP_436044.1	SMa1462			complement(NC_003037.1:805588..806478)	ABC transporter (plasmid) [Sinorhizobium meliloti 1021].
NP_436045.1	SMa1465			complement(NC_003037.1:806502..807257)	ABC transporter permease (plasmid) [Sinorhizobium meliloti 1021].
NP_436046.1	SMa1466			complement(NC_003037.1:807254..808369)	ABC transporter ATP-binding protein (plasmid) [Sinorhizobium meliloti 1021].
NP_436047.1	SMa1467			complement(NC_003037.1:808366..809028)	inner-membrane permease (plasmid) [Sinorhizobium meliloti 1021].
NP_436048.1	SMa1471			complement(NC_003037.1:809179..809859)	hypothetical protein SMa1471 (plasmid) [Sinorhizobium meliloti 1021].
NP_436060.1	SMa1495			NC_003037.1:824592..825704	aminotransferase (plasmid) [Sinorhizobium meliloti 1021].
NP_436075.1	SMa1525		nuoF2	complement(NC_003037.1:841280..842545)	NuoF2 NADH I chain F (plasmid) [Sinorhizobium meliloti 1021].
NP_436089.2	SMa1548			NC_003037.1:854222..857437	Diguanylate cyclase/phosphodiesterase (plasmid) [Sinorhizobium meliloti 1021].
NP_436118.1	SMa1600			NC_003037.1:891838..893592	Potassium efflux protein (plasmid) [Sinorhizobium meliloti 1021].
NP_436120.1	SMa1604			NC_003037.1:894831..895922	NADH:flavin oxidoreductase / NADH oxidase (plasmid) [Sinorhizobium meliloti 1021].
NP_436159.1	SMa1667		arcD1	NC_003037.1:933295..934722	ArcD1 arginine/ornithine antiporter (plasmid) [Sinorhizobium meliloti 1021].
NP_436161.1	SMa1670		arcA2	NC_003037.1:936579..937838	arginine deiminase (plasmid) [Sinorhizobium meliloti 1021].
NP_436188.1	SMa1715		adeC3	complement(NC_003037.1:965405..967192)	AdeC3 adenine deaminase (plasmid) [Sinorhizobium meliloti 1021].
NP_436212.1	SMa1751			complement(NC_003037.1:994674..995456)	ABC transporter permease (plasmid) [Sinorhizobium meliloti 1021].
NP_436213.2	SMa1753			complement(NC_003037.1:995460..996638)	ABC transporter permease (plasmid) [Sinorhizobium meliloti 1021].
NP_436214.1	SMa1754			complement(NC_003037.1:996635..997714)	ABC transporter ATP-binding protein (plasmid) [Sinorhizobium meliloti 1021].
NP_436215.1	SMa1755			complement(NC_003037.1:997813..998865)	ABC transporter substrate-binding protein (plasmid) [Sinorhizobium meliloti 1021].
NP_436237.1	SMa1798		kup2	NC_003037.1:1019529..1021430	Kup2 potassium uptake protein (plasmid) [Sinorhizobium meliloti 1021].
NP_436258.1	SMa1836		argE	NC_003037.1:1042302..1043426	acetylornithine deacetylase (plasmid) [Sinorhizobium meliloti 1021].
NP_436259.2	SMa1838			NC_003037.1:1043438..1044361	dehydrogenase (plasmid) [Sinorhizobium meliloti 1021].
NP_436261.1	SMa1844			NC_003037.1:1045137..1046600	aldehyde (plasmid) [Sinorhizobium meliloti 1021].
NP_436262.1	SMa1846			NC_003037.1:1046610..1047653	3-isopropylmalate dehydrogenase (plasmid) [Sinorhizobium meliloti 1021].
NP_436275.2	SMa1871			NC_003037.1:1062483..1063475	cyclodeaminase (plasmid) [Sinorhizobium meliloti 1021].
NP_436276.1	SMa1872			NC_003037.1:1063481..1064452	threonine dehydratase (plasmid) [Sinorhizobium meliloti 1021].
NP_436286.1	SMa1891			NC_003037.1:1075520..1075816	thioredoxin reductase (plasmid) [Sinorhizobium meliloti 1021].
NP_436288.1	SMa1894			NC_003037.1:1076880..1077323	methionine sulfoxide reductase B (plasmid) [Sinorhizobium meliloti 1021].
NP_436289.1	SMa1896		msrA3	NC_003037.1:1077324..1077830	methionine sulfoxide reductase A (plasmid) [Sinorhizobium meliloti 1021].
NP_436297.2	SMa1913			NC_003037.1:1087882..1089270	Na+/H+ antiporter (plasmid) [Sinorhizobium meliloti 1021].
NP_436307.1	SMa1935		wrbA3	NC_003037.1:1099582..1100220	TrpR binding protein WrbA (plasmid) [Sinorhizobium meliloti 1021].
NP_436331.2	SMa1976			complement(NC_003037.1:1123380..1124171)	hypothetical protein SMa1976 (plasmid) [Sinorhizobium meliloti 1021].
NP_436332.2	SMa1978			complement(NC_003037.1:1124198..1124902)	hydrolase (plasmid) [Sinorhizobium meliloti 1021].
NP_436375.1	SMa2067		cysA1	complement(NC_003037.1:1165852..1166895)	sulfate/thiosulfate binding protein (plasmid) [Sinorhizobium meliloti 1021].
NP_436381.1	SMa2079			complement(NC_003037.1:1174158..1175102)	ABC transporter ATP-binding protein (plasmid) [Sinorhizobium meliloti 1021].
NP_436387.1	SMa2091			NC_003037.1:1179760..1180647	hypothetical protein SMa2091 (plasmid) [Sinorhizobium meliloti 1021].
NP_436392.1	SMa2101			NC_003037.1:1184498..1185799	nitrilotriacetate monooxygenase component A (plasmid) [Sinorhizobium meliloti 1021].
NP_436409.1	SMa2135		glyA2	complement(NC_003037.1:1206555..1207823)	GlyA2 serine hydroxymethyltransferase, SHMT (plasmid) [Sinorhizobium meliloti 1021].
NP_436410.1	SMa2137			complement(NC_003037.1:1207895..1208869)	dehydrogenase (plasmid) [Sinorhizobium meliloti 1021].
NP_436411.1	SMa2139		sgaA	complement(NC_003037.1:1208866..1210071)	SgaA serine-glyoxylate aminotransferase (SGAT) (plasmid) [Sinorhizobium meliloti 1021].
NP_436412.1	SMa2141		purU3	complement(NC_003037.1:1210165..1211025)	formyltetrahydrofolate deformylase (plasmid) [Sinorhizobium meliloti 1021].
NP_436414.1	SMa2145			complement(NC_003037.1:1212031..1213287)	glycine cleavage system protein T (plasmid) [Sinorhizobium meliloti 1021].
NP_436418.2	SMa2157			NC_003037.1:1216723..1217778	oxidoreductase (plasmid) [Sinorhizobium meliloti 1021].
NP_436433.1	SMa2199			complement(NC_003037.1:1231890..1232780)	ABC transporter substrate-binding protein (plasmid) [Sinorhizobium meliloti 1021].
NP_436438.1	SMa2209			complement(NC_003037.1:1236212..1237234)	ABC transporter substrate-binding protein (plasmid) [Sinorhizobium meliloti 1021].
NP_436439.1	SMa2211		ilvB2	complement(NC_003037.1:1237356..1239056)	thiamine pyrophosphate protein (plasmid) [Sinorhizobium meliloti 1021].
NP_436440.1	SMa2213			complement(NC_003037.1:1239073..1240557)	aldehyde dehydrogenase (plasmid) [Sinorhizobium meliloti 1021].
NP_436485.1	SMa2301			complement(NC_003037.1:1281993..1283339)	Diguanylate cyclase (plasmid) [Sinorhizobium meliloti 1021].
NP_436486.1	SMa2303			complement(NC_003037.1:1283423..1284649)	ROK family transcriptional regulator (plasmid) [Sinorhizobium meliloti 1021].
NP_436499.1	SMa2329		kdpC	complement(NC_003037.1:1299788..1300357)	potassium-transporting ATPase subunit C (plasmid) [Sinorhizobium meliloti 1021].
NP_436500.1	SMa2331		kdpB	complement(NC_003037.1:1300360..1302402)	potassium-transporting ATPase subunit B (plasmid) [Sinorhizobium meliloti 1021].
NP_436501.1	SMa2333		kdpA	complement(NC_003037.1:1302414..1304123)	potassium-transporting ATPase subunit A (plasmid) [Sinorhizobium meliloti 1021].
NP_436503.1	SMa2337		rhtX	NC_003037.1:1304824..1306119	RhtX rhizobactin transporter (plasmid) [Sinorhizobium meliloti 1021].
NP_436505.1	SMa2402		rhbB	NC_003037.1:1307588..1309075	RhsB L-2,4-diaminobutyrate decarboxylase (plasmid) [Sinorhizobium meliloti 1021].
NP_436528.1	SMa2371		codA	NC_003037.1:1337702..1339000	cytosine deaminase (plasmid) [Sinorhizobium meliloti 1021].
NP_436531.1	SMa2377			NC_003037.1:1341022..1342191	Permease, MFS (plasmid) [Sinorhizobium meliloti 1021].
NP_436532.1	SMa2379		katB	complement(NC_003037.1:1342282..1344465)	KatB catalase/peroxidase (plasmid) [Sinorhizobium meliloti 1021].
NP_436534.1	SMa2383			NC_003037.1:1345525..1346493	oxidoreductase (plasmid) [Sinorhizobium meliloti 1021].
NP_436541.1	SM_b21652	SMb21652	lacE	NC_003078.1:1..1275	lactose ABC transporter substrate-binding protein (plasmid) [Sinorhizobium meliloti 1021].
NP_436542.1	SM_b21653	SMb21653	lacF	NC_003078.1:1369..2265	lactose ABC transporter permease (plasmid) [Sinorhizobium meliloti 1021].
NP_436544.1	SM_b21655	SMb21655	lacZ1	NC_003078.1:3086..5353	beta-galactosidase (plasmid) [Sinorhizobium meliloti 1021].
NP_436554.1	SM_b20011	SMb20011		NC_003078.1:15669..16448	hypothetical protein SM_b20011 (plasmid) [Sinorhizobium meliloti 1021].
NP_436566.1	SM_b20023	SMb20023		complement(NC_003078.1:31301..34918)	hypothetical protein SM_b20023 (plasmid) [Sinorhizobium meliloti 1021].
NP_436578.1	SM_b20035	SMb20035		NC_003078.1:45308..46588	ABC transporter permease (plasmid) [Sinorhizobium meliloti 1021].
NP_436609.1	SM_b20069	SMb20069		NC_003078.1:76205..77608	amino acid carrier protein (plasmid) [Sinorhizobium meliloti 1021].
NP_436610.1	SM_b20070	SMb20070		complement(NC_003078.1:77869..79356)	sulfate permease (plasmid) [Sinorhizobium meliloti 1021].
NP_436611.1	SM_b20071	SMb20071		complement(NC_003078.1:79574..80767)	efflux protein (plasmid) [Sinorhizobium meliloti 1021].
NP_436620.2	SM_b20080	SMb20080		NC_003078.1:91546..92715	alcohol dehydrogenase (plasmid) [Sinorhizobium meliloti 1021].
NP_436635.1	SM_b20095	SMb20095		NC_003078.1:103207..105024	pyruvate oxidase (plasmid) [Sinorhizobium meliloti 1021].
NP_436639.1	SM_b20099	SMb20099		NC_003078.1:107125..108759	maltose alpha-D-glucosyltransferase (plasmid) [Sinorhizobium meliloti 1021].
NP_436641.1	SM_b20101	SMb20101		NC_003078.1:109808..111088	hydroxyglutarate oxidase (plasmid) [Sinorhizobium meliloti 1021].
NP_436643.1	SM_b20103	SMb20103		NC_003078.1:113274..115076	FAD-dependent oxidoreductase (plasmid) [Sinorhizobium meliloti 1021].
NP_436655.1	SM_b20115	SMb20115	ilvD4	complement(NC_003078.1:126396..128117)	dihydroxy-acid dehydratase (plasmid) [Sinorhizobium meliloti 1021].
NP_436663.1	SM_b20123	SMb20123		complement(NC_003078.1:134261..135157)	transcriptional regulator (plasmid) [Sinorhizobium meliloti 1021].
NP_436668.1	SM_b20128	SMb20128		complement(NC_003078.1:140042..141355)	deaminase (plasmid) [Sinorhizobium meliloti 1021].
NP_436670.1	SM_b20130	SMb20130		NC_003078.1:142635..143498	dehydrogenase (plasmid) [Sinorhizobium meliloti 1021].
NP_436671.1	SM_b20131	SMb20131		NC_003078.1:143495..143980	oxidoreductase (plasmid) [Sinorhizobium meliloti 1021].
NP_436672.1	SM_b20132	SMb20132		NC_003078.1:143977..146295	dehydrogenase (plasmid) [Sinorhizobium meliloti 1021].
NP_436674.1	SM_b20134	SMb20134		complement(NC_003078.1:147547..148938)	permease (plasmid) [Sinorhizobium meliloti 1021].
NP_436675.1	SM_b20135	SMb20135		complement(NC_003078.1:149017..149649)	3-octaprenyl-4-hydroxybenzoate carboxy-lyase (plasmid) [Sinorhizobium meliloti 1021].
NP_436680.1	SM_b20140	SMb20140	dapA2	complement(NC_003078.1:153928..154809)	dihydrodipicolinate synthase (plasmid) [Sinorhizobium meliloti 1021].
NP_436683.1	SM_b20143	SMb20143		complement(NC_003078.1:157386..158300)	oligopeptide ABC transporter permease (plasmid) [Sinorhizobium meliloti 1021].
NP_436699.1	SM_b20159	SMb20159		NC_003078.1:177605..178489	inositol monophosphatase (plasmid) [Sinorhizobium meliloti 1021].
NP_436710.1	SM_b20170	SMb20170	fdh	NC_003078.1:188406..189533	glutathione-dependent formaldehyde dehydrogenase (plasmid) [Sinorhizobium meliloti 1021].
NP_436711.2	SM_b20171	SMb20171		NC_003078.1:189530..190372	carboxylesterase (plasmid) [Sinorhizobium meliloti 1021].
NP_436723.1	SM_b20183	SMb20183		NC_003078.1:199998..200621	ABC transporter ATP-binding protein (plasmid) [Sinorhizobium meliloti 1021].
NP_436728.1	SM_b20195	SMb20195	ppe	complement(NC_003078.1:203706..204392)	pentose-5-phosphate-3-epimerase (plasmid) [Sinorhizobium meliloti 1021].
NP_436730.1	SM_b20197	SMb20197	cbbS	complement(NC_003078.1:205336..205725)	ribulose-1,5-bisphosphate carboxylase small subunit protein (plasmid) [Sinorhizobium meliloti 1021].
NP_436731.1	SM_b20198	SMb20198	rbcL	complement(NC_003078.1:205767..207227)	ribulose bisophosphate carboxylase (plasmid) [Sinorhizobium meliloti 1021].
NP_436732.1	SM_b20199	SMb20199	cbbA	complement(NC_003078.1:207260..208339)	fructose-1,6-bisphosphate aldolase (plasmid) [Sinorhizobium meliloti 1021].
NP_436733.1	SM_b20200	SMb20200	cbbT	complement(NC_003078.1:208342..210426)	transketolase (plasmid) [Sinorhizobium meliloti 1021].
NP_436735.1	SM_b20202	SMb20202	cbbF	complement(NC_003078.1:211317..212366)	fructose-1,6-bisphosphatase (plasmid) [Sinorhizobium meliloti 1021].
NP_436763.1	SM_b20232	SMb20232		NC_003078.1:237509..238453	sugar ABC transporter permease (plasmid) [Sinorhizobium meliloti 1021].
NP_436764.1	SM_b20233	SMb20233		NC_003078.1:238443..239291	sugar ABC transporter permease (plasmid) [Sinorhizobium meliloti 1021].
NP_436774.1	SM_b20244	SMb20244	tyv	complement(NC_003078.1:248740..249861)	CDP-tyvelose-2-epimerase (plasmid) [Sinorhizobium meliloti 1021].
NP_436775.1	SM_b20245	SMb20245		complement(NC_003078.1:249858..250964)	UDP-glucose 4-epimerase (plasmid) [Sinorhizobium meliloti 1021].
NP_436779.1	SM_b20249	SMb20249		NC_003078.1:255238..256341	myo-inositol-1-phosphate synthase (plasmid) [Sinorhizobium meliloti 1021].
NP_436780.1	SM_b20250	SMb20250		NC_003078.1:256338..256937	hypothetical protein SM_b20250 (plasmid) [Sinorhizobium meliloti 1021].
NP_436789.1	SM_b20259	SMb20259		NC_003078.1:264068..265030	dihydrodipicolinate synthase (plasmid) [Sinorhizobium meliloti 1021].
NP_436790.1	SM_b20260	SMb20260		complement(NC_003078.1:265078..265470)	hypothetical protein SM_b20260 (plasmid) [Sinorhizobium meliloti 1021].
NP_436791.1	SM_b20261	SMb20261		complement(NC_003078.1:265534..266571)	malate dehydrogenase (plasmid) [Sinorhizobium meliloti 1021].
NP_436796.1	SM_b20266	SMb20266		NC_003078.1:270715..271437	amino acid ABC transporter ATP-binding protein (plasmid) [Sinorhizobium meliloti 1021].
NP_436797.1	SM_b20267	SMb20267		NC_003078.1:271438..272679	D-amino acid dehydrogenase (plasmid) [Sinorhizobium meliloti 1021].
NP_436811.1	SM_b20281	SMb20281		complement(NC_003078.1:285617..286687)	spermidine/putrescine ABC transporter ATP-binding protein (plasmid) [Sinorhizobium meliloti 1021].
NP_436813.1	SM_b20283	SMb20283		complement(NC_003078.1:287493..288476)	spermidine/putrescine ABC transporter permease (plasmid) [Sinorhizobium meliloti 1021].
NP_436829.1	SM_b20299	SMb20299	nanA	NC_003078.1:305696..306595	N-acetylneuraminate lyase (plasmid) [Sinorhizobium meliloti 1021].
NP_436831.1	SM_b20301	SMb20301		complement(NC_003078.1:308842..309972)	dehydgrogenase (plasmid) [Sinorhizobium meliloti 1021].
NP_436840.1	SM_b20314	SMb20314		complement(NC_003078.1:315380..316372)	glycerone kinase (plasmid) [Sinorhizobium meliloti 1021].
NP_436851.1	SM_b20325	SMb20325	thuE	NC_003078.1:328098..329369	trehalosemaltose-binding protein (plasmid) [Sinorhizobium meliloti 1021].
NP_436859.2	SM_b20333	SMb20333		complement(NC_003078.1:336729..338849)	transporter protein (plasmid) [Sinorhizobium meliloti 1021].
NP_436863.1	SM_b20337	SMb20337		complement(NC_003078.1:342776..343387)	transcriptional regulator (plasmid) [Sinorhizobium meliloti 1021].
NP_436868.1	SM_b20342	SMb20342		complement(NC_003078.1:346305..348518)	isoquinoline 1-oxidoreductase (plasmid) [Sinorhizobium meliloti 1021].
NP_436878.1	SM_b20352	SMb20352		NC_003078.1:359762..360826	sugar ABC transporter permease (plasmid) [Sinorhizobium meliloti 1021].
NP_436884.1	SM_b20358	SMb20358		NC_003078.1:367812..369374	regulatory protein (plasmid) [Sinorhizobium meliloti 1021].
NP_436888.1	SM_b20362	SMb20362		complement(NC_003078.1:372532..373332)	inositol monophosphatase (plasmid) [Sinorhizobium meliloti 1021].
NP_436897.1	SM_b20371	SMb20371		complement(NC_003078.1:383348..383794)	ribose-5-phosphate isomerase B (plasmid) [Sinorhizobium meliloti 1021].
NP_436904.1	SM_b20378	SMb20378		complement(NC_003078.1:388482..389945)	aldehyde dehydrogenase (plasmid) [Sinorhizobium meliloti 1021].
NP_436906.1	SM_b20380	SMb20380		complement(NC_003078.1:391371..392420)	ABC transporter ATP-binding protein (plasmid) [Sinorhizobium meliloti 1021].
NP_436915.1	SM_b20389	SMb20389		complement(NC_003078.1:400975..402000)	hypothetical protein SM_b20389 (plasmid) [Sinorhizobium meliloti 1021].
NP_436919.1	SM_b20393	SMb20393	rbcL	NC_003078.1:406532..407788	ribulose bisphosphate carboxylaseoxygenase, large subunit protein (plasmid) [Sinorhizobium meliloti 1021].
NP_436942.1	SM_b20416	SMb20416	ugpB	NC_003078.1:429673..430965	glycerol-3-phosphate ABC transporter substrate-binding protein (plasmid) [Sinorhizobium meliloti 1021].
NP_436943.1	SM_b20417	SMb20417	ugpA	NC_003078.1:431083..431964	glycerol-3-phosphate ABC transporter permease (plasmid) [Sinorhizobium meliloti 1021].
NP_436944.1	SM_b20418	SMb20418	ugpE	NC_003078.1:431973..432821	glycerol-3-phosphate ABC transporter permease (plasmid) [Sinorhizobium meliloti 1021].
NP_436945.1	SM_b20419	SMb20419	ugpC	NC_003078.1:432821..433870	glycerol-3-phosphate ABC transporter ATP-binding protein (plasmid) [Sinorhizobium meliloti 1021].
NP_436959.1	SM_b20433	SMb20433		NC_003078.1:447350..448339	ectoine utilization protein EutC (plasmid) [Sinorhizobium meliloti 1021].
NP_436962.1	SM_b20436	SMb20436		NC_003078.1:450978..452252	nitrate transporter protein (plasmid) [Sinorhizobium meliloti 1021].
NP_436968.1	SM_b20446	SMb20446	uxuA	NC_003078.1:457381..458589	mannonate dehydratase (plasmid) [Sinorhizobium meliloti 1021].
NP_436969.1	SM_b20447	SMb20447		NC_003078.1:458865..460559	hypothetical protein SM_b20447 (plasmid) [Sinorhizobium meliloti 1021].
NP_436981.1	SM_b20459	SMb20459		NC_003078.1:471458..472444	UDP-glucose 4-epimerase (plasmid) [Sinorhizobium meliloti 1021].
NP_436998.1	SM_b20476	SMb20476		NC_003078.1:488823..490388	peptide ABC transporter substrate-binding protein (plasmid) [Sinorhizobium meliloti 1021].
NP_436999.1	SM_b20477	SMb20477		NC_003078.1:490466..491413	peptide ABC transporter permease (plasmid) [Sinorhizobium meliloti 1021].
NP_437000.1	SM_b20478	SMb20478		NC_003078.1:491410..493212	dipeptide ABC transporter permease and ATP-binding protein (plasmid) [Sinorhizobium meliloti 1021].
NP_437001.1	SM_b20479	SMb20479		NC_003078.1:493209..494006	dipeptide ABC transporter ATP-binding protein (plasmid) [Sinorhizobium meliloti 1021].
NP_437003.1	SM_b20481	SMb20481	asnO	NC_003078.1:494919..496694	asparagine synthetase (glutamine amidotransferase) protein (plasmid) [Sinorhizobium meliloti 1021].
NP_437005.1	SM_b20483	SMb20483		complement(NC_003078.1:498491..499561)	catabolite repressor protein (plasmid) [Sinorhizobium meliloti 1021].
NP_437012.1	SM_b20490	SMb20490	fucA2	NC_003078.1:506812..507510	L-fuculose phosphate aldolase (plasmid) [Sinorhizobium meliloti 1021].
NP_437013.1	SM_b20491	SMb20491		complement(NC_003078.1:508667..509245)	hypothetical protein SM_b20491 (plasmid) [Sinorhizobium meliloti 1021].
NP_437015.1	SM_b20493	SMb20493		complement(NC_003078.1:510584..511318)	short-chain dehydrogenase (plasmid) [Sinorhizobium meliloti 1021].
NP_437019.1	SM_b20497	SMb20497	lyx	complement(NC_003078.1:516973..518502)	L-xylulose kinase (plasmid) [Sinorhizobium meliloti 1021].
NP_437020.1	SM_b20498	SMb20498		complement(NC_003078.1:518533..519375)	hypothetical protein SM_b20498 (plasmid) [Sinorhizobium meliloti 1021].
NP_437021.1	SM_b20499	SMb20499		complement(NC_003078.1:519442..521175)	glycerol-3-phosphate dehydrogenase (plasmid) [Sinorhizobium meliloti 1021].
NP_437022.1	SM_b20500	SMb20500		complement(NC_003078.1:521187..522182)	aldoketo reductase (plasmid) [Sinorhizobium meliloti 1021].
NP_437028.1	SM_b20506	SMb20506	araH	complement(NC_003078.1:527905..528858)	L-arabinose transporter permease (plasmid) [Sinorhizobium meliloti 1021].
NP_437029.1	SM_b20507	SMb20507	araG	complement(NC_003078.1:528861..530387)	L-arabinose transporter ATP-binding protein (plasmid) [Sinorhizobium meliloti 1021].
NP_437030.1	SM_b20508	SMb20508		complement(NC_003078.1:530452..531435)	sugar ABC transporter substrate-binding protein (plasmid) [Sinorhizobium meliloti 1021].
NP_437032.1	SM_b20510	SMb20510	dgoA	NC_003078.1:532438..533586	galactonate dehydratase (plasmid) [Sinorhizobium meliloti 1021].
NP_437044.1	SM_b20523	SMb20523		complement(NC_003078.1:549220..550428)	hypothetical protein SM_b20523 (plasmid) [Sinorhizobium meliloti 1021].
NP_437057.1	SM_b20538	SMb20538		NC_003078.1:562392..563678	solute-binding protein (plasmid) [Sinorhizobium meliloti 1021].
NP_437089.1	SM_b20809	SMb20809	kpsF1	NC_003078.1:594508..595497	arabinose-5-phosphate isomerase (plasmid) [Sinorhizobium meliloti 1021].
NP_437093.2	SM_b20813	SMb20813	msbA1	NC_003078.1:599852..601657	lipid ABC transporter permease/ATP-binding protein (plasmid) [Sinorhizobium meliloti 1021].
NP_437115.1	SM_b20832	SMb20832	rkpS	complement(NC_003078.1:624306..624965)	cell surface polysaccharide export ABC-2 transporter ATP-binding protein (plasmid) [Sinorhizobium meliloti 1021].
NP_437131.1	SM_b21017	SMb21017		complement(NC_003078.1:640398..641411)	sugar ABC transporter permease (plasmid) [Sinorhizobium meliloti 1021].
NP_437132.1	SM_b21018	SMb21018		complement(NC_003078.1:641408..642439)	sugar ABC transporter permease (plasmid) [Sinorhizobium meliloti 1021].
NP_437133.1	SM_b21019	SMb21019		complement(NC_003078.1:642432..643949)	sugar ABC transporter ATP-binding protein (plasmid) [Sinorhizobium meliloti 1021].
NP_437134.1	SM_b21021	SMb21021		NC_003078.1:644175..645122	transcriptional regulator (plasmid) [Sinorhizobium meliloti 1021].
NP_437170.1	SM_b21051	SMb21051		complement(NC_003078.1:683928..685277)	udpglucosegdpmannose dehydrogenase (plasmid) [Sinorhizobium meliloti 1021].
NP_437171.1	SM_b21052	SMb21052		NC_003078.1:685581..686546	epimerase dehydratase (plasmid) [Sinorhizobium meliloti 1021].
NP_437189.1	SM_b21070	SMb21070	exoP2	NC_003078.1:705774..707672	MPA1 family auxiliary surface saccharide export protein (plasmid) [Sinorhizobium meliloti 1021].
NP_437200.1	SM_b21081	SMb21081	manB	NC_003078.1:718406..719953	phosphoglucomutase phosphomannomutase (plasmid) [Sinorhizobium meliloti 1021].
NP_437201.1	SM_b21082	SMb21082	manC/manA	NC_003078.1:719985..722288	mannose-6-phosphate isomerase, GDP-mannose pyrophosphorylase (plasmid) [Sinorhizobium meliloti 1021].
NP_437213.1	SM_b21094	SMb21094	argH2	NC_003078.1:736510..737976	argininosuccinate lyase (plasmid) [Sinorhizobium meliloti 1021].
NP_437215.2	SM_b21096	SMb21096		NC_003078.1:738854..739624	amino acid transporter ABC transporter ATP-binding protein (plasmid) [Sinorhizobium meliloti 1021].
NP_437226.1	SM_b21107	SMb21107	manR	NC_003078.1:749230..750342	mandelate racemase or evolutionary related enzyme of the mandelate racemase muconate lactonizing enzyme family protein (plasmid) [Sinorhizobium meliloti 1021].
NP_437231.1	SM_b21112	SMb21112	hpaG	NC_003078.1:752976..753821	bifunctional 2-hydroxyhepta-2,4-diene-1, 7-dioatesomerase/5-carboxymethyl-2-oxo-hex-3-ene-1, 7-dioatedecarboxylase (plasmid) [Sinorhizobium meliloti 1021].
NP_437238.2	SM_b21119	SMb21119	gntK	NC_003078.1:758844..759380	gluconokinase (plasmid) [Sinorhizobium meliloti 1021].
NP_437244.1	SM_b21125	SMb21125	hmgL	NC_003078.1:764767..765636	hydroxymethylglutaryl-CoA lyase (plasmid) [Sinorhizobium meliloti 1021].
NP_437250.1	SM_b21131	SMb21131		complement(NC_003078.1:770163..771044)	sulfate ABC transporter permease (plasmid) [Sinorhizobium meliloti 1021].
NP_437251.1	SM_b21132	SMb21132		complement(NC_003078.1:771028..771894)	sulfate ABC transporter permease (plasmid) [Sinorhizobium meliloti 1021].
NP_437252.1	SM_b21133	SMb21133		complement(NC_003078.1:771891..772916)	sulfate ABC transporter substrate-binding protein (plasmid) [Sinorhizobium meliloti 1021].
NP_437255.1	SM_b21136	SMb21136		NC_003078.1:775278..775964	amino acid ABC transporter permease (plasmid) [Sinorhizobium meliloti 1021].
NP_437257.1	SM_b21138	SMb21138		NC_003078.1:776643..777410	amino acid ABC transporter ATP-binding protein (plasmid) [Sinorhizobium meliloti 1021].
NP_437266.1	SM_b21222	SMb21222		NC_003078.1:785200..786429	transcriptional regulator (plasmid) [Sinorhizobium meliloti 1021].
NP_437268.1	SM_b21224	SMb21224	nodQ2	NC_003078.1:787536..789437	bifunctional sulfate adenylyltransferase subunit 1/adenylylsulfate kinase (plasmid) [Sinorhizobium meliloti 1021].
NP_437305.1	SM_b21261	SMb21261		NC_003078.1:832991..834892	mureinpeptideoligopeptide ABC transporter substrate-binding protein precursor (plasmid) [Sinorhizobium meliloti 1021].
NP_437306.1	SM_b21262	SMb21262		NC_003078.1:834894..835892	mureinpeptideoligopeptide ABC transporter permease (plasmid) [Sinorhizobium meliloti 1021].
NP_437307.1	SM_b21263	SMb21263		NC_003078.1:835973..837064	mureinpeptideoligopeptide ABC transporter permease (plasmid) [Sinorhizobium meliloti 1021].
NP_437308.1	SM_b21264	SMb21264	redA	NC_003078.1:837144..838358	hypothetical protein SM_b21264 (plasmid) [Sinorhizobium meliloti 1021].
NP_437313.1	SM_b21269	SMb21269		NC_003078.1:842345..844435	ABC transporter ATPase (plasmid) [Sinorhizobium meliloti 1021].
NP_437321.1	SM_b21277	SMb21277		NC_003078.1:850786..851709	inosine-uridine preferring nucleoside hydrolase (plasmid) [Sinorhizobium meliloti 1021].
NP_437322.1	SM_b21278	SMb21278	adeC2	NC_003078.1:851706..853487	adenine deaminase (plasmid) [Sinorhizobium meliloti 1021].
NP_437325.1	SM_b21281	SMb21281		NC_003078.1:855725..857098	xanthine uracil permease (plasmid) [Sinorhizobium meliloti 1021].
NP_437327.1	SM_b21283	SMb21283		complement(NC_003078.1:857872..858894)	allantoicase (plasmid) [Sinorhizobium meliloti 1021].
NP_437328.1	SM_b21284	SMb21284		complement(NC_003078.1:858904..860319)	uricase (plasmid) [Sinorhizobium meliloti 1021].
NP_437330.1	SM_b21286	SMb21286	xdhA1	NC_003078.1:860864..862345	xanthine dehydrogenase (plasmid) [Sinorhizobium meliloti 1021].
NP_437331.1	SM_b21287	SMb21287	xdhB1	NC_003078.1:862359..864692	xanthine dehydrogenase (plasmid) [Sinorhizobium meliloti 1021].
NP_437337.1	SM_b21293	SMb21293	guaD1	NC_003078.1:869392..870735	guanine deaminase (plasmid) [Sinorhizobium meliloti 1021].
NP_437341.1	SM_b21297	SMb21297	pbpC	complement(NC_003078.1:872777..874918)	bifunctional penicillin-binding protein (plasmid) [Sinorhizobium meliloti 1021].
NP_437344.1	SM_b21300	SMb21300	deoC	NC_003078.1:881501..882505	deoxyribose-phosphate aldolase (plasmid) [Sinorhizobium meliloti 1021].
NP_437349.3	SM_b21143	SMb21143	merA2	complement(NC_003078.1:886947..888368)	mercuric reductase (plasmid) [Sinorhizobium meliloti 1021].
NP_437350.1	SM_b21144	SMb21144		NC_003078.1:888559..889476	choline uptake ABC transporter substrate-binding protein precursor (plasmid) [Sinorhizobium meliloti 1021].
NP_437351.1	SM_b21145	SMb21145		NC_003078.1:889554..890753	choline uptake ABC transporter permease (plasmid) [Sinorhizobium meliloti 1021].
NP_437352.1	SM_b21146	SMb21146		NC_003078.1:890750..891688	choline uptake ABC transporter ATP-binding protein (plasmid) [Sinorhizobium meliloti 1021].
NP_437353.1	SM_b21147	SMb21147		NC_003078.1:891688..892425	choline uptake ABC transporter permease (plasmid) [Sinorhizobium meliloti 1021].
NP_437355.1	SM_b21149	SMb21149		NC_003078.1:893787..894671	sugar uptake ABC transporter permease (plasmid) [Sinorhizobium meliloti 1021].
NP_437369.1	SM_b21163	SMb21163	hutU	complement(NC_003078.1:908169..909842)	urocanate hydratase (plasmid) [Sinorhizobium meliloti 1021].
NP_437370.1	SM_b21164	SMb21164	hutG	complement(NC_003078.1:909845..910660)	formiminoglutamase (plasmid) [Sinorhizobium meliloti 1021].
NP_437371.1	SM_b21165	SMb21165	hutH	complement(NC_003078.1:910662..912197)	histidine ammonia-lyase (plasmid) [Sinorhizobium meliloti 1021].
NP_437372.3	SM_b21166	SMb21166	hutI	complement(NC_003078.1:912194..913609)	imidazolonepropionase (plasmid) [Sinorhizobium meliloti 1021].
NP_437385.1	SM_b21179	SMb21179		complement(NC_003078.1:925633..926808)	FAD-dependent glycerol-3-phosphate dehydrogenase (plasmid) [Sinorhizobium meliloti 1021].
NP_437387.1	SM_b21181	SMb21181		NC_003078.1:927980..929167	glutaryl-CoA dehydrogenase (plasmid) [Sinorhizobium meliloti 1021].
NP_437388.1	SM_b21182	SMb21182		NC_003078.1:929179..930363	hypothetical protein SM_b21182 (plasmid) [Sinorhizobium meliloti 1021].
NP_437390.1	SM_b21184	SMb21184	ackA2	NC_003078.1:932547..933725	acetate kinase (plasmid) [Sinorhizobium meliloti 1021].
NP_437392.1	SM_b21186	SMb21186	gabT	complement(NC_003078.1:935353..936621)	4-aminobutyrate aminotransferase (plasmid) [Sinorhizobium meliloti 1021].
NP_437398.1	SM_b21192	SMb21192	cbbA2	complement(NC_003078.1:943330..944373)	fructose-1,6-bisphosphate aldolase (plasmid) [Sinorhizobium meliloti 1021].
NP_437401.1	SM_b21196	SMb21196	oppA	NC_003078.1:945018..946616	oligopeptide uptake ABC transporter substrate-binding protein precursor (plasmid) [Sinorhizobium meliloti 1021].
NP_437402.1	SM_b21197	SMb21197	oppB	NC_003078.1:946668..947591	oligopeptide uptake ABC transporter permease (plasmid) [Sinorhizobium meliloti 1021].
NP_437403.1	SM_b21198	SMb21198	oppC	NC_003078.1:947584..948714	oligopeptide uptake ABC transporter permease (plasmid) [Sinorhizobium meliloti 1021].
NP_437405.1	SM_b21200	SMb21200		complement(NC_003078.1:950520..951863)	two-component response regulator protein (plasmid) [Sinorhizobium meliloti 1021].
NP_437417.1	SM_b21211	SMb21211		NC_003078.1:964016..965782	hypothetical protein SM_b21211 (plasmid) [Sinorhizobium meliloti 1021].
NP_437420.1	SM_b21213	SMb21213	pphA	NC_003078.1:966517..967176	serinethreonine protein phosphatase (plasmid) [Sinorhizobium meliloti 1021].
NP_437421.1	SM_b21214	SMb21214	orf24	NC_003078.1:967305..968027	2-deoxyglucose-6-phosphate phosphatase (plasmid) [Sinorhizobium meliloti 1021].
NP_437432.1	SM_b21316	SMb21316	wgdA	complement(NC_003078.1:981935..983704)	ABC transporter ATP-binding protein/permease (plasmid) [Sinorhizobium meliloti 1021].
NP_437440.1	SM_b21324	SMb21324	wgaG	NC_003078.1:993810..994691	glucose-1-phosphate thymidylyltransferase (plasmid) [Sinorhizobium meliloti 1021].
NP_437441.1	SM_b21325	SMb21325	wgaH	NC_003078.1:994684..995247	dTDP-4-dehydrorhamnose 3,5-epimerase (plasmid) [Sinorhizobium meliloti 1021].
NP_437442.1	SM_b21326	SMb21326	wgaI	NC_003078.1:995259..996329	dTDP-D-glucose 4,6-dehydratase (plasmid) [Sinorhizobium meliloti 1021].
NP_437443.1	SM_b21327	SMb21327	wgaA0	NC_003078.1:996326..997228	dTDP-4-dehydrorhamnose reductase (plasmid) [Sinorhizobium meliloti 1021].
NP_437470.1	SM_b21354	SMb21354	uxaC	complement(NC_003078.1:1019495..1020904)	glucuronate isomerase (plasmid) [Sinorhizobium meliloti 1021].
NP_437471.1	SM_b21355	SMb21355		NC_003078.1:1021063..1022082	oxidoreductase (plasmid) [Sinorhizobium meliloti 1021].
NP_437492.1	SM_b21374	SMb21374		complement(NC_003078.1:1038999..1039940)	sugar kinase (plasmid) [Sinorhizobium meliloti 1021].
NP_437505.1	SM_b21526	SMb21526	tauA	NC_003078.1:1050954..1051973	taurine uptake ABC transporter substrate-binding protein precursor (plasmid) [Sinorhizobium meliloti 1021].
NP_437506.1	SM_b21527	SMb21527	tauB	NC_003078.1:1052062..1052874	taurin uptake ABC transporter ATP-binding protein (plasmid) [Sinorhizobium meliloti 1021].
NP_437507.1	SM_b21528	SMb21528	tauC	NC_003078.1:1052867..1053694	taurine uptake ABC transporter permease (plasmid) [Sinorhizobium meliloti 1021].
NP_437512.1	SM_b21532	SMb21532	pta	NC_003078.1:1058537..1059529	phosphate acetyltransferase (plasmid) [Sinorhizobium meliloti 1021].
NP_437517.1	SM_b21537	SMb21537		NC_003078.1:1065825..1066976	2-aminoethylphosphonate--pyruvate transaminase (plasmid) [Sinorhizobium meliloti 1021].
NP_437519.1	SM_b21539	SMb21539		NC_003078.1:1068275..1069732	aldehyde dehydrogenase (plasmid) [Sinorhizobium meliloti 1021].
NP_437522.1	SM_b21541	SMb21541		NC_003078.1:1071537..1072724	iron ABC transporter ATP-binding protein (plasmid) [Sinorhizobium meliloti 1021].
NP_437535.1	SM_b21555	SMb21555	kefB2	NC_003078.1:1093241..1095022	potassium-efflux protein (plasmid) [Sinorhizobium meliloti 1021].
NP_437550.1	SM_b21570	SMb21570	stcD2	complement(NC_003078.1:1108027..1110063)	NADH-dependent oxidase (plasmid) [Sinorhizobium meliloti 1021].
NP_437558.1	SM_b21578	SMb21578	atcU2	NC_003078.1:1116959..1119442	copper-transporting P-type ATPase (plasmid) [Sinorhizobium meliloti 1021].
NP_437561.1	SM_b21581	SMb21581		NC_003078.1:1120703..1121794	glycosyltransferase (plasmid) [Sinorhizobium meliloti 1021].
NP_437566.1	SM_b21586	SMb21586	gshB2	NC_003078.1:1125697..1126743	glutathione synthetase (plasmid) [Sinorhizobium meliloti 1021].
NP_437567.1	SM_b21587	SMb21587		NC_003078.1:1126895..1127857	sugar uptake ABC transporter substrate-binding protein precursor (plasmid) [Sinorhizobium meliloti 1021].
NP_437568.1	SM_b21588	SMb21588		NC_003078.1:1128000..1129517	sugar uptake ABC transporter ATP-binding protein (plasmid) [Sinorhizobium meliloti 1021].
NP_437569.1	SM_b21589	SMb21589		NC_003078.1:1129514..1130539	sugar uptake ABC transporter permease (plasmid) [Sinorhizobium meliloti 1021].
NP_437570.1	SM_b21590	SMb21590		NC_003078.1:1130536..1131504	inner membrane ABC transporter permease YjfF (plasmid) [Sinorhizobium meliloti 1021].
NP_437575.1	SM_b21595	SMb21595		complement(NC_003078.1:1135446..1136678)	sugar uptake ABC transporter substrate-binding protein precursor (plasmid) [Sinorhizobium meliloti 1021].
NP_437586.1	SM_b20924	SMb20924	abfA	complement(NC_003078.1:1147361..1148881)	alpha-L-arabinofuranosidase (plasmid) [Sinorhizobium meliloti 1021].
NP_437602.1	SM_b20939	SMb20939	exsC	complement(NC_003078.1:1164592..1164951)	6-pyruvoyl-tetrahydropterin synthase (plasmid) [Sinorhizobium meliloti 1021].
NP_437605.1	SM_b20942	SMb20942	exoB	NC_003078.1:1168150..1169136	UDP glucose 4-epimerase (plasmid) [Sinorhizobium meliloti 1021].
NP_437625.1	SM_b20960	SMb20960	exoN	NC_003078.1:1187438..1188343	UDP-glucose pyrophosphorylase (plasmid) [Sinorhizobium meliloti 1021].
NP_437627.1	SM_b20962	SMb20962	thiD	complement(NC_003078.1:1191117..1191917)	phoshomethylpyrimidine kinase (plasmid) [Sinorhizobium meliloti 1021].
NP_437631.1	SM_b20966	SMb20966	lacZ2	complement(NC_003078.1:1194246..1196186)	beta-galactosidase (plasmid) [Sinorhizobium meliloti 1021].
NP_437649.1	SM_b20984	SMb20984	nirB	NC_003078.1:1215305..1217767	nitrite reductase [NAD(P)H], large subunit protein (plasmid) [Sinorhizobium meliloti 1021].
NP_437650.1	SM_b20985	SMb20985	nirD	NC_003078.1:1217771..1218109	nitrite reductase [NAD(P)H], small subunit protein (plasmid) [Sinorhizobium meliloti 1021].
NP_437651.1	SM_b20986	SMb20986	narB	NC_003078.1:1218112..1220769	nitrate reductase, large subunit protein (plasmid) [Sinorhizobium meliloti 1021].
NP_437675.1	SM_b21009	SMb21009	glpK	complement(NC_003078.1:1242315..1243808)	glycerol kinase (plasmid) [Sinorhizobium meliloti 1021].
NP_437682.1	SM_b20849	SMb20849	guaD2	NC_003078.1:1251749..1253065	guanine deaminase (plasmid) [Sinorhizobium meliloti 1021].
NP_437683.1	SM_b20850	SMb20850	lldD3	NC_003078.1:1253180..1254316	L-lactate dehydrogenase (plasmid) [Sinorhizobium meliloti 1021].
NP_437686.1	SM_b20853	SMb20853		complement(NC_003078.1:1257114..1258133)	sugar-alcohol dehydrogenase (plasmid) [Sinorhizobium meliloti 1021].
NP_437688.1	SM_b20855	SMb20855		complement(NC_003078.1:1259303..1260817)	sugar uptake ABC transporter ATP-binding protein (plasmid) [Sinorhizobium meliloti 1021].
NP_437706.1	SM_b20872	SMb20872		complement(NC_003078.1:1279079..1279468)	transthyretin-like protein (plasmid) [Sinorhizobium meliloti 1021].
NP_437708.1	SM_b20874	SMb20874		complement(NC_003078.1:1280845..1281348)	hypothetical protein SM_b20874 (plasmid) [Sinorhizobium meliloti 1021].
NP_437711.1	SM_b20877	SMb20877		complement(NC_003078.1:1283304..1284434)	oxidoreductase (plasmid) [Sinorhizobium meliloti 1021].
NP_437724.1	SM_b20890	SMb20890	ilvD5	complement(NC_003078.1:1295635..1297374)	dihydroxy-acid dehydratase (plasmid) [Sinorhizobium meliloti 1021].
NP_437725.1	SM_b20891	SMb20891		complement(NC_003078.1:1297433..1298866)	dehydrogenase (plasmid) [Sinorhizobium meliloti 1021].
NP_437727.1	SM_b20893	SMb20893	gguB	complement(NC_003078.1:1300085..1301299)	sugar uptake ABC transporter permease (plasmid) [Sinorhizobium meliloti 1021].
NP_437728.1	SM_b20894	SMb20894	gguA	complement(NC_003078.1:1301299..1302819)	sugar uptake ABC transporter ATP-binding protein (plasmid) [Sinorhizobium meliloti 1021].
NP_437734.1	SM_b20899	SMb20899	idhA	NC_003078.1:1306775..1307767	myo-inositol dehydrogenase (plasmid) [Sinorhizobium meliloti 1021].
NP_437738.1	SM_b20902	SMb20902		NC_003078.1:1311686..1312723	sugar uptake ABC transporter substrate-binding protein precursor (plasmid) [Sinorhizobium meliloti 1021].
NP_437782.1	SM_b21415	SMb21415		complement(NC_003078.1:1344266..1345705)	oxidoreductase, oxygen dependent, FAD-dependent protein (plasmid) [Sinorhizobium meliloti 1021].
NP_437783.1	SM_b21416	SMb21416	ddhA	NC_003078.1:1345948..1346715	glucose-1-phosphate cytidylyltransferase (plasmid) [Sinorhizobium meliloti 1021].
NP_437791.1	SM_b21423	SMb21423		NC_003078.1:1354225..1355220	sugar uptake ABC transporter permease (plasmid) [Sinorhizobium meliloti 1021].
NP_437796.1	SM_b21428	SMb21428	rmlC	NC_003078.1:1359270..1359833	dTDP-4-dehydrorhamnose 3,5-epimerase (plasmid) [Sinorhizobium meliloti 1021].
NP_437807.1	SM_b21438	SMb21438		complement(NC_003078.1:1368224..1369222)	C4-dicarboxylate transport system, C4-dicarboxylate-binding protein precursor signal peptide (plasmid) [Sinorhizobium meliloti 1021].
NP_437810.2	SM_b21441	SMb21441		complement(NC_003078.1:1371045..1371485)	inosine-5'-monophosphate dehydrogenase (plasmid) [Sinorhizobium meliloti 1021].
NP_437815.1	SM_b21446	SMb21446	glgX2	complement(NC_003078.1:1374614..1376710)	glycosyl hydrolase (plasmid) [Sinorhizobium meliloti 1021].
NP_437816.1	SM_b21447	SMb21447	glgB2	NC_003078.1:1376853..1378658	1,4-alpha-glucan-branching protein (plasmid) [Sinorhizobium meliloti 1021].
NP_437818.1	SM_b21449	SMb21449	gst12	complement(NC_003078.1:1379391..1380113)	glutathione S-transferase (plasmid) [Sinorhizobium meliloti 1021].
NP_437824.1	SM_b21458	SMb21458		complement(NC_003078.1:1384373..1385248)	sugar uptake ABC transporter permease (plasmid) [Sinorhizobium meliloti 1021].
NP_437825.1	SM_b21459	SMb21459		complement(NC_003078.1:1385260..1386153)	sugar uptake ABC transporter permease (plasmid) [Sinorhizobium meliloti 1021].
NP_437828.1	SM_b21462	SMb21462		complement(NC_003078.1:1388649..1389584)	sugar kinase (plasmid) [Sinorhizobium meliloti 1021].
NP_437829.1	SM_b21463	SMb21463		complement(NC_003078.1:1389575..1390960)	glycosyl hydrolase, 6-phospho-beta-glucosidase (plasmid) [Sinorhizobium meliloti 1021].
NP_437855.1	SM_b21487	SMb21487	cyoA	NC_003078.1:1408291..1409451	cytochrome o ubiquinol oxidase subunit II (plasmid) [Sinorhizobium meliloti 1021].
NP_437856.1	SM_b21488	SMb21488	cyoB	NC_003078.1:1409489..1411498	cytochrome o ubiquinol oxidase subunit I (plasmid) [Sinorhizobium meliloti 1021].
NP_437857.1	SM_b21489	SMb21489	cyoC	NC_003078.1:1411495..1412127	cytochrome O ubiquinol oxidase subunit III (plasmid) [Sinorhizobium meliloti 1021].
NP_437863.1	SM_b21494	SMb21494	ocd	NC_003078.1:1415494..1416561	ornithine cyclodeaminase (plasmid) [Sinorhizobium meliloti 1021].
NP_437878.1	SM_b21508	SMb21508	dapA3	complement(NC_003078.1:1433836..1434750)	dihydrodipicolinate synthetase (plasmid) [Sinorhizobium meliloti 1021].
NP_437897.1	SM_b20649	SMb20649	nadE	complement(NC_003078.1:1450582..1451586)	NAD synthetase (plasmid) [Sinorhizobium meliloti 1021].
NP_437898.1	SM_b20650	SMb20650		complement(NC_003078.1:1451583..1453130)	long-chain fatty acid CoA ligase (plasmid) [Sinorhizobium meliloti 1021].
NP_437900.1	SM_b20652	SMb20652	asnB	complement(NC_003078.1:1453451..1455388)	asparagine synthetase (plasmid) [Sinorhizobium meliloti 1021].
NP_437908.1	SM_b20661	SMb20661		complement(NC_003078.1:1462371..1463438)	sugar uptake ABC transporter ATP-binding protein (plasmid) [Sinorhizobium meliloti 1021].
NP_437913.1	SM_b20666	SMb20666		complement(NC_003078.1:1467106..1467783)	aldolase (plasmid) [Sinorhizobium meliloti 1021].
NP_437924.1	SM_b20677	SMb20677		complement(NC_003078.1:1478786..1479277)	ureidoglycolate hydrolase (plasmid) [Sinorhizobium meliloti 1021].
NP_437925.1	SM_b20678	SMb20678	ttuD2	complement(NC_003078.1:1479325..1480593)	hydroxypyruvate reductase (plasmid) [Sinorhizobium meliloti 1021].
NP_437926.1	SM_b20679	SMb20679	glxR	complement(NC_003078.1:1480708..1481592)	tartronate semialdehyde reductase (plasmid) [Sinorhizobium meliloti 1021].
NP_437927.1	SM_b20680	SMb20680	hyi	complement(NC_003078.1:1481598..1482413)	hydroxypyruvate isomerase (plasmid) [Sinorhizobium meliloti 1021].
NP_437928.1	SM_b20681	SMb20681	gcl	complement(NC_003078.1:1482468..1484252)	glyoxylate carboligase (plasmid) [Sinorhizobium meliloti 1021].
NP_437939.1	SM_b20692	SMb20692	idnO1	complement(NC_003078.1:1494126..1494932)	5-keto-D-gluconate 5-reductase (plasmid) [Sinorhizobium meliloti 1021].
NP_437953.1	SM_b20706	SMb20706		NC_003078.1:1508281..1509057	amino acid uptake ABC transporter substrate-binding protein precursor (plasmid) [Sinorhizobium meliloti 1021].
NP_437959.1	SM_b20712	SMb20712	mocB	NC_003078.1:1514330..1515259	rhizopine uptake ABC transporter substrate-binding protein precursor (plasmid) [Sinorhizobium meliloti 1021].
NP_437960.2	SM_b20713	SMb20713		NC_003078.1:1515446..1516987	sugar uptake ABC transporter ATP-binding protein (plasmid) [Sinorhizobium meliloti 1021].
NP_437963.1	SM_b20716	SMb20716		NC_003078.1:1519556..1520452	hypothetical protein SM_b20716 (plasmid) [Sinorhizobium meliloti 1021].
NP_437965.1	SM_b20718	SMb20718		NC_003078.1:1521833..1523359	sugar uptake ABC transporter ATP-binding protein (plasmid) [Sinorhizobium meliloti 1021].
NP_437977.1	SM_b20745	SMb20745	glnII	complement(NC_003078.1:1533876..1534910)	glutatmine synthetase II protein (plasmid) [Sinorhizobium meliloti 1021].
NP_437979.1	SM_b20747	SMb20747		complement(NC_003078.1:1535679..1536353)	hypothetical protein SM_b20747 (plasmid) [Sinorhizobium meliloti 1021].
NP_437981.1	SM_b20749	SMb20749	uxuB	NC_003078.1:1538076..1539539	D-mannonate oxidoreductase (plasmid) [Sinorhizobium meliloti 1021].
NP_437983.1	SM_b20751	SMb20751		complement(NC_003078.1:1540339..1541235)	3-hydroxyisobutyrate dehydrogenase (plasmid) [Sinorhizobium meliloti 1021].
NP_437985.1	SM_b20753	SMb20753		complement(NC_003078.1:1542365..1543507)	acyl-CoA dehydrogenase (plasmid) [Sinorhizobium meliloti 1021].
NP_437987.1	SM_b20755	SMb20755	pccB	NC_003078.1:1545196..1546728	propionyl-CoA carboxylase subunit beta (plasmid) [Sinorhizobium meliloti 1021].
NP_437989.1	SM_b20757	SMb20757	bhbA	NC_003078.1:1548979..1551117	methylmalonyl-CoA mutase (plasmid) [Sinorhizobium meliloti 1021].
NP_437999.1	SM_b20767	SMb20767	dak	complement(NC_003078.1:1558643..1560361)	dihydroxyacetone kinase (plasmid) [Sinorhizobium meliloti 1021].
NP_438008.1	SM_b20776	SMb20776	cyaK	NC_003078.1:1570887..1572836	adenylate cyclase (plasmid) [Sinorhizobium meliloti 1021].
NP_438023.1	SM_b20571	SMb20571		complement(NC_003078.1:1583781..1584626)	aliphatic sulfonate ABC transporter permease (plasmid) [Sinorhizobium meliloti 1021].
NP_438025.1	SM_b20573	SMb20573		complement(NC_003078.1:1586081..1586638)	NADH-dependent FMN reductase (plasmid) [Sinorhizobium meliloti 1021].
NP_438026.1	SM_b20574	SMb20574		NC_003078.1:1586819..1589446	maltooligosyl trehalose synthase (plasmid) [Sinorhizobium meliloti 1021].
NP_438027.1	SM_b20575	SMb20575	pcaB	complement(NC_003078.1:1589460..1590515)	3-carboxy-cis,cis-muconate cycloisomerase (plasmid) [Sinorhizobium meliloti 1021].
NP_438028.1	SM_b20576	SMb20576	pcaG	complement(NC_003078.1:1590598..1591212)	protocatechuate 3,4-dioxygenase subunit alpha (plasmid) [Sinorhizobium meliloti 1021].
NP_438029.1	SM_b20577	SMb20577	pcaH	complement(NC_003078.1:1591223..1591984)	protocatechuate 3,4-dioxygenase subunit beta (plasmid) [Sinorhizobium meliloti 1021].
NP_438030.1	SM_b20578	SMb20578	pcaC	complement(NC_003078.1:1592001..1592408)	gamma carboxymuconolactone decarboxylase (plasmid) [Sinorhizobium meliloti 1021].
NP_438031.1	SM_b20579	SMb20579	pcaD	complement(NC_003078.1:1592405..1593211)	beta-ketoadipate enol-lactone hydrolase (plasmid) [Sinorhizobium meliloti 1021].
NP_438033.1	SM_b20581	SMb20581		complement(NC_003078.1:1594321..1596210)	4-hydroxyphenylpyruvate dioxygenase (plasmid) [Sinorhizobium meliloti 1021].
NP_438035.1	SM_b20583	SMb20583	pobA	complement(NC_003078.1:1597367..1598539)	4-hydroxybenzoate 3-monooxygenase (plasmid) [Sinorhizobium meliloti 1021].
NP_438037.1	SM_b20585	SMb20585	ggt	NC_003078.1:1599584..1601329	gamma-glutamyltranspeptidase (plasmid) [Sinorhizobium meliloti 1021].
NP_438041.1	SM_b20589	SMb20589	pcaF	NC_003078.1:1603997..1605199	beta-ketoadipyl CoA thiolase (plasmid) [Sinorhizobium meliloti 1021].
NP_438042.1	SM_b20590	SMb20590		complement(NC_003078.1:1605382..1605705)	acylphosphatase (plasmid) [Sinorhizobium meliloti 1021].
NP_438053.1	SM_b21707	SMb21707		complement(NC_003078.1:1614675..1615370)	branched-chain amino acid ABC transporter ATP-binding protein (plasmid) [Sinorhizobium meliloti 1021].
NP_438054.1	SM_b20602	SMb20602		complement(NC_003078.1:1615389..1616141)	branched-chain amino acid ABC transporter ATP-binding protein (plasmid) [Sinorhizobium meliloti 1021].
NP_438055.1	SM_b20603	SMb20603		complement(NC_003078.1:1616147..1617322)	branched-chain amino acid ABC transporter permease (plasmid) [Sinorhizobium meliloti 1021].
NP_438056.1	SM_b20604	SMb20604		complement(NC_003078.1:1617319..1618932)	branched-chain amino acid ABC transporter permease (plasmid) [Sinorhizobium meliloti 1021].
NP_438057.1	SM_b20605	SMb20605		complement(NC_003078.1:1619075..1620367)	branched-chain amino acid ABC transporter substrate-binding protein (plasmid) [Sinorhizobium meliloti 1021].
NP_438062.1	SM_b20610	SMb20610		NC_003078.1:1625535..1626464	two-component response regulator protein (plasmid) [Sinorhizobium meliloti 1021].
NP_438063.1	SM_b20611	SMb20611	dctA	complement(NC_003078.1:1626577..1627902)	C4-dicarboxylate transporter DctA (plasmid) [Sinorhizobium meliloti 1021].
NP_438067.1	SM_b20615	SMb20615	thiC	NC_003078.1:1633944..1635779	thiamine biosynthesis protein ThiC (plasmid) [Sinorhizobium meliloti 1021].
NP_438069.1	SM_b20617	SMb20617	thiG	NC_003078.1:1636955..1637728	thiazole synthase (plasmid) [Sinorhizobium meliloti 1021].
NP_438070.1	SM_b20618	SMb20618	thiE	NC_003078.1:1637725..1638330	thiamine-phosphate pyrophosphorylase (plasmid) [Sinorhizobium meliloti 1021].
NP_438075.1	SM_b20623	SMb20623	mtnK	NC_003078.1:1643217..1644488	methylthioribose kinase (plasmid) [Sinorhizobium meliloti 1021].
NP_438076.1	SM_b20624	SMb20624	mtnA	NC_003078.1:1644485..1645579	methylthioribose-1-phosphate isomerase (plasmid) [Sinorhizobium meliloti 1021].
NP_438089.1	SM_b21630	SMb21630		complement(NC_003078.1:1657750..1658991)	hypothetical protein SM_b21630 (plasmid) [Sinorhizobium meliloti 1021].
NP_438090.1	SM_b21631	SMb21631	nspC	complement(NC_003078.1:1659035..1660132)	carboxynorspermidine decarboxylase (plasmid) [Sinorhizobium meliloti 1021].
NP_438091.1	SM_b21632	SMb21632		complement(NC_003078.1:1660252..1661568)	3-hydroxyacyl-CoA dehydrogenase (plasmid) [Sinorhizobium meliloti 1021].
NP_438092.1	SM_b21633	SMb21633	paaG	NC_003078.1:1661661..1662452	enoyl-CoA hydratase (plasmid) [Sinorhizobium meliloti 1021].
NP_438093.1	SM_b21634	SMb21634		complement(NC_003078.1:1662486..1662989)	acyl-CoA thioester hydrolase (plasmid) [Sinorhizobium meliloti 1021].
NP_438094.3	SM_b21635	SMb21635	paaZ	complement(NC_003078.1:1662986..1665052)	bifunctional aldehyde dehydrogenase/enoyl-CoA hydratase (plasmid) [Sinorhizobium meliloti 1021].
NP_438095.1	SM_b21636	SMb21636	paaE	complement(NC_003078.1:1665103..1666179)	ferredoxin reductase electron transfer protein (plasmid) [Sinorhizobium meliloti 1021].
NP_438096.1	SM_b21637	SMb21637	paaD	complement(NC_003078.1:1666208..1666732)	phenylacetic acid degradation protein (plasmid) [Sinorhizobium meliloti 1021].
NP_438097.1	SM_b21638	SMb21638	paaC	complement(NC_003078.1:1666742..1667527)	phenylacetic acid degradation protein (plasmid) [Sinorhizobium meliloti 1021].
NP_438098.1	SM_b21639	SMb21639	paaB	complement(NC_003078.1:1667527..1667811)	phenylacetate-CoA oxygenase subunit PaaB (plasmid) [Sinorhizobium meliloti 1021].
NP_438099.1	SM_b21640	SMb21640	paaA	complement(NC_003078.1:1667831..1668829)	phenylacetate-CoA oxygenase subunit PaaA (plasmid) [Sinorhizobium meliloti 1021].
NP_438102.1	SM_b21643	SMb21643	agaL2	complement(NC_003078.1:1671025..1672398)	alpha-galactosidase (melibiase) protein (plasmid) [Sinorhizobium meliloti 1021].
NP_438107.1	SM_b21648	SMb21648	agaL1	complement(NC_003078.1:1678726..1680198)	alpha-galactosidase (melibiase) protein (plasmid) [Sinorhizobium meliloti 1021].
YP_002122335.1	SM_b22024		cyoD	NC_003078.1:1412124..1412525	cytochrome O ubiquinol oxidase CyoD (plasmid) [Sinorhizobium meliloti 1021].
