locusId	sysName	scaffoldId	begin	end	strand	type	desc
Echvi_0001	Echvi_0001	Echvi_Contig97.1	290	1717	+	1	chromosomal replication initiator protein DnaA
Echvi_0002	Echvi_0002	Echvi_Contig97.1	1732	2508	-	1	Protein of unknown function (DUF3298).
Echvi_0003	Echvi_0003	Echvi_Contig97.1	2521	3525	-	1	LAO/AO transport system ATPase
Echvi_0004	Echvi_0004	Echvi_Contig97.1	3549	3956	-	1	hypothetical protein
Echvi_0005	Echvi_0005	Echvi_Contig97.1	4135	4671	+	1	Predicted membrane protein
Echvi_0006	Echvi_0006	Echvi_Contig97.1	4687	5355	+	1	Uncharacterized protein SCO1/SenC/PrrC, involved in biogenesis of respiratory and photosynthetic systems
Echvi_0007	Echvi_0007	Echvi_Contig97.1	5336	5800	+	1	Cytochrome c, mono- and diheme variants
Echvi_0008	Echvi_0008	Echvi_Contig97.1	5814	6212	-	1	hypothetical protein
Echvi_0009	Echvi_0009	Echvi_Contig97.1	6504	7325	+	1	Branched-chain amino acid aminotransferase/4-amino-4-deoxychorismate lyase
Echvi_0010	Echvi_0010	Echvi_Contig97.1	7443	7877	-	1	hypothetical protein
Echvi_0011	Echvi_0011	Echvi_Contig97.1	7897	9123	-	1	ABC-type transport system, involved in lipoprotein release, permease component
Echvi_0012	Echvi_0012	Echvi_Contig97.1	9120	9755	-	1	ABC-type antimicrobial peptide transport system, ATPase component
Echvi_0013	Echvi_0013	Echvi_Contig97.1	9757	10932	-	1	Signal transduction histidine kinase
Echvi_0014	Echvi_0014	Echvi_Contig97.1	10993	14430	-	1	PAS domain S-box
Echvi_0015	Echvi_0015	Echvi_Contig97.1	14553	15434	+	1	succinyl-CoA synthetase, alpha subunit
Echvi_0016	Echvi_0016	Echvi_Contig97.1	15537	16145	-	1	Predicted proline hydroxylase
Echvi_0017	Echvi_0017	Echvi_Contig97.1	16260	17027	+	1	hypothetical protein
Echvi_0018	Echvi_0018	Echvi_Contig97.1	17039	17710	+	1	Outer membrane protein and related peptidoglycan-associated (lipo)proteins
Echvi_0019	Echvi_0019	Echvi_Contig97.1	17776	18441	-	1	hypothetical protein
Echvi_0020	Echvi_0020	Echvi_Contig97.1	18793	20352	-	1	conserved hypothetical protein YmdA/YtgF
Echvi_0021	Echvi_0021	Echvi_Contig97.1	20424	20708	-	1	Cell division protein ZapA.
Echvi_0022	Echvi_0022	Echvi_Contig97.1	20711	20995	-	1	hypothetical protein
Echvi_0023	Echvi_0023	Echvi_Contig97.1	21000	23411	-	1	phenylalanyl-tRNA synthetase, beta subunit, non-spirochete bacterial
Echvi_0024	Echvi_0024	Echvi_Contig97.1	23475	24092	-	1	Protein of unknown function (DUF1684).
Echvi_0025	Echvi_0025	Echvi_Contig97.1	24099	24284	-	1	DNA repair proteins
Echvi_0026	Echvi_0026	Echvi_Contig97.1	24444	25712	+	1	Site-specific recombinase XerD
Echvi_0027	Echvi_0027	Echvi_Contig97.1	25705	26688	+	1	Site-specific recombinase XerD
Echvi_0028	Echvi_0028	Echvi_Contig97.1	26675	27688	+	1	Site-specific recombinase XerD
Echvi_0029	Echvi_0029	Echvi_Contig97.1	27751	28314	-	1	DNA repair proteins
Echvi_0030	Echvi_0030	Echvi_Contig97.1	28851	29105	-	1	ribosomal protein S20
Echvi_0031	Echvi_0031	Echvi_Contig97.1	29318	30268	+	1	S1/P1 Nuclease.
Echvi_0032	Echvi_0032	Echvi_Contig97.1	30355	31665	-	1	Aspartate/tyrosine/aromatic aminotransferase
Echvi_0033	Echvi_0033	Echvi_Contig97.1	31677	31769	-	1	hypothetical protein
Echvi_0034	Echvi_0034	Echvi_Contig97.1	31793	33472	-	1	ATP-binding cassette protein, ChvD family
Echvi_0035	Echvi_0035	Echvi_Contig97.1	33615	34907	+	1	Domain of Unknown Function (DUF349).
Echvi_0036	Echvi_0036	Echvi_Contig97.1	34988	35209	+	1	Protein of unknown function (DUF2795).
Echvi_0037	Echvi_0037	Echvi_Contig97.1	35241	35978	-	1	Response regulator of the LytR/AlgR family
Echvi_0038	Echvi_0038	Echvi_Contig97.1	35975	37018	-	1	Putative regulator of cell autolysis
Echvi_0039	Echvi_0039	Echvi_Contig97.1	37031	37831	-	1	Predicted membrane protein (DUF2154).
Echvi_0040	Echvi_0040	Echvi_Contig97.1	37912	38079	+	1	hypothetical protein
Echvi_0041	Echvi_0041	Echvi_Contig97.1	38024	38701	-	1	2-C-methyl-D-erythritol 4-phosphate cytidylyltransferase
Echvi_0042	Echvi_0042	Echvi_Contig97.1	38825	39874	-	1	S-adenosylmethionine:tRNA ribosyltransferase-isomerase
Echvi_0043	Echvi_0043	Echvi_Contig97.1	40004	41251	+	1	ABC-type antimicrobial peptide transport system, permease component
Echvi_0044	Echvi_0044	Echvi_Contig97.1	41564	42592	-	1	protein RecA
Echvi_0045	Echvi_0045	Echvi_Contig97.1	42778	43566	+	1	Protein of unknown function (DUF3108).
Echvi_0046	Echvi_0046	Echvi_Contig97.1	43717	44406	+	1	Response regulators consisting of a CheY-like receiver domain and a winged-helix DNA-binding domain
Echvi_0047	Echvi_0047	Echvi_Contig97.1	44410	45468	+	1	His Kinase A (phosphoacceptor) domain./Histidine kinase-, DNA gyrase B-, and HSP90-like ATPase.
Echvi_0048	Echvi_0048	Echvi_Contig97.1	45591	46298	+	1	Pseudouridylate synthases, 23S RNA-specific
Echvi_0049	Echvi_0049	Echvi_Contig97.1	46501	46944	+	1	ribosomal protein L13, bacterial type
Echvi_0050	Echvi_0050	Echvi_Contig97.1	46957	47343	+	1	Ribosomal protein S9
Echvi_0051	Echvi_0051	Echvi_Contig97.1	47386	48147	+	1	ribosomal protein S2, bacterial type
Echvi_0052	Echvi_0052	Echvi_Contig97.1	48304	49134	+	1	translation elongation factor Ts
Echvi_0053	Echvi_0053	Echvi_Contig97.1	49209	50507	-	1	Xaa-Pro aminopeptidase
Echvi_0054	Echvi_0054	Echvi_Contig97.1	50595	51434	-	1	Glycosyltransferases, probably involved in cell wall biogenesis
Echvi_0055	Echvi_0055	Echvi_Contig97.1	51567	52796	+	1	Predicted Zn-dependent peptidases
Echvi_0056	Echvi_0056	Echvi_Contig97.1	52800	53444	+	1	Predicted O-methyltransferase
Echvi_0057	Echvi_0057	Echvi_Contig97.1	53531	55102	+	1	FOG: LysM repeat
Echvi_0058	Echvi_0058	Echvi_Contig97.1	55156	56148	+	1	Protein of unknown function (DUF3078).
Echvi_0059	Echvi_0059	Echvi_Contig97.1	56145	57865	-	1	DNA polymerase III, subunit gamma and tau
Echvi_0060	Echvi_0060	Echvi_Contig97.1	57956	59830	-	1	Predicted nucleoside-diphosphate sugar epimerases
Echvi_0061	Echvi_0061	Echvi_Contig97.1	60060	60662	-	1	Sugar transferases involved in lipopolysaccharide synthesis
Echvi_0062	Echvi_0062	Echvi_Contig97.1	60652	61785	-	1	Predicted pyridoxal phosphate-dependent enzyme apparently involved in regulation of cell wall biogenesis
Echvi_0063	Echvi_0063	Echvi_Contig97.1	62049	63203	-	1	UDP-N-acetylmuramyl pentapeptide phosphotransferase/UDP-N-acetylglucosamine-1-phosphate transferase
Echvi_0064	Echvi_0064	Echvi_Contig97.1	63813	63924	-	2	5S
Echvi_0065	Echvi_0065	Echvi_Contig97.1	64020	66913	-	2	23S
Echvi_0066	Echvi_0066	Echvi_Contig97.1	67128	68539	-	2	16S
Echvi_0067	Echvi_0067	Echvi_Contig97.1	69183	69259	-	5	tRNA
Echvi_0068	Echvi_0068	Echvi_Contig97.1	69491	70228	+	1	hypothetical protein
Echvi_0069	Echvi_0069	Echvi_Contig97.1	70277	71059	-	1	Enoyl-CoA hydratase/carnithine racemase
Echvi_0070	Echvi_0070	Echvi_Contig97.1	71066	71686	-	1	hypothetical protein
Echvi_0071	Echvi_0071	Echvi_Contig97.1	71686	73137	-	1	RNA polymerase sigma-54 factor
Echvi_0072	Echvi_0072	Echvi_Contig97.1	73346	74797	+	1	asparaginyl-tRNA synthetase
Echvi_0073	Echvi_0073	Echvi_Contig97.1	74857	76368	-	1	yjeF C-terminal region, hydroxyethylthiazole kinase-related/yjeF N-terminal region
Echvi_0074	Echvi_0074	Echvi_Contig97.1	76379	77677	-	1	Permeases of the major facilitator superfamily
Echvi_0075	Echvi_0075	Echvi_Contig97.1	77759	78226	-	1	Biopolymer transport protein
Echvi_0076	Echvi_0076	Echvi_Contig97.1	78229	78861	-	1	Biopolymer transport protein
Echvi_0077	Echvi_0077	Echvi_Contig97.1	78868	79197	-	1	hypothetical protein
Echvi_0078	Echvi_0078	Echvi_Contig97.1	79259	80074	-	1	Biopolymer transport proteins
Echvi_0079	Echvi_0079	Echvi_Contig97.1	80675	80765	-	5	tRNA
Echvi_0080	Echvi_0080	Echvi_Contig97.1	80973	82049	-	1	L-asparaginases, type I
Echvi_0081	Echvi_0081	Echvi_Contig97.1	82046	82822	-	1	hydrolase, TatD family
Echvi_0082	Echvi_0082	Echvi_Contig97.1	82822	83925	-	1	Glycosyltransferases, probably involved in cell wall biogenesis
Echvi_0083	Echvi_0083	Echvi_Contig97.1	83922	84548	-	1	Predicted xylanase/chitin deacetylase
Echvi_0084	Echvi_0084	Echvi_Contig97.1	84556	85767	-	1	Serine phosphatase RsbU, regulator of sigma subunit
Echvi_0085	Echvi_0085	Echvi_Contig97.1	85779	86030	-	1	hypothetical protein
Echvi_0086	Echvi_0086	Echvi_Contig97.1	86080	87198	-	1	Glycosyltransferases, probably involved in cell wall biogenesis
Echvi_0087	Echvi_0087	Echvi_Contig97.1	87231	87800	+	1	crossover junction endodeoxyribonuclease RuvC
Echvi_0088	Echvi_0088	Echvi_Contig97.1	87885	88934	-	1	thiamine-monophosphate kinase
Echvi_0089	Echvi_0089	Echvi_Contig97.1	89002	89406	-	1	methylmalonyl-CoA epimerase
Echvi_0090	Echvi_0090	Echvi_Contig97.1	89598	89924	+	1	Iron-sulfur cluster assembly accessory protein
Echvi_0091	Echvi_0091	Echvi_Contig97.1	90249	91343	+	1	glycine cleavage system T protein
Echvi_0092	Echvi_0092	Echvi_Contig97.1	91485	92198	+	1	Phosphosulfolactate phosphohydrolase and related enzymes
Echvi_0093	Echvi_0093	Echvi_Contig97.1	92391	93512	+	1	7-keto-8-aminopelargonate synthetase and related enzymes
Echvi_0094	Echvi_0094	Echvi_Contig97.1	93505	94107	+	1	dethiobiotin synthase
Echvi_0095	Echvi_0095	Echvi_Contig97.1	94131	95264	+	1	3-oxoacyl-(acyl-carrier-protein) synthase
Echvi_0096	Echvi_0096	Echvi_Contig97.1	95389	95715	-	1	Predicted pyrophosphatase
Echvi_0097	Echvi_0097	Echvi_Contig97.1	95815	97323	-	1	ABC-type molybdenum transport system, ATPase component/photorepair protein PhrA
Echvi_0098	Echvi_0098	Echvi_Contig97.1	97463	97915	-	1	D-tyrosyl-tRNA(Tyr) deacylase
Echvi_0099	Echvi_0099	Echvi_Contig97.1	97949	99133	+	1	hypothetical protein
Echvi_0100	Echvi_0100	Echvi_Contig97.1	99196	99915	-	1	NAD dependent epimerase/dehydratase family.
Echvi_0101	Echvi_0101	Echvi_Contig97.1	99927	100538	-	1	hypothetical protein
Echvi_0102	Echvi_0102	Echvi_Contig97.1	100574	101005	-	1	Uncharacterized conserved protein
Echvi_0103	Echvi_0103	Echvi_Contig97.1	101012	101533	-	1	hypothetical protein
Echvi_0104	Echvi_0104	Echvi_Contig97.1	101638	101958	+	1	Iron-sulfur cluster assembly accessory protein
Echvi_0105	Echvi_0105	Echvi_Contig97.1	101977	102477	+	1	hypothetical protein
Echvi_0106	Echvi_0106	Echvi_Contig97.1	102521	102982	-	1	hypothetical protein
Echvi_0107	Echvi_0107	Echvi_Contig97.1	102991	103356	-	1	dihydroneopterin aldolase
Echvi_0108	Echvi_0108	Echvi_Contig97.1	103359	104243	-	1	DivIVA domain
Echvi_0109	Echvi_0109	Echvi_Contig97.1	104240	105160	-	1	FOG: WD40 repeat
Echvi_0110	Echvi_0110	Echvi_Contig97.1	105200	105829	+	1	Phosphopantetheinyl transferase
Echvi_0111	Echvi_0111	Echvi_Contig97.1	105889	106473	+	1	AhpC/TSA family.
Echvi_0112	Echvi_0112	Echvi_Contig97.1	106466	107317	-	1	Uncharacterized conserved protein
Echvi_0113	Echvi_0113	Echvi_Contig97.1	107395	109020	-	1	Acetyl-CoA carboxylase, carboxyltransferase component (subunits alpha and beta)
Echvi_0114	Echvi_0114	Echvi_Contig97.1	109170	109970	-	1	N-acetylmuramoyl-L-alanine amidase
Echvi_0115	Echvi_0115	Echvi_Contig97.1	110035	112797	+	1	hypothetical protein
Echvi_0116	Echvi_0116	Echvi_Contig97.1	112892	114109	-	1	Arginine deiminase
Echvi_0117	Echvi_0117	Echvi_Contig97.1	114310	116370	-	1	Predicted metalloendopeptidase
Echvi_0118	Echvi_0118	Echvi_Contig97.1	116469	118187	-	1	Lysyl-tRNA synthetase (class II)
Echvi_0119	Echvi_0119	Echvi_Contig97.1	118205	119401	-	1	Proline dehydrogenase
Echvi_0120	Echvi_0120	Echvi_Contig97.1	119948	121051	+	1	3-deoxy-D-arabino-heptulosonate 7-phosphate (DAHP) synthase
Echvi_0121	Echvi_0121	Echvi_Contig97.1	121077	122114	+	1	3-dehydroquinate synthase
Echvi_0122	Echvi_0122	Echvi_Contig97.1	122111	123328	+	1	5-enolpyruvylshikimate-3-phosphate synthase
Echvi_0123	Echvi_0123	Echvi_Contig97.1	123444	124283	+	1	Prephenate dehydratase
Echvi_0124	Echvi_0124	Echvi_Contig97.1	124289	125449	+	1	Aspartate/tyrosine/aromatic aminotransferase
Echvi_0125	Echvi_0125	Echvi_Contig97.1	125472	126320	+	1	Prephenate dehydrogenase
Echvi_0126	Echvi_0126	Echvi_Contig97.1	126330	127097	-	1	ABC-type Fe3+-hydroxamate transport system, periplasmic component
Echvi_0127	Echvi_0127	Echvi_Contig97.1	127202	127438	+	1	hypothetical protein
Echvi_0128	Echvi_0128	Echvi_Contig97.1	127512	127607	-	1	hypothetical protein
Echvi_0129	Echvi_0129	Echvi_Contig97.1	127628	128110	-	1	hypothetical protein
Echvi_0130	Echvi_0130	Echvi_Contig97.1	128137	129777	+	1	Predicted metal-dependent hydrolase with the TIM-barrel fold
Echvi_0131	Echvi_0131	Echvi_Contig97.1	129899	130612	-	1	DNA uptake protein and related DNA-binding proteins
Echvi_0132	Echvi_0132	Echvi_Contig97.1	130884	132155	+	1	glutamyl-tRNA reductase
Echvi_0133	Echvi_0133	Echvi_Contig97.1	132312	133874	+	1	KWG Leptospira.
Echvi_0134	Echvi_0134	Echvi_Contig97.1	133769	134284	-	1	hypothetical protein
Echvi_0135	Echvi_0135	Echvi_Contig97.1	134256	135263	-	1	Uncharacterized protein conserved in bacteria
Echvi_0136	Echvi_0136	Echvi_Contig97.1	135270	135728	-	1	Membrane-bound serine protease (ClpP class)
Echvi_0137	Echvi_0137	Echvi_Contig97.1	135983	137464	-	1	prolyl-tRNA synthetase, family I
Echvi_0138	Echvi_0138	Echvi_Contig97.1	137597	138910	+	1	hypothetical protein
Echvi_0139	Echvi_0139	Echvi_Contig97.1	139049	140524	+	1	Outer membrane protein transport protein (OMPP1/FadL/TodX).
Echvi_0140	Echvi_0140	Echvi_Contig97.1	140514	141044	-	1	Shikimate kinase
Echvi_0141	Echvi_0141	Echvi_Contig97.1	141044	142135	-	1	Predicted membrane-associated, metal-dependent hydrolase
Echvi_0142	Echvi_0142	Echvi_Contig97.1	142128	142679	-	1	Domain of Unknown Function (DUF1599).
Echvi_0143	Echvi_0143	Echvi_Contig97.1	142697	143581	+	1	dihydropteroate synthase
Echvi_0144	Echvi_0144	Echvi_Contig97.1	143578	144444	+	1	TIGR00159 family protein
Echvi_0145	Echvi_0145	Echvi_Contig97.1	145169	146362	-	1	2-amino-3-ketobutyrate coenzyme A ligase
Echvi_0146	Echvi_0146	Echvi_Contig97.1	146600	147577	+	1	Nucleoside-diphosphate-sugar epimerases
Echvi_0147	Echvi_0147	Echvi_Contig97.1	147585	148070	+	1	Uncharacterized lipoprotein NlpE involved in copper resistance
Echvi_0148	Echvi_0148	Echvi_Contig97.1	148142	148498	-	1	transcriptional regulator, Spx/MgsR family
Echvi_0149	Echvi_0149	Echvi_Contig97.1	148635	149672	+	1	Protein of unknown function (DUF3667).
Echvi_0150	Echvi_0150	Echvi_Contig97.1	149785	151074	-	1	glutamate-1-semialdehyde-2,1-aminomutase
Echvi_0151	Echvi_0151	Echvi_Contig97.1	151084	152757	-	1	ABC-type branched-chain amino acid transport systems, periplasmic component
Echvi_0152	Echvi_0152	Echvi_Contig97.1	152977	154506	-	1	GMP synthase (glutamine-hydrolyzing), C-terminal domain or B subunit/GMP synthase (glutamine-hydrolyzing), N-terminal domain or A subunit
Echvi_0153	Echvi_0153	Echvi_Contig97.1	154712	156124	-	1	Predicted dehydrogenases and related proteins
Echvi_0154	Echvi_0154	Echvi_Contig97.1	156184	157167	-	1	Predicted metal-dependent hydrolase of the TIM-barrel fold
Echvi_0155	Echvi_0155	Echvi_Contig97.1	157168	157992	-	1	ketose-bisphosphate aldolases
Echvi_0156	Echvi_0156	Echvi_Contig97.1	158001	158945	-	1	Sugar kinases, ribokinase family
Echvi_0157	Echvi_0157	Echvi_Contig97.1	158938	159861	-	1	hexose kinase, 1-phosphofructokinase family
Echvi_0158	Echvi_0158	Echvi_Contig97.1	159864	161036	-	1	Predicted phosphosugar isomerases
Echvi_0159	Echvi_0159	Echvi_Contig97.1	161494	162561	-	1	Cellulase M and related proteins
Echvi_0160	Echvi_0160	Echvi_Contig97.1	162734	164317	-	1	Acetyl-CoA carboxylase, carboxyltransferase component (subunits alpha and beta)
Echvi_0161	Echvi_0161	Echvi_Contig97.1	164514	165479	+	1	Exopolyphosphatase
Echvi_0162	Echvi_0162	Echvi_Contig97.1	165526	166602	+	1	Malate/L-lactate dehydrogenases
Echvi_0163	Echvi_0163	Echvi_Contig97.1	166725	167219	+	1	Predicted redox protein, regulator of disulfide bond formation
Echvi_0164	Echvi_0164	Echvi_Contig97.1	167298	168368	-	1	Mannose-1-phosphate guanylyltransferase
Echvi_0165	Echvi_0165	Echvi_Contig97.1	168377	169345	-	1	KpsF/GutQ family protein
Echvi_0166	Echvi_0166	Echvi_Contig97.1	169446	171623	+	1	ATP-dependent DNA helicase RecQ
Echvi_0167	Echvi_0167	Echvi_Contig97.1	171641	172933	+	1	phosphoribosylamine--glycine ligase
Echvi_0168	Echvi_0168	Echvi_Contig97.1	172994	174391	+	1	Uncharacterized homolog of PSP1
Echvi_0169	Echvi_0169	Echvi_Contig97.1	174381	174863	+	1	hypothetical protein
Echvi_0170	Echvi_0170	Echvi_Contig97.1	174865	178857	-	1	hypothetical protein
Echvi_0171	Echvi_0171	Echvi_Contig97.1	178864	179676	-	1	Short-chain dehydrogenases of various substrate specificities
Echvi_0172	Echvi_0172	Echvi_Contig97.1	180046	181449	+	1	23S rRNA (uracil-5-)-methyltransferase RumA
Echvi_0173	Echvi_0173	Echvi_Contig97.1	181535	181909	+	1	hypothetical protein
Echvi_0174	Echvi_0174	Echvi_Contig97.1	182016	186029	-	1	hypothetical protein
Echvi_0175	Echvi_0175	Echvi_Contig97.1	186056	191896	-	1	hypothetical protein
Echvi_0176	Echvi_0176	Echvi_Contig97.1	191926	193527	-	1	conserved repeat domain
Echvi_0177	Echvi_0177	Echvi_Contig97.1	193524	195848	-	1	Outer membrane protein and related peptidoglycan-associated (lipo)proteins
Echvi_0178	Echvi_0178	Echvi_Contig97.1	195851	196819	-	1	Bacteroidetes-specific putative membrane protein
Echvi_0179	Echvi_0179	Echvi_Contig97.1	197285	197680	-	1	Diadenosine tetraphosphate (Ap4A) hydrolase and other HIT family hydrolases
Echvi_0180	Echvi_0180	Echvi_Contig97.1	197731	198204	-	1	transcription elongation factor GreA
Echvi_0181	Echvi_0181	Echvi_Contig97.1	198359	199294	-	1	Phosphoglycerate dehydrogenase and related dehydrogenases
Echvi_0182	Echvi_0182	Echvi_Contig97.1	199344	200711	-	1	Mg2+ transporter (mgtE)
Echvi_0183	Echvi_0183	Echvi_Contig97.1	200699	201481	-	1	dimethyladenosine transferase
Echvi_0184	Echvi_0184	Echvi_Contig97.1	201536	202972	+	1	Leucyl aminopeptidase
Echvi_0185	Echvi_0185	Echvi_Contig97.1	203047	204069	+	1	4-hydroxythreonine-4-phosphate dehydrogenase
Echvi_0186	Echvi_0186	Echvi_Contig97.1	204142	204708	+	1	Predicted metal-binding, possibly nucleic acid-binding protein
Echvi_0187	Echvi_0187	Echvi_Contig97.1	204727	204918	+	1	ribosomal protein L32
Echvi_0188	Echvi_0188	Echvi_Contig97.1	205301	206299	+	1	3-oxoacyl-(acyl-carrier-protein) synthase III
Echvi_0189	Echvi_0189	Echvi_Contig97.1	206324	206887	+	1	translation elongation factor P
Echvi_0190	Echvi_0190	Echvi_Contig97.1	206988	207473	+	1	acetyl-CoA carboxylase, biotin carboxyl carrier protein
Echvi_0191	Echvi_0191	Echvi_Contig97.1	207503	208852	+	1	acetyl-CoA carboxylase, biotin carboxylase subunit
Echvi_0192	Echvi_0192	Echvi_Contig97.1	209175	209792	-	1	hypothetical protein
Echvi_0193	Echvi_0193	Echvi_Contig97.1	210167	211129	+	1	NAD dependent epimerase/dehydratase family.
Echvi_0194	Echvi_0194	Echvi_Contig97.1	211187	211837	-	1	Protein of unknown function (DUF3109).
Echvi_0195	Echvi_0195	Echvi_Contig97.1	211903	212222	+	6	RNA
Echvi_0196	Echvi_0196	Echvi_Contig97.1	212305	213462	+	1	Response regulator containing CheY-like receiver, AAA-type ATPase, and DNA-binding domains
Echvi_0197	Echvi_0197	Echvi_Contig97.1	213476	213595	-	1	hypothetical protein
Echvi_0198	Echvi_0198	Echvi_Contig97.1	213652	214656	-	1	Coenzyme F390 synthetase
Echvi_0199	Echvi_0199	Echvi_Contig97.1	214731	215405	+	1	hypothetical protein
Echvi_0200	Echvi_0200	Echvi_Contig97.1	215464	217878	-	1	Pyruvate/2-oxoglutarate dehydrogenase complex, dehydrogenase (E1) component, eukaryotic type, beta subunit
Echvi_0201	Echvi_0201	Echvi_Contig97.1	218311	219429	+	1	alanine dehydrogenase
Echvi_0202	Echvi_0202	Echvi_Contig97.1	219540	221066	-	1	histidine ammonia-lyase
Echvi_0203	Echvi_0203	Echvi_Contig97.1	221191	222069	+	1	Transcriptional regulator
Echvi_0204	Echvi_0204	Echvi_Contig97.1	222220	224154	+	1	N-acetyl-beta-hexosaminidase
Echvi_0205	Echvi_0205	Echvi_Contig97.1	224164	224958	+	1	Metal-dependent hydrolase
Echvi_0206	Echvi_0206	Echvi_Contig97.1	225032	225793	-	1	Transcriptional regulators of sugar metabolism
Echvi_0207	Echvi_0207	Echvi_Contig97.1	226700	227596	-	1	Transposase DDE domain.
Echvi_0208	Echvi_0208	Echvi_Contig97.1	227750	228499	+	1	hypothetical protein
Echvi_0209	Echvi_0209	Echvi_Contig97.1	228514	229602	-	1	hypothetical protein
Echvi_0210	Echvi_0210	Echvi_Contig97.1	229698	230642	-	1	Secreted and surface protein containing fasciclin-like repeats
Echvi_0211	Echvi_0211	Echvi_Contig97.1	230791	231258	-	1	hypothetical protein
Echvi_0212	Echvi_0212	Echvi_Contig97.1	231260	232507	-	1	Sulfite oxidase and related enzymes
Echvi_0213	Echvi_0213	Echvi_Contig97.1	233060	233374	+	1	hypothetical protein
Echvi_0214	Echvi_0214	Echvi_Contig97.1	233915	234568	-	1	Putative transcription activator
Echvi_0215	Echvi_0215	Echvi_Contig97.1	234552	235391	-	1	phosphomethylpyrimidine kinase
Echvi_0216	Echvi_0216	Echvi_Contig97.1	235388	236026	-	1	thiamine-phosphate pyrophosphorylase
Echvi_0217	Echvi_0217	Echvi_Contig97.1	236019	236819	-	1	hydroxyethylthiazole kinase
Echvi_0218	Echvi_0218	Echvi_Contig97.1	237244	238281	-	1	luciferase family oxidoreductase, group 1
Echvi_0219	Echvi_0219	Echvi_Contig97.1	238490	238591	-	1	hypothetical protein
Echvi_0220	Echvi_0220	Echvi_Contig97.1	238802	239680	-	1	cysteine synthase B
Echvi_0221	Echvi_0221	Echvi_Contig97.1	239684	240526	-	1	Serine acetyltransferase
Echvi_0222	Echvi_0222	Echvi_Contig97.1	240542	241114	-	1	hypothetical protein
Echvi_0223	Echvi_0223	Echvi_Contig97.1	241095	241382	-	1	Septum formation initiator.
Echvi_0224	Echvi_0224	Echvi_Contig97.1	241644	242017	+	1	hypothetical protein
Echvi_0225	Echvi_0225	Echvi_Contig97.1	242162	243439	-	1	phosphopyruvate hydratase
Echvi_0226	Echvi_0226	Echvi_Contig97.1	243465	244559	-	1	carbamoyl-phosphate synthase, small subunit
Echvi_0227	Echvi_0227	Echvi_Contig97.1	244690	245313	-	1	ribosomal protein L17
Echvi_0228	Echvi_0228	Echvi_Contig97.1	245320	246309	-	1	DNA-directed RNA polymerase, alpha subunit, bacterial and chloroplast-type
Echvi_0229	Echvi_0229	Echvi_Contig97.1	246344	246946	-	1	ribosomal protein S4, bacterial/organelle type
Echvi_0230	Echvi_0230	Echvi_Contig97.1	246965	247363	-	1	30S ribosomal protein S11
Echvi_0231	Echvi_0231	Echvi_Contig97.1	247379	247756	-	1	30S ribosomal protein S13
Echvi_0232	Echvi_0232	Echvi_Contig97.1	247761	247877	-	1	ribosomal protein L36, bacterial type
Echvi_0233	Echvi_0233	Echvi_Contig97.1	247884	248102	-	1	translation initiation factor IF-1
Echvi_0234	Echvi_0234	Echvi_Contig97.1	248105	248878	-	1	methionine aminopeptidase, type I
Echvi_0235	Echvi_0235	Echvi_Contig97.1	248880	250196	-	1	preprotein translocase, SecY subunit
Echvi_0236	Echvi_0236	Echvi_Contig97.1	250200	250646	-	1	ribosomal protein L15, bacterial/organelle
Echvi_0237	Echvi_0237	Echvi_Contig97.1	250649	250828	-	1	ribosomal protein L30, bacterial/organelle
Echvi_0238	Echvi_0238	Echvi_Contig97.1	250833	251351	-	1	ribosomal protein S5, bacterial/organelle type
Echvi_0239	Echvi_0239	Echvi_Contig97.1	251358	251708	-	1	ribosomal protein L18, bacterial type
Echvi_0240	Echvi_0240	Echvi_Contig97.1	251716	252273	-	1	ribosomal protein L6, bacterial type
Echvi_0241	Echvi_0241	Echvi_Contig97.1	252284	252679	-	1	Ribosomal protein S8
Echvi_0242	Echvi_0242	Echvi_Contig97.1	252762	253031	-	1	Ribosomal protein S14
Echvi_0243	Echvi_0243	Echvi_Contig97.1	253034	253594	-	1	Ribosomal protein L5
Echvi_0244	Echvi_0244	Echvi_Contig97.1	253587	253931	-	1	ribosomal protein L24, bacterial/organelle
Echvi_0245	Echvi_0245	Echvi_Contig97.1	253934	254302	-	1	ribosomal protein L14, bacterial/organelle
Echvi_0246	Echvi_0246	Echvi_Contig97.1	254305	254565	-	1	30S ribosomal protein S17
Echvi_0247	Echvi_0247	Echvi_Contig97.1	254573	254767	-	1	ribosomal protein L29
Echvi_0248	Echvi_0248	Echvi_Contig97.1	254776	255195	-	1	ribosomal protein L16, bacterial/organelle
Echvi_0249	Echvi_0249	Echvi_Contig97.1	255220	255948	-	1	ribosomal protein S3, bacterial type
Echvi_0250	Echvi_0250	Echvi_Contig97.1	255958	256347	-	1	ribosomal protein L22, bacterial type
Echvi_0251	Echvi_0251	Echvi_Contig97.1	256350	256628	-	1	ribosomal protein S19, bacterial/organelle
Echvi_0252	Echvi_0252	Echvi_Contig97.1	256631	257455	-	1	ribosomal protein L2, bacterial/organellar
Echvi_0253	Echvi_0253	Echvi_Contig97.1	257469	257756	-	1	Ribosomal protein L23
Echvi_0254	Echvi_0254	Echvi_Contig97.1	257761	258390	-	1	50S ribosomal protein L4, bacterial/organelle
Echvi_0255	Echvi_0255	Echvi_Contig97.1	258395	259027	-	1	50S ribosomal protein L3, bacterial
Echvi_0256	Echvi_0256	Echvi_Contig97.1	259280	259585	-	1	ribosomal protein S10, bacterial/organelle
Echvi_0257	Echvi_0257	Echvi_Contig97.1	259598	261718	-	1	translation elongation factor EF-G
Echvi_0258	Echvi_0258	Echvi_Contig97.1	261724	262191	-	1	ribosomal protein S7, bacterial/organelle
Echvi_0259	Echvi_0259	Echvi_Contig97.1	262214	262594	-	1	ribosomal protein S12, bacterial/organelle
Echvi_0260	Echvi_0260	Echvi_Contig97.1	262694	263023	-	1	Protein of unknown function (DUF3467).
Echvi_0261	Echvi_0261	Echvi_Contig97.1	263192	267505	-	1	DNA-directed RNA polymerase, beta' subunit, predominant form
Echvi_0262	Echvi_0262	Echvi_Contig97.1	267556	271431	-	1	DNA-directed RNA polymerase, beta subunit
Echvi_0263	Echvi_0263	Echvi_Contig97.1	271586	271963	-	1	ribosomal protein L7/L12
Echvi_0264	Echvi_0264	Echvi_Contig97.1	272017	272553	-	1	Ribosomal protein L10
Echvi_0265	Echvi_0265	Echvi_Contig97.1	272556	273254	-	1	ribosomal protein L1, bacterial/chloroplast
Echvi_0266	Echvi_0266	Echvi_Contig97.1	273265	273708	-	1	50S ribosomal protein L11
Echvi_0267	Echvi_0267	Echvi_Contig97.1	273712	274269	-	1	transcription termination/antitermination factor NusG
Echvi_0268	Echvi_0268	Echvi_Contig97.1	274289	274477	-	1	preprotein translocase, SecE subunit, bacterial
Echvi_0269	Echvi_0269	Echvi_Contig97.1	274493	274566	-	5	tRNA
Echvi_0270	Echvi_0270	Echvi_Contig97.1	274683	275870	-	1	translation elongation factor TU
Echvi_0271	Echvi_0271	Echvi_Contig97.1	275928	276002	-	5	tRNA
Echvi_0272	Echvi_0272	Echvi_Contig97.1	276039	276114	-	5	tRNA
Echvi_0273	Echvi_0273	Echvi_Contig97.1	276337	276419	-	5	tRNA
Echvi_0274	Echvi_0274	Echvi_Contig97.1	276586	279156	-	1	Aminopeptidase N
Echvi_0275	Echvi_0275	Echvi_Contig97.1	279205	279699	+	1	Acetyl/propionyl-CoA carboxylase, alpha subunit
Echvi_0276	Echvi_0276	Echvi_Contig97.1	279800	280510	+	1	uridylate kinase
Echvi_0277	Echvi_0277	Echvi_Contig97.1	280523	281083	+	1	ribosome recycling factor
Echvi_0278	Echvi_0278	Echvi_Contig97.1	281600	281740	-	1	hypothetical protein
Echvi_0279	Echvi_0279	Echvi_Contig97.1	281924	284566	-	1	hypothetical protein
Echvi_0280	Echvi_0280	Echvi_Contig97.1	286070	289246	+	1	TonB-linked outer membrane protein, SusC/RagA family
Echvi_0281	Echvi_0281	Echvi_Contig97.1	289266	291128	+	1	SusD family.
Echvi_0282	Echvi_0282	Echvi_Contig97.1	291230	294565	+	1	ASPIC and UnbV.
Echvi_0283	Echvi_0283	Echvi_Contig97.1	294587	295933	+	1	PAP2 superfamily.
Echvi_0284	Echvi_0284	Echvi_Contig97.1	296150	296716	-	1	nicotinate (nicotinamide) nucleotide adenylyltransferase
Echvi_0285	Echvi_0285	Echvi_Contig97.1	296723	297295	-	1	guanylate kinase
Echvi_0286	Echvi_0286	Echvi_Contig97.1	297313	297585	-	1	hypothetical protein
Echvi_0287	Echvi_0287	Echvi_Contig97.1	297615	298205	-	1	RNA polymerase sigma factor, sigma-70 family
Echvi_0288	Echvi_0288	Echvi_Contig97.1	298340	299176	+	1	Lauroyl/myristoyl acyltransferase
Echvi_0289	Echvi_0289	Echvi_Contig97.1	299992	300105	-	1	hypothetical protein
Echvi_0290	Echvi_0290	Echvi_Contig97.1	300119	300526	+	1	hypothetical protein
Echvi_0291	Echvi_0291	Echvi_Contig97.1	300526	300633	+	1	hypothetical protein
Echvi_0292	Echvi_0292	Echvi_Contig97.1	300679	302937	+	1	Superfamily I DNA and RNA helicases
Echvi_0293	Echvi_0293	Echvi_Contig97.1	303069	303737	+	1	hypothetical protein
Echvi_0294	Echvi_0294	Echvi_Contig97.1	303737	305044	+	1	UDP-N-acetylglucosamine 1-carboxyvinyltransferase
Echvi_0295	Echvi_0295	Echvi_Contig97.1	305114	305938	-	1	hypothetical protein
Echvi_0296	Echvi_0296	Echvi_Contig97.1	306355	307203	+	1	hypothetical protein
Echvi_0297	Echvi_0297	Echvi_Contig97.1	307279	308403	-	1	DNA polymerase III, beta subunit
Echvi_0298	Echvi_0298	Echvi_Contig97.1	308653	310368	-	1	gliding-associated putative ABC transporter substrate-binding component GldG
Echvi_0299	Echvi_0299	Echvi_Contig97.1	310365	311087	-	1	gliding motility-associated ABC transporter permease protein GldF
Echvi_0300	Echvi_0300	Echvi_Contig97.1	311084	312001	-	1	gliding motility-associated ABC transporter ATP-binding subunit GldA
Echvi_0301	Echvi_0301	Echvi_Contig97.1	312003	312776	-	1	Short-chain dehydrogenases of various substrate specificities
Echvi_0302	Echvi_0302	Echvi_Contig97.1	312863	314161	+	1	amidohydrolase
Echvi_0303	Echvi_0303	Echvi_Contig97.1	314272	314940	-	1	Flavodoxin reductases (ferredoxin-NADPH reductases) family 1
Echvi_0304	Echvi_0304	Echvi_Contig97.1	315085	315933	-	1	purine nucleoside phosphorylase I, inosine and guanosine-specific
Echvi_0305	Echvi_0305	Echvi_Contig97.1	316166	316690	+	1	Predicted flavoprotein
Echvi_0306	Echvi_0306	Echvi_Contig97.1	316691	318295	-	1	cell division protein FtsZ
Echvi_0307	Echvi_0307	Echvi_Contig97.1	318375	319676	-	1	cell division protein FtsA
Echvi_0308	Echvi_0308	Echvi_Contig97.1	319688	320452	-	1	hypothetical protein
Echvi_0309	Echvi_0309	Echvi_Contig97.1	320443	321840	-	1	UDP-N-acetylmuramate--alanine ligase
Echvi_0310	Echvi_0310	Echvi_Contig97.1	321837	322919	-	1	undecaprenyldiphospho-muramoylpentapeptide beta-N-acetylglucosaminyltransferase
Echvi_0311	Echvi_0311	Echvi_Contig97.1	322958	324127	-	1	Bacterial cell division membrane protein
Echvi_0312	Echvi_0312	Echvi_Contig97.1	324124	325473	-	1	UDP-N-acetylmuramoylalanine--D-glutamate ligase
Echvi_0313	Echvi_0313	Echvi_Contig97.1	325477	326688	-	1	phospho-N-acetylmuramoyl-pentapeptide-transferase
Echvi_0314	Echvi_0314	Echvi_Contig97.1	326692	328155	-	1	UDP-N-acetylmuramyl-tripeptide synthetase
Echvi_0315	Echvi_0315	Echvi_Contig97.1	328155	330266	-	1	Cell division protein FtsI/penicillin-binding protein 2
Echvi_0316	Echvi_0316	Echvi_Contig97.1	330263	330664	-	1	hypothetical protein
Echvi_0317	Echvi_0317	Echvi_Contig97.1	330667	331575	-	1	S-adenosyl-methyltransferase MraW
Echvi_0318	Echvi_0318	Echvi_Contig97.1	331572	332024	-	1	mraZ protein
Echvi_0319	Echvi_0319	Echvi_Contig97.1	332480	333454	-	1	Geranylgeranyl pyrophosphate synthase
Echvi_0320	Echvi_0320	Echvi_Contig97.1	333561	334484	-	1	Uncharacterized protein conserved in bacteria
Echvi_0321	Echvi_0321	Echvi_Contig97.1	334654	336354	+	1	Glycerol-3-phosphate O-acyltransferase
Echvi_0322	Echvi_0322	Echvi_Contig97.1	336329	337393	+	1	Glycerol-3-phosphate dehydrogenase
Echvi_0323	Echvi_0323	Echvi_Contig97.1	337464	338357	+	1	Gluconolactonase
Echvi_0324	Echvi_0324	Echvi_Contig97.1	338576	339670	-	1	Uncharacterized protein involved in methicillin resistance
Echvi_0325	Echvi_0325	Echvi_Contig97.1	340383	340700	-	1	Predicted transcriptional regulator with C-terminal CBS domains
Echvi_0326	Echvi_0326	Echvi_Contig97.1	341242	343068	-	1	Uncharacterized conserved protein (DUF2081)./Protein of unknown function DUF262.
Echvi_0327	Echvi_0327	Echvi_Contig97.1	343255	344832	-	1	hypothetical protein
Echvi_0328	Echvi_0328	Echvi_Contig97.1	345113	345778	-	1	hypothetical protein
Echvi_0329	Echvi_0329	Echvi_Contig97.1	345848	346051	-	1	hypothetical protein
Echvi_0330	Echvi_0330	Echvi_Contig97.1	346277	347089	-	1	hypothetical protein
Echvi_0331	Echvi_0331	Echvi_Contig97.1	347371	348957	-	1	Uncharacterized conserved protein
Echvi_0332	Echvi_0332	Echvi_Contig97.1	349344	350576	-	1	Zn-dependent protease with chaperone function
Echvi_0333	Echvi_0333	Echvi_Contig97.1	350589	351638	-	1	Bacteroidetes-specific putative membrane protein
Echvi_0334	Echvi_0334	Echvi_Contig97.1	351720	357350	+	1	hypothetical protein
Echvi_0335	Echvi_0335	Echvi_Contig97.1	357353	358105	+	1	Uncharacterized protein conserved in bacteria
Echvi_0336	Echvi_0336	Echvi_Contig97.1	358262	358624	+	1	rare lipoprotein A
Echvi_0337	Echvi_0337	Echvi_Contig97.1	358766	359965	-	1	3-phosphoglycerate kinase
Echvi_0338	Echvi_0338	Echvi_Contig97.1	360209	361171	-	1	Sua5/YciO/YrdC/YwlC family protein
Echvi_0339	Echvi_0339	Echvi_Contig97.1	361171	361866	-	1	Tetratricopeptide repeat.
Echvi_0340	Echvi_0340	Echvi_Contig97.1	362059	362610	-	1	ADP-ribose pyrophosphatase
Echvi_0341	Echvi_0341	Echvi_Contig97.1	362618	363199	-	1	hypothetical protein
Echvi_0342	Echvi_0342	Echvi_Contig97.1	363196	365118	-	1	ATP-dependent DNA helicase, RecQ family
Echvi_0343	Echvi_0343	Echvi_Contig97.1	365120	365896	-	1	Enoyl-CoA hydratase/carnithine racemase
Echvi_0344	Echvi_0344	Echvi_Contig97.1	365962	367920	-	1	ComEC/Rec2-related protein
Echvi_0345	Echvi_0345	Echvi_Contig97.1	368043	368585	-	1	hypothetical protein
Echvi_0346	Echvi_0346	Echvi_Contig97.1	368667	369107	-	1	Predicted acyltransferase
Echvi_0347	Echvi_0347	Echvi_Contig97.1	369073	370065	-	1	Phosphate starvation-inducible protein PhoH, predicted ATPase
Echvi_0348	Echvi_0348	Echvi_Contig97.1	370170	370949	+	1	Uncharacterized conserved protein
Echvi_0349	Echvi_0349	Echvi_Contig97.1	371123	371209	+	5	tRNA
Echvi_0350	Echvi_0350	Echvi_Contig97.1	372365	373705	-	1	AhpC/TSA family.
Echvi_0351	Echvi_0351	Echvi_Contig97.1	373799	374644	-	1	Predicted transcription factor, homolog of eukaryotic MBF1
Echvi_0352	Echvi_0352	Echvi_Contig97.1	374750	379777	-	1	hypothetical protein
Echvi_0353	Echvi_0353	Echvi_Contig97.1	379783	380916	-	1	hypothetical protein
Echvi_0354	Echvi_0354	Echvi_Contig97.1	381328	381657	+	1	Predicted transcriptional regulators
Echvi_0355	Echvi_0355	Echvi_Contig97.1	381662	383569	+	1	Putative stress-responsive transcriptional regulator
Echvi_0356	Echvi_0356	Echvi_Contig97.1	383672	385072	+	1	Predicted metal-dependent RNase, consists of a metallo-beta-lactamase domain and an RNA-binding KH domain
Echvi_0357	Echvi_0357	Echvi_Contig97.1	385126	385608	+	1	hypothetical protein
Echvi_0358	Echvi_0358	Echvi_Contig97.1	385996	386565	+	1	RNA polymerase sigma factor, sigma-70 family
Echvi_0359	Echvi_0359	Echvi_Contig97.1	386558	387343	+	1	hypothetical protein
Echvi_0360	Echvi_0360	Echvi_Contig97.1	387368	388405	+	1	hypothetical protein
Echvi_0361	Echvi_0361	Echvi_Contig97.1	388436	389359	+	1	hypothetical protein
Echvi_0362	Echvi_0362	Echvi_Contig97.1	389657	390136	-	1	hypothetical protein
Echvi_0363	Echvi_0363	Echvi_Contig97.1	390147	391259	-	1	Flavodoxin reductases (ferredoxin-NADPH reductases) family 1
Echvi_0364	Echvi_0364	Echvi_Contig97.1	391513	392265	+	1	hypothetical protein
Echvi_0365	Echvi_0365	Echvi_Contig97.1	392547	393890	+	1	adenylosuccinate lyase
Echvi_0366	Echvi_0366	Echvi_Contig97.1	394051	394995	-	1	Uncharacterized protein conserved in bacteria containing a pentein-type domain
Echvi_0367	Echvi_0367	Echvi_Contig97.1	395055	395969	-	1	hypothetical protein
Echvi_0368	Echvi_0368	Echvi_Contig97.1	396031	396132	-	1	hypothetical protein
Echvi_0369	Echvi_0369	Echvi_Contig97.1	396212	398740	-	1	ATPases with chaperone activity, ATP-binding subunit
Echvi_0370	Echvi_0370	Echvi_Contig97.1	398823	399452	-	1	WbqC-like protein family.
Echvi_0371	Echvi_0371	Echvi_Contig97.1	399500	400129	-	1	Sua5/YciO/YrdC/YwlC family protein
Echvi_0372	Echvi_0372	Echvi_Contig97.1	400296	401339	+	1	conserved hypothetical protein, YceG family
Echvi_0373	Echvi_0373	Echvi_Contig97.1	401343	401747	+	1	acyl-CoA thioester hydrolase, YbgC/YbaW family
Echvi_0374	Echvi_0374	Echvi_Contig97.1	401760	402704	+	1	Predicted membrane protein
Echvi_0375	Echvi_0375	Echvi_Contig97.1	402914	402998	+	5	tRNA
Echvi_0376	Echvi_0376	Echvi_Contig97.1	403299	403862	-	1	hypothetical protein
Echvi_0377	Echvi_0377	Echvi_Contig97.1	403926	404474	-	1	hypothetical protein
Echvi_0378	Echvi_0378	Echvi_Contig97.1	404542	404688	+	1	hypothetical protein
Echvi_0379	Echvi_0379	Echvi_Contig97.1	404855	406087	-	1	FOG: Transposase and inactivated derivatives
Echvi_0380	Echvi_0380	Echvi_Contig97.1	406159	406518	-	1	hypothetical protein
Echvi_0381	Echvi_0381	Echvi_Contig97.1	406518	407846	-	1	Restriction endonuclease S subunits
Echvi_0382	Echvi_0382	Echvi_Contig97.1	407843	409279	-	1	Type I restriction-modification system methyltransferase subunit
Echvi_0383	Echvi_0383	Echvi_Contig97.1	409280	410266	-	1	Virulence protein
Echvi_0384	Echvi_0384	Echvi_Contig97.1	410266	412722	-	1	Type I site-specific restriction-modification system, R (restriction) subunit and related helicases
Echvi_0385	Echvi_0385	Echvi_Contig97.1	412764	413048	-	1	Predicted transcription factor, homolog of eukaryotic MBF1
Echvi_0386	Echvi_0386	Echvi_Contig97.1	413442	413768	-	1	hypothetical protein
Echvi_0387	Echvi_0387	Echvi_Contig97.1	413785	414171	-	1	Helix-turn-helix.
Echvi_0388	Echvi_0388	Echvi_Contig97.1	414749	415171	+	1	hypothetical protein
Echvi_0389	Echvi_0389	Echvi_Contig97.1	415287	415751	+	1	hypothetical protein
Echvi_0390	Echvi_0390	Echvi_Contig97.1	415937	417112	-	1	Relaxase/Mobilisation nuclease domain.
Echvi_0391	Echvi_0391	Echvi_Contig97.1	417102	417446	-	1	Bacterial mobilisation protein (MobC).
Echvi_0392	Echvi_0392	Echvi_Contig97.1	417548	418410	-	1	DNA primase (bacterial type)
Echvi_0393	Echvi_0393	Echvi_Contig97.1	418443	418616	+	1	hypothetical protein
Echvi_0394	Echvi_0394	Echvi_Contig97.1	418556	418837	-	1	hypothetical protein
Echvi_0395	Echvi_0395	Echvi_Contig97.1	419045	419515	-	1	DNA repair proteins
Echvi_0396	Echvi_0396	Echvi_Contig97.1	419876	420922	-	1	Transcriptional regulators
Echvi_0397	Echvi_0397	Echvi_Contig97.1	421112	422476	-	1	hypothetical protein
Echvi_0398	Echvi_0398	Echvi_Contig97.1	422500	424824	-	1	Beta-glucosidase-related glycosidases
Echvi_0399	Echvi_0399	Echvi_Contig97.1	425115	425825	-	1	Lysophospholipase L1 and related esterases
Echvi_0400	Echvi_0400	Echvi_Contig97.1	425837	428392	-	1	hypothetical protein
Echvi_0401	Echvi_0401	Echvi_Contig97.1	428473	429894	-	1	SusD family.
Echvi_0402	Echvi_0402	Echvi_Contig97.1	429913	433086	-	1	TonB-linked outer membrane protein, SusC/RagA family
Echvi_0403	Echvi_0403	Echvi_Contig97.1	433091	437203	-	1	Endoglucanase
Echvi_0404	Echvi_0404	Echvi_Contig97.1	437347	440667	-	1	hypothetical protein
Echvi_0405	Echvi_0405	Echvi_Contig97.1	440755	442245	-	1	L-arabinose isomerase
Echvi_0406	Echvi_0406	Echvi_Contig97.1	442423	443328	-	1	hypothetical protein
Echvi_0407	Echvi_0407	Echvi_Contig97.1	443341	444927	-	1	SusD family.
Echvi_0408	Echvi_0408	Echvi_Contig97.1	444946	448113	-	1	TonB-linked outer membrane protein, SusC/RagA family
Echvi_0409	Echvi_0409	Echvi_Contig97.1	448148	449395	-	1	Sugar phosphate permease
Echvi_0410	Echvi_0410	Echvi_Contig97.1	449620	450393	-	1	Transcriptional regulators
Echvi_0411	Echvi_0411	Echvi_Contig97.1	450580	451812	+	1	FOG: Transposase and inactivated derivatives
Echvi_0412	Echvi_0412	Echvi_Contig97.1	452243	452704	-	1	Transposase and inactivated derivatives
Echvi_0413	Echvi_0413	Echvi_Contig97.1	452885	453868	-	1	Fic/DOC family.
Echvi_0414	Echvi_0414	Echvi_Contig97.1	453963	454847	-	1	hypothetical protein
Echvi_0415	Echvi_0415	Echvi_Contig97.1	454862	456175	-	1	Site-specific recombinase XerD
Echvi_0416	Echvi_0416	Echvi_Contig97.1	456513	457412	-	1	Transposase and inactivated derivatives
Echvi_0417	Echvi_0417	Echvi_Contig97.1	457575	457829	-	1	hypothetical protein
Echvi_0418	Echvi_0418	Echvi_Contig97.1	458064	459644	+	1	Deoxycytidylate deaminase
Echvi_0419	Echvi_0419	Echvi_Contig97.1	459670	459798	+	1	hypothetical protein
Echvi_0420	Echvi_0420	Echvi_Contig97.1	459873	460217	-	1	hypothetical protein
Echvi_0421	Echvi_0421	Echvi_Contig97.1	460246	464346	-	1	hypothetical protein
Echvi_0422	Echvi_0422	Echvi_Contig97.1	464393	467821	-	1	Type I site-specific restriction-modification system, R (restriction) subunit and related helicases
Echvi_0423	Echvi_0423	Echvi_Contig97.1	467825	469027	-	1	Restriction endonuclease S subunits
Echvi_0424	Echvi_0424	Echvi_Contig97.1	469029	470615	-	1	Type I restriction-modification system methyltransferase subunit
Echvi_0425	Echvi_0425	Echvi_Contig97.1	470787	471176	+	1	hypothetical protein
Echvi_0426	Echvi_0426	Echvi_Contig97.1	471190	471501	-	1	hypothetical protein
Echvi_0427	Echvi_0427	Echvi_Contig97.1	471518	471616	-	1	hypothetical protein
Echvi_0428	Echvi_0428	Echvi_Contig97.1	471698	471904	-	1	Helix-turn-helix.
Echvi_0429	Echvi_0429	Echvi_Contig97.1	472068	472493	+	1	hypothetical protein
Echvi_0430	Echvi_0430	Echvi_Contig97.1	472527	473333	+	1	hypothetical protein
Echvi_0431	Echvi_0431	Echvi_Contig97.1	473643	473750	-	1	hypothetical protein
Echvi_0432	Echvi_0432	Echvi_Contig97.1	473766	474407	+	1	hypothetical protein
Echvi_0433	Echvi_0433	Echvi_Contig97.1	474584	474754	+	1	hypothetical protein
Echvi_0434	Echvi_0434	Echvi_Contig97.1	474758	475555	+	1	hypothetical protein
Echvi_0435	Echvi_0435	Echvi_Contig97.1	475579	476757	-	1	Relaxase/Mobilisation nuclease domain.
Echvi_0436	Echvi_0436	Echvi_Contig97.1	476747	477091	-	1	Bacterial mobilisation protein (MobC).
Echvi_0437	Echvi_0437	Echvi_Contig97.1	477193	478056	-	1	DNA primase (bacterial type)
Echvi_0438	Echvi_0438	Echvi_Contig97.1	478090	478263	+	1	hypothetical protein
Echvi_0439	Echvi_0439	Echvi_Contig97.1	478203	478484	-	1	hypothetical protein
Echvi_0440	Echvi_0440	Echvi_Contig97.1	478697	479167	-	1	DNA repair proteins
Echvi_0441	Echvi_0441	Echvi_Contig97.1	479953	481680	+	1	Predicted ATP-dependent endonuclease of the OLD family
Echvi_0442	Echvi_0442	Echvi_Contig97.1	481687	483507	+	1	Superfamily I DNA and RNA helicases
Echvi_0443	Echvi_0443	Echvi_Contig97.1	483482	483580	+	1	hypothetical protein
Echvi_0444	Echvi_0444	Echvi_Contig97.1	483614	487027	-	1	Superfamily II DNA/RNA helicases, SNF2 family
Echvi_0445	Echvi_0445	Echvi_Contig97.1	487074	488786	-	1	HEPN domain.
Echvi_0446	Echvi_0446	Echvi_Contig97.1	489384	490346	-	1	hypothetical protein
Echvi_0447	Echvi_0447	Echvi_Contig97.1	490376	491695	-	1	hypothetical protein
Echvi_0448	Echvi_0448	Echvi_Contig97.1	491710	492255	-	1	hypothetical protein
Echvi_0449	Echvi_0449	Echvi_Contig97.1	492362	493480	-	1	hypothetical protein
Echvi_0450	Echvi_0450	Echvi_Contig97.1	493561	494091	-	1	hypothetical protein
Echvi_0451	Echvi_0451	Echvi_Contig97.1	494212	495504	-	1	hypothetical protein
Echvi_0452	Echvi_0452	Echvi_Contig97.1	495513	496055	-	1	hypothetical protein
Echvi_0453	Echvi_0453	Echvi_Contig97.1	496255	496812	+	1	RNA polymerase sigma factor, sigma-70 family
Echvi_0454	Echvi_0454	Echvi_Contig97.1	496799	497521	+	1	Tetratricopeptide repeat.
Echvi_0455	Echvi_0455	Echvi_Contig97.1	497524	500526	-	1	Uncharacterized protein conserved in bacteria
Echvi_0456	Echvi_0456	Echvi_Contig97.1	500587	500934	+	1	hypothetical protein
Echvi_0457	Echvi_0457	Echvi_Contig97.1	500842	501897	-	1	Domain of unknown function (DUF1814).
Echvi_0458	Echvi_0458	Echvi_Contig97.1	501894	502664	-	1	hypothetical protein
Echvi_0459	Echvi_0459	Echvi_Contig97.1	502879	503850	-	1	Fic/DOC family.
Echvi_0460	Echvi_0460	Echvi_Contig97.1	503945	504829	-	1	hypothetical protein
Echvi_0461	Echvi_0461	Echvi_Contig97.1	504844	505023	-	1	Site-specific recombinase XerD
Echvi_0462	Echvi_0462	Echvi_Contig97.1	505606	505863	+	1	hypothetical protein
Echvi_0463	Echvi_0463	Echvi_Contig97.1	506088	508676	+	1	Zinc metalloprotease (elastase)
Echvi_0464	Echvi_0464	Echvi_Contig97.1	508718	509575	-	1	Protein of unknown function (DUF2726).
Echvi_0465	Echvi_0465	Echvi_Contig97.1	509909	511240	+	1	hypothetical protein
Echvi_0466	Echvi_0466	Echvi_Contig97.1	511224	511928	+	1	hypothetical protein
Echvi_0467	Echvi_0467	Echvi_Contig97.1	512041	512457	+	1	hypothetical protein
Echvi_0468	Echvi_0468	Echvi_Contig97.1	512936	514681	-	1	SusD family.
Echvi_0469	Echvi_0469	Echvi_Contig97.1	514799	517885	-	1	TonB-linked outer membrane protein, SusC/RagA family
Echvi_0470	Echvi_0470	Echvi_Contig97.1	518337	519581	-	1	beta-ketoacyl-acyl-carrier-protein synthase II
Echvi_0471	Echvi_0471	Echvi_Contig97.1	519578	520138	-	1	Bacterial regulatory proteins, tetR family.
Echvi_0472	Echvi_0472	Echvi_Contig97.1	520470	520688	+	1	hypothetical protein
Echvi_0473	Echvi_0473	Echvi_Contig97.1	520723	521754	+	1	Predicted oxidoreductases (related to aryl-alcohol dehydrogenases)
Echvi_0474	Echvi_0474	Echvi_Contig97.1	521793	522173	+	1	DoxX.
Echvi_0475	Echvi_0475	Echvi_Contig97.1	522211	522492	+	1	Uncharacterized protein conserved in bacteria
Echvi_0476	Echvi_0476	Echvi_Contig97.1	522675	523334	+	1	Calcineurin-like phosphoesterase.
Echvi_0477	Echvi_0477	Echvi_Contig97.1	523306	524853	-	1	Exopolyphosphatase
Echvi_0478	Echvi_0478	Echvi_Contig97.1	524955	526865	-	1	6-phosphogluconate dehydrogenase, decarboxylating
Echvi_0479	Echvi_0479	Echvi_Contig97.1	527175	528251	+	1	Predicted dehydrogenases and related proteins
Echvi_0480	Echvi_0480	Echvi_Contig97.1	528328	529257	-	1	Transcriptional regulator containing an amidase domain and an AraC-type DNA-binding HTH domain
Echvi_0481	Echvi_0481	Echvi_Contig97.1	529441	530970	+	1	NAD-dependent aldehyde dehydrogenases
Echvi_0482	Echvi_0482	Echvi_Contig97.1	531192	531626	+	1	Uncharacterized protein conserved in bacteria
Echvi_0483	Echvi_0483	Echvi_Contig97.1	531703	532836	-	1	hypothetical protein
Echvi_0484	Echvi_0484	Echvi_Contig97.1	532871	532999	+	1	hypothetical protein
Echvi_0485	Echvi_0485	Echvi_Contig97.1	533270	536386	-	1	Beta-galactosidase/beta-glucuronidase
Echvi_0486	Echvi_0486	Echvi_Contig97.1	536479	538623	-	1	Beta-xylosidase
Echvi_0487	Echvi_0487	Echvi_Contig97.1	538824	540038	-	1	Highly conserved protein containing a thioredoxin domain
Echvi_0488	Echvi_0488	Echvi_Contig97.1	540289	541599	-	1	hypothetical protein
Echvi_0489	Echvi_0489	Echvi_Contig97.1	541825	543066	-	1	Uncharacterized protein conserved in bacteria
Echvi_0490	Echvi_0490	Echvi_Contig97.1	543251	544132	-	1	Beta-glucanase/Beta-glucan synthetase
Echvi_0491	Echvi_0491	Echvi_Contig97.1	544236	545045	-	1	Domain of Unknown Function (DUF1080).
Echvi_0492	Echvi_0492	Echvi_Contig97.1	545162	546847	-	1	SusD family.
Echvi_0493	Echvi_0493	Echvi_Contig97.1	546862	549831	-	1	TonB-linked outer membrane protein, SusC/RagA family
Echvi_0494	Echvi_0494	Echvi_Contig97.1	550082	551230	+	1	hypothetical protein
Echvi_0495	Echvi_0495	Echvi_Contig97.1	551303	552301	-	1	Beta-xylosidase
Echvi_0496	Echvi_0496	Echvi_Contig97.1	552320	553318	-	1	Beta-xylosidase
Echvi_0497	Echvi_0497	Echvi_Contig97.1	553517	554560	-	1	Beta-xylosidase
Echvi_0498	Echvi_0498	Echvi_Contig97.1	554629	555726	-	1	hypothetical protein
Echvi_0499	Echvi_0499	Echvi_Contig97.1	555918	556859	+	1	Glycosyl hydrolases family 43.
Echvi_0500	Echvi_0500	Echvi_Contig97.1	557142	558122	+	1	Beta-xylosidase
Echvi_0501	Echvi_0501	Echvi_Contig97.1	558195	558647	-	1	ADP-ribose pyrophosphatase
Echvi_0502	Echvi_0502	Echvi_Contig97.1	558966	560126	-	1	Galactose mutarotase and related enzymes
Echvi_0503	Echvi_0503	Echvi_Contig97.1	560214	560918	-	1	Ribulose-5-phosphate 4-epimerase and related epimerases and aldolases
Echvi_0504	Echvi_0504	Echvi_Contig97.1	561240	564401	+	1	Signal transduction histidine kinase
Echvi_0505	Echvi_0505	Echvi_Contig97.1	564406	564996	+	1	Response regulator containing a CheY-like receiver domain and an HTH DNA-binding domain
Echvi_0506	Echvi_0506	Echvi_Contig97.1	564987	566087	-	1	Predicted neuraminidase (sialidase)
Echvi_0507	Echvi_0507	Echvi_Contig97.1	566351	567364	-	1	Threonine dehydrogenase and related Zn-dependent dehydrogenases
Echvi_0508	Echvi_0508	Echvi_Contig97.1	567670	568965	-	1	L-fucose:H+ symporter permease
Echvi_0509	Echvi_0509	Echvi_Contig97.1	569075	570109	-	1	Predicted oxidoreductases (related to aryl-alcohol dehydrogenases)
Echvi_0510	Echvi_0510	Echvi_Contig97.1	570261	571283	+	1	Transcriptional regulators
Echvi_0511	Echvi_0511	Echvi_Contig97.1	571483	572733	+	1	Superfamily II DNA and RNA helicases
Echvi_0512	Echvi_0512	Echvi_Contig97.1	573059	573868	+	1	hypothetical protein
Echvi_0513	Echvi_0513	Echvi_Contig97.1	573949	574845	+	1	Small-conductance mechanosensitive channel
Echvi_0514	Echvi_0514	Echvi_Contig97.1	574901	575617	+	1	Uncharacterized membrane protein
Echvi_0515	Echvi_0515	Echvi_Contig97.1	575697	577385	-	1	L-ribulokinase
Echvi_0516	Echvi_0516	Echvi_Contig97.1	577516	579066	-	1	Alpha-L-arabinofuranosidase
Echvi_0517	Echvi_0517	Echvi_Contig97.1	579110	581041	-	1	Glycoside hydrolase 97.
Echvi_0518	Echvi_0518	Echvi_Contig97.1	581141	583495	-	1	Uncharacterized protein conserved in bacteria
Echvi_0519	Echvi_0519	Echvi_Contig97.1	583499	584986	-	1	Beta-xylosidase
Echvi_0520	Echvi_0520	Echvi_Contig97.1	584987	585970	-	1	Beta-xylosidase
Echvi_0521	Echvi_0521	Echvi_Contig97.1	586054	586737	-	1	hypothetical protein
Echvi_0522	Echvi_0522	Echvi_Contig97.1	586750	588612	-	1	SusD family.
Echvi_0523	Echvi_0523	Echvi_Contig97.1	588624	591827	-	1	TonB-linked outer membrane protein, SusC/RagA family
Echvi_0524	Echvi_0524	Echvi_Contig97.1	592336	594291	-	1	hypothetical protein
Echvi_0525	Echvi_0525	Echvi_Contig97.1	594458	595132	-	1	hypothetical protein
Echvi_0526	Echvi_0526	Echvi_Contig97.1	595286	595378	+	1	hypothetical protein
Echvi_0527	Echvi_0527	Echvi_Contig97.1	595472	595720	-	1	Predicted endonuclease containing a URI domain
Echvi_0528	Echvi_0528	Echvi_Contig97.1	595767	595843	-	5	tRNA
Echvi_0529	Echvi_0529	Echvi_Contig97.1	595852	596106	-	1	Predicted endonuclease containing a URI domain
Echvi_0530	Echvi_0530	Echvi_Contig97.1	596152	596228	-	5	tRNA
Echvi_0531	Echvi_0531	Echvi_Contig97.1	596237	596491	-	1	Predicted endonuclease containing a URI domain
Echvi_0532	Echvi_0532	Echvi_Contig97.1	596537	596611	-	5	tRNA
Echvi_0533	Echvi_0533	Echvi_Contig97.1	596660	596737	-	5	tRNA
Echvi_0534	Echvi_0534	Echvi_Contig97.1	596785	596864	-	5	tRNA
Echvi_0535	Echvi_0535	Echvi_Contig97.1	597007	598551	-	1	NAD-dependent aldehyde dehydrogenases
Echvi_0536	Echvi_0536	Echvi_Contig97.1	598786	599355	+	1	hypothetical protein
Echvi_0537	Echvi_0537	Echvi_Contig97.1	599433	600113	+	1	hypothetical protein
Echvi_0538	Echvi_0538	Echvi_Contig97.1	600230	601024	+	1	hypothetical protein
Echvi_0539	Echvi_0539	Echvi_Contig97.1	600972	601379	+	1	Protein of unknown function (DUF3037).
Echvi_0540	Echvi_0540	Echvi_Contig97.1	601599	603032	-	1	efflux transporter, outer membrane factor (OMF) lipoprotein, NodT family
Echvi_0541	Echvi_0541	Echvi_Contig97.1	603025	606189	-	1	The (Largely Gram-negative Bacterial) Hydrophobe/Amphiphile Efflux-1 (HAE1) Family
Echvi_0542	Echvi_0542	Echvi_Contig97.1	606216	607307	-	1	RND family efflux transporter, MFP subunit
Echvi_0543	Echvi_0543	Echvi_Contig97.1	607500	607907	-	1	hypothetical protein
Echvi_0544	Echvi_0544	Echvi_Contig97.1	608381	610894	+	1	DNA-binding transcriptional activator of the SARP family
Echvi_0545	Echvi_0545	Echvi_Contig97.1	611042	613243	-	1	hypothetical protein
Echvi_0546	Echvi_0546	Echvi_Contig97.1	613317	614129	-	1	hypothetical protein
Echvi_0547	Echvi_0547	Echvi_Contig97.1	614160	616307	-	1	SusD family.
Echvi_0548	Echvi_0548	Echvi_Contig97.1	616350	619577	-	1	TonB-linked outer membrane protein, SusC/RagA family
Echvi_0549	Echvi_0549	Echvi_Contig97.1	619633	621078	-	1	Predicted glycosyl hydrolase
Echvi_0550	Echvi_0550	Echvi_Contig97.1	621095	622906	-	1	hypothetical protein
Echvi_0551	Echvi_0551	Echvi_Contig97.1	623187	623294	-	1	hypothetical protein
Echvi_0552	Echvi_0552	Echvi_Contig97.1	623320	623439	+	1	hypothetical protein
Echvi_0553	Echvi_0553	Echvi_Contig97.1	623388	623882	+	1	hypothetical protein
Echvi_0554	Echvi_0554	Echvi_Contig97.1	624757	624830	-	5	tRNA
Echvi_0555	Echvi_0555	Echvi_Contig97.1	624954	627503	-	1	Small-conductance mechanosensitive channel
Echvi_0556	Echvi_0556	Echvi_Contig97.1	627746	629080	+	1	Alpha-L-fucosidase
Echvi_0557	Echvi_0557	Echvi_Contig97.1	629344	629772	+	1	Molecular chaperone (small heat shock protein)
Echvi_0558	Echvi_0558	Echvi_Contig97.1	629981	631468	+	1	periplasmic serine protease, Do/DeqQ family
Echvi_0559	Echvi_0559	Echvi_Contig97.1	631967	633889	+	1	hypothetical protein
Echvi_0560	Echvi_0560	Echvi_Contig97.1	634044	634712	+	1	Response regulator containing a CheY-like receiver domain and an HTH DNA-binding domain
Echvi_0561	Echvi_0561	Echvi_Contig97.1	634858	635865	-	1	Sugar kinases, ribokinase family
Echvi_0562	Echvi_0562	Echvi_Contig97.1	635894	637057	-	1	hypothetical protein
Echvi_0563	Echvi_0563	Echvi_Contig97.1	637242	637490	-	1	hypothetical protein
Echvi_0564	Echvi_0564	Echvi_Contig97.1	637698	639011	-	1	ribosomal protein S12 methylthiotransferase RimO
Echvi_0565	Echvi_0565	Echvi_Contig97.1	639243	640709	-	1	Predicted dehydrogenases and related proteins
Echvi_0566	Echvi_0566	Echvi_Contig97.1	641300	644539	+	1	TonB-linked outer membrane protein, SusC/RagA family
Echvi_0567	Echvi_0567	Echvi_Contig97.1	644560	646344	+	1	SusD family.
Echvi_0568	Echvi_0568	Echvi_Contig97.1	647633	647890	-	1	hypothetical protein
Echvi_0569	Echvi_0569	Echvi_Contig97.1	647941	648777	-	1	hypothetical protein
Echvi_0570	Echvi_0570	Echvi_Contig97.1	648864	650018	-	1	hypothetical protein
Echvi_0571	Echvi_0571	Echvi_Contig97.1	649981	650226	-	1	hypothetical protein
Echvi_0572	Echvi_0572	Echvi_Contig97.1	650250	651383	-	1	hypothetical protein
Echvi_0573	Echvi_0573	Echvi_Contig97.1	651583	652548	-	1	signal recognition particle-docking protein FtsY
Echvi_0574	Echvi_0574	Echvi_Contig97.1	652641	652793	-	1	hypothetical protein
Echvi_0575	Echvi_0575	Echvi_Contig97.1	652846	653028	-	1	ribosomal protein L33, bacterial type
Echvi_0576	Echvi_0576	Echvi_Contig97.1	653060	653302	-	1	ribosomal protein L28
Echvi_0577	Echvi_0577	Echvi_Contig97.1	653566	654807	+	1	ornithine aminotransferase
Echvi_0578	Echvi_0578	Echvi_Contig97.1	655112	656080	+	1	Delta-aminolevulinic acid dehydratase
Echvi_0579	Echvi_0579	Echvi_Contig97.1	656594	657904	+	1	ammonium transporter
Echvi_0580	Echvi_0580	Echvi_Contig97.1	658029	659177	+	1	hypothetical protein
Echvi_0581	Echvi_0581	Echvi_Contig97.1	659131	659361	-	1	hypothetical protein
Echvi_0582	Echvi_0582	Echvi_Contig97.1	659491	659802	+	1	hypothetical protein
Echvi_0583	Echvi_0583	Echvi_Contig97.1	660377	661111	-	1	Pseudouridylate synthases, 23S RNA-specific
Echvi_0584	Echvi_0584	Echvi_Contig97.1	661202	662815	-	1	peptide chain release factor 3
Echvi_0585	Echvi_0585	Echvi_Contig97.1	662895	664133	-	1	Histidine kinase-, DNA gyrase B-, and HSP90-like ATPase.
Echvi_0586	Echvi_0586	Echvi_Contig97.1	664293	664763	+	1	DNA-binding ferritin-like protein (oxidative damage protectant)
Echvi_0587	Echvi_0587	Echvi_Contig97.1	664823	666133	-	1	ABC-type Na+ efflux pump, permease component
Echvi_0588	Echvi_0588	Echvi_Contig97.1	666130	667029	-	1	ABC-type uncharacterized transport system, ATPase component
Echvi_0589	Echvi_0589	Echvi_Contig97.1	667106	667942	-	1	hypothetical protein
Echvi_0590	Echvi_0590	Echvi_Contig97.1	668095	669210	-	1	DnaJ-class molecular chaperone with C-terminal Zn finger domain
Echvi_0591	Echvi_0591	Echvi_Contig97.1	669217	669837	-	1	Molecular chaperone GrpE (heat shock protein)
Echvi_0592	Echvi_0592	Echvi_Contig97.1	669913	670905	-	1	Obg family GTPase CgtA
Echvi_0593	Echvi_0593	Echvi_Contig97.1	670997	671569	-	1	Adenylate kinase and related kinases
Echvi_0594	Echvi_0594	Echvi_Contig97.1	671611	672192	-	1	hypoxanthine phosphoribosyltransferase
Echvi_0595	Echvi_0595	Echvi_Contig97.1	672226	673143	-	1	Cellulase M and related proteins
Echvi_0596	Echvi_0596	Echvi_Contig97.1	673316	674587	+	1	Outer membrane protein and related peptidoglycan-associated (lipo)proteins
Echvi_0597	Echvi_0597	Echvi_Contig97.1	674657	675304	+	1	Uracil phosphoribosyltransferase
Echvi_0598	Echvi_0598	Echvi_Contig97.1	675311	676240	+	1	K+-dependent Na+/Ca+ exchanger related-protein
Echvi_0599	Echvi_0599	Echvi_Contig97.1	676246	676704	+	1	hypothetical protein
Echvi_0600	Echvi_0600	Echvi_Contig97.1	676693	677601	-	1	L-serine dehydratase, iron-sulfur-dependent, alpha subunit
Echvi_0601	Echvi_0601	Echvi_Contig97.1	677755	678714	-	1	FKBP-type peptidyl-prolyl cis-trans isomerases 1
Echvi_0602	Echvi_0602	Echvi_Contig97.1	678733	680112	-	1	hypothetical protein
Echvi_0603	Echvi_0603	Echvi_Contig97.1	680093	680641	-	1	RNA polymerase sigma factor, sigma-70 family
Echvi_0604	Echvi_0604	Echvi_Contig97.1	680863	681267	-	1	Predicted redox protein, regulator of disulfide bond formation
Echvi_0605	Echvi_0605	Echvi_Contig97.1	681336	682067	+	1	hypothetical protein
Echvi_0606	Echvi_0606	Echvi_Contig97.1	682127	683005	+	1	lipoate synthase
Echvi_0607	Echvi_0607	Echvi_Contig97.1	683091	683966	-	1	ATP synthase, F1 gamma subunit
Echvi_0608	Echvi_0608	Echvi_Contig97.1	684017	685594	-	1	proton translocating ATP synthase, F1 alpha subunit
Echvi_0609	Echvi_0609	Echvi_Contig97.1	685631	686191	-	1	ATP synthase, F1 delta subunit
Echvi_0610	Echvi_0610	Echvi_Contig97.1	686201	686695	-	1	ATP synthase, F0 subunit b
Echvi_0611	Echvi_0611	Echvi_Contig97.1	686775	687032	-	1	ATP synthase, F0 subunit c
Echvi_0612	Echvi_0612	Echvi_Contig97.1	687067	688095	-	1	F0F1-type ATP synthase, subunit a
Echvi_0613	Echvi_0613	Echvi_Contig97.1	688115	688468	-	1	hypothetical protein
Echvi_0614	Echvi_0614	Echvi_Contig97.1	688624	688851	-	1	hypothetical protein
Echvi_0615	Echvi_0615	Echvi_Contig97.1	688811	689218	-	1	Integral membrane protein CcmA involved in cell shape determination
Echvi_0616	Echvi_0616	Echvi_Contig97.1	689263	690141	-	1	Membrane proteins related to metalloendopeptidases
Echvi_0617	Echvi_0617	Echvi_Contig97.1	690262	692892	+	1	hypothetical protein
Echvi_0618	Echvi_0618	Echvi_Contig97.1	692855	695212	+	1	Membrane carboxypeptidase/penicillin-binding protein
Echvi_0619	Echvi_0619	Echvi_Contig97.1	695290	697092	+	1	excinuclease ABC, C subunit
Echvi_0620	Echvi_0620	Echvi_Contig97.1	697153	697974	-	1	gliding motility associated protien GldN
Echvi_0621	Echvi_0621	Echvi_Contig97.1	698023	699624	-	1	gliding motility-associated protein GldM
Echvi_0622	Echvi_0622	Echvi_Contig97.1	699664	700479	-	1	gliding motility-associated protein GldL
Echvi_0623	Echvi_0623	Echvi_Contig97.1	700542	701630	-	1	gliding motility-associated lipoprotein GldK
Echvi_0624	Echvi_0624	Echvi_Contig97.1	701747	702724	-	1	Bacteroidetes-specific putative membrane protein
Echvi_0625	Echvi_0625	Echvi_Contig97.1	702804	703577	-	1	Uroporphyrinogen-III synthase
Echvi_0626	Echvi_0626	Echvi_Contig97.1	703620	704687	-	1	hypothetical protein
Echvi_0627	Echvi_0627	Echvi_Contig97.1	704731	706461	-	1	hypothetical protein
Echvi_0628	Echvi_0628	Echvi_Contig97.1	706512	707636	+	1	putative oxygen-independent coproporphyrinogen III oxidase
Echvi_0629	Echvi_0629	Echvi_Contig97.1	707662	707976	+	1	Protein of unknown function (DUF721).
Echvi_0630	Echvi_0630	Echvi_Contig97.1	709372	713688	+	1	hypothetical protein
Echvi_0631	Echvi_0631	Echvi_Contig97.1	713850	714878	+	1	phenylalanyl-tRNA synthetase, alpha subunit
Echvi_0632	Echvi_0632	Echvi_Contig97.1	715078	716484	-	1	Parvulin-like peptidyl-prolyl isomerase
Echvi_0633	Echvi_0633	Echvi_Contig97.1	716477	717400	-	1	hypothetical protein
Echvi_0634	Echvi_0634	Echvi_Contig97.1	717351	719366	-	1	Parvulin-like peptidyl-prolyl isomerase
Echvi_0635	Echvi_0635	Echvi_Contig97.1	719459	719887	-	1	Anti-sigma regulatory factor (Ser/Thr protein kinase)
Echvi_0636	Echvi_0636	Echvi_Contig97.1	719877	720221	-	1	anti-anti-sigma factor
Echvi_0637	Echvi_0637	Echvi_Contig97.1	720246	722312	-	1	Serine phosphatase RsbU, regulator of sigma subunit
Echvi_0638	Echvi_0638	Echvi_Contig97.1	722395	723111	+	1	hypothetical protein
Echvi_0639	Echvi_0639	Echvi_Contig97.1	723447	723692	+	1	hypothetical protein
Echvi_0640	Echvi_0640	Echvi_Contig97.1	723799	724092	-	1	hypothetical protein
Echvi_0641	Echvi_0641	Echvi_Contig97.1	724173	725405	+	1	Transposase and inactivated derivatives
Echvi_0642	Echvi_0642	Echvi_Contig97.1	726059	727153	-	1	pseudouridine synthase, RluA family
Echvi_0643	Echvi_0643	Echvi_Contig97.1	727181	728110	+	1	1-aminocyclopropane-1-carboxylate deaminase
Echvi_0644	Echvi_0644	Echvi_Contig97.1	728173	728682	-	1	hypothetical protein
Echvi_0645	Echvi_0645	Echvi_Contig97.1	728689	729291	-	1	Uncharacterized protein conserved in bacteria
Echvi_0646	Echvi_0646	Echvi_Contig97.1	729314	730492	-	1	Cyanate permease
Echvi_0647	Echvi_0647	Echvi_Contig97.1	730674	731717	-	1	ferrochelatase
Echvi_0648	Echvi_0648	Echvi_Contig97.1	732194	732700	-	1	hypothetical protein
Echvi_0649	Echvi_0649	Echvi_Contig97.1	733027	734085	-	1	Transposase and inactivated derivatives
Echvi_0650	Echvi_0650	Echvi_Contig97.1	734366	734671	-	1	thioredoxin
Echvi_0651	Echvi_0651	Echvi_Contig97.1	735190	735750	-	1	Outer membrane protein
Echvi_0652	Echvi_0652	Echvi_Contig97.1	735888	736436	-	1	Outer membrane protein
Echvi_0653	Echvi_0653	Echvi_Contig97.1	736440	739154	-	1	Outer membrane protein/protective antigen OMA87
Echvi_0654	Echvi_0654	Echvi_Contig97.1	739160	739897	-	1	undecaprenyl diphosphate synthase
Echvi_0655	Echvi_0655	Echvi_Contig97.1	739980	740771	-	1	hypothetical protein
Echvi_0656	Echvi_0656	Echvi_Contig97.1	740846	741721	-	1	Predicted sugar kinase
Echvi_0657	Echvi_0657	Echvi_Contig97.1	741732	742397	-	1	hypothetical protein
Echvi_0658	Echvi_0658	Echvi_Contig97.1	742613	743203	-	1	glutamine amidotransferase of anthranilate synthase or aminodeoxychorismate synthase
Echvi_0659	Echvi_0659	Echvi_Contig97.1	743187	743732	-	1	Uncharacterized membrane protein, required for colicin V production
Echvi_0660	Echvi_0660	Echvi_Contig97.1	744012	744458	-	1	Uncharacterized conserved protein
Echvi_0661	Echvi_0661	Echvi_Contig97.1	744523	745248	+	1	pyridoxine 5'-phosphate synthase
Echvi_0662	Echvi_0662	Echvi_Contig97.1	745351	746112	+	1	Predicted hydrolases or acyltransferases (alpha/beta hydrolase superfamily)
Echvi_0663	Echvi_0663	Echvi_Contig97.1	746256	746969	+	1	Predicted methyltransferases
Echvi_0664	Echvi_0664	Echvi_Contig97.1	747074	747772	+	1	Methylase involved in ubiquinone/menaquinone biosynthesis
Echvi_0665	Echvi_0665	Echvi_Contig97.1	747819	749051	-	1	FOG: Transposase and inactivated derivatives
Echvi_0666	Echvi_0666	Echvi_Contig97.1	749150	749275	+	1	hypothetical protein
Echvi_0667	Echvi_0667	Echvi_Contig97.1	749466	750095	-	1	Uncharacterized membrane protein (homolog of Drosophila rhomboid)
Echvi_0668	Echvi_0668	Echvi_Contig97.1	750138	751130	-	1	Geranylgeranyl pyrophosphate synthase
Echvi_0669	Echvi_0669	Echvi_Contig97.1	751117	753291	-	1	ribonuclease R
Echvi_0670	Echvi_0670	Echvi_Contig97.1	753498	754223	-	1	DNA polymerase elongation subunit (family B)
Echvi_0671	Echvi_0671	Echvi_Contig97.1	754232	754633	-	1	hypothetical protein
Echvi_0672	Echvi_0672	Echvi_Contig97.1	754684	755442	-	1	lipoate-protein ligase B
Echvi_0673	Echvi_0673	Echvi_Contig97.1	755533	755889	+	1	Predicted endonuclease distantly related to archaeal Holliday junction resolvase
Echvi_0674	Echvi_0674	Echvi_Contig97.1	756000	756863	-	1	hypothetical protein
Echvi_0675	Echvi_0675	Echvi_Contig97.1	757070	758272	+	1	Aspartate/tyrosine/aromatic aminotransferase
Echvi_0676	Echvi_0676	Echvi_Contig97.1	758438	759148	+	1	Predicted glycosyltransferases
Echvi_0677	Echvi_0677	Echvi_Contig97.1	759145	759939	-	1	Glycosyltransferases involved in cell wall biogenesis
Echvi_0678	Echvi_0678	Echvi_Contig97.1	760939	761160	+	1	hypothetical protein
Echvi_0679	Echvi_0679	Echvi_Contig97.1	763257	764255	+	1	hypothetical protein
Echvi_0680	Echvi_0680	Echvi_Contig97.1	764611	765693	+	1	RND family efflux transporter, MFP subunit
Echvi_0681	Echvi_0681	Echvi_Contig97.1	765695	768757	+	1	Cation/multidrug efflux pump
Echvi_0682	Echvi_0682	Echvi_Contig97.1	768754	770082	+	1	Outer membrane protein
Echvi_0683	Echvi_0683	Echvi_Contig97.1	770427	772589	+	1	Putative regulator of cell autolysis
Echvi_0684	Echvi_0684	Echvi_Contig97.1	772614	773042	-	1	hypothetical protein
Echvi_0685	Echvi_0685	Echvi_Contig97.1	773395	774165	+	1	Response regulator of the LytR/AlgR family
Echvi_0686	Echvi_0686	Echvi_Contig97.1	774329	775747	+	1	Predicted soluble lytic transglycosylase fused to an ABC-type amino acid-binding protein
Echvi_0687	Echvi_0687	Echvi_Contig97.1	776076	777542	-	1	glycyl-tRNA synthetase, dimeric type
Echvi_0688	Echvi_0688	Echvi_Contig97.1	777653	778117	-	1	Adhesion protein FadA.
Echvi_0689	Echvi_0689	Echvi_Contig97.1	778195	778311	-	1	hypothetical protein
Echvi_0690	Echvi_0690	Echvi_Contig97.1	778899	779273	-	1	hypothetical protein
Echvi_0691	Echvi_0691	Echvi_Contig97.1	779393	781570	-	1	Dipeptidyl aminopeptidases/acylaminoacyl-peptidases
Echvi_0692	Echvi_0692	Echvi_Contig97.1	781799	782032	+	1	hypothetical protein
Echvi_0693	Echvi_0693	Echvi_Contig97.1	782321	783310	+	1	D-alanine--D-alanine ligase
Echvi_0694	Echvi_0694	Echvi_Contig97.1	783514	784767	-	1	S-adenosylmethionine synthetase
Echvi_0695	Echvi_0695	Echvi_Contig97.1	785209	786252	-	1	galactose-1-phosphate uridylyltransferase, family 1
Echvi_0696	Echvi_0696	Echvi_Contig97.1	786406	787557	-	1	galactokinase
Echvi_0697	Echvi_0697	Echvi_Contig97.1	787573	788652	-	1	Galactose mutarotase and related enzymes
Echvi_0698	Echvi_0698	Echvi_Contig97.1	788784	789800	-	1	Transcriptional regulators
Echvi_0699	Echvi_0699	Echvi_Contig97.1	790478	791467	+	1	Transposase and inactivated derivatives
Echvi_0700	Echvi_0700	Echvi_Contig97.1	791960	792922	-	1	Predicted aminopeptidases
Echvi_0701	Echvi_0701	Echvi_Contig97.1	792936	794429	-	1	cysteinyl-tRNA synthetase
Echvi_0702	Echvi_0702	Echvi_Contig97.1	794894	796072	+	1	hypothetical protein
Echvi_0703	Echvi_0703	Echvi_Contig97.1	796050	796541	+	1	hypothetical protein
Echvi_0704	Echvi_0704	Echvi_Contig97.1	796670	797131	+	1	hypothetical protein
Echvi_0705	Echvi_0705	Echvi_Contig97.1	797254	797748	+	1	hypothetical protein
Echvi_0706	Echvi_0706	Echvi_Contig97.1	797848	797946	-	1	hypothetical protein
Echvi_0707	Echvi_0707	Echvi_Contig97.1	798049	798519	+	1	Uncharacterized protein conserved in bacteria
Echvi_0708	Echvi_0708	Echvi_Contig97.1	798525	799772	+	1	transcription termination factor NusA
Echvi_0709	Echvi_0709	Echvi_Contig97.1	799849	802848	+	1	translation initiation factor IF-2
Echvi_0710	Echvi_0710	Echvi_Contig97.1	803043	803372	+	1	hypothetical protein
Echvi_0711	Echvi_0711	Echvi_Contig97.1	803382	803615	+	1	hypothetical protein
Echvi_0712	Echvi_0712	Echvi_Contig97.1	803638	804831	-	1	hypothetical protein
Echvi_0713	Echvi_0713	Echvi_Contig97.1	804834	805823	-	1	aspartate-semialdehyde dehydrogenase (peptidoglycan organisms)
Echvi_0714	Echvi_0714	Echvi_Contig97.1	806038	808056	+	1	hypothetical protein
Echvi_0715	Echvi_0715	Echvi_Contig97.1	808094	808264	+	1	hypothetical protein
Echvi_0716	Echvi_0716	Echvi_Contig97.1	808261	809349	-	1	Asparaginase
Echvi_0717	Echvi_0717	Echvi_Contig97.1	809544	809927	+	1	DnaK suppressor protein
Echvi_0718	Echvi_0718	Echvi_Contig97.1	809950	810510	+	1	segregation and condensation protein B
Echvi_0719	Echvi_0719	Echvi_Contig97.1	810728	811873	+	1	pseudouridine synthase
Echvi_0720	Echvi_0720	Echvi_Contig97.1	812129	812263	-	1	hypothetical protein
Echvi_0721	Echvi_0721	Echvi_Contig97.1	812538	812819	+	1	Uncharacterized protein conserved in bacteria
Echvi_0722	Echvi_0722	Echvi_Contig97.1	812825	814201	+	1	Pyruvate/2-oxoglutarate dehydrogenase complex, dihydrolipoamide dehydrogenase (E3) component, and related enzymes
Echvi_0723	Echvi_0723	Echvi_Contig97.1	814261	814734	-	1	hypothetical protein
Echvi_0724	Echvi_0724	Echvi_Contig97.1	814765	815304	-	1	hypothetical protein
Echvi_0725	Echvi_0725	Echvi_Contig97.1	815301	815741	-	1	hypothetical protein
Echvi_0726	Echvi_0726	Echvi_Contig97.1	815738	816226	-	1	RNA polymerase sigma factor, sigma-70 family
Echvi_0727	Echvi_0727	Echvi_Contig97.1	816238	816489	+	1	hypothetical protein
Echvi_0728	Echvi_0728	Echvi_Contig97.1	816484	816762	-	1	hypothetical protein
Echvi_0729	Echvi_0729	Echvi_Contig97.1	817117	817192	-	5	tRNA
Echvi_0730	Echvi_0730	Echvi_Contig97.1	817294	818628	+	1	hypothetical protein
Echvi_0731	Echvi_0731	Echvi_Contig97.1	818650	819444	+	1	Fe-S oxidoreductase
Echvi_0732	Echvi_0732	Echvi_Contig97.1	819661	820149	+	1	hypothetical protein
Echvi_0733	Echvi_0733	Echvi_Contig97.1	820204	822126	+	1	Outer membrane protein and related peptidoglycan-associated (lipo)proteins
Echvi_0734	Echvi_0734	Echvi_Contig97.1	822480	823643	+	1	Phosphoribosylaminoimidazole (AIR) synthetase
Echvi_0735	Echvi_0735	Echvi_Contig97.1	823655	824980	+	1	Neutral/alkaline non-lysosomal ceramidase.
Echvi_0736	Echvi_0736	Echvi_Contig97.1	824961	825338	-	1	hypothetical protein
Echvi_0737	Echvi_0737	Echvi_Contig97.1	826247	826879	-	1	Methylase involved in ubiquinone/menaquinone biosynthesis
Echvi_0738	Echvi_0738	Echvi_Contig97.1	827101	828459	+	1	Acyl-CoA dehydrogenases
Echvi_0739	Echvi_0739	Echvi_Contig97.1	828745	829599	-	1	hypothetical protein
Echvi_0740	Echvi_0740	Echvi_Contig97.1	829662	830321	+	1	Lysophospholipase L1 and related esterases
Echvi_0741	Echvi_0741	Echvi_Contig97.1	830434	831012	-	1	Putative NADPH-quinone reductase (modulator of drug activity B)
Echvi_0742	Echvi_0742	Echvi_Contig97.1	831018	831356	-	1	hypothetical protein
Echvi_0743	Echvi_0743	Echvi_Contig97.1	831414	831995	-	1	cAMP-binding proteins - catabolite gene activator and regulatory subunit of cAMP-dependent protein kinases
Echvi_0744	Echvi_0744	Echvi_Contig97.1	832222	835122	-	1	glycine dehydrogenase (decarboxylating)
Echvi_0745	Echvi_0745	Echvi_Contig97.1	835483	836979	+	1	Predicted aminopeptidases
Echvi_0746	Echvi_0746	Echvi_Contig97.1	836982	837125	-	1	hypothetical protein
Echvi_0747	Echvi_0747	Echvi_Contig97.1	837478	838839	-	1	Superfamily II DNA and RNA helicases
Echvi_0748	Echvi_0748	Echvi_Contig97.1	838910	840259	+	1	dihydroorotase, multifunctional complex type
Echvi_0749	Echvi_0749	Echvi_Contig97.1	840346	840422	+	5	tRNA
Echvi_0750	Echvi_0750	Echvi_Contig97.1	840523	840672	+	1	hypothetical protein
Echvi_0751	Echvi_0751	Echvi_Contig97.1	840788	842704	+	1	glycogen debranching enzyme, archaeal type, putative
Echvi_0752	Echvi_0752	Echvi_Contig97.1	842717	844006	+	1	Glycosyltransferase
Echvi_0753	Echvi_0753	Echvi_Contig97.1	844003	845214	+	1	Alpha-amylase/alpha-mannosidase
Echvi_0754	Echvi_0754	Echvi_Contig97.1	845299	847911	-	1	ATP-dependent chaperone ClpB
Echvi_0755	Echvi_0755	Echvi_Contig97.1	849108	850166	+	1	23S rRNA m2A2503 methyltransferase
Echvi_0756	Echvi_0756	Echvi_Contig97.1	850321	850791	+	1	hypothetical protein
Echvi_0757	Echvi_0757	Echvi_Contig97.1	850776	850982	-	1	hypothetical protein
Echvi_0758	Echvi_0758	Echvi_Contig97.1	850963	851769	-	1	N-acetylmuramic acid 6-phosphate etherase
Echvi_0759	Echvi_0759	Echvi_Contig97.1	851766	852608	-	1	hypothetical protein
Echvi_0760	Echvi_0760	Echvi_Contig97.1	852605	852838	-	1	Predicted heme/steroid binding protein
Echvi_0761	Echvi_0761	Echvi_Contig97.1	852842	853993	-	1	Arginase/agmatinase/formimionoglutamate hydrolase, arginase family
Echvi_0762	Echvi_0762	Echvi_Contig97.1	854146	855450	-	1	NADH:ubiquinone oxidoreductase, Na(+)-translocating, F subunit
Echvi_0763	Echvi_0763	Echvi_Contig97.1	855579	856421	-	1	acetyl-CoA carboxylase, carboxyl transferase, beta subunit
Echvi_0764	Echvi_0764	Echvi_Contig97.1	856526	857575	-	1	Small-conductance mechanosensitive channel
Echvi_0765	Echvi_0765	Echvi_Contig97.1	857801	859435	+	1	Carbon starvation protein, predicted membrane protein
Echvi_0766	Echvi_0766	Echvi_Contig97.1	859520	860314	+	1	hypothetical protein
Echvi_0767	Echvi_0767	Echvi_Contig97.1	860705	860959	-	1	hypothetical protein
Echvi_0768	Echvi_0768	Echvi_Contig97.1	860983	863802	-	1	carbamoyl-phosphate synthase, large subunit
Echvi_0769	Echvi_0769	Echvi_Contig97.1	864668	866284	-	1	hypothetical protein
Echvi_0770	Echvi_0770	Echvi_Contig97.1	866750	868234	-	1	dihydrolipoamide dehydrogenase
Echvi_0771	Echvi_0771	Echvi_Contig97.1	868206	868559	-	1	S23 ribosomal protein.
Echvi_0772	Echvi_0772	Echvi_Contig97.1	868701	870275	-	1	2-oxoglutarate dehydrogenase complex dihydrolipoamide succinyltransferase (E2 component)
Echvi_0773	Echvi_0773	Echvi_Contig97.1	870397	873195	-	1	2-oxoglutarate dehydrogenase, E1 component
Echvi_0774	Echvi_0774	Echvi_Contig97.1	873296	873400	-	1	hypothetical protein
Echvi_0775	Echvi_0775	Echvi_Contig97.1	873437	874339	-	1	NAD binding domain of 6-phosphogluconate dehydrogenase.
Echvi_0776	Echvi_0776	Echvi_Contig97.1	874358	874987	-	1	Sterol desaturase
Echvi_0777	Echvi_0777	Echvi_Contig97.1	875142	876281	-	1	N-acetyl-alpha-D-glucosaminyl L-malate synthase BshA
Echvi_0778	Echvi_0778	Echvi_Contig97.1	876370	879342	-	1	Beta-glucosidase-related glycosidases
Echvi_0779	Echvi_0779	Echvi_Contig97.1	879528	879944	+	1	hypothetical protein
Echvi_0780	Echvi_0780	Echvi_Contig97.1	879937	881808	+	1	DNA mismatch repair protein MutL
Echvi_0781	Echvi_0781	Echvi_Contig97.1	881812	882603	+	1	Uncharacterized membrane protein (homolog of Drosophila rhomboid)
Echvi_0782	Echvi_0782	Echvi_Contig97.1	882606	883526	+	1	Uncharacterized membrane protein (homolog of Drosophila rhomboid)
Echvi_0783	Echvi_0783	Echvi_Contig97.1	883814	885331	+	1	hypothetical protein
Echvi_0784	Echvi_0784	Echvi_Contig97.1	885505	887631	+	1	ATP-dependent DNA helicase RecQ
Echvi_0785	Echvi_0785	Echvi_Contig97.1	888719	889720	-	1	Fatty acid desaturase.
Echvi_0786	Echvi_0786	Echvi_Contig97.1	890038	891483	-	1	hypothetical protein
Echvi_0787	Echvi_0787	Echvi_Contig97.1	891495	894701	-	1	TonB-linked outer membrane protein, SusC/RagA family
Echvi_0788	Echvi_0788	Echvi_Contig97.1	895672	897102	-	1	hypothetical protein
Echvi_0789	Echvi_0789	Echvi_Contig97.1	897115	900303	-	1	TonB-linked outer membrane protein, SusC/RagA family
Echvi_0790	Echvi_0790	Echvi_Contig97.1	901275	902162	-	1	hypothetical protein
Echvi_0791	Echvi_0791	Echvi_Contig97.1	902365	903618	+	1	Zn-dependent dipeptidase, microsomal dipeptidase homolog
Echvi_0792	Echvi_0792	Echvi_Contig97.1	903740	905365	-	1	Aminopeptidase N
Echvi_0793	Echvi_0793	Echvi_Contig97.1	905643	907007	+	1	hypothetical protein
Echvi_0794	Echvi_0794	Echvi_Contig97.1	907019	908608	+	1	choline/carnitine/betaine transport
Echvi_0795	Echvi_0795	Echvi_Contig97.1	908605	909462	+	1	Universal stress protein UspA and related nucleotide-binding proteins
Echvi_0796	Echvi_0796	Echvi_Contig97.1	909551	909703	+	1	hypothetical protein
Echvi_0797	Echvi_0797	Echvi_Contig97.1	909663	910103	-	1	Uncharacterised protein family (UPF0158).
Echvi_0798	Echvi_0798	Echvi_Contig97.1	910234	910425	-	1	hypothetical protein
Echvi_0799	Echvi_0799	Echvi_Contig97.1	910367	911167	-	1	Uncharacterized conserved protein
Echvi_0800	Echvi_0800	Echvi_Contig97.1	911244	913772	-	1	Cytochrome c biogenesis factor
Echvi_0801	Echvi_0801	Echvi_Contig97.1	913814	914239	-	1	Cytochrome c-type biogenesis protein CcmE
Echvi_0802	Echvi_0802	Echvi_Contig97.1	914324	914566	-	1	hypothetical protein
Echvi_0803	Echvi_0803	Echvi_Contig97.1	914570	915244	-	1	ABC-type transport system involved in cytochrome c biogenesis, permease component
Echvi_0804	Echvi_0804	Echvi_Contig97.1	915473	916138	-	1	ABC-type transport system involved in cytochrome c biogenesis, permease component
Echvi_0805	Echvi_0805	Echvi_Contig97.1	916172	917713	+	1	Thiol-disulfide isomerase and thioredoxins
Echvi_0806	Echvi_0806	Echvi_Contig97.1	918035	919315	-	1	seryl-tRNA synthetase
Echvi_0807	Echvi_0807	Echvi_Contig97.1	920207	921988	+	1	transcription termination factor Rho
Echvi_0808	Echvi_0808	Echvi_Contig97.1	922337	924913	+	1	hypothetical protein
Echvi_0809	Echvi_0809	Echvi_Contig97.1	925310	926299	-	1	Transposase and inactivated derivatives
Echvi_0810	Echvi_0810	Echvi_Contig97.1	927886	929559	+	1	hypothetical protein
Echvi_0811	Echvi_0811	Echvi_Contig97.1	929666	931603	+	1	hypothetical protein
Echvi_0812	Echvi_0812	Echvi_Contig97.1	931717	932358	-	1	SprT-like family.
Echvi_0813	Echvi_0813	Echvi_Contig97.1	932427	932648	-	1	hypothetical protein
Echvi_0814	Echvi_0814	Echvi_Contig97.1	932724	934037	-	1	ribosome-associated GTPase EngA
Echvi_0815	Echvi_0815	Echvi_Contig97.1	934058	934948	-	1	GTP-binding protein Era
Echvi_0816	Echvi_0816	Echvi_Contig97.1	935088	935163	+	5	tRNA
Echvi_0817	Echvi_0817	Echvi_Contig97.1	935161	935358	-	1	hypothetical protein
Echvi_0818	Echvi_0818	Echvi_Contig97.1	935563	936705	+	1	Uncharacterized conserved protein
Echvi_0819	Echvi_0819	Echvi_Contig97.1	937141	937662	+	1	Predicted signal-transduction protein containing cAMP-binding and CBS domains
Echvi_0820	Echvi_0820	Echvi_Contig97.1	937779	938108	+	1	Membrane transporters of cations and cationic drugs
Echvi_0821	Echvi_0821	Echvi_Contig97.1	938180	938578	+	1	Acetyltransferases
Echvi_0822	Echvi_0822	Echvi_Contig97.1	938585	939103	+	1	Acetyltransferases
Echvi_0823	Echvi_0823	Echvi_Contig97.1	940229	941956	+	1	PAS domain S-box
Echvi_0824	Echvi_0824	Echvi_Contig97.1	941965	942924	-	1	iron-sulfur cluster binding protein, putative
Echvi_0825	Echvi_0825	Echvi_Contig97.1	942970	944007	-	1	Holliday junction DNA helicase, RuvB subunit
Echvi_0826	Echvi_0826	Echvi_Contig97.1	944194	944388	+	1	ribosomal protein S21
Echvi_0827	Echvi_0827	Echvi_Contig97.1	944443	945327	+	1	Site-specific recombinase XerD
Echvi_0828	Echvi_0828	Echvi_Contig97.1	945359	945664	+	1	ribosomal subunit interface protein
Echvi_0829	Echvi_0829	Echvi_Contig97.1	945802	946518	+	1	Membrane-associated phospholipid phosphatase
Echvi_0830	Echvi_0830	Echvi_Contig97.1	946710	948221	+	1	4-amino-4-deoxy-L-arabinose transferase and related glycosyltransferases of PMT family
Echvi_0831	Echvi_0831	Echvi_Contig97.1	948240	948746	-	1	hypothetical protein
Echvi_0832	Echvi_0832	Echvi_Contig97.1	948757	949425	-	1	hypothetical protein
Echvi_0833	Echvi_0833	Echvi_Contig97.1	949451	949600	+	1	hypothetical protein
Echvi_0834	Echvi_0834	Echvi_Contig97.1	949643	949960	-	1	hypothetical protein
Echvi_0835	Echvi_0835	Echvi_Contig97.1	949957	951282	-	1	Uncharacterized iron-regulated membrane protein
Echvi_0836	Echvi_0836	Echvi_Contig97.1	951477	953936	-	1	Outer membrane receptor for ferric coprogen and ferric-rhodotorulic acid
Echvi_0837	Echvi_0837	Echvi_Contig97.1	954467	955129	-	1	RNA polymerase sigma factor, sigma-70 family
Echvi_0838	Echvi_0838	Echvi_Contig97.1	955318	958470	-	1	Outer membrane receptor for ferrienterochelin and colicins
Echvi_0839	Echvi_0839	Echvi_Contig97.1	959113	959811	+	1	Predicted membrane protein
Echvi_0840	Echvi_0840	Echvi_Contig97.1	959884	960039	+	1	hypothetical protein
Echvi_0841	Echvi_0841	Echvi_Contig97.1	960553	962307	-	1	aspartyl-tRNA synthetase, bacterial type
Echvi_0842	Echvi_0842	Echvi_Contig97.1	962589	963887	+	1	Membrane proteins related to metalloendopeptidases
Echvi_0843	Echvi_0843	Echvi_Contig97.1	963922	964029	+	1	hypothetical protein
Echvi_0844	Echvi_0844	Echvi_Contig97.1	964626	966128	+	1	2,3-bisphosphoglycerate-independent phosphoglycerate mutase
Echvi_0845	Echvi_0845	Echvi_Contig97.1	966164	966709	+	1	hypothetical protein
Echvi_0846	Echvi_0846	Echvi_Contig97.1	967135	970137	-	1	hypothetical protein
Echvi_0847	Echvi_0847	Echvi_Contig97.1	970296	970910	-	1	Predicted dinucleotide-binding enzymes
Echvi_0848	Echvi_0848	Echvi_Contig97.1	971162	971950	-	1	Archaeal fructose-1,6-bisphosphatase and related enzymes of inositol monophosphatase family
Echvi_0849	Echvi_0849	Echvi_Contig97.1	971954	972640	-	1	probable S-adenosylmethionine-dependent methyltransferase, YraL family
Echvi_0850	Echvi_0850	Echvi_Contig97.1	972640	972870	-	1	Pterin-4a-carbinolamine dehydratase
Echvi_0851	Echvi_0851	Echvi_Contig97.1	972883	973152	-	1	Uncharacterized conserved protein
Echvi_0852	Echvi_0852	Echvi_Contig97.1	973260	975368	-	1	Parvulin-like peptidyl-prolyl isomerase
Echvi_0853	Echvi_0853	Echvi_Contig97.1	975458	976741	-	1	Hemolysins and related proteins containing CBS domains
Echvi_0854	Echvi_0854	Echvi_Contig97.1	976741	976953	-	1	hypothetical protein
Echvi_0855	Echvi_0855	Echvi_Contig97.1	976955	977497	-	1	Protein of unknown function (DUF1239).
Echvi_0856	Echvi_0856	Echvi_Contig97.1	977614	978918	-	1	hypothetical protein
Echvi_0857	Echvi_0857	Echvi_Contig97.1	978930	980213	-	1	hypothetical protein
Echvi_0858	Echvi_0858	Echvi_Contig97.1	980197	980925	-	1	pantothenate kinase, type III
Echvi_0859	Echvi_0859	Echvi_Contig97.1	981093	982169	+	1	Predicted molecular chaperone distantly related to HSP70-fold metalloproteases
Echvi_0860	Echvi_0860	Echvi_Contig97.1	982211	982309	-	1	hypothetical protein
Echvi_0861	Echvi_0861	Echvi_Contig97.1	982337	982486	-	1	hypothetical protein
Echvi_0862	Echvi_0862	Echvi_Contig97.1	982637	983863	+	1	Glutamate dehydrogenase/leucine dehydrogenase
Echvi_0863	Echvi_0863	Echvi_Contig97.1	984048	985574	+	1	Na+/H+ antiporter NhaD and related arsenite permeases
Echvi_0864	Echvi_0864	Echvi_Contig97.1	986920	987156	-	1	hypothetical protein
Echvi_0865	Echvi_0865	Echvi_Contig97.1	987131	987733	-	1	RNA polymerase sigma factor, sigma-70 family
Echvi_0866	Echvi_0866	Echvi_Contig97.1	988138	988773	+	1	hypothetical protein
Echvi_0867	Echvi_0867	Echvi_Contig97.1	988853	991669	+	1	excinuclease ABC, A subunit
Echvi_0868	Echvi_0868	Echvi_Contig97.1	991863	992909	+	1	Uncharacterized protein related to plant photosystem II stability/assembly factor
Echvi_0869	Echvi_0869	Echvi_Contig97.1	992851	993000	+	1	hypothetical protein
Echvi_0870	Echvi_0870	Echvi_Contig97.1	993104	993850	+	1	Phosphoribosylformimino-5-aminoimidazole carboxamide ribonucleotide (ProFAR) isomerase
Echvi_0871	Echvi_0871	Echvi_Contig97.1	994019	995077	-	1	7-keto-8-aminopelargonate synthetase and related enzymes
Echvi_0872	Echvi_0872	Echvi_Contig97.1	995174	996184	-	1	L-alanine-DL-glutamate epimerase and related enzymes of enolase superfamily
Echvi_0873	Echvi_0873	Echvi_Contig97.1	996455	997948	+	1	Predicted carboxypeptidase
Echvi_0874	Echvi_0874	Echvi_Contig97.1	998168	998764	+	1	Uncharacterized protein conserved in bacteria
Echvi_0875	Echvi_0875	Echvi_Contig97.1	998812	999375	+	1	hypothetical protein
Echvi_0876	Echvi_0876	Echvi_Contig97.1	999376	1002489	-	1	ABC-type transport system involved in cytochrome c biogenesis, permease component
Echvi_0877	Echvi_0877	Echvi_Contig97.1	1002548	1004041	-	1	Formate-dependent nitrite reductase, periplasmic cytochrome c552 subunit
Echvi_0878	Echvi_0878	Echvi_Contig97.1	1004046	1004696	-	1	cytochrome c nitrate reductase, small subunit
Echvi_0879	Echvi_0879	Echvi_Contig97.1	1004992	1006803	+	1	Arylsulfatase A and related enzymes
Echvi_0880	Echvi_0880	Echvi_Contig97.1	1006848	1007927	-	1	Outer membrane protein/protective antigen OMA87
Echvi_0881	Echvi_0881	Echvi_Contig97.1	1007995	1010511	-	1	hypothetical protein
Echvi_0882	Echvi_0882	Echvi_Contig97.1	1010534	1012333	+	1	Mismatch repair ATPase (MutS family)
Echvi_0883	Echvi_0883	Echvi_Contig97.1	1012415	1012567	+	1	hypothetical protein
Echvi_0884	Echvi_0884	Echvi_Contig97.1	1013872	1015011	+	1	phosphoribosylaminoimidazole carboxylase, PurK protein
Echvi_0885	Echvi_0885	Echvi_Contig97.1	1015015	1015530	+	1	phosphoribosylaminoimidazole carboxylase, PurE protein
Echvi_0886	Echvi_0886	Echvi_Contig97.1	1015817	1016245	+	1	hypothetical protein
Echvi_0887	Echvi_0887	Echvi_Contig97.1	1016406	1017230	+	1	Response regulator containing a CheY-like receiver domain and an HTH DNA-binding domain
Echvi_0888	Echvi_0888	Echvi_Contig97.1	1017348	1018034	+	1	Ion channel.
Echvi_0889	Echvi_0889	Echvi_Contig97.1	1018122	1018982	+	1	Uncharacterized iron-regulated protein
Echvi_0890	Echvi_0890	Echvi_Contig97.1	1019477	1020784	+	1	Signal transduction histidine kinase
Echvi_0891	Echvi_0891	Echvi_Contig97.1	1020921	1021529	+	1	Peroxiredoxin
Echvi_0892	Echvi_0892	Echvi_Contig97.1	1021595	1021966	-	1	Predicted transcriptional regulators
Echvi_0893	Echvi_0893	Echvi_Contig97.1	1022081	1022728	+	1	Nitroreductase
Echvi_0894	Echvi_0894	Echvi_Contig97.1	1023138	1023491	+	1	Protein of unknown function (DUF3127).
Echvi_0895	Echvi_0895	Echvi_Contig97.1	1023587	1024042	+	1	hypothetical protein
Echvi_0896	Echvi_0896	Echvi_Contig97.1	1024084	1024704	+	1	Nodulation protein S (NodS).
Echvi_0897	Echvi_0897	Echvi_Contig97.1	1024810	1024959	-	1	hypothetical protein
Echvi_0898	Echvi_0898	Echvi_Contig97.1	1025037	1025624	+	1	hypothetical protein
Echvi_0899	Echvi_0899	Echvi_Contig97.1	1025637	1026098	+	1	hypothetical protein
Echvi_0900	Echvi_0900	Echvi_Contig97.1	1026100	1026399	-	1	Protein of unknown function (DUF2905).
Echvi_0901	Echvi_0901	Echvi_Contig97.1	1026427	1028046	-	1	Arylsulfatase A and related enzymes
Echvi_0902	Echvi_0902	Echvi_Contig97.1	1028108	1029700	-	1	4-amino-4-deoxy-L-arabinose transferase and related glycosyltransferases of PMT family
Echvi_0903	Echvi_0903	Echvi_Contig97.1	1029777	1030766	+	1	Glycosyltransferases involved in cell wall biogenesis
Echvi_0904	Echvi_0904	Echvi_Contig97.1	1030759	1031634	+	1	conserved hypothetical protein
Echvi_0905	Echvi_0905	Echvi_Contig97.1	1031699	1031842	-	1	hypothetical protein
Echvi_0906	Echvi_0906	Echvi_Contig97.1	1031859	1033991	-	1	ferrous iron transporter FeoB
Echvi_0907	Echvi_0907	Echvi_Contig97.1	1033999	1034223	-	1	Fe2+ transport system protein A
Echvi_0908	Echvi_0908	Echvi_Contig97.1	1034982	1036817	+	1	Beta-xylosidase
Echvi_0909	Echvi_0909	Echvi_Contig97.1	1037278	1037847	-	1	TIGR00730 family protein
Echvi_0910	Echvi_0910	Echvi_Contig97.1	1037901	1038098	+	1	hypothetical protein
Echvi_0911	Echvi_0911	Echvi_Contig97.1	1038170	1041556	+	1	isoleucyl-tRNA synthetase
Echvi_0912	Echvi_0912	Echvi_Contig97.1	1041578	1042231	+	1	Lipoprotein signal peptidase
Echvi_0913	Echvi_0913	Echvi_Contig97.1	1042311	1042982	-	1	Predicted membrane protein (DUF2306).
Echvi_0914	Echvi_0914	Echvi_Contig97.1	1043120	1044352	+	1	Transposase and inactivated derivatives
Echvi_0915	Echvi_0915	Echvi_Contig97.1	1044675	1045052	-	1	hypothetical protein
Echvi_0916	Echvi_0916	Echvi_Contig97.1	1045186	1047906	-	1	Glycogen debranching enzyme
Echvi_0917	Echvi_0917	Echvi_Contig97.1	1048342	1050042	-	1	hypothetical protein
Echvi_0918	Echvi_0918	Echvi_Contig97.1	1050051	1051271	-	1	Predicted unsaturated glucuronyl hydrolase involved in regulation of bacterial surface properties, and related proteins
Echvi_0919	Echvi_0919	Echvi_Contig97.1	1051478	1053919	-	1	hypothetical protein
Echvi_0920	Echvi_0920	Echvi_Contig97.1	1054112	1054210	-	1	hypothetical protein
Echvi_0921	Echvi_0921	Echvi_Contig97.1	1054219	1055742	-	1	Dienelactone hydrolase and related enzymes
Echvi_0922	Echvi_0922	Echvi_Contig97.1	1055742	1056917	-	1	Uncharacterized protein conserved in bacteria
Echvi_0923	Echvi_0923	Echvi_Contig97.1	1056895	1057947	-	1	4-hydroxythreonine-4-phosphate dehydrogenase
Echvi_0924	Echvi_0924	Echvi_Contig97.1	1058154	1059299	-	1	Alcohol dehydrogenase, class IV
Echvi_0925	Echvi_0925	Echvi_Contig97.1	1059519	1061099	-	1	transporter, SSS family
Echvi_0926	Echvi_0926	Echvi_Contig97.1	1061759	1062664	-	1	Dihydrodipicolinate synthase/N-acetylneuraminate lyase
Echvi_0927	Echvi_0927	Echvi_Contig97.1	1062967	1065801	-	1	Glycogen debranching enzyme
Echvi_0928	Echvi_0928	Echvi_Contig97.1	1066124	1068079	-	1	hypothetical protein
Echvi_0929	Echvi_0929	Echvi_Contig97.1	1068082	1069026	-	1	Beta-fructosidases (levanase/invertase)
Echvi_0930	Echvi_0930	Echvi_Contig97.1	1069215	1070789	-	1	Endopolygalacturonase
Echvi_0931	Echvi_0931	Echvi_Contig97.1	1070970	1072397	-	1	hypothetical protein
Echvi_0932	Echvi_0932	Echvi_Contig97.1	1072514	1075630	-	1	hypothetical protein
Echvi_0933	Echvi_0933	Echvi_Contig97.1	1075683	1076342	-	1	hypothetical protein
Echvi_0934	Echvi_0934	Echvi_Contig97.1	1076478	1078196	-	1	hypothetical protein
Echvi_0935	Echvi_0935	Echvi_Contig97.1	1078721	1079056	+	1	bacillithiol system protein YtxJ
Echvi_0936	Echvi_0936	Echvi_Contig97.1	1079284	1080750	+	1	Arylsulfatase A and related enzymes
Echvi_0937	Echvi_0937	Echvi_Contig97.1	1082030	1082962	-	1	hypothetical protein
Echvi_0938	Echvi_0938	Echvi_Contig97.1	1083519	1084034	-	1	Protein of unknown function (DUF1572).
Echvi_0939	Echvi_0939	Echvi_Contig97.1	1084129	1085331	+	1	Predicted metal-dependent phosphoesterases (PHP family)
Echvi_0940	Echvi_0940	Echvi_Contig97.1	1085393	1086511	-	1	Glycosyltransferase
Echvi_0941	Echvi_0941	Echvi_Contig97.1	1086707	1087876	-	1	Glycosyltransferase
Echvi_0942	Echvi_0942	Echvi_Contig97.1	1087866	1088606	-	1	Acetyltransferase (isoleucine patch superfamily)
Echvi_0943	Echvi_0943	Echvi_Contig97.1	1088725	1089018	+	1	hypothetical protein
Echvi_0944	Echvi_0944	Echvi_Contig97.1	1089293	1089802	-	1	hypothetical protein
Echvi_0945	Echvi_0945	Echvi_Contig97.1	1089744	1089881	-	1	hypothetical protein
Echvi_0946	Echvi_0946	Echvi_Contig97.1	1090155	1090526	-	1	hypothetical protein
Echvi_0947	Echvi_0947	Echvi_Contig97.1	1090822	1091943	-	1	Glycosyltransferase
Echvi_0948	Echvi_0948	Echvi_Contig97.1	1091956	1093311	-	1	hypothetical protein
Echvi_0949	Echvi_0949	Echvi_Contig97.1	1093379	1094284	-	1	Predicted glycosyltransferases
Echvi_0950	Echvi_0950	Echvi_Contig97.1	1094294	1095154	-	1	hypothetical protein
Echvi_0951	Echvi_0951	Echvi_Contig97.1	1095455	1096753	-	1	Membrane protein involved in the export of O-antigen and teichoic acid
Echvi_0952	Echvi_0952	Echvi_Contig97.1	1096805	1097884	-	1	hypothetical protein
Echvi_0953	Echvi_0953	Echvi_Contig97.1	1097884	1100493	-	1	Periplasmic protein involved in polysaccharide export
Echvi_0954	Echvi_0954	Echvi_Contig97.1	1100884	1102380	-	1	SusD family.
Echvi_0955	Echvi_0955	Echvi_Contig97.1	1102393	1105557	-	1	TonB-linked outer membrane protein, SusC/RagA family
Echvi_0956	Echvi_0956	Echvi_Contig97.1	1105997	1107016	-	1	Predicted Fe-S oxidoreductases
Echvi_0957	Echvi_0957	Echvi_Contig97.1	1107079	1107612	-	1	hypothetical protein
Echvi_0958	Echvi_0958	Echvi_Contig97.1	1107665	1108801	-	1	hypothetical protein
Echvi_0959	Echvi_0959	Echvi_Contig97.1	1109439	1109972	-	1	rRNA methylases
Echvi_0960	Echvi_0960	Echvi_Contig97.1	1110077	1112686	+	1	DNA mismatch repair protein MutS
Echvi_0961	Echvi_0961	Echvi_Contig97.1	1112836	1112908	+	5	tRNA
Echvi_0962	Echvi_0962	Echvi_Contig97.1	1113007	1113090	+	5	tRNA
Echvi_0963	Echvi_0963	Echvi_Contig97.1	1114107	1114958	+	1	hypothetical protein
Echvi_0964	Echvi_0964	Echvi_Contig97.1	1114967	1116010	+	1	riboflavin biosynthesis protein RibD
Echvi_0965	Echvi_0965	Echvi_Contig97.1	1116021	1116503	+	1	GAF domain-containing protein
Echvi_0966	Echvi_0966	Echvi_Contig97.1	1116646	1118481	-	1	Cytochrome c peroxidase
Echvi_0967	Echvi_0967	Echvi_Contig97.1	1118486	1119934	-	1	hypothetical protein
Echvi_0968	Echvi_0968	Echvi_Contig97.1	1120275	1121618	-	1	deoxyguanosinetriphosphate triphosphohydrolase, putative
Echvi_0969	Echvi_0969	Echvi_Contig97.1	1121833	1122897	+	1	Domain of unknown function (DUF1083).
Echvi_0970	Echvi_0970	Echvi_Contig97.1	1123079	1123681	+	1	3-methyladenine DNA glycosylase
Echvi_0971	Echvi_0971	Echvi_Contig97.1	1123811	1124191	-	1	Predicted membrane protein
Echvi_0972	Echvi_0972	Echvi_Contig97.1	1124217	1124921	-	1	hypothetical protein
Echvi_0973	Echvi_0973	Echvi_Contig97.1	1125369	1125782	+	1	hypothetical protein
Echvi_0974	Echvi_0974	Echvi_Contig97.1	1125981	1126577	-	1	Predicted O-methyltransferase
Echvi_0975	Echvi_0975	Echvi_Contig97.1	1126717	1128087	+	1	putative efflux protein, MATE family
Echvi_0976	Echvi_0976	Echvi_Contig97.1	1128196	1130721	-	1	phospholipase C, phosphocholine-specific, Pseudomonas-type
Echvi_0977	Echvi_0977	Echvi_Contig97.1	1131060	1132532	-	1	hypothetical protein
Echvi_0978	Echvi_0978	Echvi_Contig97.1	1132563	1135706	-	1	TonB-linked outer membrane protein, SusC/RagA family
Echvi_0979	Echvi_0979	Echvi_Contig97.1	1136652	1137224	-	1	siroheme synthase, N-terminal domain
Echvi_0980	Echvi_0980	Echvi_Contig97.1	1137297	1138061	-	1	uroporphyrin-III C-methyltransferase
Echvi_0981	Echvi_0981	Echvi_Contig97.1	1138058	1140160	-	1	Sulfite reductase, beta subunit (hemoprotein)
Echvi_0982	Echvi_0982	Echvi_Contig97.1	1140214	1141473	-	1	sulfate adenylyltransferase, large subunit
Echvi_0983	Echvi_0983	Echvi_Contig97.1	1141570	1142469	-	1	sulfate adenylyltransferase, small subunit
Echvi_0984	Echvi_0984	Echvi_Contig97.1	1142536	1143237	-	1	phosophoadenylyl-sulfate reductase (thioredoxin)/thioredoxin-dependent adenylylsulfate APS reductase
Echvi_0985	Echvi_0985	Echvi_Contig97.1	1143243	1143488	-	1	Predicted membrane protein
Echvi_0986	Echvi_0986	Echvi_Contig97.1	1143562	1144014	-	1	Rrf2 family protein
Echvi_0987	Echvi_0987	Echvi_Contig97.1	1144308	1146191	-	1	Molecular chaperone, HSP90 family
Echvi_0988	Echvi_0988	Echvi_Contig97.1	1146496	1147293	+	1	Methionyl-tRNA formyltransferase
Echvi_0989	Echvi_0989	Echvi_Contig97.1	1147952	1148290	-	1	hypothetical protein
Echvi_0990	Echvi_0990	Echvi_Contig97.1	1148666	1149238	+	1	Uracil-DNA glycosylase
Echvi_0991	Echvi_0991	Echvi_Contig97.1	1151323	1151892	-	1	FKBP-type peptidyl-prolyl cis-trans isomerases 1
Echvi_0992	Echvi_0992	Echvi_Contig97.1	1151894	1152454	-	1	FKBP-type peptidyl-prolyl cis-trans isomerases 1
Echvi_0993	Echvi_0993	Echvi_Contig97.1	1152459	1153406	-	1	FKBP-type peptidyl-prolyl cis-trans isomerases 1
Echvi_0994	Echvi_0994	Echvi_Contig97.1	1153393	1154433	-	1	Exopolyphosphatase-related proteins
Echvi_0995	Echvi_0995	Echvi_Contig97.1	1154628	1155050	+	1	Nucleoside diphosphate kinase
Echvi_0996	Echvi_0996	Echvi_Contig97.1	1155274	1156329	-	1	conserved hypothetical protein
Echvi_0997	Echvi_0997	Echvi_Contig97.1	1156335	1157084	-	1	Uncharacterized conserved protein
Echvi_0998	Echvi_0998	Echvi_Contig97.1	1157278	1159194	+	1	1-deoxy-D-xylulose-5-phosphate synthase
Echvi_0999	Echvi_0999	Echvi_Contig97.1	1159294	1160058	+	1	Predicted hydrolases or acyltransferases (alpha/beta hydrolase superfamily)
Echvi_1000	Echvi_1000	Echvi_Contig97.1	1160311	1160640	+	1	Predicted transcriptional regulators
Echvi_1001	Echvi_1001	Echvi_Contig97.1	1160672	1161136	+	1	hypothetical protein
Echvi_1002	Echvi_1002	Echvi_Contig97.1	1161149	1161787	+	1	Protein-tyrosine-phosphatase
Echvi_1003	Echvi_1003	Echvi_Contig97.1	1161784	1162827	+	1	arsenical-resistance protein
Echvi_1004	Echvi_1004	Echvi_Contig97.1	1162932	1165319	-	1	Outer membrane receptor proteins, mostly Fe transport
Echvi_1005	Echvi_1005	Echvi_Contig97.1	1165795	1166604	+	1	hypothetical protein
Echvi_1006	Echvi_1006	Echvi_Contig97.1	1166865	1167056	+	1	hypothetical protein
Echvi_1007	Echvi_1007	Echvi_Contig97.1	1167601	1168413	+	1	hypothetical protein
Echvi_1008	Echvi_1008	Echvi_Contig97.1	1168596	1169687	-	1	Fatty acid desaturase
Echvi_1009	Echvi_1009	Echvi_Contig97.1	1170241	1170903	+	1	hypothetical protein
Echvi_1010	Echvi_1010	Echvi_Contig97.1	1170911	1171642	-	1	pseudouridine synthase
Echvi_1011	Echvi_1011	Echvi_Contig97.1	1171755	1173263	-	1	Uncharacterized protein conserved in bacteria
Echvi_1012	Echvi_1012	Echvi_Contig97.1	1173393	1175906	+	1	Zinc carboxypeptidase.
Echvi_1013	Echvi_1013	Echvi_Contig97.1	1176390	1177925	+	1	Transposase domain (DUF772).
Echvi_1014	Echvi_1014	Echvi_Contig97.1	1178022	1178180	+	1	hypothetical protein
Echvi_1015	Echvi_1015	Echvi_Contig97.1	1178207	1179655	-	1	Retron-type reverse transcriptase
Echvi_1016	Echvi_1016	Echvi_Contig97.1	1179652	1179807	-	1	hypothetical protein
Echvi_1017	Echvi_1017	Echvi_Contig97.1	1180104	1180952	-	1	Small-conductance mechanosensitive channel
Echvi_1018	Echvi_1018	Echvi_Contig97.1	1181294	1181713	+	1	Fe2+/Zn2+ uptake regulation proteins
Echvi_1019	Echvi_1019	Echvi_Contig97.1	1181710	1181931	-	1	hypothetical protein
Echvi_1020	Echvi_1020	Echvi_Contig97.1	1182401	1182877	+	1	hypothetical protein
Echvi_1021	Echvi_1021	Echvi_Contig97.1	1183019	1184338	-	1	Predicted dehydrogenases and related proteins
Echvi_1022	Echvi_1022	Echvi_Contig97.1	1184417	1185454	-	1	ABC-type spermidine/putrescine transport systems, ATPase components
Echvi_1023	Echvi_1023	Echvi_Contig97.1	1186505	1186597	+	1	hypothetical protein
Echvi_1024	Echvi_1024	Echvi_Contig97.1	1186759	1187436	-	1	Predicted DNA alkylation repair enzyme
Echvi_1025	Echvi_1025	Echvi_Contig97.1	1187545	1188090	-	1	hypothetical protein
Echvi_1026	Echvi_1026	Echvi_Contig97.1	1188305	1188991	-	1	hypothetical protein
Echvi_1027	Echvi_1027	Echvi_Contig97.1	1189223	1189690	+	1	DNA mismatch endonuclease Vsr
Echvi_1028	Echvi_1028	Echvi_Contig97.1	1189705	1190469	-	1	hypothetical protein
Echvi_1029	Echvi_1029	Echvi_Contig97.1	1190621	1191277	+	1	haloacid dehalogenase superfamily, subfamily IA, variant 3 with third motif having DD or ED
Echvi_1030	Echvi_1030	Echvi_Contig97.1	1191357	1191779	-	1	secondary thiamine-phosphate synthase enzyme
Echvi_1031	Echvi_1031	Echvi_Contig97.1	1192607	1193983	-	1	DNA repair protein RadA
Echvi_1032	Echvi_1032	Echvi_Contig97.1	1194131	1196944	-	1	DNA polymerase I
Echvi_1033	Echvi_1033	Echvi_Contig97.1	1197392	1197709	+	1	hypothetical protein
Echvi_1034	Echvi_1034	Echvi_Contig97.1	1197977	1198096	-	1	hypothetical protein
Echvi_1035	Echvi_1035	Echvi_Contig97.1	1198112	1198927	-	1	Peptidase family M48.
Echvi_1036	Echvi_1036	Echvi_Contig97.1	1198921	1199358	-	1	hypothetical protein
Echvi_1037	Echvi_1037	Echvi_Contig97.1	1199355	1199786	-	1	Protein of unknown function (DUF2752).
Echvi_1038	Echvi_1038	Echvi_Contig97.1	1199752	1200123	-	1	TM2 domain.
Echvi_1039	Echvi_1039	Echvi_Contig97.1	1200368	1200820	-	1	hypothetical protein
Echvi_1040	Echvi_1040	Echvi_Contig97.1	1200957	1201595	+	1	Uncharacterized protein conserved in bacteria
Echvi_1041	Echvi_1041	Echvi_Contig97.1	1201978	1203540	+	1	Predicted phosphohydrolases
Echvi_1042	Echvi_1042	Echvi_Contig97.1	1203677	1203802	-	1	hypothetical protein
Echvi_1043	Echvi_1043	Echvi_Contig97.1	1203948	1204514	+	1	hypothetical protein
Echvi_1044	Echvi_1044	Echvi_Contig97.1	1204507	1206207	+	1	Choline dehydrogenase and related flavoproteins
Echvi_1045	Echvi_1045	Echvi_Contig97.1	1206360	1207292	-	1	Transcriptional regulator
Echvi_1046	Echvi_1046	Echvi_Contig97.1	1207685	1209118	-	1	Glutamate decarboxylase and related PLP-dependent proteins
Echvi_1047	Echvi_1047	Echvi_Contig97.1	1209358	1210116	-	1	Dehydrogenases with different specificities (related to short-chain alcohol dehydrogenases)
Echvi_1048	Echvi_1048	Echvi_Contig97.1	1210150	1210776	-	1	hypothetical protein
Echvi_1049	Echvi_1049	Echvi_Contig97.1	1210940	1211311	-	1	Lactoylglutathione lyase and related lyases
Echvi_1050	Echvi_1050	Echvi_Contig97.1	1211614	1212114	-	1	Uncharacterized conserved protein
Echvi_1051	Echvi_1051	Echvi_Contig97.1	1212285	1213661	-	1	Arylsulfatase A and related enzymes
Echvi_1052	Echvi_1052	Echvi_Contig97.1	1213976	1214557	-	1	hypothetical protein
Echvi_1053	Echvi_1053	Echvi_Contig97.1	1214605	1215297	-	1	Predicted amidophosphoribosyltransferases
Echvi_1054	Echvi_1054	Echvi_Contig97.1	1215380	1215736	+	1	Uncharacterized homolog of gamma-carboxymuconolactone decarboxylase subunit
Echvi_1055	Echvi_1055	Echvi_Contig97.1	1215729	1216091	+	1	hypothetical protein
Echvi_1056	Echvi_1056	Echvi_Contig97.1	1216177	1216938	+	1	exodeoxyribonuclease III
Echvi_1057	Echvi_1057	Echvi_Contig97.1	1216973	1217374	+	1	Anti-sigma regulatory factor (Ser/Thr protein kinase)
Echvi_1058	Echvi_1058	Echvi_Contig97.1	1217377	1217808	+	1	metalloprotein, YbeY/UPF0054 family
Echvi_1059	Echvi_1059	Echvi_Contig97.1	1217981	1219846	+	1	glucose-inhibited division protein A
Echvi_1060	Echvi_1060	Echvi_Contig97.1	1219848	1220735	+	1	Methyltransferase domain.
Echvi_1061	Echvi_1061	Echvi_Contig97.1	1220732	1222477	+	1	hypothetical protein
Echvi_1062	Echvi_1062	Echvi_Contig97.1	1223078	1223842	+	1	hypothetical protein
Echvi_1063	Echvi_1063	Echvi_Contig97.1	1223869	1224681	+	1	Predicted esterase
Echvi_1064	Echvi_1064	Echvi_Contig97.1	1225268	1225585	+	1	Predicted endonuclease containing a URI domain
Echvi_1065	Echvi_1065	Echvi_Contig97.1	1225935	1226375	+	1	hypothetical protein
Echvi_1066	Echvi_1066	Echvi_Contig97.1	1226406	1226981	+	1	cAMP-binding proteins - catabolite gene activator and regulatory subunit of cAMP-dependent protein kinases
Echvi_1067	Echvi_1067	Echvi_Contig97.1	1227052	1227675	+	1	Acyl carrier protein phosphodiesterase
Echvi_1068	Echvi_1068	Echvi_Contig97.1	1228094	1228519	+	1	Transcriptional regulators
Echvi_1069	Echvi_1069	Echvi_Contig97.1	1228665	1231070	+	1	3-hydroxyacyl-CoA dehydrogenase
Echvi_1070	Echvi_1070	Echvi_Contig97.1	1231123	1231476	+	1	S23 ribosomal protein.
Echvi_1071	Echvi_1071	Echvi_Contig97.1	1231535	1232710	+	1	acetyl-CoA acetyltransferases
Echvi_1072	Echvi_1072	Echvi_Contig97.1	1232860	1233210	+	1	S23 ribosomal protein.
Echvi_1073	Echvi_1073	Echvi_Contig97.1	1233270	1235069	+	1	Acyl-CoA dehydrogenases
Echvi_1074	Echvi_1074	Echvi_Contig97.1	1235946	1236080	-	1	hypothetical protein
Echvi_1075	Echvi_1075	Echvi_Contig97.1	1236077	1236538	-	1	Transposase and inactivated derivatives
Echvi_1076	Echvi_1076	Echvi_Contig97.1	1237399	1239699	-	1	hypothetical protein
Echvi_1077	Echvi_1077	Echvi_Contig97.1	1239659	1240657	-	1	hypothetical protein
Echvi_1078	Echvi_1078	Echvi_Contig97.1	1241185	1241850	+	1	Protein-L-isoaspartate carboxylmethyltransferase
Echvi_1079	Echvi_1079	Echvi_Contig97.1	1241938	1242156	-	1	hypothetical protein
Echvi_1080	Echvi_1080	Echvi_Contig97.1	1242511	1242843	-	1	hypothetical protein
Echvi_1081	Echvi_1081	Echvi_Contig97.1	1242859	1243407	-	1	hypothetical protein
Echvi_1082	Echvi_1082	Echvi_Contig97.1	1243380	1244195	-	1	Acetyltransferases
Echvi_1083	Echvi_1083	Echvi_Contig97.1	1244220	1245902	-	1	N-acyl-D-aspartate/D-glutamate deacylase
Echvi_1084	Echvi_1084	Echvi_Contig97.1	1246005	1246676	-	1	hypothetical protein
Echvi_1085	Echvi_1085	Echvi_Contig97.1	1246834	1247199	-	1	hypothetical protein
Echvi_1086	Echvi_1086	Echvi_Contig97.1	1247201	1247527	-	1	hypothetical protein
Echvi_1087	Echvi_1087	Echvi_Contig97.1	1248354	1248938	-	1	Acetyltransferase (isoleucine patch superfamily)
Echvi_1088	Echvi_1088	Echvi_Contig97.1	1249024	1249434	-	1	Response regulator containing CheY-like receiver, AAA-type ATPase, and DNA-binding domains
Echvi_1089	Echvi_1089	Echvi_Contig97.1	1249451	1251232	-	1	PAS domain S-box
Echvi_1090	Echvi_1090	Echvi_Contig97.1	1251514	1252011	-	1	Predicted membrane protein
Echvi_1091	Echvi_1091	Echvi_Contig97.1	1252398	1253111	+	1	Predicted divalent heavy-metal cations transporter
Echvi_1092	Echvi_1092	Echvi_Contig97.1	1253129	1253698	+	1	Uncharacterized low-complexity proteins
Echvi_1093	Echvi_1093	Echvi_Contig97.1	1253703	1254284	-	1	hypothetical protein
Echvi_1094	Echvi_1094	Echvi_Contig97.1	1254419	1255021	-	1	Acetyltransferases, including N-acetylases of ribosomal proteins
Echvi_1095	Echvi_1095	Echvi_Contig97.1	1255068	1255886	-	1	nitrate transport ATP-binding subunits C and D
Echvi_1096	Echvi_1096	Echvi_Contig97.1	1255898	1256782	-	1	nitrate transport ATP-binding subunits C and D
Echvi_1097	Echvi_1097	Echvi_Contig97.1	1256787	1257878	-	1	ABC-type nitrate/sulfonate/bicarbonate transport system, permease component
Echvi_1098	Echvi_1098	Echvi_Contig97.1	1257899	1259290	-	1	ABC-type nitrate/sulfonate/bicarbonate transport systems, periplasmic components
Echvi_1099	Echvi_1099	Echvi_Contig97.1	1259316	1260587	-	1	hypothetical protein
Echvi_1100	Echvi_1100	Echvi_Contig97.1	1260772	1261485	-	1	cAMP-binding proteins - catabolite gene activator and regulatory subunit of cAMP-dependent protein kinases
Echvi_1101	Echvi_1101	Echvi_Contig97.1	1261688	1262170	+	1	N-acetylglutamate synthase and related acetyltransferases
Echvi_1102	Echvi_1102	Echvi_Contig97.1	1262210	1262776	+	1	cAMP-binding proteins - catabolite gene activator and regulatory subunit of cAMP-dependent protein kinases
Echvi_1103	Echvi_1103	Echvi_Contig97.1	1262777	1265020	-	1	Dipeptidyl aminopeptidases/acylaminoacyl-peptidases
Echvi_1104	Echvi_1104	Echvi_Contig97.1	1265302	1267563	-	1	Outer membrane receptor proteins, mostly Fe transport
Echvi_1105	Echvi_1105	Echvi_Contig97.1	1267998	1269158	+	1	Homogentisate 1,2-dioxygenase
Echvi_1106	Echvi_1106	Echvi_Contig97.1	1269308	1270417	-	1	Uncharacterized conserved protein
Echvi_1107	Echvi_1107	Echvi_Contig97.1	1270485	1271375	-	1	Predicted aminopeptidases
Echvi_1108	Echvi_1108	Echvi_Contig97.1	1271527	1272582	+	1	hypothetical protein
Echvi_1109	Echvi_1109	Echvi_Contig97.1	1272605	1273144	-	1	Predicted ATPase/kinase involved in NAD metabolism
Echvi_1110	Echvi_1110	Echvi_Contig97.1	1273128	1273748	-	1	nicotinamide mononucleotide transporter PnuC
Echvi_1111	Echvi_1111	Echvi_Contig97.1	1274372	1275850	-	1	inosine-5'-monophosphate dehydrogenase
Echvi_1112	Echvi_1112	Echvi_Contig97.1	1276210	1277115	-	1	Predicted permeases
Echvi_1113	Echvi_1113	Echvi_Contig97.1	1277164	1277454	+	1	hypothetical protein
Echvi_1114	Echvi_1114	Echvi_Contig97.1	1277458	1277832	-	1	hypothetical protein
Echvi_1115	Echvi_1115	Echvi_Contig97.1	1278644	1279030	+	1	hypothetical protein
Echvi_1116	Echvi_1116	Echvi_Contig97.1	1279132	1282101	+	1	protein-export membrane protein, SecD/SecF family
Echvi_1117	Echvi_1117	Echvi_Contig97.1	1282103	1282204	-	1	hypothetical protein
Echvi_1118	Echvi_1118	Echvi_Contig97.1	1282368	1283033	+	1	hypothetical protein
Echvi_1119	Echvi_1119	Echvi_Contig97.1	1283126	1283539	+	1	hypothetical protein
Echvi_1120	Echvi_1120	Echvi_Contig97.1	1283680	1284339	+	1	hypothetical protein
Echvi_1121	Echvi_1121	Echvi_Contig97.1	1284345	1285103	+	1	Histidine kinase-, DNA gyrase B-, and HSP90-like ATPase.
Echvi_1122	Echvi_1122	Echvi_Contig97.1	1285267	1285893	+	1	Response regulator containing a CheY-like receiver domain and an HTH DNA-binding domain
Echvi_1123	Echvi_1123	Echvi_Contig97.1	1285894	1286925	+	1	Predicted dehydrogenases and related proteins
Echvi_1124	Echvi_1124	Echvi_Contig97.1	1286935	1287405	-	1	Uncharacterized conserved protein
Echvi_1125	Echvi_1125	Echvi_Contig97.1	1287468	1288058	-	1	cAMP-binding proteins - catabolite gene activator and regulatory subunit of cAMP-dependent protein kinases
Echvi_1126	Echvi_1126	Echvi_Contig97.1	1288178	1289239	+	1	Heat shock protein
Echvi_1127	Echvi_1127	Echvi_Contig97.1	1289262	1289798	-	1	hypothetical protein
Echvi_1128	Echvi_1128	Echvi_Contig97.1	1289915	1290601	-	1	hypothetical protein
Echvi_1129	Echvi_1129	Echvi_Contig97.1	1290641	1292236	-	1	PIF1 helicase.
Echvi_1130	Echvi_1130	Echvi_Contig97.1	1292365	1293696	-	1	Predicted dehydrogenases and related proteins
Echvi_1131	Echvi_1131	Echvi_Contig97.1	1294067	1294738	+	1	hypothetical protein
Echvi_1132	Echvi_1132	Echvi_Contig97.1	1294910	1295218	+	1	hypothetical protein
Echvi_1133	Echvi_1133	Echvi_Contig97.1	1295281	1295793	-	1	FKBP-type peptidyl-prolyl cis-trans isomerases 2
Echvi_1134	Echvi_1134	Echvi_Contig97.1	1296013	1296765	+	1	Membrane protein TerC, possibly involved in tellurium resistance
Echvi_1135	Echvi_1135	Echvi_Contig97.1	1296781	1297545	-	1	hypothetical protein
Echvi_1136	Echvi_1136	Echvi_Contig97.1	1297677	1298000	+	1	Ferredoxin subunits of nitrite reductase and ring-hydroxylating dioxygenases
Echvi_1137	Echvi_1137	Echvi_Contig97.1	1298097	1299773	+	1	Domain of Unknown Function (DUF748).
Echvi_1138	Echvi_1138	Echvi_Contig97.1	1299876	1302716	+	1	excinuclease ABC, A subunit
Echvi_1139	Echvi_1139	Echvi_Contig97.1	1303185	1304237	+	1	Putative regulator of cell autolysis
Echvi_1140	Echvi_1140	Echvi_Contig97.1	1304255	1304998	+	1	Response regulator of the LytR/AlgR family
Echvi_1141	Echvi_1141	Echvi_Contig97.1	1305142	1305894	+	1	Response regulator of the LytR/AlgR family
Echvi_1142	Echvi_1142	Echvi_Contig97.1	1306926	1308293	-	1	Predicted ATPase related to phosphate starvation-inducible protein PhoH
Echvi_1143	Echvi_1143	Echvi_Contig97.1	1308533	1311313	+	1	Beta-galactosidase/beta-glucuronidase
Echvi_1144	Echvi_1144	Echvi_Contig97.1	1311458	1312708	-	1	Glutamate decarboxylase and related PLP-dependent proteins
Echvi_1145	Echvi_1145	Echvi_Contig97.1	1313099	1313839	-	1	Shikimate 5-dehydrogenase
Echvi_1146	Echvi_1146	Echvi_Contig97.1	1313836	1314771	-	1	Predicted membrane protein
Echvi_1147	Echvi_1147	Echvi_Contig97.1	1314824	1315594	-	1	Uncharacterized conserved protein
Echvi_1148	Echvi_1148	Echvi_Contig97.1	1315626	1317032	-	1	Tetratricopeptide repeat.
Echvi_1149	Echvi_1149	Echvi_Contig97.1	1317155	1318114	-	1	Nucleoside-diphosphate-sugar epimerases
Echvi_1150	Echvi_1150	Echvi_Contig97.1	1318111	1318845	-	1	Capsular polysaccharide biosynthesis protein
Echvi_1151	Echvi_1151	Echvi_Contig97.1	1318856	1319407	-	1	dTDP-4-dehydrorhamnose 3,5-epimerase
Echvi_1152	Echvi_1152	Echvi_Contig97.1	1319642	1320907	+	1	GTP-binding protein HflX
Echvi_1153	Echvi_1153	Echvi_Contig97.1	1321004	1322401	-	1	tRNA and rRNA cytosine-C5-methylases
Echvi_1154	Echvi_1154	Echvi_Contig97.1	1322557	1323243	+	1	monofunctional biosynthetic peptidoglycan transglycosylase
Echvi_1155	Echvi_1155	Echvi_Contig97.1	1323280	1323405	+	1	hypothetical protein
Echvi_1156	Echvi_1156	Echvi_Contig97.1	1323489	1324595	-	1	recF protein
Echvi_1157	Echvi_1157	Echvi_Contig97.1	1324959	1325318	+	1	hypothetical protein
Echvi_1158	Echvi_1158	Echvi_Contig97.1	1325408	1326265	+	1	nicotinate-nucleotide pyrophosphorylase
Echvi_1159	Echvi_1159	Echvi_Contig97.1	1326291	1327061	+	1	Response regulator of the LytR/AlgR family
Echvi_1160	Echvi_1160	Echvi_Contig97.1	1327165	1329219	-	1	Alpha-L-fucosidase
Echvi_1161	Echvi_1161	Echvi_Contig97.1	1329320	1330615	+	1	tRNA and rRNA cytosine-C5-methylases
Echvi_1162	Echvi_1162	Echvi_Contig97.1	1330778	1332871	+	1	ATP-dependent DNA helicase RecG
Echvi_1163	Echvi_1163	Echvi_Contig97.1	1333115	1334542	+	1	Endoglucanase
Echvi_1164	Echvi_1164	Echvi_Contig97.1	1334542	1334685	+	1	hypothetical protein
Echvi_1165	Echvi_1165	Echvi_Contig97.1	1335313	1337547	+	1	catalase/peroxidase HPI
Echvi_1166	Echvi_1166	Echvi_Contig97.1	1337835	1339496	+	1	Aminopeptidase N
Echvi_1167	Echvi_1167	Echvi_Contig97.1	1339563	1341887	-	1	Ethanolamine ammonia-lyase, large subunit
Echvi_1168	Echvi_1168	Echvi_Contig97.1	1342137	1343297	-	1	Uncharacterized oxidoreductases, Fe-dependent alcohol dehydrogenase family
Echvi_1169	Echvi_1169	Echvi_Contig97.1	1343473	1344300	-	1	Beta-propeller domains of methanol dehydrogenase type
Echvi_1170	Echvi_1170	Echvi_Contig97.1	1344281	1344715	-	1	Predicted membrane protein
Echvi_1171	Echvi_1171	Echvi_Contig97.1	1344770	1345360	-	1	Uncharacterized conserved protein
Echvi_1172	Echvi_1172	Echvi_Contig97.1	1345566	1348829	-	1	PAS domain S-box
Echvi_1173	Echvi_1173	Echvi_Contig97.1	1348960	1350210	-	1	Periplasmic protease
Echvi_1174	Echvi_1174	Echvi_Contig97.1	1350445	1350915	+	1	Fe2+/Zn2+ uptake regulation proteins
Echvi_1175	Echvi_1175	Echvi_Contig97.1	1351981	1353756	-	1	Chloride channel protein EriC
Echvi_1176	Echvi_1176	Echvi_Contig97.1	1353885	1354685	-	1	MazG family protein
Echvi_1177	Echvi_1177	Echvi_Contig97.1	1354759	1354989	+	1	hypothetical protein
Echvi_1178	Echvi_1178	Echvi_Contig97.1	1355060	1356451	+	1	phosphoglucosamine mutase
Echvi_1179	Echvi_1179	Echvi_Contig97.1	1356595	1357737	+	1	Cysteine sulfinate desulfinase/cysteine desulfurase and related enzymes
Echvi_1180	Echvi_1180	Echvi_Contig97.1	1357970	1358659	+	1	non-canonical purine NTP pyrophosphatase, rdgB/HAM1 family
Echvi_1181	Echvi_1181	Echvi_Contig97.1	1358807	1359439	+	1	Uridine kinase
Echvi_1182	Echvi_1182	Echvi_Contig97.1	1359718	1360152	+	1	hypothetical protein
Echvi_1183	Echvi_1183	Echvi_Contig97.1	1360224	1360544	-	1	hypothetical protein
Echvi_1184	Echvi_1184	Echvi_Contig97.1	1360688	1360810	-	1	hypothetical protein
Echvi_1185	Echvi_1185	Echvi_Contig97.1	1360822	1361322	-	1	hypothetical protein
Echvi_1186	Echvi_1186	Echvi_Contig97.1	1361548	1361985	-	1	ribose 5-phosphate isomerase B
Echvi_1187	Echvi_1187	Echvi_Contig97.1	1361998	1362843	-	1	Twin arginine targeting (Tat) protein translocase TatC
Echvi_1188	Echvi_1188	Echvi_Contig97.1	1362860	1364128	-	1	Glycine/serine hydroxymethyltransferase
Echvi_1189	Echvi_1189	Echvi_Contig97.1	1364612	1365571	-	1	Threonine dehydratase
Echvi_1190	Echvi_1190	Echvi_Contig97.1	1365628	1366317	+	1	Membrane proteins related to metalloendopeptidases
Echvi_1191	Echvi_1191	Echvi_Contig97.1	1366570	1368357	-	1	ABC-type multidrug transport system, ATPase and permease components
Echvi_1192	Echvi_1192	Echvi_Contig97.1	1368487	1368804	-	1	hypothetical protein
Echvi_1193	Echvi_1193	Echvi_Contig97.1	1368898	1370628	-	1	Zinc carboxypeptidase.
Echvi_1194	Echvi_1194	Echvi_Contig97.1	1371351	1371800	-	1	Transposase and inactivated derivatives
Echvi_1195	Echvi_1195	Echvi_Contig97.1	1372088	1372597	-	1	Uncharacterized protein conserved in bacteria
Echvi_1196	Echvi_1196	Echvi_Contig97.1	1372695	1373456	+	1	triosephosphate isomerase
Echvi_1197	Echvi_1197	Echvi_Contig97.1	1373642	1374472	+	1	Ribosomal protein L11 methylase
Echvi_1198	Echvi_1198	Echvi_Contig97.1	1374676	1375563	+	1	Predicted esterase of the alpha-beta hydrolase superfamily
Echvi_1199	Echvi_1199	Echvi_Contig97.1	1375560	1376180	+	1	Methyltransferase domain.
Echvi_1200	Echvi_1200	Echvi_Contig97.1	1376413	1377024	+	1	Predicted membrane protein
Echvi_1201	Echvi_1201	Echvi_Contig97.1	1377224	1378612	+	1	Acetylornithine deacetylase/Succinyl-diaminopimelate desuccinylase and related deacylases
Echvi_1202	Echvi_1202	Echvi_Contig97.1	1378764	1380893	+	1	Thiol:disulfide interchange protein
Echvi_1203	Echvi_1203	Echvi_Contig97.1	1381257	1382243	-	1	Predicted membrane protein
Echvi_1204	Echvi_1204	Echvi_Contig97.1	1382316	1383209	-	1	Transcriptional regulator
Echvi_1205	Echvi_1205	Echvi_Contig97.1	1383255	1384211	-	1	Soluble lytic murein transglycosylase and related regulatory proteins (some contain LysM/invasin domains)
Echvi_1206	Echvi_1206	Echvi_Contig97.1	1384211	1384942	-	1	TIGR00730 family protein
Echvi_1207	Echvi_1207	Echvi_Contig97.1	1385123	1385836	+	1	Predicted Fe-S-cluster oxidoreductase
Echvi_1208	Echvi_1208	Echvi_Contig97.1	1385913	1386275	+	1	Protein of unknown function (DUF1469).
Echvi_1209	Echvi_1209	Echvi_Contig97.1	1386268	1386633	+	1	hypothetical protein
Echvi_1210	Echvi_1210	Echvi_Contig97.1	1386593	1387399	+	1	phosphoglycerol geranylgeranyltransferase
Echvi_1211	Echvi_1211	Echvi_Contig97.1	1387382	1388311	-	1	Response regulator containing CheY-like receiver domain and AraC-type DNA-binding domain
Echvi_1212	Echvi_1212	Echvi_Contig97.1	1388451	1389590	-	1	Acyl-CoA dehydrogenases
Echvi_1213	Echvi_1213	Echvi_Contig97.1	1389706	1392039	-	1	hypothetical protein
Echvi_1214	Echvi_1214	Echvi_Contig97.1	1392063	1393247	+	1	hypothetical protein
Echvi_1215	Echvi_1215	Echvi_Contig97.1	1393300	1395336	+	1	excinuclease ABC, B subunit
Echvi_1216	Echvi_1216	Echvi_Contig97.1	1395336	1395773	+	1	hypothetical protein
Echvi_1217	Echvi_1217	Echvi_Contig97.1	1395786	1396424	+	1	Predicted transcriptional regulator containing an HTH domain and an uncharacterized domain shared with the mammalian protein Schlafen
Echvi_1218	Echvi_1218	Echvi_Contig97.1	1397315	1398634	-	1	aspartate kinase
Echvi_1219	Echvi_1219	Echvi_Contig97.1	1398676	1399152	-	1	6,7-dimethyl-8-ribityllumazine synthase
Echvi_1220	Echvi_1220	Echvi_Contig97.1	1399251	1399970	-	1	Tetratricopeptide repeat.
Echvi_1221	Echvi_1221	Echvi_Contig97.1	1400559	1401581	-	1	pyruvate dehydrogenase E1 component, alpha subunit
Echvi_1222	Echvi_1222	Echvi_Contig97.1	1401915	1402919	-	1	Predicted beta-xylosidase
Echvi_1223	Echvi_1223	Echvi_Contig97.1	1403167	1403769	-	1	Uncharacterized protein conserved in bacteria
Echvi_1224	Echvi_1224	Echvi_Contig97.1	1403863	1404441	+	1	gliding motility-associated lipoprotein GldD
Echvi_1225	Echvi_1225	Echvi_Contig97.1	1404496	1406118	+	1	Uncharacterized protein conserved in bacteria
Echvi_1226	Echvi_1226	Echvi_Contig97.1	1406370	1408151	-	1	Na+/proline symporter
Echvi_1227	Echvi_1227	Echvi_Contig97.1	1408283	1408468	+	1	hypothetical protein
Echvi_1228	Echvi_1228	Echvi_Contig97.1	1408510	1409601	+	1	Putative homoserine kinase type II (protein kinase fold)
Echvi_1229	Echvi_1229	Echvi_Contig97.1	1410084	1411790	-	1	hypothetical protein
Echvi_1230	Echvi_1230	Echvi_Contig97.1	1411811	1414987	-	1	TonB-linked outer membrane protein, SusC/RagA family
Echvi_1231	Echvi_1231	Echvi_Contig97.1	1415588	1416754	-	1	Arabinose efflux permease
Echvi_1232	Echvi_1232	Echvi_Contig97.1	1416777	1417163	-	1	TfoX N-terminal domain.
Echvi_1233	Echvi_1233	Echvi_Contig97.1	1417219	1418544	-	1	Mismatch repair ATPase (MutS family)
Echvi_1234	Echvi_1234	Echvi_Contig97.1	1418675	1419142	-	1	Uncharacterized protein conserved in bacteria
Echvi_1235	Echvi_1235	Echvi_Contig97.1	1419358	1419963	+	1	Nitroreductase
Echvi_1236	Echvi_1236	Echvi_Contig97.1	1420012	1420269	-	1	hypothetical protein
Echvi_1237	Echvi_1237	Echvi_Contig97.1	1420250	1420564	-	1	Thiol-disulfide isomerase and thioredoxins
Echvi_1238	Echvi_1238	Echvi_Contig97.1	1420661	1421245	-	1	inosine/xanthosine triphosphatase
Echvi_1239	Echvi_1239	Echvi_Contig97.1	1421306	1422013	-	1	DNA-binding regulatory protein, YebC/PmpR family
Echvi_1240	Echvi_1240	Echvi_Contig97.1	1422511	1423851	+	1	NADH dehydrogenase, FAD-containing subunit
Echvi_1241	Echvi_1241	Echvi_Contig97.1	1424108	1424554	-	1	hypothetical protein
Echvi_1242	Echvi_1242	Echvi_Contig97.1	1425217	1425822	+	1	Uncharacterized protein conserved in bacteria
Echvi_1243	Echvi_1243	Echvi_Contig97.1	1426400	1427881	-	1	glutamate synthases, NADH/NADPH, small subunit
Echvi_1244	Echvi_1244	Echvi_Contig97.1	1427883	1432382	-	1	Glutamate synthase domain 2
Echvi_1245	Echvi_1245	Echvi_Contig97.1	1432761	1432874	+	1	hypothetical protein
Echvi_1246	Echvi_1246	Echvi_Contig97.1	1432871	1434220	-	1	gliding motility-associated protein GldE
Echvi_1247	Echvi_1247	Echvi_Contig97.1	1434287	1434760	-	1	single stranded DNA-binding protein (ssb)
Echvi_1248	Echvi_1248	Echvi_Contig97.1	1434868	1435941	-	1	A/G-specific adenine glycosylase
Echvi_1249	Echvi_1249	Echvi_Contig97.1	1436100	1436408	+	1	Bacterial nucleoid DNA-binding protein
Echvi_1250	Echvi_1250	Echvi_Contig97.1	1436430	1437248	+	1	hypothetical protein
Echvi_1251	Echvi_1251	Echvi_Contig97.1	1437431	1439002	+	1	ribonuclease, Rne/Rng family
Echvi_1252	Echvi_1252	Echvi_Contig97.1	1439525	1440295	-	1	pantothenate kinase, type III
Echvi_1253	Echvi_1253	Echvi_Contig97.1	1440460	1440939	+	1	Sortase and related acyltransferases
Echvi_1254	Echvi_1254	Echvi_Contig97.1	1441046	1441387	-	1	hypothetical protein
Echvi_1255	Echvi_1255	Echvi_Contig97.1	1441531	1441977	+	1	Fatty acid hydroxylase superfamily.
Echvi_1256	Echvi_1256	Echvi_Contig97.1	1441974	1442873	+	1	Predicted transcriptional regulators
Echvi_1257	Echvi_1257	Echvi_Contig97.1	1443347	1443997	+	1	Transcriptional regulator
Echvi_1258	Echvi_1258	Echvi_Contig97.1	1444070	1444555	-	1	Peptide methionine sulfoxide reductase
Echvi_1259	Echvi_1259	Echvi_Contig97.1	1444579	1445022	-	1	methionine-R-sulfoxide reductase
Echvi_1260	Echvi_1260	Echvi_Contig97.1	1445142	1445942	-	1	hypothetical protein
Echvi_1261	Echvi_1261	Echvi_Contig97.1	1446104	1447291	-	1	Glycosyltransferase
Echvi_1262	Echvi_1262	Echvi_Contig97.1	1447288	1449084	-	1	asparagine synthase (glutamine-hydrolyzing)
Echvi_1263	Echvi_1263	Echvi_Contig97.1	1449087	1449770	-	1	endonuclease III
Echvi_1264	Echvi_1264	Echvi_Contig97.1	1450083	1450205	+	1	hypothetical protein
Echvi_1265	Echvi_1265	Echvi_Contig97.1	1450432	1450554	+	1	hypothetical protein
Echvi_1266	Echvi_1266	Echvi_Contig97.1	1451618	1451875	+	1	putative solute:sodium symporter small subunit
Echvi_1267	Echvi_1267	Echvi_Contig97.1	1451912	1453615	+	1	probable sodium:solute symporter, VC_2705 subfamily
Echvi_1268	Echvi_1268	Echvi_Contig97.1	1454088	1455986	+	1	acetate--CoA ligase
Echvi_1269	Echvi_1269	Echvi_Contig97.1	1456289	1458235	+	1	Predicted signal-transduction protein containing cAMP-binding and CBS domains
Echvi_1270	Echvi_1270	Echvi_Contig97.1	1458265	1458906	+	1	DNA polymerase III, alpha subunit (gram-positive type)
Echvi_1271	Echvi_1271	Echvi_Contig97.1	1459067	1459258	+	1	hypothetical protein
Echvi_1272	Echvi_1272	Echvi_Contig97.1	1459255	1459539	+	1	Protein of unknown function (DUF2442).
Echvi_1273	Echvi_1273	Echvi_Contig97.1	1459543	1460928	-	1	hypothetical protein
Echvi_1274	Echvi_1274	Echvi_Contig97.1	1461203	1462915	-	1	L-fucose isomerase and related proteins
Echvi_1275	Echvi_1275	Echvi_Contig97.1	1462957	1464450	-	1	transporter, SSS family
Echvi_1276	Echvi_1276	Echvi_Contig97.1	1464489	1465415	-	1	Dihydrodipicolinate synthase/N-acetylneuraminate lyase
Echvi_1277	Echvi_1277	Echvi_Contig97.1	1465666	1466169	-	1	Acetyltransferases, including N-acetylases of ribosomal proteins
Echvi_1278	Echvi_1278	Echvi_Contig97.1	1466278	1467450	+	1	Periplasmic protease
Echvi_1279	Echvi_1279	Echvi_Contig97.1	1467458	1468960	-	1	Glycerol kinase
Echvi_1280	Echvi_1280	Echvi_Contig97.1	1469046	1470002	-	1	Ribose/xylose/arabinose/galactoside ABC-type transport systems, permease components
Echvi_1281	Echvi_1281	Echvi_Contig97.1	1469986	1470183	-	1	hypothetical protein
Echvi_1282	Echvi_1282	Echvi_Contig97.1	1470198	1471706	-	1	ABC-type sugar transport system, ATPase component
Echvi_1283	Echvi_1283	Echvi_Contig97.1	1471693	1472358	-	1	Predicted periplasmic lipoprotein (DUF2291).
Echvi_1284	Echvi_1284	Echvi_Contig97.1	1472513	1473463	-	1	ABC-type sugar transport system, periplasmic component
Echvi_1285	Echvi_1285	Echvi_Contig97.1	1473525	1474484	-	1	Transketolase, C-terminal subunit
Echvi_1286	Echvi_1286	Echvi_Contig97.1	1474481	1475323	-	1	Transketolase, N-terminal subunit
Echvi_1287	Echvi_1287	Echvi_Contig97.1	1475426	1476853	-	1	L-fucose isomerase and related proteins
Echvi_1288	Echvi_1288	Echvi_Contig97.1	1477249	1478874	-	1	SusD family.
Echvi_1289	Echvi_1289	Echvi_Contig97.1	1478879	1482253	-	1	TonB-linked outer membrane protein, SusC/RagA family
Echvi_1290	Echvi_1290	Echvi_Contig97.1	1482306	1483343	-	1	Fe2+-dicitrate sensor, membrane component
Echvi_1291	Echvi_1291	Echvi_Contig97.1	1483752	1486460	+	1	amino acid adenylation domain
Echvi_1292	Echvi_1292	Echvi_Contig97.1	1486650	1487351	-	1	Response regulators consisting of a CheY-like receiver domain and a winged-helix DNA-binding domain
Echvi_1293	Echvi_1293	Echvi_Contig97.1	1487348	1489027	-	1	His Kinase A (phosphoacceptor) domain./Histidine kinase-, DNA gyrase B-, and HSP90-like ATPase.
Echvi_1294	Echvi_1294	Echvi_Contig97.1	1489259	1489891	+	1	hypothetical protein
Echvi_1295	Echvi_1295	Echvi_Contig97.1	1490007	1491239	+	1	diaminopimelate decarboxylase
Echvi_1296	Echvi_1296	Echvi_Contig97.1	1491892	1493433	+	1	glutamyl-tRNA synthetase, bacterial family
Echvi_1297	Echvi_1297	Echvi_Contig97.1	1493512	1493715	+	1	hypothetical protein
Echvi_1298	Echvi_1298	Echvi_Contig97.1	1493787	1494470	+	1	hypothetical protein
Echvi_1299	Echvi_1299	Echvi_Contig97.1	1494770	1495891	-	1	hypothetical protein
Echvi_1300	Echvi_1300	Echvi_Contig97.1	1496044	1497675	-	1	delta-1-pyrroline-5-carboxylate dehydrogenase, group 1
Echvi_1301	Echvi_1301	Echvi_Contig97.1	1497761	1498456	-	1	HAD superfamily (subfamily IA) hydrolase, TIGR02254
Echvi_1302	Echvi_1302	Echvi_Contig97.1	1498470	1498850	-	1	Predicted transcriptional regulators
Echvi_1303	Echvi_1303	Echvi_Contig97.1	1498985	1499632	+	1	hypothetical protein
Echvi_1304	Echvi_1304	Echvi_Contig97.1	1500075	1500641	+	1	RNA polymerase sigma factor, sigma-70 family
Echvi_1305	Echvi_1305	Echvi_Contig97.1	1500643	1501245	+	1	hypothetical protein
Echvi_1306	Echvi_1306	Echvi_Contig97.1	1501500	1503104	-	1	Xaa-Pro aminopeptidase
Echvi_1307	Echvi_1307	Echvi_Contig97.1	1503320	1504942	+	1	Uncharacterized proteins of the AP superfamily
Echvi_1308	Echvi_1308	Echvi_Contig97.1	1505067	1505222	+	1	hypothetical protein
Echvi_1309	Echvi_1309	Echvi_Contig97.1	1505716	1508517	-	1	Uncharacterized protein related to plant photosystem II stability/assembly factor
Echvi_1310	Echvi_1310	Echvi_Contig97.1	1508695	1511127	-	1	Prolyl oligopeptidase family.
Echvi_1311	Echvi_1311	Echvi_Contig97.1	1511286	1512515	-	1	gliding motility-associated lipoprotein GldJ
Echvi_1312	Echvi_1312	Echvi_Contig97.1	1512685	1516035	-	1	transcription-repair coupling factor (mfd)
Echvi_1313	Echvi_1313	Echvi_Contig97.1	1516293	1516940	+	1	Heme/copper-type cytochrome/quinol oxidase, subunit 3
Echvi_1314	Echvi_1314	Echvi_Contig97.1	1516917	1517861	-	1	16S RNA G1207 methylase RsmC
Echvi_1315	Echvi_1315	Echvi_Contig97.1	1517864	1519234	-	1	exopolysaccharide biosynthesis polyprenyl glycosylphosphotransferase
Echvi_1316	Echvi_1316	Echvi_Contig97.1	1519718	1521145	+	1	Predicted membrane protein involved in D-alanine export
Echvi_1317	Echvi_1317	Echvi_Contig97.1	1521152	1522111	+	1	hypothetical protein
Echvi_1318	Echvi_1318	Echvi_Contig97.1	1522118	1523461	-	1	Secreted and surface protein containing fasciclin-like repeats
Echvi_1319	Echvi_1319	Echvi_Contig97.1	1523586	1524578	+	1	gliding motility-associated lipoprotein GldB
Echvi_1320	Echvi_1320	Echvi_Contig97.1	1524769	1526388	+	1	Endopolygalacturonase
Echvi_1321	Echvi_1321	Echvi_Contig97.1	1526394	1527473	+	1	pectate lyase, PelA/Pel-15E family
Echvi_1322	Echvi_1322	Echvi_Contig97.1	1527859	1528431	+	1	RNA polymerase sigma factor, sigma-70 family
Echvi_1323	Echvi_1323	Echvi_Contig97.1	1528585	1529655	+	1	Fe2+-dicitrate sensor, membrane component
Echvi_1324	Echvi_1324	Echvi_Contig97.1	1529773	1533282	+	1	TonB-linked outer membrane protein, SusC/RagA family
Echvi_1325	Echvi_1325	Echvi_Contig97.1	1533313	1535310	+	1	SusD family.
Echvi_1326	Echvi_1326	Echvi_Contig97.1	1535777	1537474	+	1	hypothetical protein
Echvi_1327	Echvi_1327	Echvi_Contig97.1	1537696	1538079	+	1	endoribonuclease L-PSP, putative
Echvi_1328	Echvi_1328	Echvi_Contig97.1	1538103	1538594	+	1	hypothetical protein
Echvi_1329	Echvi_1329	Echvi_Contig97.1	1539169	1540569	+	1	fumarate hydratase, class II
Echvi_1330	Echvi_1330	Echvi_Contig97.1	1540713	1541333	+	1	hypothetical protein
Echvi_1331	Echvi_1331	Echvi_Contig97.1	1541336	1541920	-	1	Peptidyl-prolyl cis-trans isomerase (rotamase) - cyclophilin family
Echvi_1332	Echvi_1332	Echvi_Contig97.1	1542293	1544062	+	1	single-stranded-DNA-specific exonuclease RecJ
Echvi_1333	Echvi_1333	Echvi_Contig97.1	1544065	1544796	+	1	ABC-type (unclassified) transport system, ATPase component
Echvi_1334	Echvi_1334	Echvi_Contig97.1	1544800	1546320	+	1	Acyl-CoA synthetases (AMP-forming)/AMP-acid ligases II
Echvi_1335	Echvi_1335	Echvi_Contig97.1	1546394	1547308	-	1	Universal stress protein UspA and related nucleotide-binding proteins
Echvi_1336	Echvi_1336	Echvi_Contig97.1	1547484	1548110	+	1	2'-5' RNA ligase
Echvi_1337	Echvi_1337	Echvi_Contig97.1	1548174	1548539	-	1	ribosomal protein L19, bacterial type
Echvi_1338	Echvi_1338	Echvi_Contig97.1	1548619	1549326	-	1	tRNA (guanine-N1)-methyltransferase
Echvi_1339	Echvi_1339	Echvi_Contig97.1	1549330	1549860	-	1	16S rRNA processing protein RimM
Echvi_1340	Echvi_1340	Echvi_Contig97.1	1549875	1550444	-	1	ribosomal protein S16
Echvi_1341	Echvi_1341	Echvi_Contig97.1	1550597	1550758	+	1	hypothetical protein
Echvi_1342	Echvi_1342	Echvi_Contig97.1	1550830	1551072	+	1	Predicted endonuclease containing a URI domain
Echvi_1343	Echvi_1343	Echvi_Contig97.1	1551148	1551393	+	1	Predicted endonuclease containing a URI domain
Echvi_1344	Echvi_1344	Echvi_Contig97.1	1551396	1551467	+	5	tRNA
Echvi_1345	Echvi_1345	Echvi_Contig97.1	1551430	1552992	-	1	Site-specific recombinases, DNA invertase Pin homologs
Echvi_1346	Echvi_1346	Echvi_Contig97.1	1552967	1553134	-	1	hypothetical protein
Echvi_1347	Echvi_1347	Echvi_Contig97.1	1553239	1553700	-	1	DNA repair proteins
Echvi_1348	Echvi_1348	Echvi_Contig97.1	1554050	1555114	-	1	phage/plasmid-related protein TIGR03299
Echvi_1349	Echvi_1349	Echvi_Contig97.1	1555583	1556332	-	1	Mg-dependent DNase
Echvi_1350	Echvi_1350	Echvi_Contig97.1	1556337	1557677	-	1	hypothetical protein
Echvi_1351	Echvi_1351	Echvi_Contig97.1	1557674	1558501	-	1	hypothetical protein
Echvi_1352	Echvi_1352	Echvi_Contig97.1	1558503	1560362	-	1	Predicted P-loop ATPase
Echvi_1353	Echvi_1353	Echvi_Contig97.1	1560742	1561500	-	1	hypothetical protein
Echvi_1354	Echvi_1354	Echvi_Contig97.1	1561503	1562348	-	1	Bacteroides conjugative transposon TraN protein
Echvi_1355	Echvi_1355	Echvi_Contig97.1	1562360	1563604	-	1	Bacteroides conjugative transposon TraM protein
Echvi_1356	Echvi_1356	Echvi_Contig97.1	1563594	1563854	-	1	hypothetical protein
Echvi_1357	Echvi_1357	Echvi_Contig97.1	1563851	1564468	-	1	Bacteroides conjugative transposon TraK protein
Echvi_1358	Echvi_1358	Echvi_Contig97.1	1564472	1565449	-	1	Bacteroides conjugative transposon TraJ protein
Echvi_1359	Echvi_1359	Echvi_Contig97.1	1565446	1566084	-	1	hypothetical protein
Echvi_1360	Echvi_1360	Echvi_Contig97.1	1566071	1566718	-	1	hypothetical protein
Echvi_1361	Echvi_1361	Echvi_Contig97.1	1566708	1567394	-	1	hypothetical protein
Echvi_1362	Echvi_1362	Echvi_Contig97.1	1567398	1569860	-	1	Bacteroides conjugation system ATPase, TraG family
Echvi_1363	Echvi_1363	Echvi_Contig97.1	1569857	1570177	-	1	hypothetical protein
Echvi_1364	Echvi_1364	Echvi_Contig97.1	1570174	1570626	-	1	hypothetical protein
Echvi_1365	Echvi_1365	Echvi_Contig97.1	1570638	1570943	-	1	hypothetical protein
Echvi_1366	Echvi_1366	Echvi_Contig97.1	1570954	1571367	-	1	hypothetical protein
Echvi_1367	Echvi_1367	Echvi_Contig97.1	1571462	1572307	-	1	RteC protein.
Echvi_1368	Echvi_1368	Echvi_Contig97.1	1572560	1572925	-	1	hypothetical protein
Echvi_1369	Echvi_1369	Echvi_Contig97.1	1572986	1573888	+	1	Response regulator of the LytR/AlgR family
Echvi_1370	Echvi_1370	Echvi_Contig97.1	1573960	1579116	-	1	PGAP1-like protein.
Echvi_1371	Echvi_1371	Echvi_Contig97.1	1579191	1579826	-	1	hypothetical protein
Echvi_1372	Echvi_1372	Echvi_Contig97.1	1579835	1580470	-	1	hypothetical protein
Echvi_1373	Echvi_1373	Echvi_Contig97.1	1580487	1581122	-	1	hypothetical protein
Echvi_1374	Echvi_1374	Echvi_Contig97.1	1581636	1582979	-	1	Transcriptional regulators containing a DNA-binding HTH domain and an aminotransferase domain (MocR family) and their eukaryotic orthologs
Echvi_1375	Echvi_1375	Echvi_Contig97.1	1583441	1583764	+	1	hypothetical protein
Echvi_1376	Echvi_1376	Echvi_Contig97.1	1583837	1585381	-	1	Thiol-disulfide isomerase and thioredoxins
Echvi_1377	Echvi_1377	Echvi_Contig97.1	1585383	1586792	-	1	SusD family.
Echvi_1378	Echvi_1378	Echvi_Contig97.1	1586805	1590485	-	1	TonB-linked outer membrane protein, SusC/RagA family
Echvi_1379	Echvi_1379	Echvi_Contig97.1	1590593	1591825	+	1	FOG: Transposase and inactivated derivatives
Echvi_1380	Echvi_1380	Echvi_Contig97.1	1592231	1593271	-	1	Fe2+-dicitrate sensor, membrane component
Echvi_1381	Echvi_1381	Echvi_Contig97.1	1593365	1593964	-	1	RNA polymerase sigma-70 factor, Bacteroides expansion family 1
Echvi_1382	Echvi_1382	Echvi_Contig97.1	1594136	1595422	-	1	hypothetical protein
Echvi_1383	Echvi_1383	Echvi_Contig97.1	1595634	1597625	-	1	Type IV secretory pathway, VirD4 components
Echvi_1384	Echvi_1384	Echvi_Contig97.1	1597629	1598825	-	1	Relaxase/Mobilisation nuclease domain.
Echvi_1385	Echvi_1385	Echvi_Contig97.1	1598827	1599213	-	1	Bacterial mobilisation protein (MobC).
Echvi_1386	Echvi_1386	Echvi_Contig97.1	1599399	1599626	-	1	hypothetical protein
Echvi_1387	Echvi_1387	Echvi_Contig97.1	1599918	1600787	-	1	Protein of unknown function (DUF2726).
Echvi_1388	Echvi_1388	Echvi_Contig97.1	1600774	1601178	-	1	hypothetical protein
Echvi_1389	Echvi_1389	Echvi_Contig97.1	1601414	1601788	-	1	hypothetical protein
Echvi_1390	Echvi_1390	Echvi_Contig97.1	1601880	1602387	-	1	hypothetical protein
Echvi_1391	Echvi_1391	Echvi_Contig97.1	1602399	1603505	-	1	RND family efflux transporter, MFP subunit
Echvi_1392	Echvi_1392	Echvi_Contig97.1	1603516	1606605	-	1	Cation/multidrug efflux pump
Echvi_1393	Echvi_1393	Echvi_Contig97.1	1606654	1608018	-	1	Outer membrane protein
Echvi_1394	Echvi_1394	Echvi_Contig97.1	1608116	1609465	-	1	chromate transporter, chromate ion transporter (CHR) family
Echvi_1395	Echvi_1395	Echvi_Contig97.1	1609536	1610261	-	1	Superoxide dismutase
Echvi_1396	Echvi_1396	Echvi_Contig97.1	1610351	1611634	-	1	Signal transduction histidine kinase
Echvi_1397	Echvi_1397	Echvi_Contig97.1	1611631	1612314	-	1	Response regulators consisting of a CheY-like receiver domain and a winged-helix DNA-binding domain
Echvi_1398	Echvi_1398	Echvi_Contig97.1	1612903	1613112	-	1	hypothetical protein
Echvi_1399	Echvi_1399	Echvi_Contig97.1	1613136	1614632	-	1	Site-specific recombinases, DNA invertase Pin homologs
Echvi_1400	Echvi_1400	Echvi_Contig97.1	1614774	1615175	+	1	hypothetical protein
Echvi_1401	Echvi_1401	Echvi_Contig97.1	1615255	1616439	+	1	Outer membrane protein
Echvi_1402	Echvi_1402	Echvi_Contig97.1	1616461	1616721	+	1	hypothetical protein
Echvi_1403	Echvi_1403	Echvi_Contig97.1	1616742	1618253	+	1	RND family efflux transporter, MFP subunit
Echvi_1404	Echvi_1404	Echvi_Contig97.1	1618266	1621346	+	1	heavy metal efflux pump (cobalt-zinc-cadmium)
Echvi_1405	Echvi_1405	Echvi_Contig97.1	1621849	1622052	-	1	hypothetical protein
Echvi_1406	Echvi_1406	Echvi_Contig97.1	1622669	1622896	-	1	hypothetical protein
Echvi_1407	Echvi_1407	Echvi_Contig97.1	1622990	1623766	+	1	hypothetical protein
Echvi_1408	Echvi_1408	Echvi_Contig97.1	1624057	1624908	+	1	DNA adenine methylase (dam)
Echvi_1409	Echvi_1409	Echvi_Contig97.1	1624905	1627199	+	1	DGQHR domain
Echvi_1410	Echvi_1410	Echvi_Contig97.1	1627297	1627812	+	1	hypothetical protein
Echvi_1411	Echvi_1411	Echvi_Contig97.1	1627815	1628915	+	1	DGQHR domain
Echvi_1412	Echvi_1412	Echvi_Contig97.1	1628976	1629290	+	1	hypothetical protein
Echvi_1413	Echvi_1413	Echvi_Contig97.1	1629343	1629609	+	1	Transposase.
Echvi_1414	Echvi_1414	Echvi_Contig97.1	1629681	1630505	+	1	Transposase and inactivated derivatives
Echvi_1415	Echvi_1415	Echvi_Contig97.1	1630537	1631181	+	1	hypothetical protein
Echvi_1416	Echvi_1416	Echvi_Contig97.1	1631313	1631783	+	1	hypothetical protein
Echvi_1417	Echvi_1417	Echvi_Contig97.1	1632245	1633645	-	1	Fibrobacter succinogenes major domain (Fib_succ_major).
Echvi_1418	Echvi_1418	Echvi_Contig97.1	1633660	1633818	+	1	hypothetical protein
Echvi_1419	Echvi_1419	Echvi_Contig97.1	1633815	1634192	-	1	Predicted enzyme related to lactoylglutathione lyase
Echvi_1420	Echvi_1420	Echvi_Contig97.1	1634212	1634565	-	1	hypothetical protein
Echvi_1421	Echvi_1421	Echvi_Contig97.1	1634587	1635147	-	1	Dihydrofolate reductase
Echvi_1422	Echvi_1422	Echvi_Contig97.1	1635140	1635664	-	1	hypothetical protein
Echvi_1423	Echvi_1423	Echvi_Contig97.1	1635672	1636088	-	1	Uncharacterized protein conserved in bacteria
Echvi_1424	Echvi_1424	Echvi_Contig97.1	1636093	1636503	-	1	Predicted lactoylglutathione lyase
Echvi_1425	Echvi_1425	Echvi_Contig97.1	1636620	1637615	+	1	Transcriptional regulator containing an amidase domain and an AraC-type DNA-binding HTH domain
Echvi_1426	Echvi_1426	Echvi_Contig97.1	1637665	1638435	-	1	S1/P1 Nuclease.
Echvi_1427	Echvi_1427	Echvi_Contig97.1	1638453	1639646	-	1	amidohydrolase
Echvi_1428	Echvi_1428	Echvi_Contig97.1	1639652	1640200	-	1	hypothetical protein
Echvi_1429	Echvi_1429	Echvi_Contig97.1	1640208	1643591	-	1	Preprotein translocase subunit SecA (ATPase, RNA helicase)
Echvi_1430	Echvi_1430	Echvi_Contig97.1	1643705	1644478	-	1	diaminopimelate epimerase
Echvi_1431	Echvi_1431	Echvi_Contig97.1	1644702	1645472	+	1	Superoxide dismutase
Echvi_1432	Echvi_1432	Echvi_Contig97.1	1645666	1646439	+	1	hypothetical protein
Echvi_1433	Echvi_1433	Echvi_Contig97.1	1646635	1647102	+	1	Phosphoribosyl-ATP pyrophosphohydrolase.
Echvi_1434	Echvi_1434	Echvi_Contig97.1	1647142	1648275	+	1	L-aminopeptidase/D-esterase
Echvi_1435	Echvi_1435	Echvi_Contig97.1	1648431	1649039	+	1	hypothetical protein
Echvi_1436	Echvi_1436	Echvi_Contig97.1	1649096	1649326	+	1	hypothetical protein
Echvi_1437	Echvi_1437	Echvi_Contig97.1	1649380	1650729	+	1	Inner membrane protein involved in colicin E2 resistance
Echvi_1438	Echvi_1438	Echvi_Contig97.1	1651053	1651604	+	1	hypothetical protein
Echvi_1439	Echvi_1439	Echvi_Contig97.1	1651623	1653323	+	1	Choline dehydrogenase and related flavoproteins
Echvi_1440	Echvi_1440	Echvi_Contig97.1	1653355	1654353	+	1	hypothetical protein
Echvi_1441	Echvi_1441	Echvi_Contig97.1	1654598	1655209	+	1	Transcriptional regulator
Echvi_1442	Echvi_1442	Echvi_Contig97.1	1655459	1656040	+	1	hypothetical protein
Echvi_1443	Echvi_1443	Echvi_Contig97.1	1656105	1656944	-	1	protein-(glutamine-N5) methyltransferase, release factor-specific
Echvi_1444	Echvi_1444	Echvi_Contig97.1	1657458	1657985	-	1	Acetyltransferases, including N-acetylases of ribosomal proteins
Echvi_1445	Echvi_1445	Echvi_Contig97.1	1658087	1659163	-	1	peptide chain release factor 1
Echvi_1446	Echvi_1446	Echvi_Contig97.1	1659477	1660130	+	1	Protein of unknown function (DUF3365).
Echvi_1447	Echvi_1447	Echvi_Contig97.1	1660150	1660779	-	1	hypothetical protein
Echvi_1448	Echvi_1448	Echvi_Contig97.1	1661042	1661554	+	1	3-hydroxyanthranilate 3,4-dioxygenase
Echvi_1449	Echvi_1449	Echvi_Contig97.1	1661593	1662873	+	1	kynureninase
Echvi_1450	Echvi_1450	Echvi_Contig97.1	1662916	1664271	+	1	2-polyprenyl-6-methoxyphenol hydroxylase and related FAD-dependent oxidoreductases
Echvi_1451	Echvi_1451	Echvi_Contig97.1	1664492	1664911	-	1	Predicted membrane protein
Echvi_1452	Echvi_1452	Echvi_Contig97.1	1664992	1665894	-	1	dTDP-glucose pyrophosphorylase
Echvi_1453	Echvi_1453	Echvi_Contig97.1	1666198	1666536	+	1	Nitrogen regulatory protein PII
Echvi_1454	Echvi_1454	Echvi_Contig97.1	1666600	1667832	+	1	ammonium transporter
Echvi_1455	Echvi_1455	Echvi_Contig97.1	1669060	1669896	-	1	hypothetical protein
Echvi_1456	Echvi_1456	Echvi_Contig97.1	1670049	1671266	-	1	chromate transporter, chromate ion transporter (CHR) family
Echvi_1457	Echvi_1457	Echvi_Contig97.1	1671273	1672253	-	1	Isopenicillin N synthase and related dioxygenases
Echvi_1458	Echvi_1458	Echvi_Contig97.1	1672335	1673096	+	1	hypothetical protein
Echvi_1459	Echvi_1459	Echvi_Contig97.1	1673112	1673798	-	1	DNA repair protein RecO
Echvi_1460	Echvi_1460	Echvi_Contig97.1	1673816	1674400	-	1	Thymidine kinase
Echvi_1461	Echvi_1461	Echvi_Contig97.1	1674510	1674836	-	1	Ferredoxin
Echvi_1462	Echvi_1462	Echvi_Contig97.1	1674871	1675932	+	1	hypothetical protein
Echvi_1463	Echvi_1463	Echvi_Contig97.1	1676043	1677455	+	1	Arylsulfatase A and related enzymes
Echvi_1464	Echvi_1464	Echvi_Contig97.1	1677459	1678763	-	1	rod shape-determining protein RodA
Echvi_1465	Echvi_1465	Echvi_Contig97.1	1678735	1680537	-	1	penicillin-binding protein 2
Echvi_1466	Echvi_1466	Echvi_Contig97.1	1680538	1681059	-	1	hypothetical protein
Echvi_1467	Echvi_1467	Echvi_Contig97.1	1681052	1681885	-	1	rod shape-determining protein MreC
Echvi_1468	Echvi_1468	Echvi_Contig97.1	1681893	1682921	-	1	cell shape determining protein, MreB/Mrl family
Echvi_1469	Echvi_1469	Echvi_Contig97.1	1683404	1684930	-	1	AICAR transformylase/IMP cyclohydrolase PurH (only IMP cyclohydrolase domain in Aful)
Echvi_1470	Echvi_1470	Echvi_Contig97.1	1685002	1685559	-	1	phosphoribosylglycinamide formyltransferase, formyltetrahydrofolate-dependent
Echvi_1471	Echvi_1471	Echvi_Contig97.1	1685837	1686712	-	1	4-hydroxybenzoate polyprenyltransferase and related prenyltransferases
Echvi_1472	Echvi_1472	Echvi_Contig97.1	1686915	1687928	-	1	UDP-glucose-4-epimerase
Echvi_1473	Echvi_1473	Echvi_Contig97.1	1688153	1689295	+	1	Acyl-CoA dehydrogenases
Echvi_1474	Echvi_1474	Echvi_Contig97.1	1689478	1690542	+	1	Membrane-associated lipoprotein involved in thiamine biosynthesis
Echvi_1475	Echvi_1475	Echvi_Contig97.1	1690545	1691276	+	1	ZIP Zinc transporter.
Echvi_1476	Echvi_1476	Echvi_Contig97.1	1691697	1692206	+	1	RNA polymerase sigma factor, sigma-70 family
Echvi_1477	Echvi_1477	Echvi_Contig97.1	1692207	1693703	+	1	phytoene desaturase
Echvi_1478	Echvi_1478	Echvi_Contig97.1	1693707	1694549	+	1	Phytoene/squalene synthetase
Echvi_1479	Echvi_1479	Echvi_Contig97.1	1694558	1695268	+	1	lycopene cyclase domain
Echvi_1480	Echvi_1480	Echvi_Contig97.1	1695272	1696117	+	1	(E)-4-hydroxy-3-methyl-but-2-enyl pyrophosphate reductase (IPP and DMAPP forming)
Echvi_1481	Echvi_1481	Echvi_Contig97.1	1696151	1696843	+	1	Fatty acid desaturase
Echvi_1482	Echvi_1482	Echvi_Contig97.1	1696929	1698098	+	1	Outer membrane protein/protective antigen OMA87
Echvi_1483	Echvi_1483	Echvi_Contig97.1	1698119	1699360	-	1	hypothetical protein
Echvi_1484	Echvi_1484	Echvi_Contig97.1	1699365	1700369	-	1	hypothetical protein
Echvi_1485	Echvi_1485	Echvi_Contig97.1	1700372	1701064	-	1	hypothetical protein
Echvi_1486	Echvi_1486	Echvi_Contig97.1	1701106	1704549	-	1	CotH protein.
Echvi_1487	Echvi_1487	Echvi_Contig97.1	1704885	1706570	-	1	hypothetical protein
Echvi_1488	Echvi_1488	Echvi_Contig97.1	1706595	1707260	-	1	hypothetical protein
Echvi_1489	Echvi_1489	Echvi_Contig97.1	1707510	1708616	+	1	UDP-N-acetylglucosamine 2-epimerase
Echvi_1490	Echvi_1490	Echvi_Contig97.1	1708721	1711183	-	1	alanine racemase
Echvi_1491	Echvi_1491	Echvi_Contig97.1	1711224	1711559	-	1	export-related chaperone CsaA
Echvi_1492	Echvi_1492	Echvi_Contig97.1	1711637	1711990	+	1	hypothetical protein
Echvi_1493	Echvi_1493	Echvi_Contig97.1	1712460	1712615	-	1	hypothetical protein
Echvi_1494	Echvi_1494	Echvi_Contig97.1	1713199	1715529	-	1	hypothetical protein
Echvi_1495	Echvi_1495	Echvi_Contig97.1	1715601	1716182	-	1	hypothetical protein
Echvi_1496	Echvi_1496	Echvi_Contig97.1	1716364	1716852	+	1	hypothetical protein
Echvi_1497	Echvi_1497	Echvi_Contig97.1	1716860	1718269	-	1	NAD-dependent aldehyde dehydrogenases
Echvi_1498	Echvi_1498	Echvi_Contig97.1	1718630	1721128	+	1	conserved repeat domain
Echvi_1499	Echvi_1499	Echvi_Contig97.1	1721142	1722119	+	1	Bacteroidetes-specific putative membrane protein
Echvi_1500	Echvi_1500	Echvi_Contig97.1	1722110	1724806	+	1	Outer membrane protein and related peptidoglycan-associated (lipo)proteins
Echvi_1501	Echvi_1501	Echvi_Contig97.1	1725005	1725622	+	1	Predicted transcriptional regulators
Echvi_1502	Echvi_1502	Echvi_Contig97.1	1725697	1726197	+	1	Tryptophan-rich sensory protein (mitochondrial benzodiazepine receptor homolog)
Echvi_1503	Echvi_1503	Echvi_Contig97.1	1726273	1726755	+	1	Uncharacterized conserved protein
Echvi_1504	Echvi_1504	Echvi_Contig97.1	1726757	1728241	+	1	Uncharacterized protein related to deoxyribodipyrimidine photolyase
Echvi_1505	Echvi_1505	Echvi_Contig97.1	1728258	1728947	-	1	Uncharacterized conserved protein
Echvi_1506	Echvi_1506	Echvi_Contig97.1	1728949	1729434	-	1	2-C-methyl-D-erythritol 2,4-cyclodiphosphate synthase
Echvi_1507	Echvi_1507	Echvi_Contig97.1	1729501	1730742	-	1	Predicted Zn-dependent peptidases
Echvi_1508	Echvi_1508	Echvi_Contig97.1	1730920	1731117	-	1	Copper chaperone
Echvi_1509	Echvi_1509	Echvi_Contig97.1	1731220	1733415	-	1	copper-(or silver)-translocating P-type ATPase
Echvi_1510	Echvi_1510	Echvi_Contig97.1	1733627	1735192	+	1	bacillithiol biosynthesis cysteine-adding enzyme BshC
Echvi_1511	Echvi_1511	Echvi_Contig97.1	1735137	1735757	+	1	5,10-methenyltetrahydrofolate synthetase
Echvi_1512	Echvi_1512	Echvi_Contig97.1	1735784	1736269	+	1	hypothetical protein
Echvi_1513	Echvi_1513	Echvi_Contig97.1	1736541	1737665	+	1	Sugar phosphate isomerases/epimerases
Echvi_1514	Echvi_1514	Echvi_Contig97.1	1737904	1738152	+	1	hypothetical protein
Echvi_1515	Echvi_1515	Echvi_Contig97.1	1738237	1739307	+	1	hypothetical protein
Echvi_1516	Echvi_1516	Echvi_Contig97.1	1740078	1740266	-	1	hypothetical protein
Echvi_1517	Echvi_1517	Echvi_Contig97.1	1740381	1741829	+	1	hypothetical protein
Echvi_1518	Echvi_1518	Echvi_Contig97.1	1741829	1742911	+	1	chorismate synthase
Echvi_1519	Echvi_1519	Echvi_Contig97.1	1742930	1744264	+	1	Na+/H+-dicarboxylate symporters
Echvi_1520	Echvi_1520	Echvi_Contig97.1	1744420	1745004	+	1	Thioredoxin-like proteins and domains
Echvi_1521	Echvi_1521	Echvi_Contig97.1	1745093	1746166	+	1	hypothetical protein
Echvi_1522	Echvi_1522	Echvi_Contig97.1	1746270	1747172	+	1	Membrane proteins related to metalloendopeptidases
Echvi_1523	Echvi_1523	Echvi_Contig97.1	1747144	1748082	-	1	Predicted permeases
Echvi_1524	Echvi_1524	Echvi_Contig97.1	1748313	1750154	-	1	glucosamine--fructose-6-phosphate aminotransferase (isomerizing)
Echvi_1525	Echvi_1525	Echvi_Contig97.1	1750206	1751612	-	1	hypothetical protein
Echvi_1526	Echvi_1526	Echvi_Contig97.1	1751572	1752387	-	1	Glycogen synthase
Echvi_1527	Echvi_1527	Echvi_Contig97.1	1752514	1753371	+	1	pantoate--beta-alanine ligase
Echvi_1528	Echvi_1528	Echvi_Contig97.1	1753402	1753749	+	1	L-aspartate-alpha-decarboxylase
Echvi_1529	Echvi_1529	Echvi_Contig97.1	1753751	1754767	+	1	conserved hypothetical protein
Echvi_1530	Echvi_1530	Echvi_Contig97.1	1754788	1755480	+	1	Predicted Zn-dependent protease
Echvi_1531	Echvi_1531	Echvi_Contig97.1	1755914	1756915	-	1	putative TIM-barrel protein, nifR3 family
Echvi_1532	Echvi_1532	Echvi_Contig97.1	1756953	1757912	+	1	CAAX amino terminal protease family.
Echvi_1533	Echvi_1533	Echvi_Contig97.1	1757887	1758093	+	1	hypothetical protein
Echvi_1534	Echvi_1534	Echvi_Contig97.1	1758077	1758916	+	1	CDP-diglyceride synthetase
Echvi_1535	Echvi_1535	Echvi_Contig97.1	1758991	1760268	+	1	Glutamate dehydrogenase/leucine dehydrogenase
Echvi_1536	Echvi_1536	Echvi_Contig97.1	1760532	1761194	+	1	phosphatidylserine decarboxylase precursor-related protein
Echvi_1537	Echvi_1537	Echvi_Contig97.1	1761293	1761730	-	1	hypothetical protein
Echvi_1538	Echvi_1538	Echvi_Contig97.1	1761797	1763128	-	1	hypothetical protein
Echvi_1539	Echvi_1539	Echvi_Contig97.1	1763281	1763658	+	1	ribosome-binding factor A
Echvi_1540	Echvi_1540	Echvi_Contig97.1	1763736	1764959	+	1	ABC-type transport system, involved in lipoprotein release, permease component
Echvi_1541	Echvi_1541	Echvi_Contig97.1	1765138	1766712	-	1	hypothetical protein
Echvi_1542	Echvi_1542	Echvi_Contig97.1	1767292	1770231	+	1	Superfamily II DNA/RNA helicases, SNF2 family
Echvi_1543	Echvi_1543	Echvi_Contig97.1	1770679	1771533	+	1	formyltetrahydrofolate deformylase
Echvi_1544	Echvi_1544	Echvi_Contig97.1	1771821	1772225	-	1	META domain.
Echvi_1545	Echvi_1545	Echvi_Contig97.1	1772725	1773879	-	1	alanine racemase
Echvi_1546	Echvi_1546	Echvi_Contig97.1	1773910	1775043	-	1	amidohydrolase
Echvi_1547	Echvi_1547	Echvi_Contig97.1	1775334	1775510	+	1	hypothetical protein
Echvi_1548	Echvi_1548	Echvi_Contig97.1	1776211	1776675	+	1	hypothetical protein
Echvi_1549	Echvi_1549	Echvi_Contig97.1	1776777	1778117	+	1	Outer membrane protein
Echvi_1550	Echvi_1550	Echvi_Contig97.1	1778169	1779215	+	1	RND family efflux transporter, MFP subunit
Echvi_1551	Echvi_1551	Echvi_Contig97.1	1779234	1782389	+	1	Cation/multidrug efflux pump
Echvi_1552	Echvi_1552	Echvi_Contig97.1	1782665	1782910	+	1	hypothetical protein
Echvi_1553	Echvi_1553	Echvi_Contig97.1	1782966	1783748	+	1	Lipopolysaccharide kinase (Kdo/WaaP) family.
Echvi_1554	Echvi_1554	Echvi_Contig97.1	1783918	1784349	+	1	Domain of unknown function (DU1801).
Echvi_1555	Echvi_1555	Echvi_Contig97.1	1784582	1785073	+	1	hypothetical protein
Echvi_1556	Echvi_1556	Echvi_Contig97.1	1785180	1785842	+	1	pseudouridine synthase
Echvi_1557	Echvi_1557	Echvi_Contig97.1	1786036	1787007	+	1	MoxR-like ATPases
Echvi_1558	Echvi_1558	Echvi_Contig97.1	1787114	1788388	+	1	hypothetical protein
Echvi_1559	Echvi_1559	Echvi_Contig97.1	1788484	1791378	+	1	Outer membrane receptor proteins, mostly Fe transport
Echvi_1560	Echvi_1560	Echvi_Contig97.1	1791736	1795005	+	1	Uncharacterized protein related to the periplasmic component of the Tol biopolymer transport system
Echvi_1561	Echvi_1561	Echvi_Contig97.1	1795132	1796196	+	1	Hemolysins and related proteins containing CBS domains
Echvi_1562	Echvi_1562	Echvi_Contig97.1	1796234	1797352	+	1	Predicted permease
Echvi_1563	Echvi_1563	Echvi_Contig97.1	1797388	1797555	+	1	Uncharacterized homolog of Blt101
Echvi_1564	Echvi_1564	Echvi_Contig97.1	1797590	1798393	+	1	Kef-type K+ transport systems, predicted NAD-binding component
Echvi_1565	Echvi_1565	Echvi_Contig97.1	1798470	1800251	+	1	Trk-type K+ transport systems, membrane components
Echvi_1566	Echvi_1566	Echvi_Contig97.1	1800309	1801001	+	1	K+ transport systems, NAD-binding component
Echvi_1567	Echvi_1567	Echvi_Contig97.1	1801041	1801628	-	1	Uncharacterized conserved protein
Echvi_1568	Echvi_1568	Echvi_Contig97.1	1801625	1802998	-	1	Uncharacterized conserved protein containing a ferredoxin-like domain
Echvi_1569	Echvi_1569	Echvi_Contig97.1	1803032	1803769	-	1	Fe-S oxidoreductase
Echvi_1570	Echvi_1570	Echvi_Contig97.1	1803782	1803913	-	1	hypothetical protein
Echvi_1571	Echvi_1571	Echvi_Contig97.1	1804018	1806471	+	1	Alpha-glucosidases, family 31 of glycosyl hydrolases
Echvi_1572	Echvi_1572	Echvi_Contig97.1	1806598	1808706	+	1	rhamnulose-1-phosphate aldolase/alcohol dehydrogenase
Echvi_1573	Echvi_1573	Echvi_Contig97.1	1808709	1809992	+	1	Predicted sugar isomerase
Echvi_1574	Echvi_1574	Echvi_Contig97.1	1810235	1811581	+	1	Sugar (pentulose and hexulose) kinases
Echvi_1575	Echvi_1575	Echvi_Contig97.1	1811763	1812317	+	1	Transposase and inactivated derivatives
Echvi_1576	Echvi_1576	Echvi_Contig97.1	1812451	1813824	-	1	Predicted dehydrogenases and related proteins
Echvi_1577	Echvi_1577	Echvi_Contig97.1	1814082	1814540	+	1	hypothetical protein
Echvi_1578	Echvi_1578	Echvi_Contig97.1	1814888	1815082	+	1	hypothetical protein
Echvi_1579	Echvi_1579	Echvi_Contig97.1	1815145	1815855	-	1	hypothetical protein
Echvi_1580	Echvi_1580	Echvi_Contig97.1	1815867	1817609	-	1	Choline dehydrogenase and related flavoproteins
Echvi_1581	Echvi_1581	Echvi_Contig97.1	1818038	1818730	-	1	Lysophospholipase L1 and related esterases
Echvi_1582	Echvi_1582	Echvi_Contig97.1	1818920	1819597	+	1	ABC-type antimicrobial peptide transport system, ATPase component
Echvi_1583	Echvi_1583	Echvi_Contig97.1	1819590	1822112	+	1	Predicted ABC-type transport system involved in lysophospholipase L1 biosynthesis, permease component
Echvi_1584	Echvi_1584	Echvi_Contig97.1	1822359	1822808	+	1	Transcriptional regulators
Echvi_1585	Echvi_1585	Echvi_Contig97.1	1822883	1823410	+	1	Uncharacterized conserved protein
Echvi_1586	Echvi_1586	Echvi_Contig97.1	1824500	1824694	-	1	hypothetical protein
Echvi_1587	Echvi_1587	Echvi_Contig97.1	1824832	1826046	+	1	Alanine dehydrogenase
Echvi_1588	Echvi_1588	Echvi_Contig97.1	1826043	1826708	+	1	deoxyribose-phosphate aldolase
Echvi_1589	Echvi_1589	Echvi_Contig97.1	1826717	1827991	-	1	Predicted hydrolases or acyltransferases (alpha/beta hydrolase superfamily)
Echvi_1590	Echvi_1590	Echvi_Contig97.1	1828063	1829262	-	1	Na+/phosphate symporter
Echvi_1591	Echvi_1591	Echvi_Contig97.1	1829605	1830735	+	1	hypothetical protein
Echvi_1592	Echvi_1592	Echvi_Contig97.1	1830869	1831312	+	1	Cytosine/adenosine deaminases
Echvi_1593	Echvi_1593	Echvi_Contig97.1	1831422	1832027	+	1	Superoxide dismutase
Echvi_1594	Echvi_1594	Echvi_Contig97.1	1832891	1835323	+	1	Outer membrane receptor proteins, mostly Fe transport
Echvi_1595	Echvi_1595	Echvi_Contig97.1	1835453	1836100	-	1	hypothetical protein
Echvi_1596	Echvi_1596	Echvi_Contig97.1	1836518	1836982	-	1	Acyl dehydratase
Echvi_1597	Echvi_1597	Echvi_Contig97.1	1837317	1839161	+	1	Transglutaminase-like enzymes, putative cysteine proteases
Echvi_1598	Echvi_1598	Echvi_Contig97.1	1839158	1841122	+	1	Transglutaminase-like superfamily.
Echvi_1599	Echvi_1599	Echvi_Contig97.1	1841159	1842475	-	1	Superfamily II DNA and RNA helicases
Echvi_1600	Echvi_1600	Echvi_Contig97.1	1842527	1842751	+	1	Uncharacterized conserved protein (DUF2132).
Echvi_1601	Echvi_1601	Echvi_Contig97.1	1843010	1843531	-	1	hypothetical protein
Echvi_1602	Echvi_1602	Echvi_Contig97.1	1843590	1844831	-	1	hypothetical protein
Echvi_1603	Echvi_1603	Echvi_Contig97.1	1844931	1845095	+	1	hypothetical protein
Echvi_1604	Echvi_1604	Echvi_Contig97.1	1845115	1845429	-	1	hypothetical protein
Echvi_1605	Echvi_1605	Echvi_Contig97.1	1845556	1847082	-	1	Mg-chelatase subunit ChlI
Echvi_1606	Echvi_1606	Echvi_Contig97.1	1847085	1848185	-	1	hypothetical protein
Echvi_1607	Echvi_1607	Echvi_Contig97.1	1848400	1848669	+	1	Acylphosphatases
Echvi_1608	Echvi_1608	Echvi_Contig97.1	1848689	1849192	-	1	hypothetical protein
Echvi_1609	Echvi_1609	Echvi_Contig97.1	1849472	1851697	+	1	Signal transduction histidine kinase
Echvi_1610	Echvi_1610	Echvi_Contig97.1	1851939	1854503	-	1	Zinc carboxypeptidase.
Echvi_1611	Echvi_1611	Echvi_Contig97.1	1854642	1854818	+	1	hypothetical protein
Echvi_1612	Echvi_1612	Echvi_Contig97.1	1854815	1855711	-	1	TIGR01777 family protein
Echvi_1613	Echvi_1613	Echvi_Contig97.1	1855948	1857249	+	1	Chloride channel protein EriC
Echvi_1614	Echvi_1614	Echvi_Contig97.1	1857734	1858789	-	1	Transcriptional regulators
Echvi_1615	Echvi_1615	Echvi_Contig97.1	1859165	1860082	-	1	Esterase/lipase
Echvi_1616	Echvi_1616	Echvi_Contig97.1	1860129	1860314	-	1	hypothetical protein
Echvi_1617	Echvi_1617	Echvi_Contig97.1	1860327	1861769	-	1	hypothetical protein
Echvi_1618	Echvi_1618	Echvi_Contig97.1	1861863	1862912	-	1	Transcriptional regulators
Echvi_1619	Echvi_1619	Echvi_Contig97.1	1863438	1866227	-	1	Glycosyl hydrolases family 2, sugar binding domain.
Echvi_1620	Echvi_1620	Echvi_Contig97.1	1866320	1866634	-	1	L-rhamnose 1-epimerase
Echvi_1621	Echvi_1621	Echvi_Contig97.1	1867071	1870241	+	1	TonB-linked outer membrane protein, SusC/RagA family
Echvi_1622	Echvi_1622	Echvi_Contig97.1	1870260	1871774	+	1	SusD family.
Echvi_1623	Echvi_1623	Echvi_Contig97.1	1871908	1872981	+	1	Glycosyl hydrolases family 43.
Echvi_1624	Echvi_1624	Echvi_Contig97.1	1872988	1876629	+	1	Glycogen debranching enzyme
Echvi_1625	Echvi_1625	Echvi_Contig97.1	1877110	1878534	-	1	Transcriptional regulators containing a DNA-binding HTH domain and an aminotransferase domain (MocR family) and their eukaryotic orthologs
Echvi_1626	Echvi_1626	Echvi_Contig97.1	1878768	1879835	+	1	branched-chain amino acid aminotransferase, group II
Echvi_1627	Echvi_1627	Echvi_Contig97.1	1880007	1880546	+	1	DNA-directed RNA polymerase specialized sigma subunit, sigma24 homolog
Echvi_1628	Echvi_1628	Echvi_Contig97.1	1880527	1880796	+	1	hypothetical protein
Echvi_1629	Echvi_1629	Echvi_Contig97.1	1880800	1881459	+	1	Protease subunit of ATP-dependent Clp proteases
Echvi_1630	Echvi_1630	Echvi_Contig97.1	1881580	1883082	-	1	Lysophospholipase L1 and related esterases
Echvi_1631	Echvi_1631	Echvi_Contig97.1	1883432	1884790	+	1	Predicted unsaturated glucuronyl hydrolase involved in regulation of bacterial surface properties, and related proteins
Echvi_1632	Echvi_1632	Echvi_Contig97.1	1885038	1886009	+	1	Endoglucanase
Echvi_1633	Echvi_1633	Echvi_Contig97.1	1887363	1888421	+	1	Transposase and inactivated derivatives
Echvi_1634	Echvi_1634	Echvi_Contig97.1	1888635	1888754	+	1	hypothetical protein
Echvi_1635	Echvi_1635	Echvi_Contig97.1	1888956	1892222	+	1	TonB-linked outer membrane protein, SusC/RagA family
Echvi_1636	Echvi_1636	Echvi_Contig97.1	1892243	1894111	+	1	SusD family.
Echvi_1637	Echvi_1637	Echvi_Contig97.1	1894171	1894569	-	1	hypothetical protein
Echvi_1638	Echvi_1638	Echvi_Contig97.1	1894597	1894743	-	1	hypothetical protein
Echvi_1639	Echvi_1639	Echvi_Contig97.1	1894853	1896220	+	1	Endopolygalacturonase
Echvi_1640	Echvi_1640	Echvi_Contig97.1	1896227	1897117	-	1	Dienelactone hydrolase and related enzymes
Echvi_1641	Echvi_1641	Echvi_Contig97.1	1897471	1898343	-	1	Predicted xylanase/chitin deacetylase
Echvi_1642	Echvi_1642	Echvi_Contig97.1	1898388	1899689	-	1	Acetyl esterase (deacetylase)
Echvi_1643	Echvi_1643	Echvi_Contig97.1	1899809	1900933	-	1	Predicted unsaturated glucuronyl hydrolase involved in regulation of bacterial surface properties, and related proteins
Echvi_1644	Echvi_1644	Echvi_Contig97.1	1901168	1902712	+	1	Endopolygalacturonase
Echvi_1645	Echvi_1645	Echvi_Contig97.1	1902967	1906626	-	1	Signal transduction histidine kinase
Echvi_1646	Echvi_1646	Echvi_Contig97.1	1906706	1907122	-	1	hypothetical protein
Echvi_1647	Echvi_1647	Echvi_Contig97.1	1907171	1908658	+	1	FOG: PKD repeat
Echvi_1648	Echvi_1648	Echvi_Contig97.1	1908791	1908949	-	1	hypothetical protein
Echvi_1649	Echvi_1649	Echvi_Contig97.1	1909499	1911727	+	1	Secreted and surface protein containing fasciclin-like repeats
Echvi_1650	Echvi_1650	Echvi_Contig97.1	1911751	1915035	+	1	TonB-linked outer membrane protein, SusC/RagA family
Echvi_1651	Echvi_1651	Echvi_Contig97.1	1915060	1916547	+	1	SusD family.
Echvi_1652	Echvi_1652	Echvi_Contig97.1	1916566	1918269	+	1	Secreted and surface protein containing fasciclin-like repeats
Echvi_1653	Echvi_1653	Echvi_Contig97.1	1918308	1919672	+	1	Secreted and surface protein containing fasciclin-like repeats
Echvi_1654	Echvi_1654	Echvi_Contig97.1	1919690	1922878	+	1	TonB-linked outer membrane protein, SusC/RagA family
Echvi_1655	Echvi_1655	Echvi_Contig97.1	1922917	1924698	+	1	SusD family.
Echvi_1656	Echvi_1656	Echvi_Contig97.1	1924974	1925150	+	1	hypothetical protein
Echvi_1657	Echvi_1657	Echvi_Contig97.1	1925154	1927037	+	1	hypothetical protein
Echvi_1658	Echvi_1658	Echvi_Contig97.1	1927354	1928652	+	1	hypothetical protein
Echvi_1659	Echvi_1659	Echvi_Contig97.1	1928714	1929430	+	1	Farnesoic acid 0-methyl transferase.
Echvi_1660	Echvi_1660	Echvi_Contig97.1	1929427	1929516	+	1	hypothetical protein
Echvi_1661	Echvi_1661	Echvi_Contig97.1	1929668	1932388	+	1	hypothetical protein
Echvi_1662	Echvi_1662	Echvi_Contig97.1	1932428	1932619	+	1	hypothetical protein
Echvi_1663	Echvi_1663	Echvi_Contig97.1	1932612	1933925	+	1	hypothetical protein
Echvi_1664	Echvi_1664	Echvi_Contig97.1	1934255	1936231	+	1	Alpha-L-arabinofuranosidase
Echvi_1665	Echvi_1665	Echvi_Contig97.1	1936556	1937695	+	1	hypothetical protein
Echvi_1666	Echvi_1666	Echvi_Contig97.1	1937803	1938723	+	1	Sugar phosphate isomerases/epimerases
Echvi_1667	Echvi_1667	Echvi_Contig97.1	1938915	1941662	+	1	hypothetical protein
Echvi_1668	Echvi_1668	Echvi_Contig97.1	1941824	1945357	+	1	Beta-galactosidase/beta-glucuronidase
Echvi_1669	Echvi_1669	Echvi_Contig97.1	1945400	1947886	+	1	Beta-galactosidase/beta-glucuronidase
Echvi_1670	Echvi_1670	Echvi_Contig97.1	1948377	1949018	-	1	hypothetical protein
Echvi_1671	Echvi_1671	Echvi_Contig97.1	1949005	1949952	-	1	AraC-type DNA-binding domain-containing proteins
Echvi_1672	Echvi_1672	Echvi_Contig97.1	1950145	1953195	+	1	TonB-linked outer membrane protein, SusC/RagA family
Echvi_1673	Echvi_1673	Echvi_Contig97.1	1953213	1954856	+	1	SusD family.
Echvi_1674	Echvi_1674	Echvi_Contig97.1	1955378	1958392	+	1	TonB-linked outer membrane protein, SusC/RagA family
Echvi_1675	Echvi_1675	Echvi_Contig97.1	1958473	1959969	+	1	SusD family.
Echvi_1676	Echvi_1676	Echvi_Contig97.1	1960242	1962122	+	1	hypothetical protein
Echvi_1677	Echvi_1677	Echvi_Contig97.1	1962282	1964552	+	1	Alpha-glucosidases, family 31 of glycosyl hydrolases
Echvi_1678	Echvi_1678	Echvi_Contig97.1	1964625	1965722	+	1	Predicted dehydrogenases and related proteins
Echvi_1679	Echvi_1679	Echvi_Contig97.1	1965817	1966569	+	1	Protein involved in biosynthesis of mitomycin antibiotics/polyketide fumonisin
Echvi_1680	Echvi_1680	Echvi_Contig97.1	1966732	1968318	+	1	transporter, SSS family
Echvi_1681	Echvi_1681	Echvi_Contig97.1	1968601	1970796	+	1	Glycogen debranching enzyme
Echvi_1682	Echvi_1682	Echvi_Contig97.1	1971124	1973976	+	1	Beta-galactosidase/beta-glucuronidase
Echvi_1683	Echvi_1683	Echvi_Contig97.1	1974100	1974972	+	1	hypothetical protein
Echvi_1684	Echvi_1684	Echvi_Contig97.1	1975468	1975908	+	1	Acyl dehydratase
Echvi_1685	Echvi_1685	Echvi_Contig97.1	1975918	1977081	+	1	ABC-type sugar transport system, periplasmic component
Echvi_1686	Echvi_1686	Echvi_Contig97.1	1977071	1978234	+	1	Predicted acyl-CoA transferases/carnitine dehydratase
Echvi_1687	Echvi_1687	Echvi_Contig97.1	1978274	1979416	+	1	Predicted acyl-CoA transferases/carnitine dehydratase
Echvi_1688	Echvi_1688	Echvi_Contig97.1	1979465	1980319	+	1	Predicted metal-dependent hydrolase of the TIM-barrel fold
Echvi_1689	Echvi_1689	Echvi_Contig97.1	1980316	1980408	+	1	hypothetical protein
Echvi_1690	Echvi_1690	Echvi_Contig97.1	1980415	1981449	+	1	L-rhamnose-proton symport protein (RhaT).
Echvi_1691	Echvi_1691	Echvi_Contig97.1	1981687	1982724	+	1	Predicted dehydrogenases and related proteins
Echvi_1692	Echvi_1692	Echvi_Contig97.1	1982936	1984180	+	1	Ribulose 1,5-bisphosphate carboxylase, large subunit
Echvi_1693	Echvi_1693	Echvi_Contig97.1	1984183	1985574	+	1	Uncharacterized protein conserved in bacteria
Echvi_1694	Echvi_1694	Echvi_Contig97.1	1985684	1986340	+	1	Hydantoin racemase
Echvi_1695	Echvi_1695	Echvi_Contig97.1	1986419	1987699	+	1	Predicted Na+-dependent transporter
Echvi_1696	Echvi_1696	Echvi_Contig97.1	1987937	1989007	+	1	ABC-type amino acid transport/signal transduction systems, periplasmic component/domain
Echvi_1697	Echvi_1697	Echvi_Contig97.1	1989215	1990363	+	1	hypothetical protein
Echvi_1698	Echvi_1698	Echvi_Contig97.1	1990776	1994018	+	1	Beta-galactosidase/beta-glucuronidase
Echvi_1699	Echvi_1699	Echvi_Contig97.1	1994350	1997799	+	1	Glycosyl hydrolases family 2, sugar binding domain./F5/8 type C domain.
Echvi_1700	Echvi_1700	Echvi_Contig97.1	1997977	1999398	+	1	Domain of unknown function (DUF303).
Echvi_1701	Echvi_1701	Echvi_Contig97.1	1999923	2001065	+	1	Uncharacterized conserved protein
Echvi_1702	Echvi_1702	Echvi_Contig97.1	2001272	2003731	+	1	hypothetical protein
Echvi_1703	Echvi_1703	Echvi_Contig97.1	2003932	2005971	+	1	Uncharacterized protein conserved in bacteria
Echvi_1704	Echvi_1704	Echvi_Contig97.1	2006168	2006872	-	1	hypothetical protein
Echvi_1705	Echvi_1705	Echvi_Contig97.1	2007339	2007830	+	1	hypothetical protein
Echvi_1706	Echvi_1706	Echvi_Contig97.1	2007979	2011002	-	1	ATPase involved in DNA repair
Echvi_1707	Echvi_1707	Echvi_Contig97.1	2010999	2012228	-	1	exonuclease SbcD
Echvi_1708	Echvi_1708	Echvi_Contig97.1	2012532	2013077	+	1	rare lipoprotein A
Echvi_1709	Echvi_1709	Echvi_Contig97.1	2013453	2014367	-	1	Predicted membrane protein
Echvi_1710	Echvi_1710	Echvi_Contig97.1	2014582	2014788	+	1	hypothetical protein
Echvi_1711	Echvi_1711	Echvi_Contig97.1	2014873	2015913	+	1	hypothetical protein
Echvi_1712	Echvi_1712	Echvi_Contig97.1	2016057	2017130	+	1	RND family efflux transporter, MFP subunit
Echvi_1713	Echvi_1713	Echvi_Contig97.1	2017133	2020180	+	1	Cation/multidrug efflux pump
Echvi_1714	Echvi_1714	Echvi_Contig97.1	2020590	2023697	+	1	Cation/multidrug efflux pump
Echvi_1715	Echvi_1715	Echvi_Contig97.1	2023945	2024469	-	1	hypothetical protein
Echvi_1716	Echvi_1716	Echvi_Contig97.1	2024474	2025595	-	1	hypothetical protein
Echvi_1717	Echvi_1717	Echvi_Contig97.1	2025769	2026950	+	1	hypothetical protein
Echvi_1718	Echvi_1718	Echvi_Contig97.1	2027359	2027964	+	1	hypothetical protein
Echvi_1719	Echvi_1719	Echvi_Contig97.1	2028170	2028310	+	1	hypothetical protein
Echvi_1720	Echvi_1720	Echvi_Contig97.1	2029101	2029685	+	1	hypothetical protein
Echvi_1721	Echvi_1721	Echvi_Contig97.1	2029750	2030472	-	1	hypothetical protein
Echvi_1722	Echvi_1722	Echvi_Contig97.1	2031081	2031677	+	1	hypothetical protein
Echvi_1723	Echvi_1723	Echvi_Contig97.1	2031764	2032810	-	1	uroporphyrinogen decarboxylase
Echvi_1724	Echvi_1724	Echvi_Contig97.1	2033298	2033825	-	1	hypothetical protein
Echvi_1725	Echvi_1725	Echvi_Contig97.1	2033951	2034469	-	1	hypothetical protein
Echvi_1726	Echvi_1726	Echvi_Contig97.1	2034856	2035437	-	1	hypothetical protein
Echvi_1727	Echvi_1727	Echvi_Contig97.1	2035800	2037575	-	1	ABC-type multidrug transport system, ATPase and permease components
Echvi_1728	Echvi_1728	Echvi_Contig97.1	2037589	2038344	-	1	pseudouridylate synthase I
Echvi_1729	Echvi_1729	Echvi_Contig97.1	2038565	2039044	+	1	hypothetical protein
Echvi_1730	Echvi_1730	Echvi_Contig97.1	2039515	2040273	-	1	hypothetical protein
Echvi_1731	Echvi_1731	Echvi_Contig97.1	2040371	2041129	-	1	hypothetical protein
Echvi_1732	Echvi_1732	Echvi_Contig97.1	2041187	2041891	-	1	hypothetical protein
Echvi_1733	Echvi_1733	Echvi_Contig97.1	2041888	2042418	-	1	RNA polymerase sigma factor, sigma-70 family
Echvi_1734	Echvi_1734	Echvi_Contig97.1	2042644	2043753	+	1	Cystathionine beta-lyases/cystathionine gamma-synthases
Echvi_1735	Echvi_1735	Echvi_Contig97.1	2044056	2045594	-	1	Mg chelatase-related protein
Echvi_1736	Echvi_1736	Echvi_Contig97.1	2045684	2046064	-	1	hypothetical protein
Echvi_1737	Echvi_1737	Echvi_Contig97.1	2046096	2047931	-	1	ABC-type multidrug transport system, ATPase and permease components
Echvi_1738	Echvi_1738	Echvi_Contig97.1	2047985	2049664	-	1	hypothetical protein
Echvi_1739	Echvi_1739	Echvi_Contig97.1	2049955	2050200	+	1	ribosomal protein L31
Echvi_1740	Echvi_1740	Echvi_Contig97.1	2050246	2051475	+	1	UDP-N-acetylglucosamine diphosphorylase/glucosamine-1-phosphate N-acetyltransferase
Echvi_1741	Echvi_1741	Echvi_Contig97.1	2051494	2052636	+	1	DNA polymerase III, gamma/tau subunits
Echvi_1742	Echvi_1742	Echvi_Contig97.1	2052633	2053076	+	1	Uncharacterized protein conserved in archaea
Echvi_1743	Echvi_1743	Echvi_Contig97.1	2053073	2053981	+	1	alpha-L-glutamate ligases, RimK family
Echvi_1744	Echvi_1744	Echvi_Contig97.1	2053981	2054916	+	1	porphobilinogen deaminase
Echvi_1745	Echvi_1745	Echvi_Contig97.1	2054918	2055763	+	1	Peptidyl-prolyl cis-trans isomerase (rotamase) - cyclophilin family
Echvi_1746	Echvi_1746	Echvi_Contig97.1	2055741	2056673	+	1	dTDP-4-dehydrorhamnose reductase
Echvi_1747	Echvi_1747	Echvi_Contig97.1	2056925	2058547	+	1	amino acid carrier protein
Echvi_1748	Echvi_1748	Echvi_Contig97.1	2058648	2059238	+	1	hypothetical protein
Echvi_1749	Echvi_1749	Echvi_Contig97.1	2059729	2060295	-	1	AraC-type DNA-binding domain-containing proteins
Echvi_1750	Echvi_1750	Echvi_Contig97.1	2060496	2062481	+	1	Pyruvate/2-oxoglutarate dehydrogenase complex, dehydrogenase (E1) component, eukaryotic type, beta subunit
Echvi_1751	Echvi_1751	Echvi_Contig97.1	2062488	2063285	-	1	Uncharacterized Fe-S protein
Echvi_1752	Echvi_1752	Echvi_Contig97.1	2063404	2063634	-	1	hypothetical protein
Echvi_1753	Echvi_1753	Echvi_Contig97.1	2064142	2066082	+	1	chaperone protein DnaK
Echvi_1754	Echvi_1754	Echvi_Contig97.1	2066415	2066789	+	1	Co-chaperonin GroES (HSP10)
Echvi_1755	Echvi_1755	Echvi_Contig97.1	2066918	2068708	-	1	ABC-type multidrug transport system, ATPase and permease components
Echvi_1756	Echvi_1756	Echvi_Contig97.1	2068856	2069956	+	1	Glutamate dehydrogenase/leucine dehydrogenase
Echvi_1757	Echvi_1757	Echvi_Contig97.1	2070123	2071307	+	1	transcription antitermination factor NusB
Echvi_1758	Echvi_1758	Echvi_Contig97.1	2071321	2071623	+	1	Gas vesicle protein
Echvi_1759	Echvi_1759	Echvi_Contig97.1	2071636	2072172	+	1	Protein of unknown function (DUF1573).
Echvi_1760	Echvi_1760	Echvi_Contig97.1	2072175	2072495	+	1	preprotein translocase, YajC subunit
Echvi_1761	Echvi_1761	Echvi_Contig97.1	2072505	2073476	+	1	hypothetical protein
Echvi_1762	Echvi_1762	Echvi_Contig97.1	2073463	2074068	+	1	dephospho-CoA kinase
Echvi_1763	Echvi_1763	Echvi_Contig97.1	2074097	2074339	-	1	hypothetical protein
Echvi_1764	Echvi_1764	Echvi_Contig97.1	2074398	2074511	+	1	hypothetical protein
Echvi_1765	Echvi_1765	Echvi_Contig97.1	2074519	2075010	+	1	Cell wall-associated hydrolases (invasion-associated proteins)
Echvi_1766	Echvi_1766	Echvi_Contig97.1	2075206	2076708	+	1	ATP synthase, F1 beta subunit
Echvi_1767	Echvi_1767	Echvi_Contig97.1	2076794	2077048	+	1	ATP synthase, F1 epsilon subunit (delta in mitochondria)
Echvi_1768	Echvi_1768	Echvi_Contig97.1	2077163	2078371	-	1	hypothetical protein
Echvi_1769	Echvi_1769	Echvi_Contig97.1	2078389	2079123	-	1	Glycerol uptake facilitator and related permeases (Major Intrinsic Protein Family)
Echvi_1770	Echvi_1770	Echvi_Contig97.1	2079243	2080745	-	1	glycerol kinase
Echvi_1771	Echvi_1771	Echvi_Contig97.1	2080750	2082315	-	1	Glycerol-3-phosphate dehydrogenase
Echvi_1772	Echvi_1772	Echvi_Contig97.1	2083178	2083792	-	1	hypothetical protein
Echvi_1773	Echvi_1773	Echvi_Contig97.1	2084009	2086408	-	1	ribonucleoside-diphosphate reductase, alpha subunit
Echvi_1774	Echvi_1774	Echvi_Contig97.1	2086441	2087424	-	1	Ribonucleotide reductase, beta subunit
Echvi_1775	Echvi_1775	Echvi_Contig97.1	2088207	2088518	+	1	ribosomal protein L21
Echvi_1776	Echvi_1776	Echvi_Contig97.1	2088552	2088812	+	1	ribosomal protein L27
Echvi_1777	Echvi_1777	Echvi_Contig97.1	2089292	2090455	+	1	Multidrug resistance efflux pump
Echvi_1778	Echvi_1778	Echvi_Contig97.1	2090477	2092630	+	1	ABC-type bacteriocin/lantibiotic exporters, contain an N-terminal double-glycine peptidase domain
Echvi_1779	Echvi_1779	Echvi_Contig97.1	2092644	2092976	+	1	Predicted transcriptional regulator
Echvi_1780	Echvi_1780	Echvi_Contig97.1	2094631	2095962	+	1	Predicted Zn-dependent peptidases
Echvi_1781	Echvi_1781	Echvi_Contig97.1	2095971	2098037	+	1	Predicted Zn-dependent peptidases
Echvi_1782	Echvi_1782	Echvi_Contig97.1	2098038	2098775	+	1	hypothetical protein
Echvi_1783	Echvi_1783	Echvi_Contig97.1	2098929	2099372	-	1	Predicted membrane protein
Echvi_1784	Echvi_1784	Echvi_Contig97.1	2099459	2101126	-	1	Predicted protease with the C-terminal PDZ domain
Echvi_1785	Echvi_1785	Echvi_Contig97.1	2101337	2101495	+	1	ribosomal protein L34, bacterial type
Echvi_1786	Echvi_1786	Echvi_Contig97.1	2101524	2101922	+	1	RNase P protein component
Echvi_1787	Echvi_1787	Echvi_Contig97.1	2101873	2103570	+	1	C-terminal peptidase (prc)
Echvi_1788	Echvi_1788	Echvi_Contig97.1	2103700	2104389	+	1	universal bacterial protein YeaZ
Echvi_1789	Echvi_1789	Echvi_Contig97.1	2104386	2104895	+	1	Protein of unknown function (DUF2480).
Echvi_1790	Echvi_1790	Echvi_Contig97.1	2105284	2106695	+	2	16S
Echvi_1791	Echvi_1791	Echvi_Contig97.1	2106838	2106914	+	5	tRNA
Echvi_1792	Echvi_1792	Echvi_Contig97.1	2106956	2107032	+	5	tRNA
Echvi_1793	Echvi_1793	Echvi_Contig97.1	2107181	2110074	+	2	23S
Echvi_1794	Echvi_1794	Echvi_Contig97.1	2110171	2110282	+	2	5S
Echvi_1795	Echvi_1795	Echvi_Contig97.1	2111107	2111424	+	1	hypothetical protein
Echvi_1796	Echvi_1796	Echvi_Contig97.1	2111974	2113884	+	1	ATPase components of ABC transporters with duplicated ATPase domains
Echvi_1797	Echvi_1797	Echvi_Contig97.1	2113868	2114911	+	1	Predicted flavoprotein involved in K+ transport
Echvi_1798	Echvi_1798	Echvi_Contig97.1	2114960	2115823	-	1	Uridine phosphorylase
Echvi_1799	Echvi_1799	Echvi_Contig97.1	2115816	2116799	-	1	Predicted sulfurtransferase
Echvi_1800	Echvi_1800	Echvi_Contig97.1	2116861	2117496	-	1	sugar O-acyltransferase, sialic acid O-acetyltransferase NeuD family
Echvi_1801	Echvi_1801	Echvi_Contig97.1	2117552	2118844	-	1	Protein of unknown function (DUF2851).
Echvi_1802	Echvi_1802	Echvi_Contig97.1	2119014	2119829	-	1	orotidine 5'-phosphate decarboxylase, subfamily 2
Echvi_1803	Echvi_1803	Echvi_Contig97.1	2119991	2120143	-	1	hypothetical protein
Echvi_1804	Echvi_1804	Echvi_Contig97.1	2120378	2121031	-	1	Outer membrane lipoprotein-sorting protein
Echvi_1805	Echvi_1805	Echvi_Contig97.1	2121062	2123539	-	1	DNA segregation ATPase FtsK/SpoIIIE and related proteins
Echvi_1806	Echvi_1806	Echvi_Contig97.1	2123603	2124649	-	1	dihydroorotate dehydrogenase, subfamily 2
Echvi_1807	Echvi_1807	Echvi_Contig97.1	2125006	2127384	+	1	hypothetical protein
Echvi_1808	Echvi_1808	Echvi_Contig97.1	2127471	2128463	-	1	Cytochrome c.
Echvi_1809	Echvi_1809	Echvi_Contig97.1	2128757	2129662	-	1	tyrosine recombinase XerD
Echvi_1810	Echvi_1810	Echvi_Contig97.1	2129781	2130200	+	1	3-dehydroquinate dehydratase, type II
Echvi_1811	Echvi_1811	Echvi_Contig97.1	2130213	2131268	+	1	Serine-pyruvate aminotransferase/archaeal aspartate aminotransferase
Echvi_1812	Echvi_1812	Echvi_Contig97.1	2131326	2131904	+	1	membrane protein, MarC family
Echvi_1813	Echvi_1813	Echvi_Contig97.1	2131980	2132432	+	1	Ribonuclease HI
Echvi_1814	Echvi_1814	Echvi_Contig97.1	2132480	2133199	+	1	Predicted O-methyltransferase
Echvi_1815	Echvi_1815	Echvi_Contig97.1	2133185	2134531	-	1	Saccharopine dehydrogenase and related proteins
Echvi_1816	Echvi_1816	Echvi_Contig97.1	2134744	2135226	+	1	Cytidine deaminase
Echvi_1817	Echvi_1817	Echvi_Contig97.1	2135233	2135883	+	1	Predicted esterase
Echvi_1818	Echvi_1818	Echvi_Contig97.1	2135888	2136664	-	1	Uncharacterized protein conserved in bacteria
Echvi_1819	Echvi_1819	Echvi_Contig97.1	2136698	2137477	-	1	D-alanyl-D-alanine dipeptidase
Echvi_1820	Echvi_1820	Echvi_Contig97.1	2137477	2138235	-	1	Short-chain alcohol dehydrogenase of unknown specificity
Echvi_1821	Echvi_1821	Echvi_Contig97.1	2139089	2139886	-	1	hypothetical protein
Echvi_1822	Echvi_1822	Echvi_Contig97.1	2139835	2140557	-	1	ubiquinone/menaquinone biosynthesis methyltransferases
Echvi_1823	Echvi_1823	Echvi_Contig97.1	2140684	2141289	+	1	ribosome biogenesis GTP-binding protein YsxC/EngB
Echvi_1824	Echvi_1824	Echvi_Contig97.1	2141350	2141787	+	1	hypothetical protein
Echvi_1825	Echvi_1825	Echvi_Contig97.1	2141863	2142165	+	1	hypothetical protein
Echvi_1826	Echvi_1826	Echvi_Contig97.1	2142167	2143198	-	1	Fructose-1,6-bisphosphatase
Echvi_1827	Echvi_1827	Echvi_Contig97.1	2143257	2144528	+	1	aspartate kinase
Echvi_1828	Echvi_1828	Echvi_Contig97.1	2144568	2145440	-	1	Fructosamine-3-kinase
Echvi_1829	Echvi_1829	Echvi_Contig97.1	2145433	2145918	-	1	Protein-tyrosine-phosphatase
Echvi_1830	Echvi_1830	Echvi_Contig97.1	2145921	2146910	-	1	hypothetical protein
Echvi_1831	Echvi_1831	Echvi_Contig97.1	2147061	2147474	+	1	Fe2+/Zn2+ uptake regulation proteins
Echvi_1832	Echvi_1832	Echvi_Contig97.1	2147527	2148156	+	1	Peroxiredoxin
Echvi_1833	Echvi_1833	Echvi_Contig97.1	2149051	2150376	+	1	3-deoxy-D-manno-octulosonic-acid transferase
Echvi_1834	Echvi_1834	Echvi_Contig97.1	2150355	2151284	+	1	ribosome small subunit-dependent GTPase A
Echvi_1835	Echvi_1835	Echvi_Contig97.1	2151449	2151952	+	1	Pyrimidine operon attenuation protein/uracil phosphoribosyltransferase
Echvi_1836	Echvi_1836	Echvi_Contig97.1	2152007	2152828	+	1	3-methyl-2-oxobutanoate hydroxymethyltransferase
Echvi_1837	Echvi_1837	Echvi_Contig97.1	2152932	2154020	-	1	hypothetical protein
Echvi_1838	Echvi_1838	Echvi_Contig97.1	2154128	2154259	-	1	hypothetical protein
Echvi_1839	Echvi_1839	Echvi_Contig97.1	2154298	2156586	+	1	isocitrate dehydrogenase, NADP-dependent, monomeric type
Echvi_1840	Echvi_1840	Echvi_Contig97.1	2156708	2157466	-	1	Domain of Unknown Function (DUF1080).
Echvi_1841	Echvi_1841	Echvi_Contig97.1	2157520	2157945	-	1	Cytochrome c551/c552
Echvi_1842	Echvi_1842	Echvi_Contig97.1	2157973	2159025	-	1	Sugar phosphate isomerases/epimerases
Echvi_1843	Echvi_1843	Echvi_Contig97.1	2159069	2159359	+	1	hypothetical protein
Echvi_1844	Echvi_1844	Echvi_Contig97.1	2159213	2160382	-	1	Predicted dehydrogenases and related proteins
Echvi_1845	Echvi_1845	Echvi_Contig97.1	2160667	2161899	+	1	Nucleoside H+ symporter.
Echvi_1846	Echvi_1846	Echvi_Contig97.1	2161942	2162775	+	1	Hydroxypyruvate isomerase
Echvi_1847	Echvi_1847	Echvi_Contig97.1	2162810	2164489	+	1	Choline dehydrogenase and related flavoproteins
Echvi_1848	Echvi_1848	Echvi_Contig97.1	2164508	2165059	+	1	hypothetical protein
Echvi_1849	Echvi_1849	Echvi_Contig97.1	2165127	2166035	+	1	Sugar phosphate isomerases/epimerases
Echvi_1850	Echvi_1850	Echvi_Contig97.1	2166535	2167260	-	1	Bacterial SH3 domain.
Echvi_1851	Echvi_1851	Echvi_Contig97.1	2167375	2167447	+	5	tRNA
Echvi_1852	Echvi_1852	Echvi_Contig97.1	2167509	2167583	+	5	tRNA
Echvi_1853	Echvi_1853	Echvi_Contig97.1	2167611	2167684	+	5	tRNA
Echvi_1854	Echvi_1854	Echvi_Contig97.1	2167777	2167849	+	5	tRNA
Echvi_1855	Echvi_1855	Echvi_Contig97.1	2169381	2170253	-	1	Beta-glucanase/Beta-glucan synthetase
Echvi_1856	Echvi_1856	Echvi_Contig97.1	2170267	2171625	-	1	Endoglucanase
Echvi_1857	Echvi_1857	Echvi_Contig97.1	2171689	2173176	-	1	SusD family.
Echvi_1858	Echvi_1858	Echvi_Contig97.1	2173233	2176343	-	1	TonB-linked outer membrane protein, SusC/RagA family
Echvi_1859	Echvi_1859	Echvi_Contig97.1	2176779	2177675	+	1	Transposase DDE domain.
Echvi_1860	Echvi_1860	Echvi_Contig97.1	2177690	2180620	-	1	Y_Y_Y domain.
Echvi_1861	Echvi_1861	Echvi_Contig97.1	2181275	2182255	+	1	Predicted aminopeptidases
Echvi_1862	Echvi_1862	Echvi_Contig97.1	2182309	2183049	-	1	Dehydrogenases with different specificities (related to short-chain alcohol dehydrogenases)
Echvi_1863	Echvi_1863	Echvi_Contig97.1	2183075	2185237	-	1	Alpha-glucuronidase
Echvi_1864	Echvi_1864	Echvi_Contig97.1	2185271	2186308	-	1	Transcriptional regulators
Echvi_1865	Echvi_1865	Echvi_Contig97.1	2186368	2186547	+	1	hypothetical protein
Echvi_1866	Echvi_1866	Echvi_Contig97.1	2186936	2190040	+	1	TonB-linked outer membrane protein, SusC/RagA family
Echvi_1867	Echvi_1867	Echvi_Contig97.1	2190084	2191994	+	1	SusD family.
Echvi_1868	Echvi_1868	Echvi_Contig97.1	2192048	2192284	-	1	hypothetical protein
Echvi_1869	Echvi_1869	Echvi_Contig97.1	2192307	2193470	+	1	mannonate dehydratase
Echvi_1870	Echvi_1870	Echvi_Contig97.1	2193625	2196543	+	1	hypothetical protein
Echvi_1871	Echvi_1871	Echvi_Contig97.1	2197212	2198855	+	1	transporter, SSS family
Echvi_1872	Echvi_1872	Echvi_Contig97.1	2199325	2199807	+	1	hypothetical protein
Echvi_1873	Echvi_1873	Echvi_Contig97.1	2199804	2200268	+	1	hypothetical protein
Echvi_1874	Echvi_1874	Echvi_Contig97.1	2200271	2201110	-	1	AraC-type DNA-binding domain-containing proteins
Echvi_1875	Echvi_1875	Echvi_Contig97.1	2201326	2202816	+	1	Sugar (pentulose and hexulose) kinases
Echvi_1876	Echvi_1876	Echvi_Contig97.1	2202933	2204246	+	1	xylose isomerase
Echvi_1877	Echvi_1877	Echvi_Contig97.1	2204357	2204467	-	1	hypothetical protein
Echvi_1878	Echvi_1878	Echvi_Contig97.1	2204467	2205591	-	1	Beta-xylosidase
Echvi_1879	Echvi_1879	Echvi_Contig97.1	2205746	2207248	-	1	L-arabinose isomerase
Echvi_1880	Echvi_1880	Echvi_Contig97.1	2207279	2209153	-	1	transporter, SSS family
Echvi_1881	Echvi_1881	Echvi_Contig97.1	2209268	2209981	-	1	ADP-ribose pyrophosphatase
Echvi_1882	Echvi_1882	Echvi_Contig97.1	2210107	2210547	-	1	Lactoylglutathione lyase and related lyases
Echvi_1883	Echvi_1883	Echvi_Contig97.1	2210611	2212290	-	1	C-terminal peptidase (prc)
Echvi_1884	Echvi_1884	Echvi_Contig97.1	2212455	2213213	+	1	Regulator of cell morphogenesis and NO signaling
Echvi_1885	Echvi_1885	Echvi_Contig97.1	2213214	2213627	+	1	RNAse H-fold protein YqgF
Echvi_1886	Echvi_1886	Echvi_Contig97.1	2213624	2214178	+	1	peptide deformylase
Echvi_1887	Echvi_1887	Echvi_Contig97.1	2214238	2215038	+	1	Predicted amidohydrolase
Echvi_1888	Echvi_1888	Echvi_Contig97.1	2215149	2217275	-	1	hypothetical protein
Echvi_1889	Echvi_1889	Echvi_Contig97.1	2217490	2218785	+	1	UDP-N-acetylmuramoyl-tripeptide--D-alanyl-D-alanine ligase
Echvi_1890	Echvi_1890	Echvi_Contig97.1	2218971	2220158	-	1	molybdenum cofactor synthesis domain
Echvi_1891	Echvi_1891	Echvi_Contig97.1	2220222	2221304	-	1	Dinucleotide-utilizing enzymes involved in molybdopterin and thiamine biosynthesis family 2
Echvi_1892	Echvi_1892	Echvi_Contig97.1	2221307	2221903	-	1	Molybdopterin-guanine dinucleotide biosynthesis protein A
Echvi_1893	Echvi_1893	Echvi_Contig97.1	2221887	2222363	-	1	molybdenum cofactor biosynthesis protein MoaC
Echvi_1894	Echvi_1894	Echvi_Contig97.1	2222360	2223337	-	1	molybdenum cofactor biosynthesis protein A, bacterial
Echvi_1895	Echvi_1895	Echvi_Contig97.1	2223348	2223764	-	1	Molybdopterin converting factor, large subunit
Echvi_1896	Echvi_1896	Echvi_Contig97.1	2223771	2224061	-	1	Molybdopterin converting factor, small subunit
Echvi_1897	Echvi_1897	Echvi_Contig97.1	2224320	2225000	-	1	Response regulator containing a CheY-like receiver domain and an HTH DNA-binding domain
Echvi_1898	Echvi_1898	Echvi_Contig97.1	2225021	2226856	-	1	Signal transduction histidine kinase
Echvi_1899	Echvi_1899	Echvi_Contig97.1	2226891	2228789	-	1	hypothetical protein
Echvi_1900	Echvi_1900	Echvi_Contig97.1	2229146	2229523	-	1	nitrite reductase [NAD(P)H], small subunit
Echvi_1901	Echvi_1901	Echvi_Contig97.1	2229583	2232078	-	1	nitrite reductase [NAD(P)H], large subunit
Echvi_1902	Echvi_1902	Echvi_Contig97.1	2232231	2232998	+	1	uroporphyrin-III C-methyltransferase
Echvi_1903	Echvi_1903	Echvi_Contig97.1	2233205	2234290	-	1	hypothetical protein
Echvi_1904	Echvi_1904	Echvi_Contig97.1	2234612	2235202	+	1	hypothetical protein
Echvi_1905	Echvi_1905	Echvi_Contig97.1	2235173	2235346	-	1	hypothetical protein
Echvi_1906	Echvi_1906	Echvi_Contig97.1	2235581	2239192	+	1	Predicted membrane protein
Echvi_1907	Echvi_1907	Echvi_Contig97.1	2239256	2240608	+	1	Protein of unknown function (DUF1552).
Echvi_1908	Echvi_1908	Echvi_Contig97.1	2240869	2241534	+	1	Protein of unknown function (DUF2807).
Echvi_1909	Echvi_1909	Echvi_Contig97.1	2241750	2242409	+	1	Transcriptional regulator/sugar kinase
Echvi_1910	Echvi_1910	Echvi_Contig97.1	2242454	2242846	-	1	hypothetical protein
Echvi_1911	Echvi_1911	Echvi_Contig97.1	2242857	2244290	-	1	Sulfite reductase, beta subunit (hemoprotein)
Echvi_1912	Echvi_1912	Echvi_Contig97.1	2244484	2248005	-	1	Uncharacterized anaerobic dehydrogenase
Echvi_1913	Echvi_1913	Echvi_Contig97.1	2248024	2249379	-	1	nitrite extrusion protein (nitrite facilitator)
Echvi_1914	Echvi_1914	Echvi_Contig97.1	2250192	2250872	+	1	TIGR02453 family protein
Echvi_1915	Echvi_1915	Echvi_Contig97.1	2250992	2251816	-	1	HAD-superfamily hydrolase, subfamily IIB
Echvi_1916	Echvi_1916	Echvi_Contig97.1	2251820	2252089	-	1	hypothetical protein
Echvi_1917	Echvi_1917	Echvi_Contig97.1	2252259	2252690	-	1	hypothetical protein
Echvi_1918	Echvi_1918	Echvi_Contig97.1	2252761	2253786	-	1	Bacteroidetes-specific putative membrane protein
Echvi_1919	Echvi_1919	Echvi_Contig97.1	2253783	2258720	-	1	FOG: PKD repeat
Echvi_1920	Echvi_1920	Echvi_Contig97.1	2259012	2261156	+	1	Predicted membrane protein
Echvi_1921	Echvi_1921	Echvi_Contig97.1	2261314	2262423	+	1	Predicted dehydrogenases and related proteins
Echvi_1922	Echvi_1922	Echvi_Contig97.1	2262527	2263783	-	1	hypothetical protein
Echvi_1923	Echvi_1923	Echvi_Contig97.1	2263884	2265323	-	1	hypothetical protein
Echvi_1924	Echvi_1924	Echvi_Contig97.1	2265344	2268847	-	1	TonB-linked outer membrane protein, SusC/RagA family
Echvi_1925	Echvi_1925	Echvi_Contig97.1	2268885	2269817	-	1	Fe2+-dicitrate sensor, membrane component
Echvi_1926	Echvi_1926	Echvi_Contig97.1	2269915	2270496	-	1	RNA polymerase sigma-70 factor, Bacteroides expansion family 1
Echvi_1927	Echvi_1927	Echvi_Contig97.1	2270799	2270872	+	5	tRNA
Echvi_1928	Echvi_1928	Echvi_Contig97.1	2270826	2272391	-	1	Site-specific recombinases, DNA invertase Pin homologs
Echvi_1929	Echvi_1929	Echvi_Contig97.1	2272378	2272560	-	1	hypothetical protein
Echvi_1930	Echvi_1930	Echvi_Contig97.1	2272644	2273105	-	1	DNA repair proteins
Echvi_1931	Echvi_1931	Echvi_Contig97.1	2273444	2274508	-	1	phage/plasmid-related protein TIGR03299
Echvi_1932	Echvi_1932	Echvi_Contig97.1	2274913	2276730	-	1	KAP family P-loop domain.
Echvi_1933	Echvi_1933	Echvi_Contig97.1	2276757	2277650	-	1	hypothetical protein
Echvi_1934	Echvi_1934	Echvi_Contig97.1	2277653	2277910	-	1	hypothetical protein
Echvi_1935	Echvi_1935	Echvi_Contig97.1	2278164	2279195	-	1	Superfamily I DNA and RNA helicases
Echvi_1936	Echvi_1936	Echvi_Contig97.1	2279180	2280739	-	1	hypothetical protein
Echvi_1937	Echvi_1937	Echvi_Contig97.1	2280773	2281885	-	1	hypothetical protein
Echvi_1938	Echvi_1938	Echvi_Contig97.1	2282234	2282998	-	1	hypothetical protein
Echvi_1939	Echvi_1939	Echvi_Contig97.1	2283001	2283843	-	1	Bacteroides conjugative transposon TraN protein
Echvi_1940	Echvi_1940	Echvi_Contig97.1	2283856	2285109	-	1	Bacteroides conjugative transposon TraM protein
Echvi_1941	Echvi_1941	Echvi_Contig97.1	2285099	2285353	-	1	hypothetical protein
Echvi_1942	Echvi_1942	Echvi_Contig97.1	2285350	2285967	-	1	Bacteroides conjugative transposon TraK protein
Echvi_1943	Echvi_1943	Echvi_Contig97.1	2285971	2286948	-	1	Bacteroides conjugative transposon TraJ protein
Echvi_1944	Echvi_1944	Echvi_Contig97.1	2286945	2287583	-	1	hypothetical protein
Echvi_1945	Echvi_1945	Echvi_Contig97.1	2287570	2288208	-	1	hypothetical protein
Echvi_1946	Echvi_1946	Echvi_Contig97.1	2288198	2288884	-	1	hypothetical protein
Echvi_1947	Echvi_1947	Echvi_Contig97.1	2288888	2291353	-	1	Bacteroides conjugation system ATPase, TraG family
Echvi_1948	Echvi_1948	Echvi_Contig97.1	2291343	2291669	-	1	hypothetical protein
Echvi_1949	Echvi_1949	Echvi_Contig97.1	2291666	2292118	-	1	hypothetical protein
Echvi_1950	Echvi_1950	Echvi_Contig97.1	2292131	2292439	-	1	hypothetical protein
Echvi_1951	Echvi_1951	Echvi_Contig97.1	2292451	2292870	-	1	hypothetical protein
Echvi_1952	Echvi_1952	Echvi_Contig97.1	2292954	2293799	-	1	RteC protein.
Echvi_1953	Echvi_1953	Echvi_Contig97.1	2294048	2294413	-	1	hypothetical protein
Echvi_1954	Echvi_1954	Echvi_Contig97.1	2294530	2295372	+	1	Response regulator of the LytR/AlgR family
Echvi_1955	Echvi_1955	Echvi_Contig97.1	2295428	2296294	-	1	hypothetical protein
Echvi_1956	Echvi_1956	Echvi_Contig97.1	2296451	2298409	-	1	hypothetical protein
Echvi_1957	Echvi_1957	Echvi_Contig97.1	2298612	2299037	-	1	hypothetical protein
Echvi_1958	Echvi_1958	Echvi_Contig97.1	2299024	2299809	-	1	RHS repeat-associated core domain
Echvi_1959	Echvi_1959	Echvi_Contig97.1	2299902	2300411	-	1	hypothetical protein
Echvi_1960	Echvi_1960	Echvi_Contig97.1	2300419	2300664	+	1	hypothetical protein
Echvi_1961	Echvi_1961	Echvi_Contig97.1	2300581	2302536	-	1	hypothetical protein
Echvi_1962	Echvi_1962	Echvi_Contig97.1	2302610	2303035	-	1	hypothetical protein
Echvi_1963	Echvi_1963	Echvi_Contig97.1	2303040	2303849	-	1	RHS repeat-associated core domain
Echvi_1964	Echvi_1964	Echvi_Contig97.1	2303996	2304502	-	1	hypothetical protein
Echvi_1965	Echvi_1965	Echvi_Contig97.1	2304519	2314811	-	1	RHS repeat-associated core domain
Echvi_1966	Echvi_1966	Echvi_Contig97.1	2314825	2316630	-	1	hypothetical protein
Echvi_1967	Echvi_1967	Echvi_Contig97.1	2317076	2318422	-	1	Transcriptional regulators containing a DNA-binding HTH domain and an aminotransferase domain (MocR family) and their eukaryotic orthologs
Echvi_1968	Echvi_1968	Echvi_Contig97.1	2318634	2319353	+	1	hypothetical protein
Echvi_1969	Echvi_1969	Echvi_Contig97.1	2319501	2319944	+	1	hypothetical protein
Echvi_1970	Echvi_1970	Echvi_Contig97.1	2319970	2320221	+	1	hypothetical protein
Echvi_1971	Echvi_1971	Echvi_Contig97.1	2320270	2321631	-	1	SusD family.
Echvi_1972	Echvi_1972	Echvi_Contig97.1	2321642	2325247	-	1	TonB-linked outer membrane protein, SusC/RagA family
Echvi_1973	Echvi_1973	Echvi_Contig97.1	2325572	2326612	-	1	Fe2+-dicitrate sensor, membrane component
Echvi_1974	Echvi_1974	Echvi_Contig97.1	2326703	2327302	-	1	RNA polymerase sigma-70 factor, Bacteroides expansion family 1
Echvi_1975	Echvi_1975	Echvi_Contig97.1	2327447	2327845	-	1	hypothetical protein
Echvi_1976	Echvi_1976	Echvi_Contig97.1	2327842	2328174	-	1	hypothetical protein
Echvi_1977	Echvi_1977	Echvi_Contig97.1	2328234	2330222	-	1	Type IV secretory pathway, VirD4 components
Echvi_1978	Echvi_1978	Echvi_Contig97.1	2330226	2331422	-	1	Relaxase/Mobilisation nuclease domain.
Echvi_1979	Echvi_1979	Echvi_Contig97.1	2331424	2331810	-	1	Bacterial mobilisation protein (MobC).
Echvi_1980	Echvi_1980	Echvi_Contig97.1	2331996	2332211	-	1	hypothetical protein
Echvi_1981	Echvi_1981	Echvi_Contig97.1	2332620	2333591	-	1	hypothetical protein
Echvi_1982	Echvi_1982	Echvi_Contig97.1	2333588	2335831	-	1	Z1 domain.
Echvi_1983	Echvi_1983	Echvi_Contig97.1	2335838	2337409	-	1	Molecular chaperone, HSP90 family
Echvi_1984	Echvi_1984	Echvi_Contig97.1	2337393	2338751	-	1	DNA-methyltransferase (dcm)
Echvi_1985	Echvi_1985	Echvi_Contig97.1	2339172	2339864	-	1	hypothetical protein
Echvi_1986	Echvi_1986	Echvi_Contig97.1	2340194	2341813	+	1	hypothetical protein
Echvi_1987	Echvi_1987	Echvi_Contig97.1	2342095	2342715	-	1	recombination protein RecR
Echvi_1988	Echvi_1988	Echvi_Contig97.1	2342729	2343022	-	1	Uncharacterized conserved protein
Echvi_1989	Echvi_1989	Echvi_Contig97.1	2343077	2344546	+	1	Na+/proline symporter
Echvi_1990	Echvi_1990	Echvi_Contig97.1	2344602	2344970	-	1	Helix-turn-helix.
Echvi_1991	Echvi_1991	Echvi_Contig97.1	2345633	2345971	-	1	Predicted methylated DNA-protein cysteine methyltransferase
Echvi_1992	Echvi_1992	Echvi_Contig97.1	2345961	2346839	-	1	Small-conductance mechanosensitive channel
Echvi_1993	Echvi_1993	Echvi_Contig97.1	2346929	2347609	+	1	Dehydrogenases with different specificities (related to short-chain alcohol dehydrogenases)
Echvi_1994	Echvi_1994	Echvi_Contig97.1	2347622	2348317	+	1	Protein of unknown function (DUF2807).
Echvi_1995	Echvi_1995	Echvi_Contig97.1	2348325	2348798	+	1	hypothetical protein
Echvi_1996	Echvi_1996	Echvi_Contig97.1	2348801	2348941	+	1	hypothetical protein
Echvi_1997	Echvi_1997	Echvi_Contig97.1	2349066	2349518	+	1	hypothetical protein
Echvi_1998	Echvi_1998	Echvi_Contig97.1	2349521	2349940	-	1	Heat shock protein
Echvi_1999	Echvi_1999	Echvi_Contig97.1	2350252	2350374	+	1	hypothetical protein
Echvi_2000	Echvi_2000	Echvi_Contig97.1	2350468	2352915	+	1	aspartate kinase
Echvi_2001	Echvi_2001	Echvi_Contig97.1	2352912	2353847	+	1	homoserine kinase
Echvi_2002	Echvi_2002	Echvi_Contig97.1	2353849	2355141	+	1	threonine synthase
Echvi_2003	Echvi_2003	Echvi_Contig97.1	2355253	2357106	-	1	Antirepressor regulating drug resistance, predicted signal transduction N-terminal membrane component
Echvi_2004	Echvi_2004	Echvi_Contig97.1	2357106	2357480	-	1	Predicted transcriptional regulator
Echvi_2005	Echvi_2005	Echvi_Contig97.1	2357577	2357699	-	1	hypothetical protein
Echvi_2006	Echvi_2006	Echvi_Contig97.1	2357787	2358548	+	1	Uncharacterized conserved protein
Echvi_2007	Echvi_2007	Echvi_Contig97.1	2358639	2359619	+	1	putative bacillithiol system thiol disulfide oxidoreductase, YpdA family
Echvi_2008	Echvi_2008	Echvi_Contig97.1	2359630	2360916	-	1	Signal transduction histidine kinase
Echvi_2009	Echvi_2009	Echvi_Contig97.1	2361055	2362692	-	1	adenine deaminase
Echvi_2010	Echvi_2010	Echvi_Contig97.1	2362879	2363565	+	1	cytidylate kinase
Echvi_2011	Echvi_2011	Echvi_Contig97.1	2363569	2364465	+	1	(E)-4-hydroxy-3-methyl-but-2-enyl pyrophosphate reductase (IPP and DMAPP forming)
Echvi_2012	Echvi_2012	Echvi_Contig97.1	2364593	2365957	+	1	NADH:ubiquinone oxidoreductase, Na(+)-translocating, A subunit
Echvi_2013	Echvi_2013	Echvi_Contig97.1	2365963	2367165	+	1	NADH:ubiquinone oxidoreductase, Na(+)-translocating, B subunit
Echvi_2014	Echvi_2014	Echvi_Contig97.1	2367152	2367901	+	1	NADH:ubiquinone oxidoreductase, Na(+)-translocating, C subunit
Echvi_2015	Echvi_2015	Echvi_Contig97.1	2367951	2368634	+	1	NADH:ubiquinone oxidoreductase, Na(+)-translocating, D subunit
Echvi_2016	Echvi_2016	Echvi_Contig97.1	2368649	2369260	+	1	NADH:ubiquinone oxidoreductase, Na(+)-translocating, E subunit
Echvi_2017	Echvi_2017	Echvi_Contig97.1	2369380	2369946	+	1	Uncharacterized conserved protein
Echvi_2018	Echvi_2018	Echvi_Contig97.1	2370033	2371265	+	1	Transposase and inactivated derivatives
Echvi_2019	Echvi_2019	Echvi_Contig97.1	2371549	2371869	-	1	thioredoxin
Echvi_2020	Echvi_2020	Echvi_Contig97.1	2371987	2376273	-	1	DNA-directed DNA polymerase III (polc)
Echvi_2021	Echvi_2021	Echvi_Contig97.1	2376857	2379025	+	1	trehalose-phosphatase/alpha,alpha-trehalose-phosphate synthase [UDP-forming]
Echvi_2022	Echvi_2022	Echvi_Contig97.1	2379165	2380247	+	1	hypothetical protein
Echvi_2023	Echvi_2023	Echvi_Contig97.1	2380458	2384573	-	1	Predicted ATPase
Echvi_2024	Echvi_2024	Echvi_Contig97.1	2384682	2386118	-	1	Na+/proline symporter
Echvi_2025	Echvi_2025	Echvi_Contig97.1	2386207	2387754	-	1	Uncharacterized protein conserved in bacteria
Echvi_2026	Echvi_2026	Echvi_Contig97.1	2387762	2388586	-	1	N-acetylmuramic acid 6-phosphate etherase
Echvi_2027	Echvi_2027	Echvi_Contig97.1	2388591	2389451	-	1	Predicted N-acetylglucosamine kinase
Echvi_2028	Echvi_2028	Echvi_Contig97.1	2389585	2390481	-	1	Negative regulator of beta-lactamase expression
Echvi_2029	Echvi_2029	Echvi_Contig97.1	2390502	2390651	+	1	hypothetical protein
Echvi_2030	Echvi_2030	Echvi_Contig97.1	2390750	2391385	-	1	Response regulator containing a CheY-like receiver domain and an HTH DNA-binding domain
Echvi_2031	Echvi_2031	Echvi_Contig97.1	2391586	2392308	+	1	Negative regulator of beta-lactamase expression
Echvi_2032	Echvi_2032	Echvi_Contig97.1	2392391	2393329	-	1	HflC protein
Echvi_2033	Echvi_2033	Echvi_Contig97.1	2393326	2394303	-	1	HflK protein
Echvi_2034	Echvi_2034	Echvi_Contig97.1	2394618	2397878	+	1	TonB-linked outer membrane protein, SusC/RagA family
Echvi_2035	Echvi_2035	Echvi_Contig97.1	2397892	2399604	+	1	SusD family.
Echvi_2036	Echvi_2036	Echvi_Contig97.1	2399731	2400519	+	1	Predicted xylanase/chitin deacetylase
Echvi_2037	Echvi_2037	Echvi_Contig97.1	2400541	2402325	+	1	Glycosyl hydrolase family 9./N-terminal ig-like domain of cellulase.
Echvi_2038	Echvi_2038	Echvi_Contig97.1	2402699	2405650	+	1	Beta-glucosidase-related glycosidases
Echvi_2039	Echvi_2039	Echvi_Contig97.1	2405791	2407626	+	1	FOG: WD40-like repeat
Echvi_2040	Echvi_2040	Echvi_Contig97.1	2407673	2408974	+	1	Uncharacterized protein conserved in bacteria
Echvi_2041	Echvi_2041	Echvi_Contig97.1	2409124	2409228	-	1	hypothetical protein
Echvi_2042	Echvi_2042	Echvi_Contig97.1	2409437	2410681	+	1	hypothetical protein
Echvi_2043	Echvi_2043	Echvi_Contig97.1	2410732	2412831	+	1	hypothetical protein
Echvi_2044	Echvi_2044	Echvi_Contig97.1	2412885	2413478	-	1	Serine acetyltransferase
Echvi_2045	Echvi_2045	Echvi_Contig97.1	2413555	2415345	-	1	Glucoamylase and related glycosyl hydrolases
Echvi_2046	Echvi_2046	Echvi_Contig97.1	2415633	2416277	-	1	16S rRNA (guanine(527)-N(7))-methyltransferase GidB
Echvi_2047	Echvi_2047	Echvi_Contig97.1	2416371	2416982	-	1	RNA polymerase sigma factor, sigma-70 family
Echvi_2048	Echvi_2048	Echvi_Contig97.1	2416973	2418103	-	1	Glycosyltransferases, probably involved in cell wall biogenesis
Echvi_2049	Echvi_2049	Echvi_Contig97.1	2418237	2419367	+	1	tRNA-guanine transglycosylase, queuosine-34-forming
Echvi_2050	Echvi_2050	Echvi_Contig97.1	2419364	2420440	+	1	Predicted permeases
Echvi_2051	Echvi_2051	Echvi_Contig97.1	2420445	2421365	+	1	Predicted permeases
Echvi_2052	Echvi_2052	Echvi_Contig97.1	2421397	2422203	-	1	4-diphosphocytidyl-2C-methyl-D-erythritol kinase
Echvi_2053	Echvi_2053	Echvi_Contig97.1	2422417	2422527	+	1	hypothetical protein
Echvi_2054	Echvi_2054	Echvi_Contig97.1	2422601	2422732	-	1	hypothetical protein
Echvi_2055	Echvi_2055	Echvi_Contig97.1	2422865	2424550	+	1	dihydroxy-acid dehydratase
Echvi_2056	Echvi_2056	Echvi_Contig97.1	2424693	2426387	+	1	acetolactate synthase, large subunit, biosynthetic type
Echvi_2057	Echvi_2057	Echvi_Contig97.1	2426501	2427004	+	1	acetolactate synthase, small subunit
Echvi_2058	Echvi_2058	Echvi_Contig97.1	2427016	2428059	+	1	ketol-acid reductoisomerase
Echvi_2059	Echvi_2059	Echvi_Contig97.1	2428223	2429620	+	1	3-isopropylmalate dehydratase, large subunit
Echvi_2060	Echvi_2060	Echvi_Contig97.1	2429640	2430233	+	1	3-isopropylmalate dehydratase, small subunit
Echvi_2061	Echvi_2061	Echvi_Contig97.1	2430365	2431879	+	1	Isopropylmalate/homocitrate/citramalate synthases
Echvi_2062	Echvi_2062	Echvi_Contig97.1	2432023	2433084	+	1	3-isopropylmalate dehydrogenase
Echvi_2063	Echvi_2063	Echvi_Contig97.1	2433189	2433776	+	1	cAMP-binding proteins - catabolite gene activator and regulatory subunit of cAMP-dependent protein kinases
Echvi_2064	Echvi_2064	Echvi_Contig97.1	2433824	2434558	+	1	Short-chain dehydrogenase involved in D-alanine esterification of lipoteichoic acid and wall teichoic acid (D-alanine transfer protein)
Echvi_2065	Echvi_2065	Echvi_Contig97.1	2434555	2435733	-	1	FAD dependent oxidoreductase.
Echvi_2066	Echvi_2066	Echvi_Contig97.1	2436009	2436827	-	1	Enoyl-[acyl-carrier-protein] reductase (NADH)
Echvi_2067	Echvi_2067	Echvi_Contig97.1	2436967	2438619	-	1	DNA repair protein RecN
Echvi_2068	Echvi_2068	Echvi_Contig97.1	2438771	2439670	-	1	hypothetical protein
Echvi_2069	Echvi_2069	Echvi_Contig97.1	2439726	2440925	-	1	phosphopantothenoylcysteine decarboxylase/phosphopantothenate--cysteine ligase, prokaryotic
Echvi_2070	Echvi_2070	Echvi_Contig97.1	2440932	2441252	-	1	RNA polymerase Rpb6.
Echvi_2071	Echvi_2071	Echvi_Contig97.1	2441279	2442229	-	1	outer membrane assembly lipoprotein YfiO
Echvi_2072	Echvi_2072	Echvi_Contig97.1	2442299	2443015	-	1	hypothetical protein
Echvi_2073	Echvi_2073	Echvi_Contig97.1	2443191	2444840	-	1	Organic solvent tolerance protein OstA
Echvi_2074	Echvi_2074	Echvi_Contig97.1	2444890	2446212	+	1	tRNA(Ile)-lysidine synthetase, N-terminal domain/tRNA(Ile)-lysidine synthetase, C-terminal domain
Echvi_2075	Echvi_2075	Echvi_Contig97.1	2446220	2446735	+	1	Cyclic nucleotide-binding domain.
Echvi_2076	Echvi_2076	Echvi_Contig97.1	2446942	2447880	+	1	malate dehydrogenase, NAD-dependent
Echvi_2077	Echvi_2077	Echvi_Contig97.1	2448023	2450746	+	1	hypothetical protein
Echvi_2078	Echvi_2078	Echvi_Contig97.1	2450804	2452465	+	1	Small-conductance mechanosensitive channel
Echvi_2079	Echvi_2079	Echvi_Contig97.1	2452468	2453166	-	1	Uncharacterized conserved protein
Echvi_2080	Echvi_2080	Echvi_Contig97.1	2453394	2454539	+	1	Cystathionine beta-lyases/cystathionine gamma-synthases
Echvi_2081	Echvi_2081	Echvi_Contig97.1	2454545	2455384	-	1	hypothetical protein
Echvi_2082	Echvi_2082	Echvi_Contig97.1	2455391	2456350	-	1	Smr domain.
Echvi_2083	Echvi_2083	Echvi_Contig97.1	2456347	2457642	-	1	Deoxyribodipyrimidine photolyase
Echvi_2084	Echvi_2084	Echvi_Contig97.1	2457730	2462421	-	1	Uncharacterized protein conserved in bacteria
Echvi_2085	Echvi_2085	Echvi_Contig97.1	2462428	2463435	+	1	putative glycoprotease GCP
Echvi_2086	Echvi_2086	Echvi_Contig97.1	2463474	2463938	+	1	SsrA-binding protein
Echvi_2087	Echvi_2087	Echvi_Contig97.1	2463904	2464713	+	1	Cell wall-associated hydrolases (invasion-associated proteins)
Echvi_2088	Echvi_2088	Echvi_Contig97.1	2464716	2465231	+	1	Restriction endonuclease
Echvi_2089	Echvi_2089	Echvi_Contig97.1	2465406	2466722	+	1	gluconate transporter
Echvi_2090	Echvi_2090	Echvi_Contig97.1	2466845	2467306	+	1	Putative translation initiation inhibitor, yjgF family
Echvi_2091	Echvi_2091	Echvi_Contig97.1	2467325	2468431	+	1	Predicted amino acid aldolase or racemase
Echvi_2092	Echvi_2092	Echvi_Contig97.1	2468664	2469728	+	1	Zn-dependent dipeptidase, microsomal dipeptidase homolog
Echvi_2093	Echvi_2093	Echvi_Contig97.1	2469982	2471760	+	1	Ribosomal protein S1
Echvi_2094	Echvi_2094	Echvi_Contig97.1	2471820	2472686	-	1	Uncharacterized conserved protein
Echvi_2095	Echvi_2095	Echvi_Contig97.1	2473806	2473879	-	5	tRNA
Echvi_2096	Echvi_2096	Echvi_Contig97.1	2474250	2475512	+	1	Cytochrome c, mono- and diheme variants
Echvi_2097	Echvi_2097	Echvi_Contig97.1	2475553	2478642	+	1	Fe-S-cluster-containing hydrogenase components 1
Echvi_2098	Echvi_2098	Echvi_Contig97.1	2478661	2480025	+	1	Polysulphide reductase
Echvi_2099	Echvi_2099	Echvi_Contig97.1	2480025	2480555	+	1	Protein of unknown function (DUF3341).
Echvi_2100	Echvi_2100	Echvi_Contig97.1	2480573	2481202	+	1	Cytochrome c, mono- and diheme variants
Echvi_2101	Echvi_2101	Echvi_Contig97.1	2481202	2482602	+	1	hypothetical protein
Echvi_2102	Echvi_2102	Echvi_Contig97.1	2482627	2483655	+	1	Heme/copper-type cytochrome/quinol oxidases, subunit 2
Echvi_2103	Echvi_2103	Echvi_Contig97.1	2483683	2485581	+	1	Heme/copper-type cytochrome/quinol oxidases, subunit 1
Echvi_2104	Echvi_2104	Echvi_Contig97.1	2485562	2486644	+	1	Uncharacterized protein required for cytochrome oxidase assembly
Echvi_2105	Echvi_2105	Echvi_Contig97.1	2486641	2487546	+	1	protoheme IX farnesyltransferase
Echvi_2106	Echvi_2106	Echvi_Contig97.1	2487546	2488127	+	1	Heme/copper-type cytochrome/quinol oxidase, subunit 3
Echvi_2107	Echvi_2107	Echvi_Contig97.1	2488154	2488924	+	1	Heme/copper-type cytochrome/quinol oxidase, subunit 3
Echvi_2108	Echvi_2108	Echvi_Contig97.1	2488949	2489278	+	1	Predicted small integral membrane protein
Echvi_2109	Echvi_2109	Echvi_Contig97.1	2489319	2490023	+	1	Uncharacterized protein SCO1/SenC/PrrC, involved in biogenesis of respiratory and photosynthetic systems
Echvi_2110	Echvi_2110	Echvi_Contig97.1	2490010	2490564	+	1	Predicted membrane protein
Echvi_2111	Echvi_2111	Echvi_Contig97.1	2490622	2490849	+	1	hypothetical protein
Echvi_2112	Echvi_2112	Echvi_Contig97.1	2490923	2494651	+	1	His Kinase A (phosphoacceptor) domain./Histidine kinase-, DNA gyrase B-, and HSP90-like ATPase.
Echvi_2113	Echvi_2113	Echvi_Contig97.1	2494664	2498161	+	1	hypothetical protein
Echvi_2114	Echvi_2114	Echvi_Contig97.1	2498206	2499588	-	1	hypothetical protein
Echvi_2115	Echvi_2115	Echvi_Contig97.1	2499919	2501049	+	1	hypothetical protein
Echvi_2116	Echvi_2116	Echvi_Contig97.1	2501486	2501866	-	1	hypothetical protein
Echvi_2117	Echvi_2117	Echvi_Contig97.1	2502106	2503002	+	1	Transposase DDE domain.
Echvi_2118	Echvi_2118	Echvi_Contig97.1	2502934	2503917	-	1	hypothetical protein
Echvi_2119	Echvi_2119	Echvi_Contig97.1	2504407	2505111	+	1	Short-chain alcohol dehydrogenase of unknown specificity
Echvi_2120	Echvi_2120	Echvi_Contig97.1	2505125	2507110	+	1	1-hydroxy-2-methyl-2-(E)-butenyl 4-diphosphate synthase
Echvi_2121	Echvi_2121	Echvi_Contig97.1	2507241	2507432	+	1	hypothetical protein
Echvi_2122	Echvi_2122	Echvi_Contig97.1	2507570	2507920	+	1	Uncharacterized protein conserved in bacteria
Echvi_2123	Echvi_2123	Echvi_Contig97.1	2507917	2508873	+	1	ABC-type spermidine/putrescine transport systems, ATPase components
Echvi_2124	Echvi_2124	Echvi_Contig97.1	2509034	2509240	-	1	hypothetical protein
Echvi_2125	Echvi_2125	Echvi_Contig97.1	2509292	2509810	-	1	FKBP-type peptidyl-prolyl cis-trans isomerases 2
Echvi_2126	Echvi_2126	Echvi_Contig97.1	2509931	2512705	-	1	leucyl-tRNA synthetase, eubacterial and mitochondrial family
Echvi_2127	Echvi_2127	Echvi_Contig97.1	2513000	2513965	-	1	hypothetical protein
Echvi_2128	Echvi_2128	Echvi_Contig97.1	2514055	2514957	-	1	Small-conductance mechanosensitive channel
Echvi_2129	Echvi_2129	Echvi_Contig97.1	2515113	2516654	+	1	Predicted amidohydrolase
Echvi_2130	Echvi_2130	Echvi_Contig97.1	2516752	2517303	+	1	3-deoxy-D-manno-octulosonate 8-phosphate phosphatase, YrbI family
Echvi_2131	Echvi_2131	Echvi_Contig97.1	2517307	2518155	+	1	3-deoxy-8-phosphooctulonate synthase
Echvi_2132	Echvi_2132	Echvi_Contig97.1	2518266	2519918	+	1	Uncharacterized protein conserved in bacteria
Echvi_2133	Echvi_2133	Echvi_Contig97.1	2520009	2521616	+	1	Uncharacterized protein conserved in bacteria
Echvi_2134	Echvi_2134	Echvi_Contig97.1	2521634	2522347	-	1	hypothetical protein
Echvi_2135	Echvi_2135	Echvi_Contig97.1	2522768	2523178	+	1	6-pyruvoyl-tetrahydropterin synthase
Echvi_2136	Echvi_2136	Echvi_Contig97.1	2523138	2523836	+	1	GTP cyclohydrolase I
Echvi_2137	Echvi_2137	Echvi_Contig97.1	2523900	2525816	-	1	Peptide-N-glycosidase F, N terminal./Peptide-N-glycosidase F, C terminal.
Echvi_2138	Echvi_2138	Echvi_Contig97.1	2525896	2527329	-	1	Arylsulfatase A and related enzymes
Echvi_2139	Echvi_2139	Echvi_Contig97.1	2527723	2528328	+	1	RNA polymerase sigma-70 factor, Bacteroides expansion family 1
Echvi_2140	Echvi_2140	Echvi_Contig97.1	2528480	2529523	+	1	Fe2+-dicitrate sensor, membrane component
Echvi_2141	Echvi_2141	Echvi_Contig97.1	2529672	2533154	+	1	TonB-linked outer membrane protein, SusC/RagA family
Echvi_2142	Echvi_2142	Echvi_Contig97.1	2533169	2534950	+	1	SusD family.
Echvi_2143	Echvi_2143	Echvi_Contig97.1	2535400	2538510	+	1	Beta-galactosidase/beta-glucuronidase
Echvi_2144	Echvi_2144	Echvi_Contig97.1	2538552	2539850	+	1	Domain of unknown function (DUF3472).
Echvi_2145	Echvi_2145	Echvi_Contig97.1	2540059	2540190	-	1	hypothetical protein
Echvi_2146	Echvi_2146	Echvi_Contig97.1	2540498	2543506	+	1	TonB-linked outer membrane protein, SusC/RagA family
Echvi_2147	Echvi_2147	Echvi_Contig97.1	2543526	2545160	+	1	SusD family.
Echvi_2148	Echvi_2148	Echvi_Contig97.1	2545465	2545620	+	1	hypothetical protein
Echvi_2149	Echvi_2149	Echvi_Contig97.1	2545617	2547065	+	1	Retron-type reverse transcriptase
Echvi_2150	Echvi_2150	Echvi_Contig97.1	2547550	2557092	+	1	conserved repeat domain
Echvi_2151	Echvi_2151	Echvi_Contig97.1	2557100	2558068	+	1	Bacteroidetes-specific putative membrane protein
Echvi_2152	Echvi_2152	Echvi_Contig97.1	2558081	2560057	+	1	Outer membrane protein and related peptidoglycan-associated (lipo)proteins
Echvi_2153	Echvi_2153	Echvi_Contig97.1	2560099	2562432	+	1	hypothetical protein
Echvi_2154	Echvi_2154	Echvi_Contig97.1	2562451	2563191	-	1	Response regulator of the LytR/AlgR family
Echvi_2155	Echvi_2155	Echvi_Contig97.1	2563668	2565374	+	1	PAS domain S-box
Echvi_2156	Echvi_2156	Echvi_Contig97.1	2565474	2566355	+	1	Domain of Unknown Function (DUF1080).
Echvi_2157	Echvi_2157	Echvi_Contig97.1	2566455	2566703	-	1	hypothetical protein
Echvi_2158	Echvi_2158	Echvi_Contig97.1	2566905	2568155	-	1	Uncharacterized protein conserved in bacteria
Echvi_2159	Echvi_2159	Echvi_Contig97.1	2568231	2569814	-	1	N-acetyl-beta-hexosaminidase
Echvi_2160	Echvi_2160	Echvi_Contig97.1	2569994	2571223	-	1	Highly conserved protein containing a thioredoxin domain
Echvi_2161	Echvi_2161	Echvi_Contig97.1	2571579	2572181	+	1	RNA polymerase sigma factor, sigma-70 family
Echvi_2162	Echvi_2162	Echvi_Contig97.1	2572913	2573956	+	1	Fe2+-dicitrate sensor, membrane component
Echvi_2163	Echvi_2163	Echvi_Contig97.1	2574012	2577461	+	1	TonB-linked outer membrane protein, SusC/RagA family
Echvi_2164	Echvi_2164	Echvi_Contig97.1	2577491	2579113	+	1	SusD family.
Echvi_2165	Echvi_2165	Echvi_Contig97.1	2579181	2582657	+	1	Polysaccharide lyase family 8, C-terminal beta-sandwich domain./Polysaccharide lyase family 8, super-sandwich domain./Polysaccharide lyase family 8, N terminal alpha-helical domain.
Echvi_2166	Echvi_2166	Echvi_Contig97.1	2582722	2584674	+	1	Heparinase II/III-like protein.
Echvi_2167	Echvi_2167	Echvi_Contig97.1	2584728	2586056	-	1	Arylsulfatase A and related enzymes
Echvi_2168	Echvi_2168	Echvi_Contig97.1	2586410	2587024	+	1	RNA polymerase sigma-70 factor, Bacteroides expansion family 1
Echvi_2169	Echvi_2169	Echvi_Contig97.1	2587818	2588813	+	1	Fe2+-dicitrate sensor, membrane component
Echvi_2170	Echvi_2170	Echvi_Contig97.1	2588915	2592397	+	1	TonB-linked outer membrane protein, SusC/RagA family
Echvi_2171	Echvi_2171	Echvi_Contig97.1	2592414	2594174	+	1	SusD family.
Echvi_2172	Echvi_2172	Echvi_Contig97.1	2594286	2595827	+	1	Arylsulfatase A and related enzymes
Echvi_2173	Echvi_2173	Echvi_Contig97.1	2595952	2597484	+	1	Arylsulfatase A and related enzymes
Echvi_2174	Echvi_2174	Echvi_Contig97.1	2597722	2598198	-	1	hypothetical protein
Echvi_2175	Echvi_2175	Echvi_Contig97.1	2598394	2598486	-	1	hypothetical protein
Echvi_2176	Echvi_2176	Echvi_Contig97.1	2598614	2599261	+	1	RNA polymerase sigma factor, sigma-70 family
Echvi_2177	Echvi_2177	Echvi_Contig97.1	2599345	2600397	+	1	Fe2+-dicitrate sensor, membrane component
Echvi_2178	Echvi_2178	Echvi_Contig97.1	2600432	2603869	+	1	TonB-linked outer membrane protein, SusC/RagA family
Echvi_2179	Echvi_2179	Echvi_Contig97.1	2603888	2605669	+	1	SusD family.
Echvi_2180	Echvi_2180	Echvi_Contig97.1	2605800	2607179	+	1	hypothetical protein
Echvi_2181	Echvi_2181	Echvi_Contig97.1	2607262	2609376	+	1	Beta-galactosidase/beta-glucuronidase
Echvi_2182	Echvi_2182	Echvi_Contig97.1	2609396	2610850	+	1	Alpha-L-fucosidase
Echvi_2183	Echvi_2183	Echvi_Contig97.1	2611164	2611328	+	1	hypothetical protein
Echvi_2184	Echvi_2184	Echvi_Contig97.1	2611343	2611714	+	1	hypothetical protein
Echvi_2185	Echvi_2185	Echvi_Contig97.1	2611732	2612043	+	1	Protein of unknown function (DUF2874).
Echvi_2186	Echvi_2186	Echvi_Contig97.1	2612713	2613489	-	1	rRNA methylase, putative, group 3
Echvi_2187	Echvi_2187	Echvi_Contig97.1	2613462	2614709	-	1	hypothetical protein
Echvi_2188	Echvi_2188	Echvi_Contig97.1	2614759	2615535	+	1	Methyltransferase domain.
Echvi_2189	Echvi_2189	Echvi_Contig97.1	2615542	2615984	+	1	Acetyltransferases
Echvi_2190	Echvi_2190	Echvi_Contig97.1	2616145	2619126	-	1	4-amino-4-deoxy-L-arabinose transferase and related glycosyltransferases of PMT family
Echvi_2191	Echvi_2191	Echvi_Contig97.1	2619267	2619884	-	1	hypothetical protein
Echvi_2192	Echvi_2192	Echvi_Contig97.1	2620299	2621495	+	1	hypothetical protein
Echvi_2193	Echvi_2193	Echvi_Contig97.1	2621707	2622189	+	1	Transcriptional regulators
Echvi_2194	Echvi_2194	Echvi_Contig97.1	2622258	2622800	+	1	ADP-ribose pyrophosphatase
Echvi_2195	Echvi_2195	Echvi_Contig97.1	2622862	2624235	+	1	putative efflux protein, MATE family
Echvi_2196	Echvi_2196	Echvi_Contig97.1	2624353	2624922	+	1	Acyl-CoA hydrolase
Echvi_2197	Echvi_2197	Echvi_Contig97.1	2624919	2626124	-	1	Arabinose efflux permease
Echvi_2198	Echvi_2198	Echvi_Contig97.1	2626235	2626372	-	1	hypothetical protein
Echvi_2199	Echvi_2199	Echvi_Contig97.1	2626715	2626876	-	1	hypothetical protein
Echvi_2200	Echvi_2200	Echvi_Contig97.1	2627061	2628162	-	1	peptide chain release factor 2
Echvi_2201	Echvi_2201	Echvi_Contig97.1	2628412	2628972	-	1	hypothetical protein
Echvi_2202	Echvi_2202	Echvi_Contig97.1	2629150	2630217	-	1	branched-chain amino acid aminotransferase, group II
Echvi_2203	Echvi_2203	Echvi_Contig97.1	2630222	2630770	-	1	ATP:cob(I)alamin adenosyltransferase
Echvi_2204	Echvi_2204	Echvi_Contig97.1	2630905	2631627	-	1	ABC-type antimicrobial peptide transport system, ATPase component
Echvi_2205	Echvi_2205	Echvi_Contig97.1	2631788	2634589	-	1	hypothetical protein
Echvi_2206	Echvi_2206	Echvi_Contig97.1	2634589	2634876	-	1	aspartyl/glutamyl-tRNA(Asn/Gln) amidotransferase, C subunit
Echvi_2207	Echvi_2207	Echvi_Contig97.1	2634906	2635631	-	1	1-acyl-sn-glycerol-3-phosphate acyltransferase
Echvi_2208	Echvi_2208	Echvi_Contig97.1	2635639	2636010	-	1	Truncated hemoglobins
Echvi_2209	Echvi_2209	Echvi_Contig97.1	2636140	2637495	-	1	Membrane-bound serine protease (ClpP class)
Echvi_2210	Echvi_2210	Echvi_Contig97.1	2637755	2638981	+	1	Lipoproteins
Echvi_2211	Echvi_2211	Echvi_Contig97.1	2639111	2639245	+	1	hypothetical protein
Echvi_2212	Echvi_2212	Echvi_Contig97.1	2639952	2640506	+	1	hypothetical protein
Echvi_2213	Echvi_2213	Echvi_Contig97.1	2640503	2641270	+	1	TIGR02757 family protein
Echvi_2214	Echvi_2214	Echvi_Contig97.1	2641350	2641997	-	1	orotate phosphoribosyltransferase
Echvi_2215	Echvi_2215	Echvi_Contig97.1	2642081	2642767	+	1	ADP-ribose pyrophosphatase
Echvi_2216	Echvi_2216	Echvi_Contig97.1	2642755	2643210	-	1	pantetheine-phosphate adenylyltransferase, bacterial
Echvi_2217	Echvi_2217	Echvi_Contig97.1	2643215	2644048	-	1	hypothetical protein
Echvi_2218	Echvi_2218	Echvi_Contig97.1	2644051	2644638	-	1	hypothetical protein
Echvi_2219	Echvi_2219	Echvi_Contig97.1	2644691	2645194	-	1	ADP-ribose pyrophosphatase
Echvi_2220	Echvi_2220	Echvi_Contig97.1	2645218	2646645	+	1	PIF1 helicase.
Echvi_2221	Echvi_2221	Echvi_Contig97.1	2646825	2647247	+	1	Protein of unknown function (DUF1573).
Echvi_2222	Echvi_2222	Echvi_Contig97.1	2647296	2647469	+	1	hypothetical protein
Echvi_2223	Echvi_2223	Echvi_Contig97.1	2647514	2647831	-	1	hypothetical protein
Echvi_2224	Echvi_2224	Echvi_Contig97.1	2647879	2648034	-	1	hypothetical protein
Echvi_2225	Echvi_2225	Echvi_Contig97.1	2648306	2649658	-	1	Transposase DDE domain./Transposase domain (DUF772).
Echvi_2226	Echvi_2226	Echvi_Contig97.1	2649869	2650105	-	1	hypothetical protein
Echvi_2227	Echvi_2227	Echvi_Contig97.1	2650503	2652392	-	1	Predicted signal-transduction protein containing cAMP-binding and CBS domains
Echvi_2228	Echvi_2228	Echvi_Contig97.1	2652700	2653362	+	1	haloacid dehalogenase superfamily, subfamily IA, variant 3 with third motif having DD or ED
Echvi_2229	Echvi_2229	Echvi_Contig97.1	2653477	2654226	-	1	Lysophospholipase L1 and related esterases
Echvi_2230	Echvi_2230	Echvi_Contig97.1	2654393	2655445	-	1	Uncharacterized proteins, homologs of microcin C7 resistance protein MccF
Echvi_2231	Echvi_2231	Echvi_Contig97.1	2655467	2656768	-	1	D-alanyl-D-alanine carboxypeptidase (penicillin-binding protein 4)
Echvi_2232	Echvi_2232	Echvi_Contig97.1	2656820	2657206	-	1	Uncharacterized small membrane protein
Echvi_2233	Echvi_2233	Echvi_Contig97.1	2657267	2657941	-	1	pyridoxal phosphate enzyme, YggS family
Echvi_2234	Echvi_2234	Echvi_Contig97.1	2658109	2659647	+	1	GH3 auxin-responsive promoter.
Echvi_2235	Echvi_2235	Echvi_Contig97.1	2659652	2660284	+	1	Putative threonine efflux protein
Echvi_2236	Echvi_2236	Echvi_Contig97.1	2660953	2661159	+	1	hypothetical protein
Echvi_2237	Echvi_2237	Echvi_Contig97.1	2661549	2661758	+	1	hypothetical protein
Echvi_2238	Echvi_2238	Echvi_Contig97.1	2661883	2662227	+	1	hypothetical protein
Echvi_2239	Echvi_2239	Echvi_Contig97.1	2662541	2663308	+	1	hypothetical protein
Echvi_2240	Echvi_2240	Echvi_Contig97.1	2663322	2663929	+	1	Glycosyltransferase family 28 C-terminal domain.
Echvi_2241	Echvi_2241	Echvi_Contig97.1	2663957	2665945	+	1	ABC-type bacteriocin/lantibiotic exporters, contain an N-terminal double-glycine peptidase domain
Echvi_2242	Echvi_2242	Echvi_Contig97.1	2665970	2666155	+	1	hypothetical protein
Echvi_2243	Echvi_2243	Echvi_Contig97.1	2666163	2666375	+	1	hypothetical protein
Echvi_2244	Echvi_2244	Echvi_Contig97.1	2666454	2666600	+	1	hypothetical protein
Echvi_2245	Echvi_2245	Echvi_Contig97.1	2666634	2666810	+	1	hypothetical protein
Echvi_2246	Echvi_2246	Echvi_Contig97.1	2666995	2667198	+	1	hypothetical protein
Echvi_2247	Echvi_2247	Echvi_Contig97.1	2667639	2668268	+	1	hypothetical protein
Echvi_2248	Echvi_2248	Echvi_Contig97.1	2668291	2668782	+	1	Peroxiredoxin
Echvi_2249	Echvi_2249	Echvi_Contig97.1	2669017	2669253	+	1	hypothetical protein
Echvi_2250	Echvi_2250	Echvi_Contig97.1	2669250	2669450	+	1	hypothetical protein
Echvi_2251	Echvi_2251	Echvi_Contig97.1	2669752	2669928	+	1	hypothetical protein
Echvi_2252	Echvi_2252	Echvi_Contig97.1	2670048	2671094	-	1	Mg-chelatase subunit ChlD
Echvi_2253	Echvi_2253	Echvi_Contig97.1	2671081	2672004	-	1	hypothetical protein
Echvi_2254	Echvi_2254	Echvi_Contig97.1	2671997	2672875	-	1	Uncharacterized conserved protein (some members contain a von Willebrand factor type A (vWA) domain)
Echvi_2255	Echvi_2255	Echvi_Contig97.1	2672984	2673328	+	1	hypothetical protein
Echvi_2256	Echvi_2256	Echvi_Contig97.1	2673467	2675857	+	1	Mismatch repair ATPase (MutS family)
Echvi_2257	Echvi_2257	Echvi_Contig97.1	2675870	2676304	-	1	hypothetical protein
Echvi_2258	Echvi_2258	Echvi_Contig97.1	2676313	2676789	-	1	hypothetical protein
Echvi_2259	Echvi_2259	Echvi_Contig97.1	2676848	2677483	-	1	ABC-type multidrug transport system, ATPase component
Echvi_2260	Echvi_2260	Echvi_Contig97.1	2677487	2678266	-	1	acyl-[acyl-carrier-protein]--UDP-N-acetylglucosamine O-acyltransferase
Echvi_2261	Echvi_2261	Echvi_Contig97.1	2678263	2679657	-	1	UDP-3-0-acyl N-acetylglucosamine deacetylase/beta-hydroxyacyl-[acyl carrier protein] dehydratase FabZ
Echvi_2262	Echvi_2262	Echvi_Contig97.1	2679697	2680719	-	1	UDP-3-O-[3-hydroxymyristoyl] glucosamine N-acyltransferase
Echvi_2263	Echvi_2263	Echvi_Contig97.1	2680735	2681964	-	1	HD superfamily phosphohydrolases
Echvi_2264	Echvi_2264	Echvi_Contig97.1	2682031	2683593	+	1	Response regulator containing CheY-like receiver, AAA-type ATPase, and DNA-binding domains
Echvi_2265	Echvi_2265	Echvi_Contig97.1	2683604	2684026	+	1	ATPase, YjeE family
Echvi_2266	Echvi_2266	Echvi_Contig97.1	2684028	2685245	+	1	Alanine dehydrogenase
Echvi_2267	Echvi_2267	Echvi_Contig97.1	2685376	2685849	-	1	Response regulator containing CheY-like receiver, AAA-type ATPase, and DNA-binding domains
Echvi_2268	Echvi_2268	Echvi_Contig97.1	2686097	2687185	+	1	Dinucleotide-utilizing enzymes involved in molybdopterin and thiamine biosynthesis family 1
Echvi_2269	Echvi_2269	Echvi_Contig97.1	2687195	2687881	+	1	hypothetical protein
Echvi_2270	Echvi_2270	Echvi_Contig97.1	2687829	2690024	+	1	His Kinase A (phosphoacceptor) domain./7TM diverse intracellular signalling./Histidine kinase-, DNA gyrase B-, and HSP90-like ATPase.
Echvi_2271	Echvi_2271	Echvi_Contig97.1	2690017	2691099	+	1	His Kinase A (phosphoacceptor) domain./Response regulator receiver domain./Histidine kinase-, DNA gyrase B-, and HSP90-like ATPase.
Echvi_2272	Echvi_2272	Echvi_Contig97.1	2691179	2691898	-	1	Uncharacterized conserved protein
Echvi_2273	Echvi_2273	Echvi_Contig97.1	2692063	2692602	+	1	Inorganic pyrophosphatase
Echvi_2274	Echvi_2274	Echvi_Contig97.1	2692736	2693872	+	1	1-acyl-sn-glycerol-3-phosphate acyltransferase
Echvi_2275	Echvi_2275	Echvi_Contig97.1	2693898	2696906	-	1	DNA polymerase III, alpha subunit
Echvi_2276	Echvi_2276	Echvi_Contig97.1	2696990	2697505	+	1	Cysteine-rich domain.
Echvi_2277	Echvi_2277	Echvi_Contig97.1	2697527	2699065	-	1	Choline-glycine betaine transporter
Echvi_2278	Echvi_2278	Echvi_Contig97.1	2699234	2700280	+	1	Uncharacterized conserved protein
Echvi_2279	Echvi_2279	Echvi_Contig97.1	2700286	2701161	+	1	Sphingosine kinase and enzymes related to eukaryotic diacylglycerol kinase
Echvi_2280	Echvi_2280	Echvi_Contig97.1	2701292	2701747	-	1	hypothetical protein
Echvi_2281	Echvi_2281	Echvi_Contig97.1	2701950	2703410	-	1	Predicted dehydrogenases and related proteins
Echvi_2282	Echvi_2282	Echvi_Contig97.1	2703716	2705269	+	1	N-acetyl-beta-hexosaminidase
Echvi_2283	Echvi_2283	Echvi_Contig97.1	2705439	2706614	-	1	Cystathionine beta-lyases/cystathionine gamma-synthases
Echvi_2284	Echvi_2284	Echvi_Contig97.1	2706604	2706738	-	1	hypothetical protein
Echvi_2285	Echvi_2285	Echvi_Contig97.1	2706936	2707610	-	1	hypothetical protein
Echvi_2286	Echvi_2286	Echvi_Contig97.1	2707952	2709088	+	1	hypothetical protein
Echvi_2287	Echvi_2287	Echvi_Contig97.1	2709122	2709904	-	1	hypothetical protein
Echvi_2288	Echvi_2288	Echvi_Contig97.1	2711385	2712593	-	1	Predicted dehydrogenases and related proteins
Echvi_2289	Echvi_2289	Echvi_Contig97.1	2712886	2713467	+	1	sugar O-acyltransferase, sialic acid O-acetyltransferase NeuD family
Echvi_2290	Echvi_2290	Echvi_Contig97.1	2713474	2714130	+	1	cAMP-binding proteins - catabolite gene activator and regulatory subunit of cAMP-dependent protein kinases
Echvi_2291	Echvi_2291	Echvi_Contig97.1	2714149	2714964	-	1	Universal stress protein UspA and related nucleotide-binding proteins
Echvi_2292	Echvi_2292	Echvi_Contig97.1	2715123	2715926	+	1	Predicted permeases
Echvi_2293	Echvi_2293	Echvi_Contig97.1	2716066	2717487	+	1	Zn-dependent hydrolases, including glyoxylases
Echvi_2294	Echvi_2294	Echvi_Contig97.1	2717500	2718081	+	1	Predicted transporter component
Echvi_2295	Echvi_2295	Echvi_Contig97.1	2718135	2718572	+	1	YeeE/YedE family (DUF395).
Echvi_2296	Echvi_2296	Echvi_Contig97.1	2718867	2720048	+	1	Arabinose efflux permease
Echvi_2297	Echvi_2297	Echvi_Contig97.1	2720152	2722212	+	1	methionyl-tRNA synthetase/methionyl-tRNA synthetase C-terminal region/beta chain
Echvi_2298	Echvi_2298	Echvi_Contig97.1	2722583	2722810	+	1	hypothetical protein
Echvi_2299	Echvi_2299	Echvi_Contig97.1	2722842	2723618	-	1	Phosphopantetheinyl transferase
Echvi_2300	Echvi_2300	Echvi_Contig97.1	2724075	2728100	-	1	amino acid adenylation domain
Echvi_2301	Echvi_2301	Echvi_Contig97.1	2728111	2734755	-	1	amino acid adenylation domain
Echvi_2302	Echvi_2302	Echvi_Contig97.1	2735002	2735190	+	1	hypothetical protein
Echvi_2303	Echvi_2303	Echvi_Contig97.1	2735323	2736792	+	1	hypothetical protein
Echvi_2304	Echvi_2304	Echvi_Contig97.1	2736802	2737521	+	1	ABC-type multidrug transport system, ATPase component
Echvi_2305	Echvi_2305	Echvi_Contig97.1	2737702	2739774	-	1	Protease II
Echvi_2306	Echvi_2306	Echvi_Contig97.1	2739964	2740380	+	1	large conductance mechanosensitive channel protein
Echvi_2307	Echvi_2307	Echvi_Contig97.1	2740464	2742542	-	1	hypothetical protein
Echvi_2308	Echvi_2308	Echvi_Contig97.1	2742539	2743366	-	1	hypothetical protein
Echvi_2309	Echvi_2309	Echvi_Contig97.1	2743444	2744928	-	1	Outer membrane protein/protective antigen OMA87
Echvi_2310	Echvi_2310	Echvi_Contig97.1	2744981	2745202	+	1	conserved hypothetical protein YidD
Echvi_2311	Echvi_2311	Echvi_Contig97.1	2745199	2746302	-	1	Prolipoprotein diacylglyceryltransferase
Echvi_2312	Echvi_2312	Echvi_Contig97.1	2746335	2748188	-	1	NAD+ synthetase
Echvi_2313	Echvi_2313	Echvi_Contig97.1	2748279	2749022	-	1	ribonuclease III, bacterial
Echvi_2314	Echvi_2314	Echvi_Contig97.1	2749030	2750283	-	1	beta-ketoacyl-acyl-carrier-protein synthase II
Echvi_2315	Echvi_2315	Echvi_Contig97.1	2750306	2750542	-	1	acyl carrier protein
Echvi_2316	Echvi_2316	Echvi_Contig97.1	2750694	2751122	+	1	hypothetical protein
Echvi_2317	Echvi_2317	Echvi_Contig97.1	2751142	2752578	+	1	pyruvate kinase
Echvi_2318	Echvi_2318	Echvi_Contig97.1	2753523	2755091	-	1	Predicted RNA-binding protein homologous to eukaryotic snRNP
Echvi_2319	Echvi_2319	Echvi_Contig97.1	2755094	2755855	-	1	Metal-dependent hydrolases of the beta-lactamase superfamily I
Echvi_2320	Echvi_2320	Echvi_Contig97.1	2755964	2756242	-	1	hypothetical protein
Echvi_2321	Echvi_2321	Echvi_Contig97.1	2756262	2756645	-	1	Response regulator containing CheY-like receiver, AAA-type ATPase, and DNA-binding domains
Echvi_2322	Echvi_2322	Echvi_Contig97.1	2756647	2757393	-	1	Response regulator containing CheY-like receiver, AAA-type ATPase, and DNA-binding domains
Echvi_2323	Echvi_2323	Echvi_Contig97.1	2757444	2758361	+	1	tRNA dimethylallyltransferase
Echvi_2324	Echvi_2324	Echvi_Contig97.1	2758346	2758681	-	1	hypothetical protein
Echvi_2325	Echvi_2325	Echvi_Contig97.1	2758684	2759658	-	1	6-phosphofructokinase
Echvi_2326	Echvi_2326	Echvi_Contig97.1	2759988	2763074	+	1	hypothetical protein
Echvi_2327	Echvi_2327	Echvi_Contig97.1	2763086	2764051	+	1	Bacteroidetes-specific putative membrane protein
Echvi_2328	Echvi_2328	Echvi_Contig97.1	2764264	2765304	+	1	Nucleoside-diphosphate-sugar epimerases
Echvi_2329	Echvi_2329	Echvi_Contig97.1	2765407	2766453	+	1	dTDP-glucose 4,6-dehydratase
Echvi_2330	Echvi_2330	Echvi_Contig97.1	2766494	2766592	+	1	hypothetical protein
Echvi_2331	Echvi_2331	Echvi_Contig97.1	2766639	2767430	+	1	Periplasmic protein involved in polysaccharide export
Echvi_2332	Echvi_2332	Echvi_Contig97.1	2767434	2769875	+	1	capsular exopolysaccharide family
Echvi_2333	Echvi_2333	Echvi_Contig97.1	2769881	2771122	-	1	Anthranilate/para-aminobenzoate synthases component I
Echvi_2334	Echvi_2334	Echvi_Contig97.1	2771202	2771924	-	1	Uncharacterized conserved protein
Echvi_2335	Echvi_2335	Echvi_Contig97.1	2772073	2772588	+	1	Carbonic anhydrases/acetyltransferases, isoleucine patch superfamily
Echvi_2336	Echvi_2336	Echvi_Contig97.1	2772679	2773314	-	1	hypothetical protein
Echvi_2337	Echvi_2337	Echvi_Contig97.1	2773348	2774244	-	1	Transposase DDE domain.
Echvi_2338	Echvi_2338	Echvi_Contig97.1	2774771	2775796	-	1	Cytochrome bd-type quinol oxidase, subunit 2
Echvi_2339	Echvi_2339	Echvi_Contig97.1	2775800	2777125	-	1	Cytochrome bd-type quinol oxidase, subunit 1
Echvi_2340	Echvi_2340	Echvi_Contig97.1	2777247	2778335	-	1	Acyl-CoA synthetases (AMP-forming)/AMP-acid ligases II
Echvi_2341	Echvi_2341	Echvi_Contig97.1	2778562	2779395	+	1	naphthoate synthase (dihydroxynaphthoic acid synthetase)
Echvi_2342	Echvi_2342	Echvi_Contig97.1	2779466	2780758	+	1	Beta-lactamase class C and other penicillin binding proteins
Echvi_2343	Echvi_2343	Echvi_Contig97.1	2780837	2781451	+	1	Uncharacterized protein conserved in cyanobacteria
Echvi_2344	Echvi_2344	Echvi_Contig97.1	2781460	2783142	-	1	2-succinyl-5-enolpyruvyl-6-hydroxy-3-cyclohexene-1-carboxylic-acid synthase
Echvi_2345	Echvi_2345	Echvi_Contig97.1	2783150	2784352	-	1	isochorismate synthases
Echvi_2346	Echvi_2346	Echvi_Contig97.1	2784352	2784777	-	1	uncharacterized domain 1
Echvi_2347	Echvi_2347	Echvi_Contig97.1	2784935	2785567	+	1	Fructose-2,6-bisphosphatase
Echvi_2348	Echvi_2348	Echvi_Contig97.1	2785548	2785973	-	1	hypothetical protein
Echvi_2349	Echvi_2349	Echvi_Contig97.1	2786538	2787314	-	1	Zn-ribbon protein, possibly nucleic acid-binding
Echvi_2350	Echvi_2350	Echvi_Contig97.1	2787318	2788418	-	1	dinuclear metal center protein, YbgI/SA1388 family
Echvi_2351	Echvi_2351	Echvi_Contig97.1	2788463	2789530	+	1	tetraacyldisaccharide 4'-kinase
Echvi_2352	Echvi_2352	Echvi_Contig97.1	2789595	2791433	+	1	hypothetical protein
Echvi_2353	Echvi_2353	Echvi_Contig97.1	2791504	2792115	+	1	Hydroxylase for synthesis of 2-methylthio-cis-ribozeatin in tRNA
Echvi_2354	Echvi_2354	Echvi_Contig97.1	2792282	2793526	+	1	ABC-type antimicrobial peptide transport system, permease component
Echvi_2355	Echvi_2355	Echvi_Contig97.1	2793530	2793883	-	1	Predicted membrane protein
Echvi_2356	Echvi_2356	Echvi_Contig97.1	2794041	2795360	-	1	MiaB-like tRNA modifying enzyme
Echvi_2357	Echvi_2357	Echvi_Contig97.1	2795626	2797761	+	1	Uncharacterized protein related to glutamine synthetase
Echvi_2358	Echvi_2358	Echvi_Contig97.1	2797809	2798573	-	1	Uncharacterized protein, putative amidase
Echvi_2359	Echvi_2359	Echvi_Contig97.1	2798626	2798763	+	1	hypothetical protein
Echvi_2360	Echvi_2360	Echvi_Contig97.1	2798941	2800344	+	1	Alpha-L-fucosidase
Echvi_2361	Echvi_2361	Echvi_Contig97.1	2800522	2801379	+	1	glucose-1-phosphate thymidylyltransferase, short form
Echvi_2362	Echvi_2362	Echvi_Contig97.1	2801405	2802133	-	1	hypothetical protein
Echvi_2363	Echvi_2363	Echvi_Contig97.1	2802506	2802895	+	1	Predicted ring-cleavage extradiol dioxygenase
Echvi_2364	Echvi_2364	Echvi_Contig97.1	2802892	2803914	-	1	magnesium Mg(2+) and cobalt Co(2+) transport protein (corA)
Echvi_2365	Echvi_2365	Echvi_Contig97.1	2803898	2804293	-	1	Response regulator containing a CheY-like receiver domain and an HD-GYP domain
Echvi_2366	Echvi_2366	Echvi_Contig97.1	2804497	2806128	-	1	chaperonin GroL
Echvi_2367	Echvi_2367	Echvi_Contig97.1	2806180	2806458	-	1	Co-chaperonin GroES (HSP10)
Echvi_2368	Echvi_2368	Echvi_Contig97.1	2806678	2807385	+	1	hypothetical protein
Echvi_2369	Echvi_2369	Echvi_Contig97.1	2807528	2808205	-	1	hypothetical protein
Echvi_2370	Echvi_2370	Echvi_Contig97.1	2808387	2808686	-	1	hypothetical protein
Echvi_2371	Echvi_2371	Echvi_Contig97.1	2809004	2809975	-	1	Sterol desaturase
Echvi_2372	Echvi_2372	Echvi_Contig97.1	2810148	2810522	-	1	protein translocase, SecG subunit
Echvi_2373	Echvi_2373	Echvi_Contig97.1	2810535	2811389	-	1	hypothetical protein
Echvi_2374	Echvi_2374	Echvi_Contig97.1	2811430	2811966	-	1	hypothetical protein
Echvi_2375	Echvi_2375	Echvi_Contig97.1	2811959	2813260	-	1	Response regulator containing CheY-like receiver, AAA-type ATPase, and DNA-binding domains
Echvi_2376	Echvi_2376	Echvi_Contig97.1	2813283	2814743	-	1	tRNA-N(6)-(isopentenyl)adenosine-37 thiotransferase enzyme MiaB
Echvi_2377	Echvi_2377	Echvi_Contig97.1	2814828	2814980	-	1	hypothetical protein
Echvi_2378	Echvi_2378	Echvi_Contig97.1	2815032	2820089	+	1	Uncharacterized protein conserved in bacteria
Echvi_2379	Echvi_2379	Echvi_Contig97.1	2820106	2822385	+	1	Outer membrane protein/protective antigen OMA87
Echvi_2380	Echvi_2380	Echvi_Contig97.1	2822460	2823446	-	1	6-phosphofructokinase
Echvi_2381	Echvi_2381	Echvi_Contig97.1	2823436	2823822	-	1	methylglyoxal synthase
Echvi_2382	Echvi_2382	Echvi_Contig97.1	2824055	2826577	-	1	primosomal protein N'
Echvi_2383	Echvi_2383	Echvi_Contig97.1	2826583	2828619	-	1	Highly conserved protein containing a thioredoxin domain
Echvi_2384	Echvi_2384	Echvi_Contig97.1	2828635	2829615	-	1	GSCFA family.
Echvi_2385	Echvi_2385	Echvi_Contig97.1	2829810	2830058	+	1	hypothetical protein
Echvi_2386	Echvi_2386	Echvi_Contig97.1	2830399	2830842	-	1	ribosomal protein L9
Echvi_2387	Echvi_2387	Echvi_Contig97.1	2830888	2831139	-	1	ribosomal protein S18
Echvi_2388	Echvi_2388	Echvi_Contig97.1	2831136	2831507	-	1	ribosomal protein S6
Echvi_2389	Echvi_2389	Echvi_Contig97.1	2831944	2832864	-	1	hypothetical protein
Echvi_2390	Echvi_2390	Echvi_Contig97.1	2832907	2833506	+	1	Glutamyl-tRNA reductase
Echvi_2391	Echvi_2391	Echvi_Contig97.1	2833500	2834276	-	1	Predicted O-methyltransferase
Echvi_2392	Echvi_2392	Echvi_Contig97.1	2834276	2834662	-	1	Uncharacterized protein affecting Mg2+/Co2+ transport
Echvi_2393	Echvi_2393	Echvi_Contig97.1	2834734	2835396	+	1	uracil-DNA glycosylase
Echvi_2394	Echvi_2394	Echvi_Contig97.1	2835501	2836571	-	1	signal peptidase I, bacterial type
Echvi_2395	Echvi_2395	Echvi_Contig97.1	2836589	2837311	-	1	dihydrodipicolinate reductase
Echvi_2396	Echvi_2396	Echvi_Contig97.1	2837317	2837841	-	1	hypothetical protein
Echvi_2397	Echvi_2397	Echvi_Contig97.1	2837951	2838880	-	1	ParB-like partition proteins
Echvi_2398	Echvi_2398	Echvi_Contig97.1	2838896	2839675	-	1	ATPases involved in chromosome partitioning
Echvi_2399	Echvi_2399	Echvi_Contig97.1	2840057	2841853	-	1	membrane protein insertase, YidC/Oxa1 family, N-terminal domain
Echvi_2400	Echvi_2400	Echvi_Contig97.1	2841912	2843534	-	1	CTP synthase
Echvi_2401	Echvi_2401	Echvi_Contig97.1	2843776	2844039	-	1	hypothetical protein
Echvi_2402	Echvi_2402	Echvi_Contig97.1	2844112	2844579	+	1	hypothetical protein
Echvi_2403	Echvi_2403	Echvi_Contig97.1	2844576	2846006	+	1	tRNA nucleotidyltransferase/poly(A) polymerase
Echvi_2404	Echvi_2404	Echvi_Contig97.1	2846018	2846728	+	1	hypothetical protein
Echvi_2405	Echvi_2405	Echvi_Contig97.1	2846789	2848249	-	1	Periplasmic protease
Echvi_2406	Echvi_2406	Echvi_Contig97.1	2848738	2849871	+	1	UDP-N-acetylmuramyl pentapeptide phosphotransferase/UDP-N-acetylglucosamine-1-phosphate transferase
Echvi_2407	Echvi_2407	Echvi_Contig97.1	2850097	2850879	-	1	Protein of unknown function (DUF3050).
Echvi_2408	Echvi_2408	Echvi_Contig97.1	2850978	2852174	-	1	Nucleotidyltransferase/DNA polymerase involved in DNA repair
Echvi_2409	Echvi_2409	Echvi_Contig97.1	2852430	2852891	+	1	Acetyltransferases
Echvi_2410	Echvi_2410	Echvi_Contig97.1	2852891	2853343	+	1	Acetyltransferases
Echvi_2411	Echvi_2411	Echvi_Contig97.1	2853460	2853545	+	5	tRNA
Echvi_2412	Echvi_2412	Echvi_Contig97.1	2854119	2856518	+	1	Beta-glucosidase-related glycosidases
Echvi_2413	Echvi_2413	Echvi_Contig97.1	2856548	2858914	+	1	N-acetyl-beta-hexosaminidase
Echvi_2414	Echvi_2414	Echvi_Contig97.1	2859094	2861328	+	1	alpha-1,2-mannosidase, putative
Echvi_2415	Echvi_2415	Echvi_Contig97.1	2861664	2864786	+	1	TonB-linked outer membrane protein, SusC/RagA family
Echvi_2416	Echvi_2416	Echvi_Contig97.1	2864806	2866422	+	1	SusD family.
Echvi_2417	Echvi_2417	Echvi_Contig97.1	2866615	2867223	-	1	Ribonuclease HII
Echvi_2418	Echvi_2418	Echvi_Contig97.1	2867195	2869867	-	1	Mannosyl oligosaccharide glucosidase.
Echvi_2419	Echvi_2419	Echvi_Contig97.1	2870024	2871157	-	1	hypothetical protein
Echvi_2420	Echvi_2420	Echvi_Contig97.1	2871160	2872017	-	1	Uncharacterized protein conserved in bacteria
Echvi_2421	Echvi_2421	Echvi_Contig97.1	2872267	2873610	-	1	Histidine kinase-, DNA gyrase B-, and HSP90-like ATPase.
Echvi_2422	Echvi_2422	Echvi_Contig97.1	2873600	2874982	-	1	Response regulator containing CheY-like receiver, AAA-type ATPase, and DNA-binding domains
Echvi_2423	Echvi_2423	Echvi_Contig97.1	2875209	2875637	+	1	FKBP-type peptidyl-prolyl cis-trans isomerases 2
Echvi_2424	Echvi_2424	Echvi_Contig97.1	2875691	2876167	-	1	hypothetical protein
Echvi_2425	Echvi_2425	Echvi_Contig97.1	2876377	2877207	-	1	hypothetical protein
Echvi_2426	Echvi_2426	Echvi_Contig97.1	2877204	2877968	-	1	Uncharacterized protein conserved in bacteria
Echvi_2427	Echvi_2427	Echvi_Contig97.1	2878197	2880242	-	1	ATP-dependent metalloprotease FtsH
Echvi_2428	Echvi_2428	Echvi_Contig97.1	2880306	2880653	-	1	iojap-like ribosome-associated protein
Echvi_2429	Echvi_2429	Echvi_Contig97.1	2880742	2881500	+	1	birA, biotin-[acetyl-CoA-carboxylase] ligase region
Echvi_2430	Echvi_2430	Echvi_Contig97.1	2881577	2882893	+	1	adenosylhomocysteinase
Echvi_2431	Echvi_2431	Echvi_Contig97.1	2883643	2884518	+	1	Dehydrogenases with different specificities (related to short-chain alcohol dehydrogenases)
Echvi_2432	Echvi_2432	Echvi_Contig97.1	2884538	2885068	-	1	hypothetical protein
Echvi_2433	Echvi_2433	Echvi_Contig97.1	2885158	2885403	-	1	hypothetical protein
Echvi_2434	Echvi_2434	Echvi_Contig97.1	2885548	2885934	+	1	hypothetical protein
Echvi_2435	Echvi_2435	Echvi_Contig97.1	2886041	2889835	+	1	Putative silver efflux pump
Echvi_2436	Echvi_2436	Echvi_Contig97.1	2889832	2891163	+	1	Outer membrane protein
Echvi_2437	Echvi_2437	Echvi_Contig97.1	2891196	2892923	+	1	RND family efflux transporter, MFP subunit
Echvi_2438	Echvi_2438	Echvi_Contig97.1	2892995	2893528	+	1	Protein of unknown function (DUF3347).
Echvi_2439	Echvi_2439	Echvi_Contig97.1	2893562	2895568	+	1	copper-(or silver)-translocating P-type ATPase/heavy metal-(Cd/Co/Hg/Pb/Zn)-translocating P-type ATPase
Echvi_2440	Echvi_2440	Echvi_Contig97.1	2895570	2896865	-	1	Acetyl-CoA hydrolase
Echvi_2441	Echvi_2441	Echvi_Contig97.1	2897257	2900634	+	1	Methylmalonyl-CoA mutase, N-terminal domain/subunit
Echvi_2442	Echvi_2442	Echvi_Contig97.1	2900685	2901098	+	1	Predicted redox protein, regulator of disulfide bond formation
Echvi_2443	Echvi_2443	Echvi_Contig97.1	2901095	2901334	+	1	hypothetical protein
Echvi_2444	Echvi_2444	Echvi_Contig97.1	2901362	2902372	+	1	Predicted cysteine protease (OTU family)
Echvi_2445	Echvi_2445	Echvi_Contig97.1	2902381	2905251	+	1	PAS domain S-box
Echvi_2446	Echvi_2446	Echvi_Contig97.1	2905313	2906596	-	1	Pyruvate/2-oxoglutarate dehydrogenase complex, dihydrolipoamide acyltransferase (E2) component, and related enzymes
Echvi_2447	Echvi_2447	Echvi_Contig97.1	2906682	2907938	-	1	competence/damage-inducible protein CinA C-terminal domain
Echvi_2448	Echvi_2448	Echvi_Contig97.1	2907935	2908468	-	1	Dihydrofolate reductase
Echvi_2449	Echvi_2449	Echvi_Contig97.1	2908624	2909562	-	1	hypothetical protein
Echvi_2450	Echvi_2450	Echvi_Contig97.1	2909735	2910655	-	1	methionyl-tRNA formyltransferase
Echvi_2451	Echvi_2451	Echvi_Contig97.1	2910726	2911949	-	1	Uncharacterized protein conserved in bacteria
Echvi_2452	Echvi_2452	Echvi_Contig97.1	2911978	2913198	+	1	ABC-type transport system, involved in lipoprotein release, permease component
Echvi_2453	Echvi_2453	Echvi_Contig97.1	2913222	2914001	-	1	Glycosyltransferases involved in cell wall biogenesis
Echvi_2454	Echvi_2454	Echvi_Contig97.1	2914183	2914968	-	1	Tetratricopeptide repeat.
Echvi_2455	Echvi_2455	Echvi_Contig97.1	2915124	2915546	+	1	hypothetical protein
Echvi_2456	Echvi_2456	Echvi_Contig97.1	2915574	2916632	+	1	hypothetical protein
Echvi_2457	Echvi_2457	Echvi_Contig97.1	2916732	2917829	-	1	histidinol-phosphatase
Echvi_2458	Echvi_2458	Echvi_Contig97.1	2917911	2918975	-	1	histidinol-phosphate aminotransferase
Echvi_2459	Echvi_2459	Echvi_Contig97.1	2918979	2920268	-	1	histidinol dehydrogenase
Echvi_2460	Echvi_2460	Echvi_Contig97.1	2920293	2921153	-	1	ATP phosphoribosyltransferase
Echvi_2461	Echvi_2461	Echvi_Contig97.1	2921430	2922671	-	1	glutamyl-tRNA reductase
Echvi_2462	Echvi_2462	Echvi_Contig97.1	2922793	2922972	+	1	hypothetical protein
Echvi_2463	Echvi_2463	Echvi_Contig97.1	2923338	2923703	-	1	Translation initiation factor 1 (eIF-1/SUI1) and related proteins
Echvi_2464	Echvi_2464	Echvi_Contig97.1	2923700	2924548	-	1	Universal stress protein UspA and related nucleotide-binding proteins
Echvi_2465	Echvi_2465	Echvi_Contig97.1	2924687	2925601	-	1	1,4-dihydroxy-2-naphthoate octaprenyltransferase
Echvi_2466	Echvi_2466	Echvi_Contig97.1	2925711	2926307	-	1	Glutathione peroxidase
Echvi_2467	Echvi_2467	Echvi_Contig97.1	2926310	2928100	-	1	arginyl-tRNA synthetase
Echvi_2468	Echvi_2468	Echvi_Contig97.1	2928164	2929114	-	1	Arginase/agmatinase/formimionoglutamate hydrolase, arginase family
Echvi_2469	Echvi_2469	Echvi_Contig97.1	2929691	2930320	+	1	hypothetical protein
Echvi_2470	Echvi_2470	Echvi_Contig97.1	2930830	2930997	+	1	hypothetical protein
Echvi_2471	Echvi_2471	Echvi_Contig97.1	2931085	2932545	-	1	efflux transporter, outer membrane factor (OMF) lipoprotein, NodT family
Echvi_2472	Echvi_2472	Echvi_Contig97.1	2932548	2935724	-	1	The (Largely Gram-negative Bacterial) Hydrophobe/Amphiphile Efflux-1 (HAE1) Family
Echvi_2473	Echvi_2473	Echvi_Contig97.1	2935870	2937027	-	1	RND family efflux transporter, MFP subunit
Echvi_2474	Echvi_2474	Echvi_Contig97.1	2937424	2938812	+	1	Diaminopimelate decarboxylase
Echvi_2475	Echvi_2475	Echvi_Contig97.1	2939026	2940144	-	1	Predicted amino acid aldolase or racemase
Echvi_2476	Echvi_2476	Echvi_Contig97.1	2940149	2941189	-	1	hypothetical protein
Echvi_2477	Echvi_2477	Echvi_Contig97.1	2941571	2942107	+	1	hypothetical protein
Echvi_2478	Echvi_2478	Echvi_Contig97.1	2942139	2942636	+	1	hypothetical protein
Echvi_2479	Echvi_2479	Echvi_Contig97.1	2942805	2943602	-	1	pyrroline-5-carboxylate reductase
Echvi_2480	Echvi_2480	Echvi_Contig97.1	2943798	2946431	-	1	valyl-tRNA synthetase
Echvi_2481	Echvi_2481	Echvi_Contig97.1	2946772	2948049	+	1	fumarylacetoacetase
Echvi_2482	Echvi_2482	Echvi_Contig97.1	2948237	2948695	-	1	hypothetical protein
Echvi_2483	Echvi_2483	Echvi_Contig97.1	2948898	2949716	-	1	Protein tyrosine/serine phosphatase
Echvi_2484	Echvi_2484	Echvi_Contig97.1	2949727	2952696	-	1	TonB-dependent receptor
Echvi_2485	Echvi_2485	Echvi_Contig97.1	2952993	2954081	-	1	AraC-type DNA-binding domain-containing proteins
Echvi_2486	Echvi_2486	Echvi_Contig97.1	2954341	2954937	+	1	hypothetical protein
Echvi_2487	Echvi_2487	Echvi_Contig97.1	2955006	2956082	-	1	Fatty acid desaturase
Echvi_2488	Echvi_2488	Echvi_Contig97.1	2956286	2956999	+	1	hypothetical protein
Echvi_2489	Echvi_2489	Echvi_Contig97.1	2957148	2958740	-	1	Uncharacterized protein conserved in bacteria
Echvi_2490	Echvi_2490	Echvi_Contig97.1	2958752	2959558	-	1	Predicted peptidase
Echvi_2491	Echvi_2491	Echvi_Contig97.1	2959569	2961869	-	1	Beta-glucosidase-related glycosidases
Echvi_2492	Echvi_2492	Echvi_Contig97.1	2961967	2963859	-	1	Uncharacterized protein conserved in bacteria
Echvi_2493	Echvi_2493	Echvi_Contig97.1	2964150	2965241	-	1	hypothetical protein
Echvi_2494	Echvi_2494	Echvi_Contig97.1	2965270	2966811	-	1	SusD family.
Echvi_2495	Echvi_2495	Echvi_Contig97.1	2966834	2969920	-	1	TonB-linked outer membrane protein, SusC/RagA family
Echvi_2496	Echvi_2496	Echvi_Contig97.1	2970185	2972041	-	1	7TM diverse intracellular signalling./7TMR-DISM extracellular 2.
Echvi_2497	Echvi_2497	Echvi_Contig97.1	2972217	2973110	+	1	Conserved protein/domain typically associated with flavoprotein oxygenases, DIM6/NTAB family
Echvi_2498	Echvi_2498	Echvi_Contig97.1	2973360	2974058	-	1	Predicted ATPase involved in cell division
Echvi_2499	Echvi_2499	Echvi_Contig97.1	2974067	2974270	-	1	hypothetical protein
Echvi_2500	Echvi_2500	Echvi_Contig97.1	2974424	2975083	-	1	fructose-6-phosphate aldolase, TalC/MipB family
Echvi_2501	Echvi_2501	Echvi_Contig97.1	2975332	2975435	-	6	RNA
Echvi_2502	Echvi_2502	Echvi_Contig97.1	2975575	2975883	+	1	hypothetical protein
Echvi_2503	Echvi_2503	Echvi_Contig97.1	2975901	2976128	-	1	hypothetical protein
Echvi_2504	Echvi_2504	Echvi_Contig97.1	2976557	2977966	+	1	Anthranilate/para-aminobenzoate synthases component I
Echvi_2505	Echvi_2505	Echvi_Contig97.1	2978004	2978384	+	1	S23 ribosomal protein.
Echvi_2506	Echvi_2506	Echvi_Contig97.1	2978459	2979028	+	1	glutamine amidotransferase of anthranilate synthase or aminodeoxychorismate synthase
Echvi_2507	Echvi_2507	Echvi_Contig97.1	2979212	2980228	+	1	anthranilate phosphoribosyltransferase
Echvi_2508	Echvi_2508	Echvi_Contig97.1	2980232	2981050	+	1	Indole-3-glycerol phosphate synthase
Echvi_2509	Echvi_2509	Echvi_Contig97.1	2981054	2981674	+	1	Phosphoribosylanthranilate isomerase
Echvi_2510	Echvi_2510	Echvi_Contig97.1	2981708	2982886	+	1	tryptophan synthase, beta subunit
Echvi_2511	Echvi_2511	Echvi_Contig97.1	2982999	2983775	+	1	tryptophan synthase, alpha subunit
Echvi_2512	Echvi_2512	Echvi_Contig97.1	2983915	2984934	+	1	phospho-2-dehydro-3-deoxyheptonate aldolase
Echvi_2513	Echvi_2513	Echvi_Contig97.1	2985234	2986028	+	1	Phenylalanine-4-hydroxylase
Echvi_2514	Echvi_2514	Echvi_Contig97.1	2986245	2986829	+	1	imidazole glycerol phosphate synthase, glutamine amidotransferase subunit
Echvi_2515	Echvi_2515	Echvi_Contig97.1	2986832	2987551	+	1	phosphoribosylformimino-5-aminoimidazole carboxamide ribotide isomerase
Echvi_2516	Echvi_2516	Echvi_Contig97.1	2987687	2988442	+	1	imidazoleglycerol phosphate synthase, cyclase subunit
Echvi_2517	Echvi_2517	Echvi_Contig97.1	2988466	2989071	+	1	phosphoribosyl-ATP pyrophosphohydrolase
Echvi_2518	Echvi_2518	Echvi_Contig97.1	2989150	2990478	-	1	Periplasmic protease
Echvi_2519	Echvi_2519	Echvi_Contig97.1	2990635	2991300	+	1	hypothetical protein
Echvi_2520	Echvi_2520	Echvi_Contig97.1	2991313	2992635	+	1	Predicted unusual protein kinase
Echvi_2521	Echvi_2521	Echvi_Contig97.1	2993038	2994231	-	1	Glucose/sorbosone dehydrogenases
Echvi_2522	Echvi_2522	Echvi_Contig97.1	2994296	2996254	+	1	ATPase components of ABC transporters with duplicated ATPase domains
Echvi_2523	Echvi_2523	Echvi_Contig97.1	2996359	2997627	+	1	hypothetical protein
Echvi_2524	Echvi_2524	Echvi_Contig97.1	2998335	2999201	-	1	CRISPR-associated endoribonuclease Cas6
Echvi_2525	Echvi_2525	Echvi_Contig97.1	2999315	3000412	-	1	GTP-binding protein YchF
Echvi_2526	Echvi_2526	Echvi_Contig97.1	3000424	3001509	-	1	Predicted permease
Echvi_2527	Echvi_2527	Echvi_Contig97.1	3001643	3001981	-	1	Protein of unknown function (DUF3276).
Echvi_2528	Echvi_2528	Echvi_Contig97.1	3002178	3002525	-	1	hypothetical protein
Echvi_2529	Echvi_2529	Echvi_Contig97.1	3002900	3003916	+	1	Acyl-CoA reductase (LuxC).
Echvi_2530	Echvi_2530	Echvi_Contig97.1	3004013	3005320	+	1	Short chain fatty acids transporter
Echvi_2531	Echvi_2531	Echvi_Contig97.1	3005645	3007918	+	1	aconitate hydratase, mitochondrial
Echvi_2532	Echvi_2532	Echvi_Contig97.1	3008040	3008630	+	1	hypothetical protein
Echvi_2533	Echvi_2533	Echvi_Contig97.1	3008639	3009358	+	1	Protein of unknown function (DUF2490).
Echvi_2534	Echvi_2534	Echvi_Contig97.1	3009454	3011346	+	1	Signal transduction histidine kinase
Echvi_2535	Echvi_2535	Echvi_Contig97.1	3011334	3012281	-	1	Tetratricopeptide repeat.
Echvi_2536	Echvi_2536	Echvi_Contig97.1	3012795	3013148	+	1	arsenate reductase (glutaredoxin)
Echvi_2537	Echvi_2537	Echvi_Contig97.1	3013176	3014189	+	1	cation diffusion facilitator family transporter
Echvi_2538	Echvi_2538	Echvi_Contig97.1	3014220	3014633	-	1	Uncharacterized protein conserved in bacteria
Echvi_2539	Echvi_2539	Echvi_Contig97.1	3014756	3015736	+	1	Transcriptional regulator containing an amidase domain and an AraC-type DNA-binding HTH domain
Echvi_2540	Echvi_2540	Echvi_Contig97.1	3016001	3018370	+	1	Outer membrane receptor proteins, mostly Fe transport
Echvi_2541	Echvi_2541	Echvi_Contig97.1	3018367	3019185	+	1	hypothetical protein
Echvi_2542	Echvi_2542	Echvi_Contig97.1	3019451	3019648	+	1	hypothetical protein
Echvi_2543	Echvi_2543	Echvi_Contig97.1	3019638	3019820	+	1	hypothetical protein
Echvi_2544	Echvi_2544	Echvi_Contig97.1	3019992	3021170	+	1	hypothetical protein
Echvi_2545	Echvi_2545	Echvi_Contig97.1	3021406	3021951	+	1	Predicted transcriptional regulators
Echvi_2546	Echvi_2546	Echvi_Contig97.1	3021948	3022052	-	1	hypothetical protein
Echvi_2547	Echvi_2547	Echvi_Contig97.1	3022221	3023489	+	1	Site-specific recombinase XerD
Echvi_2548	Echvi_2548	Echvi_Contig97.1	3023482	3024465	+	1	Site-specific recombinase XerD
Echvi_2549	Echvi_2549	Echvi_Contig97.1	3024452	3025465	+	1	Site-specific recombinase XerD
Echvi_2550	Echvi_2550	Echvi_Contig97.1	3025553	3025741	+	1	DNA repair proteins
Echvi_2551	Echvi_2551	Echvi_Contig97.1	3025945	3028209	+	1	Periplasmic protease
Echvi_2552	Echvi_2552	Echvi_Contig97.1	3028368	3028976	-	1	hypothetical protein
Echvi_2553	Echvi_2553	Echvi_Contig97.1	3029067	3029531	+	1	hypothetical protein
Echvi_2554	Echvi_2554	Echvi_Contig97.1	3029576	3029833	-	1	hypothetical protein
Echvi_2555	Echvi_2555	Echvi_Contig97.1	3030070	3030213	-	1	hypothetical protein
Echvi_2556	Echvi_2556	Echvi_Contig97.1	3030289	3031583	-	1	Site-specific recombinase XerD
Echvi_2557	Echvi_2557	Echvi_Contig97.1	3031870	3031946	-	5	tRNA
Echvi_2558	Echvi_2558	Echvi_Contig97.1	3032893	3033849	-	1	Predicted oxidoreductases (related to aryl-alcohol dehydrogenases)
Echvi_2559	Echvi_2559	Echvi_Contig97.1	3034467	3036794	+	1	5-methyltetrahydropteroyltriglutamate--homocysteine S-methyltransferase
Echvi_2560	Echvi_2560	Echvi_Contig97.1	3036943	3037335	+	1	PAS domain S-box
Echvi_2561	Echvi_2561	Echvi_Contig97.1	3037332	3037724	+	1	Acyl-CoA hydrolase
Echvi_2562	Echvi_2562	Echvi_Contig97.1	3037784	3039193	-	1	Predicted phosphatase
Echvi_2563	Echvi_2563	Echvi_Contig97.1	3039409	3040167	-	1	hypothetical protein
Echvi_2564	Echvi_2564	Echvi_Contig97.1	3040834	3042207	-	1	exonuclease, DNA polymerase III, epsilon subunit family
Echvi_2565	Echvi_2565	Echvi_Contig97.1	3042249	3042941	+	1	DinB family.
Echvi_2566	Echvi_2566	Echvi_Contig97.1	3043079	3044056	+	1	biotin synthetase
Echvi_2567	Echvi_2567	Echvi_Contig97.1	3044109	3045788	-	1	Acyl-CoA synthetases (AMP-forming)/AMP-acid ligases II
Echvi_2568	Echvi_2568	Echvi_Contig97.1	3046210	3047412	+	1	hypothetical protein
Echvi_2569	Echvi_2569	Echvi_Contig97.1	3047523	3048041	-	1	Predicted thioesterase
Echvi_2570	Echvi_2570	Echvi_Contig97.1	3048142	3048657	-	1	Protein of unknown function (DUF664).
Echvi_2571	Echvi_2571	Echvi_Contig97.1	3048726	3050072	+	1	Predicted aminopeptidases
Echvi_2572	Echvi_2572	Echvi_Contig97.1	3050260	3052290	+	1	Zn-dependent oligopeptidases
Echvi_2573	Echvi_2573	Echvi_Contig97.1	3054013	3054897	+	1	AraC-type DNA-binding domain-containing proteins
Echvi_2574	Echvi_2574	Echvi_Contig97.1	3055133	3055234	-	1	hypothetical protein
Echvi_2575	Echvi_2575	Echvi_Contig97.1	3055250	3055822	+	1	hypothetical protein
Echvi_2576	Echvi_2576	Echvi_Contig97.1	3055999	3057156	+	1	Outer membrane protein/protective antigen OMA87
Echvi_2577	Echvi_2577	Echvi_Contig97.1	3057220	3058278	+	1	Phosphoserine phosphatase
Echvi_2578	Echvi_2578	Echvi_Contig97.1	3058339	3058974	+	1	hypothetical protein
Echvi_2579	Echvi_2579	Echvi_Contig97.1	3058986	3059576	+	1	OmpW family.
Echvi_2580	Echvi_2580	Echvi_Contig97.1	3059694	3060263	+	1	Uncharacterized conserved protein
Echvi_2581	Echvi_2581	Echvi_Contig97.1	3060385	3061185	+	1	hypothetical protein
Echvi_2582	Echvi_2582	Echvi_Contig97.1	3061278	3061796	+	1	hypothetical protein
Echvi_2583	Echvi_2583	Echvi_Contig97.1	3062173	3062454	+	1	selT/selW/selH selenoprotein domain
Echvi_2584	Echvi_2584	Echvi_Contig97.1	3062589	3063131	+	1	RNA polymerase sigma factor, sigma-70 family
Echvi_2585	Echvi_2585	Echvi_Contig97.1	3063422	3064450	+	1	Fe2+-dicitrate sensor, membrane component
Echvi_2586	Echvi_2586	Echvi_Contig97.1	3064457	3064582	+	1	hypothetical protein
Echvi_2587	Echvi_2587	Echvi_Contig97.1	3064579	3068109	+	1	TonB-linked outer membrane protein, SusC/RagA family
Echvi_2588	Echvi_2588	Echvi_Contig97.1	3068125	3069882	+	1	SusD family.
Echvi_2589	Echvi_2589	Echvi_Contig97.1	3070028	3071164	+	1	Histidinol phosphatase and related hydrolases of the PHP family
Echvi_2590	Echvi_2590	Echvi_Contig97.1	3071178	3071972	+	1	Metal-dependent hydrolase
Echvi_2591	Echvi_2591	Echvi_Contig97.1	3072241	3074565	+	1	Arylsulfatase A and related enzymes
Echvi_2592	Echvi_2592	Echvi_Contig97.1	3075005	3075820	+	1	ABC-type polysaccharide/polyol phosphate export systems, permease component
Echvi_2593	Echvi_2593	Echvi_Contig97.1	3076055	3077335	+	1	ABC-type polysaccharide/polyol phosphate transport system, ATPase component
Echvi_2594	Echvi_2594	Echvi_Contig97.1	3077449	3078075	+	1	methyltransferase, FkbM family
Echvi_2595	Echvi_2595	Echvi_Contig97.1	3078072	3078809	+	1	Mannosyltransferase OCH1 and related enzymes
Echvi_2596	Echvi_2596	Echvi_Contig97.1	3078817	3079809	+	1	Glycosyltransferases involved in cell wall biogenesis
Echvi_2597	Echvi_2597	Echvi_Contig97.1	3079812	3080513	+	1	hypothetical protein
Echvi_2598	Echvi_2598	Echvi_Contig97.1	3080485	3081357	+	1	Protein of unknown function (DUF3118).
Echvi_2599	Echvi_2599	Echvi_Contig97.1	3081339	3082256	+	1	Glycosyltransferases involved in cell wall biogenesis
Echvi_2600	Echvi_2600	Echvi_Contig97.1	3082243	3083091	+	1	Glycosyltransferases involved in cell wall biogenesis
Echvi_2601	Echvi_2601	Echvi_Contig97.1	3083084	3083992	+	1	Predicted glycosyltransferases
Echvi_2602	Echvi_2602	Echvi_Contig97.1	3083989	3085122	+	1	Glycosyltransferase
Echvi_2603	Echvi_2603	Echvi_Contig97.1	3085207	3085575	+	1	Uncharacterized protein conserved in bacteria
Echvi_2604	Echvi_2604	Echvi_Contig97.1	3085746	3086879	+	1	Glycosyltransferase
Echvi_2605	Echvi_2605	Echvi_Contig97.1	3086876	3088006	+	1	Glycosyltransferase
Echvi_2606	Echvi_2606	Echvi_Contig97.1	3088677	3088838	-	1	hypothetical protein
Echvi_2607	Echvi_2607	Echvi_Contig97.1	3088927	3089382	+	1	Transposase and inactivated derivatives
Echvi_2608	Echvi_2608	Echvi_Contig97.1	3089844	3091082	+	1	hypothetical protein
Echvi_2609	Echvi_2609	Echvi_Contig97.1	3091072	3092064	+	1	Predicted xylanase/chitin deacetylase
Echvi_2610	Echvi_2610	Echvi_Contig97.1	3092182	3093003	+	1	Esterase/lipase
Echvi_2611	Echvi_2611	Echvi_Contig97.1	3093098	3093997	-	1	hypothetical protein
Echvi_2612	Echvi_2612	Echvi_Contig97.1	3094491	3096053	-	1	Arylsulfatase A and related enzymes
Echvi_2613	Echvi_2613	Echvi_Contig97.1	3096428	3097711	-	1	Periplasmic component of the Tol biopolymer transport system
Echvi_2614	Echvi_2614	Echvi_Contig97.1	3097708	3099327	-	1	SusD family.
Echvi_2615	Echvi_2615	Echvi_Contig97.1	3099327	3102392	-	1	TonB-linked outer membrane protein, SusC/RagA family
Echvi_2616	Echvi_2616	Echvi_Contig97.1	3102733	3103896	-	1	hypothetical protein
Echvi_2617	Echvi_2617	Echvi_Contig97.1	3103967	3104932	+	1	N-acetylglutamate synthase and related acetyltransferases
Echvi_2618	Echvi_2618	Echvi_Contig97.1	3105323	3106075	-	1	hypothetical protein
Echvi_2619	Echvi_2619	Echvi_Contig97.1	3106147	3106737	-	1	Transcriptional regulator
Echvi_2620	Echvi_2620	Echvi_Contig97.1	3106888	3108009	-	1	Thiol-disulfide isomerase and thioredoxins
Echvi_2621	Echvi_2621	Echvi_Contig97.1	3108193	3109173	-	1	Predicted metal-dependent hydrolase of the TIM-barrel fold
Echvi_2622	Echvi_2622	Echvi_Contig97.1	3109862	3110557	+	1	Response regulators consisting of a CheY-like receiver domain and a winged-helix DNA-binding domain
Echvi_2623	Echvi_2623	Echvi_Contig97.1	3110554	3112011	+	1	Signal transduction histidine kinase
Echvi_2624	Echvi_2624	Echvi_Contig97.1	3112245	3112748	+	1	hypothetical protein
Echvi_2625	Echvi_2625	Echvi_Contig97.1	3112760	3113227	+	1	hypothetical protein
Echvi_2626	Echvi_2626	Echvi_Contig97.1	3113233	3114027	+	1	Predicted membrane protein
Echvi_2627	Echvi_2627	Echvi_Contig97.1	3114865	3115101	+	1	hypothetical protein
Echvi_2628	Echvi_2628	Echvi_Contig97.1	3115094	3116557	-	1	NhaP-type Na+/H+ and K+/H+ antiporters with a unique C-terminal domain
Echvi_2629	Echvi_2629	Echvi_Contig97.1	3116680	3117303	+	1	Methyltransferase domain.
Echvi_2630	Echvi_2630	Echvi_Contig97.1	3117617	3119446	+	1	Alkaline phosphatase
Echvi_2631	Echvi_2631	Echvi_Contig97.1	3119476	3119898	-	1	hypothetical protein
Echvi_2632	Echvi_2632	Echvi_Contig97.1	3119949	3120722	-	1	Zn-dependent hydrolases, including glyoxylases
Echvi_2633	Echvi_2633	Echvi_Contig97.1	3120871	3122070	-	1	gamma-glutamyl phosphate reductase
Echvi_2634	Echvi_2634	Echvi_Contig97.1	3122147	3122953	-	1	glutamate 5-kinase
Echvi_2635	Echvi_2635	Echvi_Contig97.1	3122928	3123743	-	1	pyrroline-5-carboxylate reductase
Echvi_2636	Echvi_2636	Echvi_Contig97.1	3124395	3125198	-	1	Autotransporter beta-domain.
Echvi_2637	Echvi_2637	Echvi_Contig97.1	3125516	3127858	+	1	Predicted esterase of the alpha-beta hydrolase superfamily
Echvi_2638	Echvi_2638	Echvi_Contig97.1	3127945	3128973	-	1	hypothetical protein
Echvi_2639	Echvi_2639	Echvi_Contig97.1	3129201	3130307	-	1	Predicted membrane-associated Zn-dependent proteases 1
Echvi_2640	Echvi_2640	Echvi_Contig97.1	3130297	3130929	-	1	haloacid dehalogenase superfamily, subfamily IA, variant 3 with third motif having DD or ED
Echvi_2641	Echvi_2641	Echvi_Contig97.1	3131065	3131138	+	5	tRNA
Echvi_2642	Echvi_2642	Echvi_Contig97.1	3131227	3131568	-	1	DNA binding domain, excisionase family
Echvi_2643	Echvi_2643	Echvi_Contig97.1	3131851	3133005	-	1	hypothetical protein
Echvi_2644	Echvi_2644	Echvi_Contig97.1	3133175	3133744	-	1	hypothetical protein
Echvi_2645	Echvi_2645	Echvi_Contig97.1	3133843	3134610	-	1	hypothetical protein
Echvi_2646	Echvi_2646	Echvi_Contig97.1	3134600	3134938	-	1	hypothetical protein
Echvi_2647	Echvi_2647	Echvi_Contig97.1	3135229	3135501	-	1	Helix-turn-helix.
Echvi_2648	Echvi_2648	Echvi_Contig97.1	3135508	3135927	-	1	Helix-turn-helix.
Echvi_2649	Echvi_2649	Echvi_Contig97.1	3136119	3136526	+	1	Predicted transcriptional regulators
Echvi_2650	Echvi_2650	Echvi_Contig97.1	3136523	3136849	+	1	hypothetical protein
Echvi_2651	Echvi_2651	Echvi_Contig97.1	3137569	3139011	-	1	hypothetical protein
Echvi_2652	Echvi_2652	Echvi_Contig97.1	3139368	3140102	-	1	hypothetical protein
Echvi_2653	Echvi_2653	Echvi_Contig97.1	3140171	3141466	-	1	Site-specific recombinase XerD
Echvi_2654	Echvi_2654	Echvi_Contig97.1	3141658	3141732	+	5	tRNA
Echvi_2655	Echvi_2655	Echvi_Contig97.1	3143376	3144029	+	1	RNA polymerase sigma factor, sigma-70 family
Echvi_2656	Echvi_2656	Echvi_Contig97.1	3144013	3145074	+	1	Fe2+-dicitrate sensor, membrane component
Echvi_2657	Echvi_2657	Echvi_Contig97.1	3145247	3148663	+	1	TonB-linked outer membrane protein, SusC/RagA family
Echvi_2658	Echvi_2658	Echvi_Contig97.1	3148677	3150575	+	1	SusD family.
Echvi_2659	Echvi_2659	Echvi_Contig97.1	3150619	3153636	+	1	TonB-linked outer membrane protein, SusC/RagA family
Echvi_2660	Echvi_2660	Echvi_Contig97.1	3153654	3155429	+	1	SusD family.
Echvi_2661	Echvi_2661	Echvi_Contig97.1	3155484	3156509	+	1	hypothetical protein
Echvi_2662	Echvi_2662	Echvi_Contig97.1	3156654	3158792	+	1	Beta-1,4-xylanase
Echvi_2663	Echvi_2663	Echvi_Contig97.1	3159058	3160218	+	1	Beta-1,4-xylanase
Echvi_2664	Echvi_2664	Echvi_Contig97.1	3160603	3162174	+	1	Beta-xylosidase
Echvi_2665	Echvi_2665	Echvi_Contig97.1	3162190	3163545	+	1	Beta-xylosidase
Echvi_2666	Echvi_2666	Echvi_Contig97.1	3163596	3166055	+	1	hypothetical protein
Echvi_2667	Echvi_2667	Echvi_Contig97.1	3166073	3167494	+	1	hypothetical protein
Echvi_2668	Echvi_2668	Echvi_Contig97.1	3167523	3168482	+	1	Beta-xylosidase
Echvi_2669	Echvi_2669	Echvi_Contig97.1	3168662	3169498	+	1	Domain of unknown function (DUF303).
Echvi_2670	Echvi_2670	Echvi_Contig97.1	3169533	3171434	+	1	Enterochelin esterase and related enzymes
Echvi_2671	Echvi_2671	Echvi_Contig97.1	3171513	3173462	+	1	Glycoside hydrolase 97.
Echvi_2672	Echvi_2672	Echvi_Contig97.1	3173473	3174843	+	1	Beta-xylosidase
Echvi_2673	Echvi_2673	Echvi_Contig97.1	3174888	3176630	+	1	Beta-xylosidase
Echvi_2674	Echvi_2674	Echvi_Contig97.1	3176741	3177679	+	1	Esterase/lipase
Echvi_2675	Echvi_2675	Echvi_Contig97.1	3177904	3180624	+	1	Beta-glucosidase-related glycosidases
Echvi_2676	Echvi_2676	Echvi_Contig97.1	3180910	3182787	-	1	7TM diverse intracellular signalling./7TMR-DISM extracellular 2.
Echvi_2677	Echvi_2677	Echvi_Contig97.1	3183304	3184443	+	1	Beta-1,4-xylanase
Echvi_2678	Echvi_2678	Echvi_Contig97.1	3184507	3185667	+	1	Beta-xylosidase
Echvi_2679	Echvi_2679	Echvi_Contig97.1	3185786	3185875	-	1	hypothetical protein
Echvi_2680	Echvi_2680	Echvi_Contig97.1	3186155	3186319	+	1	hypothetical protein
Echvi_2681	Echvi_2681	Echvi_Contig97.1	3186446	3189322	+	1	hypothetical protein
Echvi_2682	Echvi_2682	Echvi_Contig97.1	3189329	3191299	+	1	Domain of unknown function (DUF303).
Echvi_2683	Echvi_2683	Echvi_Contig97.1	3191315	3191509	+	1	hypothetical protein
Echvi_2684	Echvi_2684	Echvi_Contig97.1	3191564	3192100	+	1	Dihydrofolate reductase
Echvi_2685	Echvi_2685	Echvi_Contig97.1	3192081	3192305	-	1	hypothetical protein
Echvi_2686	Echvi_2686	Echvi_Contig97.1	3192305	3193027	-	1	Protocatechuate 3,4-dioxygenase beta subunit
Echvi_2687	Echvi_2687	Echvi_Contig97.1	3193199	3193627	-	1	Uncharacterized protein conserved in bacteria (DUF2141).
Echvi_2688	Echvi_2688	Echvi_Contig97.1	3193639	3194877	-	1	hypothetical protein
Echvi_2689	Echvi_2689	Echvi_Contig97.1	3195147	3196424	+	1	hypothetical protein
Echvi_2690	Echvi_2690	Echvi_Contig97.1	3196431	3197420	+	1	Uncharacterized protein conserved in bacteria
Echvi_2691	Echvi_2691	Echvi_Contig97.1	3197437	3198498	+	1	Putative regulator of cell autolysis
Echvi_2692	Echvi_2692	Echvi_Contig97.1	3198495	3199238	+	1	Response regulator of the LytR/AlgR family
Echvi_2693	Echvi_2693	Echvi_Contig97.1	3199363	3201624	+	1	catalase/peroxidase HPI
Echvi_2694	Echvi_2694	Echvi_Contig97.1	3201903	3203537	-	1	Beta-xylosidase
Echvi_2695	Echvi_2695	Echvi_Contig97.1	3203600	3206551	-	1	Beta-galactosidase/beta-glucuronidase
Echvi_2696	Echvi_2696	Echvi_Contig97.1	3207194	3208090	-	1	Signal transduction histidine kinase
Echvi_2697	Echvi_2697	Echvi_Contig97.1	3208077	3208469	-	1	hypothetical protein
Echvi_2698	Echvi_2698	Echvi_Contig97.1	3208847	3211975	-	1	PAS domain S-box
Echvi_2699	Echvi_2699	Echvi_Contig97.1	3212236	3213672	-	1	Imidazolonepropionase and related amidohydrolases
Echvi_2700	Echvi_2700	Echvi_Contig97.1	3213994	3214392	-	1	Acyl-CoA hydrolase
Echvi_2701	Echvi_2701	Echvi_Contig97.1	3214675	3216204	+	1	Pectate lyase
Echvi_2702	Echvi_2702	Echvi_Contig97.1	3216416	3217612	-	1	Putative GTPases (G3E family)
Echvi_2703	Echvi_2703	Echvi_Contig97.1	3217615	3218004	-	1	MerC mercury resistance protein.
Echvi_2704	Echvi_2704	Echvi_Contig97.1	3218066	3218752	+	1	ABC-type antimicrobial peptide transport system, ATPase component
Echvi_2705	Echvi_2705	Echvi_Contig97.1	3218749	3220035	+	1	ABC-type transport system, involved in lipoprotein release, permease component
Echvi_2706	Echvi_2706	Echvi_Contig97.1	3220043	3220459	+	1	hypothetical protein
Echvi_2707	Echvi_2707	Echvi_Contig97.1	3220620	3222095	+	1	Arylsulfatase A and related enzymes
Echvi_2708	Echvi_2708	Echvi_Contig97.1	3222524	3223117	+	1	cAMP-binding proteins - catabolite gene activator and regulatory subunit of cAMP-dependent protein kinases
Echvi_2709	Echvi_2709	Echvi_Contig97.1	3223181	3223564	+	1	Predicted enzyme related to lactoylglutathione lyase
Echvi_2710	Echvi_2710	Echvi_Contig97.1	3223575	3223970	+	1	Uncharacterized conserved protein
Echvi_2711	Echvi_2711	Echvi_Contig97.1	3224009	3224407	+	1	Uncharacterized protein conserved in bacteria
Echvi_2712	Echvi_2712	Echvi_Contig97.1	3224706	3225041	+	1	hypothetical protein
Echvi_2713	Echvi_2713	Echvi_Contig97.1	3225120	3225371	+	1	hypothetical protein
Echvi_2714	Echvi_2714	Echvi_Contig97.1	3225364	3225780	+	1	hypothetical protein
Echvi_2715	Echvi_2715	Echvi_Contig97.1	3225998	3226291	+	1	hypothetical protein
Echvi_2716	Echvi_2716	Echvi_Contig97.1	3226349	3226579	+	1	hypothetical protein
Echvi_2717	Echvi_2717	Echvi_Contig97.1	3227181	3229301	+	1	Uncharacterized protein conserved in bacteria
Echvi_2718	Echvi_2718	Echvi_Contig97.1	3229521	3231794	+	1	Beta-galactosidase/beta-glucuronidase
Echvi_2719	Echvi_2719	Echvi_Contig97.1	3231886	3233973	-	1	amino acid carrier protein
Echvi_2720	Echvi_2720	Echvi_Contig97.1	3234692	3234829	-	1	hypothetical protein
Echvi_2721	Echvi_2721	Echvi_Contig97.1	3234851	3237565	+	1	hypothetical protein
Echvi_2722	Echvi_2722	Echvi_Contig97.1	3237750	3238775	+	1	Fe2+-dicitrate sensor, membrane component
Echvi_2723	Echvi_2723	Echvi_Contig97.1	3238958	3242356	+	1	TonB-linked outer membrane protein, SusC/RagA family
Echvi_2724	Echvi_2724	Echvi_Contig97.1	3242368	3244425	+	1	SusD family.
Echvi_2725	Echvi_2725	Echvi_Contig97.1	3244442	3245425	+	1	Domain of unknown function (DUF1735).
Echvi_2726	Echvi_2726	Echvi_Contig97.1	3245500	3246978	+	1	NHL repeat./IPT/TIG domain.
Echvi_2727	Echvi_2727	Echvi_Contig97.1	3247140	3249605	+	1	Domain of unknown function (DUF1793).
Echvi_2728	Echvi_2728	Echvi_Contig97.1	3249743	3250423	+	1	Plant Basic Secretory Protein.
Echvi_2729	Echvi_2729	Echvi_Contig97.1	3250668	3251831	+	1	Glycosyltransferase
Echvi_2730	Echvi_2730	Echvi_Contig97.1	3252348	3253130	-	1	bacterial polymer biosynthesis proteins, WecB/TagA/CpsF family
Echvi_2731	Echvi_2731	Echvi_Contig97.1	3253117	3254202	-	1	Glycosyltransferase
Echvi_2732	Echvi_2732	Echvi_Contig97.1	3254202	3254309	-	1	hypothetical protein
Echvi_2733	Echvi_2733	Echvi_Contig97.1	3254860	3255102	+	1	hypothetical protein
Echvi_2734	Echvi_2734	Echvi_Contig97.1	3255117	3255422	+	1	hypothetical protein
Echvi_2735	Echvi_2735	Echvi_Contig97.1	3255419	3255730	+	1	hypothetical protein
Echvi_2736	Echvi_2736	Echvi_Contig97.1	3255975	3256925	-	1	Glycosyltransferases involved in cell wall biogenesis
Echvi_2737	Echvi_2737	Echvi_Contig97.1	3256951	3257685	-	1	Predicted glycosyltransferases
Echvi_2738	Echvi_2738	Echvi_Contig97.1	3257682	3258638	-	1	Glycosyltransferases involved in cell wall biogenesis
Echvi_2739	Echvi_2739	Echvi_Contig97.1	3258650	3259561	-	1	Glycosyltransferases involved in cell wall biogenesis
Echvi_2740	Echvi_2740	Echvi_Contig97.1	3259573	3261399	-	1	ABC-type multidrug transport system, ATPase and permease components
Echvi_2741	Echvi_2741	Echvi_Contig97.1	3261650	3261949	-	1	Predicted endonuclease containing a URI domain
Echvi_2742	Echvi_2742	Echvi_Contig97.1	3262250	3263221	-	1	Predicted glycosyltransferases
Echvi_2743	Echvi_2743	Echvi_Contig97.1	3263349	3263516	+	1	hypothetical protein
Echvi_2744	Echvi_2744	Echvi_Contig97.1	3264192	3265265	+	1	Beta-xylosidase
Echvi_2745	Echvi_2745	Echvi_Contig97.1	3265402	3266388	+	1	Beta-fructosidases (levanase/invertase)
Echvi_2746	Echvi_2746	Echvi_Contig97.1	3266408	3267988	+	1	Beta-xylosidase
Echvi_2747	Echvi_2747	Echvi_Contig97.1	3268214	3269227	+	1	Beta-xylosidase
Echvi_2748	Echvi_2748	Echvi_Contig97.1	3269405	3270553	+	1	Beta-1,4-xylanase
Echvi_2749	Echvi_2749	Echvi_Contig97.1	3270594	3271679	+	1	hypothetical protein
Echvi_2750	Echvi_2750	Echvi_Contig97.1	3271725	3272819	+	1	Predicted acyltransferases
Echvi_2751	Echvi_2751	Echvi_Contig97.1	3273185	3273781	+	1	RNA polymerase sigma-70 factor, Bacteroides expansion family 1
Echvi_2752	Echvi_2752	Echvi_Contig97.1	3274001	3274990	+	1	Fe2+-dicitrate sensor, membrane component
Echvi_2753	Echvi_2753	Echvi_Contig97.1	3275010	3278354	+	1	TonB-linked outer membrane protein, SusC/RagA family
Echvi_2754	Echvi_2754	Echvi_Contig97.1	3278367	3279779	+	1	SusD family.
Echvi_2755	Echvi_2755	Echvi_Contig97.1	3279854	3281143	+	1	Beta-lactamase class C and other penicillin binding proteins
Echvi_2756	Echvi_2756	Echvi_Contig97.1	3281155	3282687	+	1	Glutamate racemase
Echvi_2757	Echvi_2757	Echvi_Contig97.1	3282677	3284239	+	1	N-acyl-D-aspartate/D-glutamate deacylase
Echvi_2758	Echvi_2758	Echvi_Contig97.1	3284848	3285018	-	1	hypothetical protein
Echvi_2759	Echvi_2759	Echvi_Contig97.1	3286541	3287704	+	1	Beta-xylosidase
Echvi_2760	Echvi_2760	Echvi_Contig97.1	3287870	3291925	-	1	Signal transduction histidine kinase
Echvi_2761	Echvi_2761	Echvi_Contig97.1	3292238	3292390	-	1	hypothetical protein
Echvi_2762	Echvi_2762	Echvi_Contig97.1	3292911	3296090	+	1	TonB-linked outer membrane protein, SusC/RagA family
Echvi_2763	Echvi_2763	Echvi_Contig97.1	3296104	3297969	+	1	SusD family.
Echvi_2764	Echvi_2764	Echvi_Contig97.1	3297987	3298691	+	1	hypothetical protein
Echvi_2765	Echvi_2765	Echvi_Contig97.1	3298918	3299982	+	1	Beta-xylosidase
Echvi_2766	Echvi_2766	Echvi_Contig97.1	3300011	3302098	+	1	hypothetical protein
Echvi_2767	Echvi_2767	Echvi_Contig97.1	3302288	3305958	+	1	Domain of unknown function (DUF1793).
Echvi_2768	Echvi_2768	Echvi_Contig97.1	3303311	3304207	+	1	Transposase DDE domain.
Echvi_2769	Echvi_2769	Echvi_Contig97.1	3305972	3308149	+	1	Putative glycosyl hydrolase of unknown function (DUF1680).
Echvi_2770	Echvi_2770	Echvi_Contig97.1	3308192	3310024	+	1	Beta-galactosidase/beta-glucuronidase
Echvi_2771	Echvi_2771	Echvi_Contig97.1	3310163	3312646	-	1	hypothetical protein
Echvi_2772	Echvi_2772	Echvi_Contig97.1	3313325	3313780	-	1	hypothetical protein
Echvi_2773	Echvi_2773	Echvi_Contig97.1	3313819	3314208	-	1	hypothetical protein
Echvi_2774	Echvi_2774	Echvi_Contig97.1	3314244	3314792	-	1	RNA polymerase sigma factor, sigma-70 family
Echvi_2775	Echvi_2775	Echvi_Contig97.1	3314991	3315917	-	1	Universal stress protein UspA and related nucleotide-binding proteins
Echvi_2776	Echvi_2776	Echvi_Contig97.1	3317620	3317757	-	1	hypothetical protein
Echvi_2777	Echvi_2777	Echvi_Contig97.1	3317803	3319695	-	1	Haloacid Dehalogenase superfamily, subfamily IB, phosphoserine phosphatase-like
Echvi_2778	Echvi_2778	Echvi_Contig97.1	3319848	3320351	+	1	hypothetical protein
Echvi_2779	Echvi_2779	Echvi_Contig97.1	3320365	3320568	+	1	hypothetical protein
Echvi_2780	Echvi_2780	Echvi_Contig97.1	3320712	3322127	-	1	efflux transporter, outer membrane factor (OMF) lipoprotein, NodT family
Echvi_2781	Echvi_2781	Echvi_Contig97.1	3322132	3325260	-	1	The (Largely Gram-negative Bacterial) Hydrophobe/Amphiphile Efflux-1 (HAE1) Family
Echvi_2782	Echvi_2782	Echvi_Contig97.1	3325323	3326477	-	1	RND family efflux transporter, MFP subunit
Echvi_2783	Echvi_2783	Echvi_Contig97.1	3326742	3328499	-	1	signal peptide peptidase SppA, 67K type
Echvi_2784	Echvi_2784	Echvi_Contig97.1	3328582	3329058	+	1	2-amino-4-hydroxy-6-hydroxymethyldihydropteridine pyrophosphokinase
Echvi_2785	Echvi_2785	Echvi_Contig97.1	3329233	3330624	+	1	putative efflux protein, MATE family
Echvi_2786	Echvi_2786	Echvi_Contig97.1	3330670	3330843	+	1	hypothetical protein
Echvi_2787	Echvi_2787	Echvi_Contig97.1	3330904	3331317	-	1	HopJ type III effector protein.
Echvi_2788	Echvi_2788	Echvi_Contig97.1	3331372	3332004	+	1	hypothetical protein
Echvi_2789	Echvi_2789	Echvi_Contig97.1	3332063	3332893	-	1	Predicted hydrolases or acyltransferases (alpha/beta hydrolase superfamily)
Echvi_2790	Echvi_2790	Echvi_Contig97.1	3332992	3334296	-	1	adenosylmethionine-8-amino-7-oxononanoate transaminase
Echvi_2791	Echvi_2791	Echvi_Contig97.1	3334453	3335328	-	1	malonyl CoA-acyl carrier protein transacylase
Echvi_2792	Echvi_2792	Echvi_Contig97.1	3336435	3336869	-	1	Uncharacterized protein conserved in bacteria
Echvi_2793	Echvi_2793	Echvi_Contig97.1	3336866	3339652	-	1	hypothetical protein
Echvi_2794	Echvi_2794	Echvi_Contig97.1	3340022	3340708	+	1	succinate dehydrogenase (or fumarate reductase) cytochrome b subunit, b558 family
Echvi_2795	Echvi_2795	Echvi_Contig97.1	3340721	3342655	+	1	succinate dehydrogenase or fumarate reductase, flavoprotein subunit, Bacillus subtilis subgroup
Echvi_2796	Echvi_2796	Echvi_Contig97.1	3342687	3343436	+	1	succinate dehydrogenase and fumarate reductase iron-sulfur protein
Echvi_2797	Echvi_2797	Echvi_Contig97.1	3343886	3345349	+	1	Na+/proline symporter
Echvi_2798	Echvi_2798	Echvi_Contig97.1	3345386	3345823	+	1	Acetyltransferases
Echvi_2799	Echvi_2799	Echvi_Contig97.1	3345825	3346895	+	1	Predicted amino acid racemase
Echvi_2800	Echvi_2800	Echvi_Contig97.1	3347013	3347618	+	1	hypothetical protein
Echvi_2801	Echvi_2801	Echvi_Contig97.1	3347785	3347934	+	1	hypothetical protein
Echvi_2802	Echvi_2802	Echvi_Contig97.1	3348198	3348743	+	1	hypothetical protein
Echvi_2803	Echvi_2803	Echvi_Contig97.1	3349182	3350255	+	1	Predicted dehydrogenases and related proteins
Echvi_2804	Echvi_2804	Echvi_Contig97.1	3350345	3351232	-	1	Sugar kinases, ribokinase family
Echvi_2805	Echvi_2805	Echvi_Contig97.1	3351284	3352630	-	1	MFS transporter, sugar porter (SP) family
Echvi_2806	Echvi_2806	Echvi_Contig97.1	3352730	3354226	-	1	Beta-fructosidases (levanase/invertase)
Echvi_2807	Echvi_2807	Echvi_Contig97.1	3354295	3355941	-	1	Beta-fructosidases (levanase/invertase)
Echvi_2808	Echvi_2808	Echvi_Contig97.1	3356123	3357865	-	1	SusD family.
Echvi_2809	Echvi_2809	Echvi_Contig97.1	3357878	3360997	-	1	TonB-linked outer membrane protein, SusC/RagA family
Echvi_2810	Echvi_2810	Echvi_Contig97.1	3361073	3362425	-	1	MFS transporter, sugar porter (SP) family
Echvi_2811	Echvi_2811	Echvi_Contig97.1	3363008	3365749	-	1	ABC-type sugar transport system, periplasmic component
Echvi_2812	Echvi_2812	Echvi_Contig97.1	3366100	3366774	-	1	hypothetical protein
Echvi_2813	Echvi_2813	Echvi_Contig97.1	3367239	3369545	+	1	Amino acid permeases
Echvi_2814	Echvi_2814	Echvi_Contig97.1	3369581	3371572	-	1	Kef-type K+ transport systems, membrane components
Echvi_2815	Echvi_2815	Echvi_Contig97.1	3371693	3372187	-	1	Predicted membrane protein
Echvi_2816	Echvi_2816	Echvi_Contig97.1	3372270	3373394	+	1	Glycine/D-amino acid oxidases (deaminating)
Echvi_2817	Echvi_2817	Echvi_Contig97.1	3373449	3374930	+	1	Na+/H+ antiporter NhaC
Echvi_2818	Echvi_2818	Echvi_Contig97.1	3374927	3375538	+	1	Ribonuclease D
Echvi_2819	Echvi_2819	Echvi_Contig97.1	3375522	3376118	-	1	Uncharacterized conserved protein
Echvi_2820	Echvi_2820	Echvi_Contig97.1	3376330	3376743	+	1	WxcM-like, C-terminal.
Echvi_2821	Echvi_2821	Echvi_Contig97.1	3376721	3377635	+	1	hypothetical protein
Echvi_2822	Echvi_2822	Echvi_Contig97.1	3377637	3378593	+	1	Glycosyltransferases involved in cell wall biogenesis
Echvi_2823	Echvi_2823	Echvi_Contig97.1	3378730	3380004	-	1	Predicted Zn-dependent peptidases
Echvi_2824	Echvi_2824	Echvi_Contig97.1	3380004	3381221	-	1	hypothetical protein
Echvi_2825	Echvi_2825	Echvi_Contig97.1	3381218	3384502	-	1	Peptidase family C25.
Echvi_2826	Echvi_2826	Echvi_Contig97.1	3384499	3385191	-	1	CDP-diacylglycerol--serine O-phosphatidyltransferase
Echvi_2827	Echvi_2827	Echvi_Contig97.1	3385188	3385841	-	1	Zn-dependent hydrolases, including glyoxylases
Echvi_2828	Echvi_2828	Echvi_Contig97.1	3385899	3386951	+	1	Glycine/D-amino acid oxidases (deaminating)
Echvi_2829	Echvi_2829	Echvi_Contig97.1	3386975	3390277	+	1	hypothetical protein
Echvi_2830	Echvi_2830	Echvi_Contig97.1	3390301	3391182	+	1	TIGR00255 family protein
Echvi_2831	Echvi_2831	Echvi_Contig97.1	3391319	3392113	+	1	thymidylate synthase
Echvi_2832	Echvi_2832	Echvi_Contig97.1	3392783	3393610	-	1	Branched-chain amino acid aminotransferase/4-amino-4-deoxychorismate lyase
Echvi_2833	Echvi_2833	Echvi_Contig97.1	3393769	3394446	+	1	L-serine dehydratase, iron-sulfur-dependent, beta subunit
Echvi_2834	Echvi_2834	Echvi_Contig97.1	3394456	3395802	+	1	Outer membrane protein
Echvi_2835	Echvi_2835	Echvi_Contig97.1	3395814	3397100	+	1	RND family efflux transporter, MFP subunit
Echvi_2836	Echvi_2836	Echvi_Contig97.1	3397361	3398230	-	1	hypothetical protein
Echvi_2837	Echvi_2837	Echvi_Contig97.1	3398279	3399187	-	1	hypothetical protein
Echvi_2838	Echvi_2838	Echvi_Contig97.1	3399184	3399621	-	1	Cytosine/adenosine deaminases
Echvi_2839	Echvi_2839	Echvi_Contig97.1	3399634	3399825	-	1	hypothetical protein
Echvi_2840	Echvi_2840	Echvi_Contig97.1	3399881	3401653	+	1	PAS domain S-box
Echvi_2841	Echvi_2841	Echvi_Contig97.1	3401684	3403039	-	1	Major Facilitator Superfamily.
Echvi_2842	Echvi_2842	Echvi_Contig97.1	3403105	3405531	-	1	Alpha-glucosidases, family 31 of glycosyl hydrolases
Echvi_2843	Echvi_2843	Echvi_Contig97.1	3405877	3407004	-	1	hypothetical protein
Echvi_2844	Echvi_2844	Echvi_Contig97.1	3406985	3407638	-	1	ABC-type multidrug transport system, ATPase component
Echvi_2845	Echvi_2845	Echvi_Contig97.1	3407748	3408782	-	1	Transcriptional regulators
Echvi_2846	Echvi_2846	Echvi_Contig97.1	3409149	3412115	+	1	TonB-linked outer membrane protein, SusC/RagA family
Echvi_2847	Echvi_2847	Echvi_Contig97.1	3412135	3413724	+	1	SusD family.
Echvi_2848	Echvi_2848	Echvi_Contig97.1	3413744	3414784	+	1	hypothetical protein
Echvi_2849	Echvi_2849	Echvi_Contig97.1	3415163	3416224	+	1	fructose-bisphosphate aldolase, class II, yeast/E. coli subtype
Echvi_2850	Echvi_2850	Echvi_Contig97.1	3416517	3418076	+	1	Glycosidases
Echvi_2851	Echvi_2851	Echvi_Contig97.1	3418576	3419085	+	1	hypothetical protein
Echvi_2852	Echvi_2852	Echvi_Contig97.1	3419374	3419919	+	1	RNA polymerase sigma-70 factor, Bacteroides expansion family 1
Echvi_2853	Echvi_2853	Echvi_Contig97.1	3420116	3421072	+	1	Fe2+-dicitrate sensor, membrane component
Echvi_2854	Echvi_2854	Echvi_Contig97.1	3421309	3424761	+	1	TonB-linked outer membrane protein, SusC/RagA family
Echvi_2855	Echvi_2855	Echvi_Contig97.1	3424792	3426261	+	1	hypothetical protein
Echvi_2856	Echvi_2856	Echvi_Contig97.1	3426305	3426745	+	1	hypothetical protein
Echvi_2857	Echvi_2857	Echvi_Contig97.1	3427255	3428433	+	1	Histidinol-phosphate/aromatic aminotransferase and cobyric acid decarboxylase
Echvi_2858	Echvi_2858	Echvi_Contig97.1	3428467	3429582	+	1	Predicted permeases
Echvi_2859	Echvi_2859	Echvi_Contig97.1	3429665	3430330	-	1	hypothetical protein
Echvi_2860	Echvi_2860	Echvi_Contig97.1	3430634	3431089	+	1	sugar-phosphate isomerases, RpiB/LacA/LacB family
Echvi_2861	Echvi_2861	Echvi_Contig97.1	3431131	3432528	+	1	6-phosphogluconate dehydrogenase, decarboxylating
Echvi_2862	Echvi_2862	Echvi_Contig97.1	3432555	3434072	+	1	glucose-6-phosphate 1-dehydrogenase
Echvi_2863	Echvi_2863	Echvi_Contig97.1	3434079	3434804	+	1	6-phosphogluconolactonase
Echvi_2864	Echvi_2864	Echvi_Contig97.1	3434935	3435219	+	1	Predicted acetyltransferase
Echvi_2865	Echvi_2865	Echvi_Contig97.1	3435445	3436923	+	1	Predicted dehydrogenases and related proteins
Echvi_2866	Echvi_2866	Echvi_Contig97.1	3437002	3437670	-	1	hypothetical protein
Echvi_2867	Echvi_2867	Echvi_Contig97.1	3437875	3438570	-	1	Predicted amidohydrolase
Echvi_2868	Echvi_2868	Echvi_Contig97.1	3438585	3438782	-	1	hypothetical protein
Echvi_2869	Echvi_2869	Echvi_Contig97.1	3439184	3439717	+	1	hypothetical protein
Echvi_2870	Echvi_2870	Echvi_Contig97.1	3440018	3441679	-	1	hypothetical protein
Echvi_2871	Echvi_2871	Echvi_Contig97.1	3441781	3442722	+	1	Predicted transcriptional regulator
Echvi_2872	Echvi_2872	Echvi_Contig97.1	3442734	3443312	-	1	hypothetical protein
Echvi_2873	Echvi_2873	Echvi_Contig97.1	3443744	3445189	+	1	Carboxypeptidase C (cathepsin A)
Echvi_2874	Echvi_2874	Echvi_Contig97.1	3445273	3446202	-	1	Glutamyl- and glutaminyl-tRNA synthetases
Echvi_2875	Echvi_2875	Echvi_Contig97.1	3446323	3447066	+	1	Uncharacterized conserved protein
Echvi_2876	Echvi_2876	Echvi_Contig97.1	3447233	3448027	+	1	Peptidase family M48.
Echvi_2877	Echvi_2877	Echvi_Contig97.1	3448234	3449169	+	1	Beta-lactamase class A
Echvi_2878	Echvi_2878	Echvi_Contig97.1	3449184	3449612	+	1	Acetyltransferase (GNAT) family.
Echvi_2879	Echvi_2879	Echvi_Contig97.1	3449685	3450152	-	1	alkylhydroperoxidase AhpD family core domain
Echvi_2880	Echvi_2880	Echvi_Contig97.1	3450191	3451243	-	1	RNA polymerase sigma factor, sigma-70 family
Echvi_2881	Echvi_2881	Echvi_Contig97.1	3451402	3452112	+	1	cAMP-binding proteins - catabolite gene activator and regulatory subunit of cAMP-dependent protein kinases
Echvi_2882	Echvi_2882	Echvi_Contig97.1	3452397	3453017	+	1	hypothetical protein
Echvi_2883	Echvi_2883	Echvi_Contig97.1	3453098	3455527	+	1	ATPase, P-type (transporting), HAD superfamily, subfamily IC
Echvi_2884	Echvi_2884	Echvi_Contig97.1	3455518	3455697	+	1	cytochrome oxidase maturation protein, cbb3-type
Echvi_2885	Echvi_2885	Echvi_Contig97.1	3455700	3457853	+	1	cytochrome c oxidase, cbb3-type, subunit I/cytochrome c oxidase, cbb3-type, subunit II
Echvi_2886	Echvi_2886	Echvi_Contig97.1	3457866	3458057	+	1	Cbb3-type cytochrome oxidase component FixQ.
Echvi_2887	Echvi_2887	Echvi_Contig97.1	3458044	3458985	+	1	Cytochrome c, mono- and diheme variants
Echvi_2888	Echvi_2888	Echvi_Contig97.1	3458998	3460419	+	1	cytochrome c oxidase accessory protein FixG
Echvi_2889	Echvi_2889	Echvi_Contig97.1	3460422	3460847	+	1	FixH.
Echvi_2890	Echvi_2890	Echvi_Contig97.1	3460847	3461551	+	1	Uncharacterized conserved protein
Echvi_2891	Echvi_2891	Echvi_Contig97.1	3461859	3462419	+	1	RNA polymerase sigma factor, sigma-70 family
Echvi_2892	Echvi_2892	Echvi_Contig97.1	3462391	3463608	+	1	Protein of unknown function, DUF481.
Echvi_2893	Echvi_2893	Echvi_Contig97.1	3463746	3464108	+	1	hypothetical protein
Echvi_2894	Echvi_2894	Echvi_Contig97.1	3464122	3464661	+	1	YceI-like domain.
Echvi_2895	Echvi_2895	Echvi_Contig97.1	3464665	3465567	+	1	hypothetical protein
Echvi_2896	Echvi_2896	Echvi_Contig97.1	3465725	3466804	-	1	Transcriptional regulators
Echvi_2897	Echvi_2897	Echvi_Contig97.1	3467321	3470623	+	1	TonB-linked outer membrane protein, SusC/RagA family
Echvi_2898	Echvi_2898	Echvi_Contig97.1	3470654	3472255	+	1	hypothetical protein
Echvi_2899	Echvi_2899	Echvi_Contig97.1	3473651	3475210	+	1	Arylsulfatase A and related enzymes
Echvi_2900	Echvi_2900	Echvi_Contig97.1	3475127	3475312	-	1	hypothetical protein
Echvi_2901	Echvi_2901	Echvi_Contig97.1	3475437	3476525	+	1	hypothetical protein
Echvi_2902	Echvi_2902	Echvi_Contig97.1	3476566	3477966	-	1	efflux transporter, outer membrane factor (OMF) lipoprotein, NodT family
Echvi_2903	Echvi_2903	Echvi_Contig97.1	3477971	3479149	-	1	Multidrug resistance efflux pump
Echvi_2904	Echvi_2904	Echvi_Contig97.1	3479188	3479598	-	1	Protein of unknown function (DUF3302).
Echvi_2905	Echvi_2905	Echvi_Contig97.1	3479879	3482485	-	1	PhoD-like phosphatase.
Echvi_2906	Echvi_2906	Echvi_Contig97.1	3482618	3482884	-	1	hypothetical protein
Echvi_2907	Echvi_2907	Echvi_Contig97.1	3483501	3483577	-	5	tRNA
Echvi_2908	Echvi_2908	Echvi_Contig97.1	3483633	3484850	-	1	succinyl-CoA synthetase, beta subunit
Echvi_2909	Echvi_2909	Echvi_Contig97.1	3485189	3485845	+	1	ABC-type antimicrobial peptide transport system, ATPase component
Echvi_2910	Echvi_2910	Echvi_Contig97.1	3485925	3486383	-	1	Peroxiredoxin
Echvi_2911	Echvi_2911	Echvi_Contig97.1	3486421	3486537	+	1	hypothetical protein
Echvi_2912	Echvi_2912	Echvi_Contig97.1	3486682	3487983	+	1	Kef-type K+ transport systems, membrane components
Echvi_2913	Echvi_2913	Echvi_Contig97.1	3488140	3488946	+	1	Predicted permeases
Echvi_2914	Echvi_2914	Echvi_Contig97.1	3488943	3490418	+	1	putative nicotinate phosphoribosyltransferase
Echvi_2915	Echvi_2915	Echvi_Contig97.1	3490537	3491154	+	1	Amidases related to nicotinamidase
Echvi_2916	Echvi_2916	Echvi_Contig97.1	3491205	3491996	+	1	phenazine biosynthesis protein PhzF family
Echvi_2917	Echvi_2917	Echvi_Contig97.1	3492223	3492654	+	1	hypothetical protein
Echvi_2918	Echvi_2918	Echvi_Contig97.1	3493265	3493903	-	1	Peroxiredoxin
Echvi_2919	Echvi_2919	Echvi_Contig97.1	3494084	3495265	-	1	Ornithine/acetylornithine aminotransferase
Echvi_2920	Echvi_2920	Echvi_Contig97.1	3495582	3496715	+	1	geranylgeranyl reductase family
Echvi_2921	Echvi_2921	Echvi_Contig97.1	3497030	3497785	+	1	Domain of Unknown Function (DUF1080).
Echvi_2922	Echvi_2922	Echvi_Contig97.1	3497891	3499219	+	1	Predicted dehydrogenases and related proteins
Echvi_2923	Echvi_2923	Echvi_Contig97.1	3499407	3501869	-	1	Outer membrane receptor proteins, mostly Fe transport
Echvi_2924	Echvi_2924	Echvi_Contig97.1	3501944	3502747	-	1	AraC-type DNA-binding domain-containing proteins
Echvi_2925	Echvi_2925	Echvi_Contig97.1	3502899	3503825	-	1	hypothetical protein
Echvi_2926	Echvi_2926	Echvi_Contig97.1	3503925	3504893	-	1	Transketolase, C-terminal subunit
Echvi_2927	Echvi_2927	Echvi_Contig97.1	3504963	3505814	-	1	Transketolase, N-terminal subunit
Echvi_2928	Echvi_2928	Echvi_Contig97.1	3505825	3506274	-	1	Peroxiredoxin
Echvi_2929	Echvi_2929	Echvi_Contig97.1	3506341	3508182	-	1	Membrane proteins related to metalloendopeptidases
Echvi_2930	Echvi_2930	Echvi_Contig97.1	3508196	3508807	-	1	2-keto-4-pentenoate hydratase/2-oxohepta-3-ene-1,7-dioic acid hydratase (catechol pathway)
Echvi_2931	Echvi_2931	Echvi_Contig97.1	3508954	3509823	-	1	Pirin-related protein
Echvi_2932	Echvi_2932	Echvi_Contig97.1	3509847	3510341	-	1	hypothetical protein
Echvi_2933	Echvi_2933	Echvi_Contig97.1	3510925	3511593	+	1	hypothetical protein
Echvi_2934	Echvi_2934	Echvi_Contig97.1	3511630	3513408	+	1	ABC-type bacteriocin/lantibiotic exporters, contain an N-terminal double-glycine peptidase domain
Echvi_2935	Echvi_2935	Echvi_Contig97.1	3513573	3515141	-	1	Antirepressor regulating drug resistance, predicted signal transduction N-terminal membrane component
Echvi_2936	Echvi_2936	Echvi_Contig97.1	3515138	3515509	-	1	Predicted transcriptional regulator
Echvi_2937	Echvi_2937	Echvi_Contig97.1	3515771	3516103	-	1	Uncharacterized conserved protein
Echvi_2938	Echvi_2938	Echvi_Contig97.1	3516116	3516943	-	1	Predicted metal-dependent hydrolase of the TIM-barrel fold
Echvi_2939	Echvi_2939	Echvi_Contig97.1	3517218	3518075	-	1	2-keto-4-pentenoate hydratase/2-oxohepta-3-ene-1,7-dioic acid hydratase (catechol pathway)
Echvi_2940	Echvi_2940	Echvi_Contig97.1	3518236	3518991	-	1	Dehydrogenases with different specificities (related to short-chain alcohol dehydrogenases)
Echvi_2941	Echvi_2941	Echvi_Contig97.1	3519080	3520426	-	1	L-alanine-DL-glutamate epimerase and related enzymes of enolase superfamily
Echvi_2942	Echvi_2942	Echvi_Contig97.1	3520591	3521463	+	1	AraC-type DNA-binding domain-containing proteins
Echvi_2943	Echvi_2943	Echvi_Contig97.1	3521465	3521881	+	1	Protein chain release factor B
Echvi_2944	Echvi_2944	Echvi_Contig97.1	3521911	3522834	-	1	cation diffusion facilitator family transporter
Echvi_2945	Echvi_2945	Echvi_Contig97.1	3522933	3523445	-	1	Domain of unknown function (DUF1905).
Echvi_2946	Echvi_2946	Echvi_Contig97.1	3523452	3524459	-	1	glyceraldehyde-3-phosphate dehydrogenase, type I
Echvi_2947	Echvi_2947	Echvi_Contig97.1	3524605	3524856	-	1	hypothetical protein
Echvi_2948	Echvi_2948	Echvi_Contig97.1	3525175	3526773	+	1	replicative DNA helicase
Echvi_2949	Echvi_2949	Echvi_Contig97.1	3526841	3527839	+	1	NADPH:quinone reductase and related Zn-dependent oxidoreductases
Echvi_2950	Echvi_2950	Echvi_Contig97.1	3527844	3528179	-	1	hypothetical protein
Echvi_2951	Echvi_2951	Echvi_Contig97.1	3528614	3529351	+	1	Electron transfer flavoprotein, beta subunit
Echvi_2952	Echvi_2952	Echvi_Contig97.1	3529383	3530348	+	1	Electron transfer flavoprotein, alpha subunit
Echvi_2953	Echvi_2953	Echvi_Contig97.1	3530355	3530960	+	1	Uncharacterized conserved protein
Echvi_2954	Echvi_2954	Echvi_Contig97.1	3531092	3532378	+	1	Nucleoside permease
Echvi_2955	Echvi_2955	Echvi_Contig97.1	3532442	3532879	-	1	Peptidyl-prolyl cis-trans isomerase (rotamase) - cyclophilin family
Echvi_2956	Echvi_2956	Echvi_Contig97.1	3533040	3533309	+	1	hypothetical protein
Echvi_2957	Echvi_2957	Echvi_Contig97.1	3533344	3534942	-	1	phosphoenolpyruvate carboxykinase (ATP)
Echvi_2958	Echvi_2958	Echvi_Contig97.1	3535236	3536819	+	1	amino acid/peptide transporter (Peptide:H+ symporter), bacterial
Echvi_2959	Echvi_2959	Echvi_Contig97.1	3536873	3537019	-	1	hypothetical protein
Echvi_2960	Echvi_2960	Echvi_Contig97.1	3537142	3537339	-	1	hypothetical protein
Echvi_2961	Echvi_2961	Echvi_Contig97.1	3537955	3538047	+	1	hypothetical protein
Echvi_2962	Echvi_2962	Echvi_Contig97.1	3538044	3539429	+	1	Undecaprenyl-phosphate glucose phosphotransferase
Echvi_2963	Echvi_2963	Echvi_Contig97.1	3540152	3541384	+	1	hypothetical protein
Echvi_2964	Echvi_2964	Echvi_Contig97.1	3541478	3542065	-	1	Serine acetyltransferase
Echvi_2965	Echvi_2965	Echvi_Contig97.1	3542264	3543370	-	1	Uncharacterized protein conserved in archaea
Echvi_2966	Echvi_2966	Echvi_Contig97.1	3543499	3544539	-	1	Glycosyltransferase
Echvi_2967	Echvi_2967	Echvi_Contig97.1	3544604	3545650	-	1	Glycosyltransferase
Echvi_2968	Echvi_2968	Echvi_Contig97.1	3545753	3546652	-	1	Predicted xylanase/chitin deacetylase
Echvi_2969	Echvi_2969	Echvi_Contig97.1	3546707	3548224	-	1	hypothetical protein
Echvi_2970	Echvi_2970	Echvi_Contig97.1	3548238	3549818	-	1	hypothetical protein
Echvi_2971	Echvi_2971	Echvi_Contig97.1	3550139	3551365	-	1	Uncharacterized conserved protein
Echvi_2972	Echvi_2972	Echvi_Contig97.1	3551432	3552724	-	1	hypothetical protein
Echvi_2973	Echvi_2973	Echvi_Contig97.1	3552721	3553641	-	1	Glycosyltransferases, probably involved in cell wall biogenesis
Echvi_2974	Echvi_2974	Echvi_Contig97.1	3553835	3556258	-	1	capsular exopolysaccharide family
Echvi_2975	Echvi_2975	Echvi_Contig97.1	3556270	3557094	-	1	Periplasmic protein involved in polysaccharide export
Echvi_2976	Echvi_2976	Echvi_Contig97.1	3557289	3557849	+	1	Deoxycytidylate deaminase
Echvi_2977	Echvi_2977	Echvi_Contig97.1	3557846	3558865	-	1	UDP-N-acetylenolpyruvoylglucosamine reductase
Echvi_2978	Echvi_2978	Echvi_Contig97.1	3559019	3559957	+	1	Predicted deacylase
Echvi_2979	Echvi_2979	Echvi_Contig97.1	3560022	3561164	+	1	TIGR03440 family protein
Echvi_2980	Echvi_2980	Echvi_Contig97.1	3561176	3562138	+	1	probable methyltransferase
Echvi_2981	Echvi_2981	Echvi_Contig97.1	3562197	3562985	+	1	pseudouridylate synthase I
Echvi_2982	Echvi_2982	Echvi_Contig97.1	3563030	3564757	-	1	Phosphomannomutase
Echvi_2983	Echvi_2983	Echvi_Contig97.1	3564894	3565985	-	1	4-hydroxyphenylpyruvate dioxygenase
Echvi_2984	Echvi_2984	Echvi_Contig97.1	3566280	3566702	+	1	hypothetical protein
Echvi_2985	Echvi_2985	Echvi_Contig97.1	3566753	3568756	-	1	Polysaccharide lyase family 8, C-terminal beta-sandwich domain./Polysaccharide lyase family 8, super-sandwich domain./Polysaccharide lyase family 8, N terminal alpha-helical domain.
Echvi_2986	Echvi_2986	Echvi_Contig97.1	3568784	3569731	-	1	hypothetical protein
Echvi_2987	Echvi_2987	Echvi_Contig97.1	3569744	3571144	-	1	Predicted membrane protein involved in D-alanine export
Echvi_2988	Echvi_2988	Echvi_Contig97.1	3571298	3572272	-	1	tryptophanyl-tRNA synthetase
Echvi_2989	Echvi_2989	Echvi_Contig97.1	3572344	3573441	+	1	Protein of unknown function (DUF1573).
Echvi_2990	Echvi_2990	Echvi_Contig97.1	3573447	3574655	-	1	Acyl-CoA dehydrogenases
Echvi_2991	Echvi_2991	Echvi_Contig97.1	3574785	3575759	+	1	Tryptophan 2,3-dioxygenase (vermilion)
Echvi_2992	Echvi_2992	Echvi_Contig97.1	3576010	3577593	+	1	Uncharacterized FAD-dependent dehydrogenases
Echvi_2993	Echvi_2993	Echvi_Contig97.1	3577583	3577963	+	1	Predicted CoA-binding protein
Echvi_2994	Echvi_2994	Echvi_Contig97.1	3578101	3580059	+	1	DNA gyrase, B subunit
Echvi_2995	Echvi_2995	Echvi_Contig97.1	3580098	3580271	+	1	hypothetical protein
Echvi_2996	Echvi_2996	Echvi_Contig97.1	3580234	3582369	+	1	polyphosphate kinase 1
Echvi_2997	Echvi_2997	Echvi_Contig97.1	3582398	3583279	-	1	Exopolyphosphatase
Echvi_2998	Echvi_2998	Echvi_Contig97.1	3583382	3583591	-	1	hypothetical protein
Echvi_2999	Echvi_2999	Echvi_Contig97.1	3583655	3584647	-	1	integral membrane protein, TerC family
Echvi_3000	Echvi_3000	Echvi_Contig97.1	3584708	3586495	-	1	Di- and tricarboxylate transporters
Echvi_3001	Echvi_3001	Echvi_Contig97.1	3586499	3586774	-	1	Predicted membrane protein
Echvi_3002	Echvi_3002	Echvi_Contig97.1	3586823	3587737	+	1	Protein of unknown function (DUF3078).
Echvi_3003	Echvi_3003	Echvi_Contig97.1	3588406	3588546	-	1	hypothetical protein
Echvi_3004	Echvi_3004	Echvi_Contig97.1	3589310	3590224	-	1	Predicted esterase of the alpha-beta hydrolase superfamily
Echvi_3005	Echvi_3005	Echvi_Contig97.1	3590343	3591863	-	1	hypothetical protein
Echvi_3006	Echvi_3006	Echvi_Contig97.1	3592082	3592945	-	1	Predicted esterase
Echvi_3007	Echvi_3007	Echvi_Contig97.1	3593085	3593945	-	1	Thiol-disulfide isomerase and thioredoxins
Echvi_3008	Echvi_3008	Echvi_Contig97.1	3594006	3594878	-	1	Allophanate hydrolase subunit 2
Echvi_3009	Echvi_3009	Echvi_Contig97.1	3594865	3595581	-	1	TIGR00370 family protein
Echvi_3010	Echvi_3010	Echvi_Contig97.1	3595614	3596333	-	1	Uncharacterized proteins, homologs of lactam utilization protein B
Echvi_3011	Echvi_3011	Echvi_Contig97.1	3596330	3597559	-	1	Mn2+ and Fe2+ transporters of the NRAMP family
Echvi_3012	Echvi_3012	Echvi_Contig97.1	3597753	3598997	+	1	Uncharacterized protein conserved in bacteria
Echvi_3013	Echvi_3013	Echvi_Contig97.1	3599078	3599671	+	1	hypothetical protein
Echvi_3014	Echvi_3014	Echvi_Contig97.1	3599945	3602170	-	1	hypothetical protein
Echvi_3015	Echvi_3015	Echvi_Contig97.1	3602867	3603253	+	1	hypothetical protein
Echvi_3016	Echvi_3016	Echvi_Contig97.1	3603407	3604753	+	1	K+ transport systems, NAD-binding component
Echvi_3017	Echvi_3017	Echvi_Contig97.1	3604757	3606208	+	1	Trk-type K+ transport systems, membrane components
Echvi_3018	Echvi_3018	Echvi_Contig97.1	3606286	3607089	+	1	Predicted epimerase, PhzC/PhzF homolog
Echvi_3019	Echvi_3019	Echvi_Contig97.1	3607517	3608680	-	1	Glucose/sorbosone dehydrogenases
Echvi_3020	Echvi_3020	Echvi_Contig97.1	3608695	3608856	-	1	hypothetical protein
Echvi_3021	Echvi_3021	Echvi_Contig97.1	3608908	3609372	+	1	hypothetical protein
Echvi_3022	Echvi_3022	Echvi_Contig97.1	3609446	3610048	-	1	hypothetical protein
Echvi_3023	Echvi_3023	Echvi_Contig97.1	3610066	3612366	-	1	Outer membrane receptor proteins, mostly Fe transport
Echvi_3024	Echvi_3024	Echvi_Contig97.1	3612605	3615373	-	1	hypothetical protein
Echvi_3025	Echvi_3025	Echvi_Contig97.1	3615811	3615987	+	1	hypothetical protein
Echvi_3026	Echvi_3026	Echvi_Contig97.1	3615968	3617203	+	1	Subtilisin-like serine proteases
Echvi_3027	Echvi_3027	Echvi_Contig97.1	3617245	3617463	-	1	Uncharacterized protein conserved in bacteria
Echvi_3028	Echvi_3028	Echvi_Contig97.1	3617548	3618966	+	1	Predicted acyl esterases
Echvi_3029	Echvi_3029	Echvi_Contig97.1	3619269	3620276	+	1	glyceraldehyde-3-phosphate dehydrogenase, type I
Echvi_3030	Echvi_3030	Echvi_Contig97.1	3620597	3621361	-	1	methionine aminopeptidase, type I
Echvi_3031	Echvi_3031	Echvi_Contig97.1	3621553	3623091	-	1	Sulfate permease and related transporters (MFS superfamily)
Echvi_3032	Echvi_3032	Echvi_Contig97.1	3623752	3624954	+	1	Cyclopropane fatty acid synthase and related methyltransferases
Echvi_3033	Echvi_3033	Echvi_Contig97.1	3625318	3625569	+	1	hypothetical protein
Echvi_3034	Echvi_3034	Echvi_Contig97.1	3625627	3625830	+	1	conserved hypothetical protein
Echvi_3035	Echvi_3035	Echvi_Contig97.1	3625868	3626299	-	1	hypothetical protein
Echvi_3036	Echvi_3036	Echvi_Contig97.1	3626404	3627087	-	1	Response regulator of the LytR/AlgR family
Echvi_3037	Echvi_3037	Echvi_Contig97.1	3627091	3628476	-	1	Putative regulator of cell autolysis
Echvi_3038	Echvi_3038	Echvi_Contig97.1	3629075	3630094	+	1	Transcriptional regulators
Echvi_3039	Echvi_3039	Echvi_Contig97.1	3630257	3630490	+	1	hypothetical protein
Echvi_3040	Echvi_3040	Echvi_Contig97.1	3631144	3632121	-	1	Membrane proteins related to metalloendopeptidases
Echvi_3041	Echvi_3041	Echvi_Contig97.1	3632255	3634885	+	1	alanine--tRNA ligase
Echvi_3042	Echvi_3042	Echvi_Contig97.1	3634979	3636442	+	1	aspartyl/glutamyl-tRNA(Asn/Gln) amidotransferase, B subunit
Echvi_3043	Echvi_3043	Echvi_Contig97.1	3636447	3637565	+	1	Peroxiredoxin
Echvi_3044	Echvi_3044	Echvi_Contig97.1	3637639	3638106	+	1	hypothetical protein
Echvi_3045	Echvi_3045	Echvi_Contig97.1	3638132	3638710	+	1	hypothetical protein
Echvi_3046	Echvi_3046	Echvi_Contig97.1	3638707	3639549	+	1	hypothetical protein
Echvi_3047	Echvi_3047	Echvi_Contig97.1	3639536	3641983	+	1	Leucine Rich Repeat.
Echvi_3048	Echvi_3048	Echvi_Contig97.1	3642869	3643984	-	1	Uncharacterized conserved protein
Echvi_3049	Echvi_3049	Echvi_Contig97.1	3644198	3644656	-	1	Domain of unknown function (DU1801).
Echvi_3050	Echvi_3050	Echvi_Contig97.1	3644673	3645068	-	1	hypothetical protein
Echvi_3051	Echvi_3051	Echvi_Contig97.1	3645349	3645894	-	1	Ferritin-like protein
Echvi_3052	Echvi_3052	Echvi_Contig97.1	3646086	3646895	+	1	3-deoxy-D-manno-octulosonate cytidylyltransferase
Echvi_3053	Echvi_3053	Echvi_Contig97.1	3646911	3647225	-	1	Membrane transporters of cations and cationic drugs
Echvi_3054	Echvi_3054	Echvi_Contig97.1	3647298	3647855	-	1	cAMP-binding proteins - catabolite gene activator and regulatory subunit of cAMP-dependent protein kinases
Echvi_3055	Echvi_3055	Echvi_Contig97.1	3647863	3648570	-	1	RNA methyltransferase, RsmE family
Echvi_3056	Echvi_3056	Echvi_Contig97.1	3648682	3650385	-	1	Superfamily II DNA and RNA helicases
Echvi_3057	Echvi_3057	Echvi_Contig97.1	3650877	3652163	-	1	citrate synthase I (hexameric type)
Echvi_3058	Echvi_3058	Echvi_Contig97.1	3652477	3652896	-	1	Protein of unknown function (DUF1094).
Echvi_3059	Echvi_3059	Echvi_Contig97.1	3652923	3653264	-	1	FeS assembly SUF system protein
Echvi_3060	Echvi_3060	Echvi_Contig97.1	3653268	3653699	-	1	SufE protein probably involved in Fe-S center assembly
Echvi_3061	Echvi_3061	Echvi_Contig97.1	3653696	3654919	-	1	cysteine desulfurases, SufS subfamily
Echvi_3062	Echvi_3062	Echvi_Contig97.1	3655049	3656299	-	1	FeS assembly protein SufD
Echvi_3063	Echvi_3063	Echvi_Contig97.1	3656385	3657146	-	1	FeS assembly ATPase SufC
Echvi_3064	Echvi_3064	Echvi_Contig97.1	3657246	3658691	-	1	FeS assembly protein SufB
Echvi_3065	Echvi_3065	Echvi_Contig97.1	3658756	3658893	+	1	hypothetical protein
Echvi_3066	Echvi_3066	Echvi_Contig97.1	3658953	3659429	-	1	Transcriptional regulators
Echvi_3067	Echvi_3067	Echvi_Contig97.1	3660923	3663748	+	1	Prolyl oligopeptidase family.
Echvi_3068	Echvi_3068	Echvi_Contig97.1	3664211	3664447	+	1	hypothetical protein
Echvi_3069	Echvi_3069	Echvi_Contig97.1	3664401	3664997	+	1	hypothetical protein
Echvi_3070	Echvi_3070	Echvi_Contig97.1	3665022	3665171	+	1	hypothetical protein
Echvi_3071	Echvi_3071	Echvi_Contig97.1	3665139	3666554	-	1	Mannitol-1-phosphate/altronate dehydrogenases
Echvi_3072	Echvi_3072	Echvi_Contig97.1	3666571	3668016	-	1	Glucuronate isomerase
Echvi_3073	Echvi_3073	Echvi_Contig97.1	3668056	3669102	-	1	Transcriptional regulators
Echvi_3074	Echvi_3074	Echvi_Contig97.1	3669464	3669556	+	1	hypothetical protein
Echvi_3075	Echvi_3075	Echvi_Contig97.1	3669645	3669779	+	1	hypothetical protein
Echvi_3076	Echvi_3076	Echvi_Contig97.1	3669805	3671040	+	1	Predicted unsaturated glucuronyl hydrolase involved in regulation of bacterial surface properties, and related proteins
Echvi_3077	Echvi_3077	Echvi_Contig97.1	3671110	3672120	+	1	Pectin methylesterase
Echvi_3078	Echvi_3078	Echvi_Contig97.1	3672183	3673817	+	1	Beta-xylosidase
Echvi_3079	Echvi_3079	Echvi_Contig97.1	3673955	3675652	+	1	Endopolygalacturonase
Echvi_3080	Echvi_3080	Echvi_Contig97.1	3675655	3676410	+	1	Lysophospholipase L1 and related esterases
Echvi_3081	Echvi_3081	Echvi_Contig97.1	3676565	3677386	+	1	Lysophospholipase L1 and related esterases
Echvi_3082	Echvi_3082	Echvi_Contig97.1	3677399	3679294	+	1	Pectin methylesterase
Echvi_3083	Echvi_3083	Echvi_Contig97.1	3679724	3683014	+	1	TonB-linked outer membrane protein, SusC/RagA family
Echvi_3084	Echvi_3084	Echvi_Contig97.1	3683029	3684837	+	1	SusD family.
Echvi_3085	Echvi_3085	Echvi_Contig97.1	3684869	3686518	+	1	hypothetical protein
Echvi_3086	Echvi_3086	Echvi_Contig97.1	3686658	3688142	+	1	hypothetical protein
Echvi_3087	Echvi_3087	Echvi_Contig97.1	3688153	3689226	+	1	Pectin methylesterase
Echvi_3088	Echvi_3088	Echvi_Contig97.1	3689236	3689625	+	1	Lactoylglutathione lyase and related lyases
Echvi_3089	Echvi_3089	Echvi_Contig97.1	3689729	3691162	+	1	Endopolygalacturonase
Echvi_3090	Echvi_3090	Echvi_Contig97.1	3691146	3692510	+	1	hypothetical protein
Echvi_3091	Echvi_3091	Echvi_Contig97.1	3692795	3693820	+	1	Malate/L-lactate dehydrogenases
Echvi_3092	Echvi_3092	Echvi_Contig97.1	3693801	3694811	+	1	Predicted dehydrogenases and related proteins
Echvi_3093	Echvi_3093	Echvi_Contig97.1	3694934	3695632	+	1	hypothetical protein
Echvi_3094	Echvi_3094	Echvi_Contig97.1	3695629	3696333	+	1	Protein of unknown function (DUF3307).
Echvi_3095	Echvi_3095	Echvi_Contig97.1	3696494	3698104	+	1	Arylsulfatase A and related enzymes
Echvi_3096	Echvi_3096	Echvi_Contig97.1	3699345	3700094	+	1	hypothetical protein
Echvi_3097	Echvi_3097	Echvi_Contig97.1	3700460	3701143	+	1	MIP family channel proteins
Echvi_3098	Echvi_3098	Echvi_Contig97.1	3701768	3702829	+	1	Predicted dehydrogenases and related proteins
Echvi_3099	Echvi_3099	Echvi_Contig97.1	3702953	3703222	-	1	hypothetical protein
Echvi_3100	Echvi_3100	Echvi_Contig97.1	3703471	3704619	-	1	mannonate dehydratase
Echvi_3101	Echvi_3101	Echvi_Contig97.1	3704711	3705526	-	1	Dehydrogenases with different specificities (related to short-chain alcohol dehydrogenases)
Echvi_3102	Echvi_3102	Echvi_Contig97.1	3705545	3706972	-	1	Glucuronate isomerase
Echvi_3103	Echvi_3103	Echvi_Contig97.1	3707337	3708359	+	1	Transcriptional regulators
Echvi_3104	Echvi_3104	Echvi_Contig97.1	3708632	3710308	-	1	SusD family.
Echvi_3105	Echvi_3105	Echvi_Contig97.1	3710333	3713350	-	1	TonB-linked outer membrane protein, SusC/RagA family
Echvi_3106	Echvi_3106	Echvi_Contig97.1	3713607	3714932	+	1	Sugar phosphate permease
Echvi_3107	Echvi_3107	Echvi_Contig97.1	3715044	3715979	-	1	Hydroxypyruvate isomerase
Echvi_3108	Echvi_3108	Echvi_Contig97.1	3716513	3717475	+	1	Predicted transcriptional regulator
Echvi_3109	Echvi_3109	Echvi_Contig97.1	3717542	3717757	+	1	hypothetical protein
Echvi_3110	Echvi_3110	Echvi_Contig97.1	3717953	3718822	+	1	ABC-type hemin transport system, periplasmic component
Echvi_3111	Echvi_3111	Echvi_Contig97.1	3718844	3719917	+	1	ABC-type Fe3+-siderophore transport system, permease component
Echvi_3112	Echvi_3112	Echvi_Contig97.1	3719914	3720729	+	1	ABC-type hemin transport system, ATPase component
Echvi_3113	Echvi_3113	Echvi_Contig97.1	3720731	3721789	+	1	Putative heme degradation protein
Echvi_3114	Echvi_3114	Echvi_Contig97.1	3721921	3724227	+	1	Outer membrane receptor for ferrienterochelin and colicins
Echvi_3115	Echvi_3115	Echvi_Contig97.1	3724332	3724949	+	1	hypothetical protein
Echvi_3116	Echvi_3116	Echvi_Contig97.1	3725108	3725710	-	1	Alkylated DNA repair protein
Echvi_3117	Echvi_3117	Echvi_Contig97.1	3725975	3727312	-	1	PhoPQ-activated pathogenicity-related protein
Echvi_3118	Echvi_3118	Echvi_Contig97.1	3727446	3728783	+	1	Predicted phosphohydrolases
Echvi_3119	Echvi_3119	Echvi_Contig97.1	3728796	3729644	+	1	Glycerophosphoryl diester phosphodiesterase
Echvi_3120	Echvi_3120	Echvi_Contig97.1	3730065	3730235	-	1	hypothetical protein
Echvi_3121	Echvi_3121	Echvi_Contig97.1	3730401	3730991	+	1	cAMP-binding proteins - catabolite gene activator and regulatory subunit of cAMP-dependent protein kinases
Echvi_3122	Echvi_3122	Echvi_Contig97.1	3730988	3732385	+	1	Metal-dependent amidase/aminoacylase/carboxypeptidase
Echvi_3123	Echvi_3123	Echvi_Contig97.1	3732416	3733735	-	1	Endopolygalacturonase
Echvi_3124	Echvi_3124	Echvi_Contig97.1	3734038	3735249	-	1	von Willebrand factor type A domain.
Echvi_3125	Echvi_3125	Echvi_Contig97.1	3735589	3736164	+	1	RNA polymerase sigma-70 factor, Bacteroides expansion family 1
Echvi_3126	Echvi_3126	Echvi_Contig97.1	3736279	3737238	+	1	Fe2+-dicitrate sensor, membrane component
Echvi_3127	Echvi_3127	Echvi_Contig97.1	3737349	3740555	+	1	TonB-linked outer membrane protein, SusC/RagA family
Echvi_3128	Echvi_3128	Echvi_Contig97.1	3740563	3742164	+	1	SusD family.
Echvi_3129	Echvi_3129	Echvi_Contig97.1	3742649	3742801	+	1	hypothetical protein
Echvi_3130	Echvi_3130	Echvi_Contig97.1	3743201	3743285	-	5	tRNA
Echvi_3131	Echvi_3131	Echvi_Contig97.1	3743477	3744547	-	1	Arginase/agmatinase/formimionoglutamate hydrolase, arginase family
Echvi_3132	Echvi_3132	Echvi_Contig97.1	3744723	3745202	-	1	Phosphohistidine phosphatase SixA
Echvi_3133	Echvi_3133	Echvi_Contig97.1	3745363	3747684	+	1	DNA topoisomerase I, bacterial
Echvi_3134	Echvi_3134	Echvi_Contig97.1	3747988	3748683	+	1	NAD-dependent protein deacetylases, SIR2 family
Echvi_3135	Echvi_3135	Echvi_Contig97.1	3748886	3748977	+	5	tRNA
Echvi_3136	Echvi_3136	Echvi_Contig97.1	3749160	3750764	-	1	Site-specific recombinases, DNA invertase Pin homologs
Echvi_3137	Echvi_3137	Echvi_Contig97.1	3749174	3749248	+	5	tRNA
Echvi_3138	Echvi_3138	Echvi_Contig97.1	3750985	3752469	-	1	Site-specific recombinases, DNA invertase Pin homologs
Echvi_3139	Echvi_3139	Echvi_Contig97.1	3752459	3752575	-	1	hypothetical protein
Echvi_3140	Echvi_3140	Echvi_Contig97.1	3753234	3753626	+	1	single stranded DNA-binding protein (ssb)
Echvi_3141	Echvi_3141	Echvi_Contig97.1	3753671	3754744	+	1	phage/plasmid-related protein TIGR03299
Echvi_3142	Echvi_3142	Echvi_Contig97.1	3754799	3754969	+	1	hypothetical protein
Echvi_3143	Echvi_3143	Echvi_Contig97.1	3754911	3755195	+	1	hypothetical protein
Echvi_3144	Echvi_3144	Echvi_Contig97.1	3755247	3756155	+	1	hypothetical protein
Echvi_3145	Echvi_3145	Echvi_Contig97.1	3756251	3756673	+	1	hypothetical protein
Echvi_3146	Echvi_3146	Echvi_Contig97.1	3756724	3757611	+	1	hypothetical protein
Echvi_3147	Echvi_3147	Echvi_Contig97.1	3757808	3758389	+	1	AraC-type DNA-binding domain-containing proteins
Echvi_3148	Echvi_3148	Echvi_Contig97.1	3758459	3759058	+	1	KWG Leptospira.
Echvi_3149	Echvi_3149	Echvi_Contig97.1	3759224	3759703	+	1	hypothetical protein
Echvi_3150	Echvi_3150	Echvi_Contig97.1	3759728	3759997	+	1	hypothetical protein
Echvi_3151	Echvi_3151	Echvi_Contig97.1	3760005	3760223	+	1	Copper chaperone
Echvi_3152	Echvi_3152	Echvi_Contig97.1	3760246	3760464	+	1	Predicted membrane protein (DUF2078).
Echvi_3153	Echvi_3153	Echvi_Contig97.1	3760482	3760760	+	1	hypothetical protein
Echvi_3154	Echvi_3154	Echvi_Contig97.1	3760779	3761489	+	1	hypothetical protein
Echvi_3155	Echvi_3155	Echvi_Contig97.1	3761502	3761963	+	1	Universal stress protein UspA and related nucleotide-binding proteins
Echvi_3156	Echvi_3156	Echvi_Contig97.1	3761960	3763315	+	1	NADH dehydrogenase, FAD-containing subunit
Echvi_3157	Echvi_3157	Echvi_Contig97.1	3763336	3764349	+	1	glyceraldehyde-3-phosphate dehydrogenase, type II
Echvi_3158	Echvi_3158	Echvi_Contig97.1	3764361	3765422	+	1	DhnA-type fructose-1,6-bisphosphate aldolase and related enzymes
Echvi_3159	Echvi_3159	Echvi_Contig97.1	3765434	3766782	+	1	Na+/H+-dicarboxylate symporters
Echvi_3160	Echvi_3160	Echvi_Contig97.1	3766775	3767746	+	1	6-phosphofructokinase
Echvi_3161	Echvi_3161	Echvi_Contig97.1	3767750	3768745	+	1	Lactate dehydrogenase and related dehydrogenases
Echvi_3162	Echvi_3162	Echvi_Contig97.1	3768764	3769594	+	1	Universal stress protein UspA and related nucleotide-binding proteins
Echvi_3163	Echvi_3163	Echvi_Contig97.1	3769597	3770442	+	1	Predicted transcriptional regulator, consists of a Zn-ribbon and ATP-cone domains
Echvi_3164	Echvi_3164	Echvi_Contig97.1	3770483	3770737	+	1	hypothetical protein
Echvi_3165	Echvi_3165	Echvi_Contig97.1	3770753	3772129	+	1	Predicted exonuclease of the beta-lactamase fold involved in RNA processing
Echvi_3166	Echvi_3166	Echvi_Contig97.1	3772151	3773653	+	1	putative thymidine phosphorylase
Echvi_3167	Echvi_3167	Echvi_Contig97.1	3773660	3774553	+	1	ribose-phosphate pyrophosphokinase
Echvi_3168	Echvi_3168	Echvi_Contig97.1	3774550	3775194	+	1	hypothetical protein
Echvi_3169	Echvi_3169	Echvi_Contig97.1	3775202	3775495	+	1	hypothetical protein
Echvi_3170	Echvi_3170	Echvi_Contig97.1	3775514	3777616	+	1	copper-(or silver)-translocating P-type ATPase/heavy metal-(Cd/Co/Hg/Pb/Zn)-translocating P-type ATPase
Echvi_3171	Echvi_3171	Echvi_Contig97.1	3777617	3778834	+	1	Arabinose efflux permease
Echvi_3172	Echvi_3172	Echvi_Contig97.1	3779173	3779430	-	1	hypothetical protein
Echvi_3173	Echvi_3173	Echvi_Contig97.1	3779576	3780022	-	1	hypothetical protein
Echvi_3174	Echvi_3174	Echvi_Contig97.1	3780034	3780594	-	1	Conjugative transposon protein TraO.
Echvi_3175	Echvi_3175	Echvi_Contig97.1	3780615	3781511	-	1	Bacteroides conjugative transposon TraN protein
Echvi_3176	Echvi_3176	Echvi_Contig97.1	3781536	3782867	-	1	Bacteroides conjugative transposon TraM protein
Echvi_3177	Echvi_3177	Echvi_Contig97.1	3782854	3783141	-	1	hypothetical protein
Echvi_3178	Echvi_3178	Echvi_Contig97.1	3783155	3783583	-	1	hypothetical protein
Echvi_3179	Echvi_3179	Echvi_Contig97.1	3783596	3784219	-	1	Bacteroides conjugative transposon TraK protein
Echvi_3180	Echvi_3180	Echvi_Contig97.1	3784244	3785236	-	1	Bacteroides conjugative transposon TraJ protein
Echvi_3181	Echvi_3181	Echvi_Contig97.1	3785240	3785872	-	1	hypothetical protein
Echvi_3182	Echvi_3182	Echvi_Contig97.1	3785900	3788404	-	1	Bacteroides conjugation system ATPase, TraG family
Echvi_3183	Echvi_3183	Echvi_Contig97.1	3788401	3788733	-	1	hypothetical protein
Echvi_3184	Echvi_3184	Echvi_Contig97.1	3788745	3789053	-	1	hypothetical protein
Echvi_3185	Echvi_3185	Echvi_Contig97.1	3789276	3790031	+	1	hypothetical protein
Echvi_3186	Echvi_3186	Echvi_Contig97.1	3790167	3790589	-	1	hypothetical protein
Echvi_3187	Echvi_3187	Echvi_Contig97.1	3790586	3791713	-	1	hypothetical protein
Echvi_3188	Echvi_3188	Echvi_Contig97.1	3791710	3792513	-	1	hypothetical protein
Echvi_3189	Echvi_3189	Echvi_Contig97.1	3792517	3792750	-	1	Uncharacterized protein conserved in bacteria (DUF2188).
Echvi_3190	Echvi_3190	Echvi_Contig97.1	3792817	3793440	+	1	hypothetical protein
Echvi_3191	Echvi_3191	Echvi_Contig97.1	3793437	3793832	+	1	hypothetical protein
Echvi_3192	Echvi_3192	Echvi_Contig97.1	3793816	3794637	+	1	Predicted Zn peptidase
Echvi_3193	Echvi_3193	Echvi_Contig97.1	3794711	3794929	-	1	hypothetical protein
Echvi_3194	Echvi_3194	Echvi_Contig97.1	3795092	3795592	-	1	hypothetical protein
Echvi_3195	Echvi_3195	Echvi_Contig97.1	3795632	3795844	-	1	hypothetical protein
Echvi_3196	Echvi_3196	Echvi_Contig97.1	3795893	3796414	-	1	Copper chaperone
Echvi_3197	Echvi_3197	Echvi_Contig97.1	3796489	3796692	-	1	hypothetical protein
Echvi_3198	Echvi_3198	Echvi_Contig97.1	3796728	3797117	-	1	Uncharacterized enzyme of phosphonate metabolism
Echvi_3199	Echvi_3199	Echvi_Contig97.1	3797114	3797500	-	1	Predicted transcriptional regulators
Echvi_3200	Echvi_3200	Echvi_Contig97.1	3797574	3798260	-	1	Site-specific recombinase XerD
Echvi_3201	Echvi_3201	Echvi_Contig97.1	3798315	3798663	-	1	RteC protein.
Echvi_3202	Echvi_3202	Echvi_Contig97.1	3798772	3802233	-	1	copper-(or silver)-translocating P-type ATPase
Echvi_3203	Echvi_3203	Echvi_Contig97.1	3800576	3801898	+	1	Transposase DDE domain.
Echvi_3204	Echvi_3204	Echvi_Contig97.1	3802252	3802833	-	1	Protein of unknown function (DUF2911).
Echvi_3205	Echvi_3205	Echvi_Contig97.1	3802833	3803546	-	1	hypothetical protein
Echvi_3206	Echvi_3206	Echvi_Contig97.1	3803543	3804856	-	1	Amino acid transporters
Echvi_3207	Echvi_3207	Echvi_Contig97.1	3804867	3807209	-	1	Putative multicopper oxidases
Echvi_3208	Echvi_3208	Echvi_Contig97.1	3807335	3807910	-	1	Methylase involved in ubiquinone/menaquinone biosynthesis
Echvi_3209	Echvi_3209	Echvi_Contig97.1	3808158	3808856	-	1	Predicted membrane protein
Echvi_3210	Echvi_3210	Echvi_Contig97.1	3808881	3809390	-	1	hypothetical protein
Echvi_3211	Echvi_3211	Echvi_Contig97.1	3809416	3809904	-	1	Protein of unknown function (DUF3347).
Echvi_3212	Echvi_3212	Echvi_Contig97.1	3810119	3811909	-	1	RND family efflux transporter, MFP subunit
Echvi_3213	Echvi_3213	Echvi_Contig97.1	3811911	3813158	-	1	Outer membrane protein
Echvi_3214	Echvi_3214	Echvi_Contig97.1	3813155	3816979	-	1	Putative silver efflux pump
Echvi_3215	Echvi_3215	Echvi_Contig97.1	3817108	3817452	-	1	hypothetical protein
Echvi_3216	Echvi_3216	Echvi_Contig97.1	3817663	3818268	-	1	YceI-like domain.
Echvi_3217	Echvi_3217	Echvi_Contig97.1	3818494	3819762	-	1	hypothetical protein
Echvi_3218	Echvi_3218	Echvi_Contig97.1	3819776	3820354	-	1	Uncharacterized conserved protein
Echvi_3219	Echvi_3219	Echvi_Contig97.1	3820366	3821397	-	1	Zn-dependent alcohol dehydrogenases
Echvi_3220	Echvi_3220	Echvi_Contig97.1	3821821	3822276	-	1	hypothetical protein
Echvi_3221	Echvi_3221	Echvi_Contig97.1	3822398	3822778	-	1	hypothetical protein
Echvi_3222	Echvi_3222	Echvi_Contig97.1	3823081	3823359	-	1	hypothetical protein
Echvi_3223	Echvi_3223	Echvi_Contig97.1	3823360	3823962	+	1	Mn-dependent transcriptional regulator
Echvi_3224	Echvi_3224	Echvi_Contig97.1	3824156	3824569	-	1	hypothetical protein
Echvi_3225	Echvi_3225	Echvi_Contig97.1	3824651	3824961	+	1	hypothetical protein
Echvi_3226	Echvi_3226	Echvi_Contig97.1	3825158	3825793	-	1	hypothetical protein
Echvi_3227	Echvi_3227	Echvi_Contig97.1	3825805	3826254	-	1	Protein of unknown function (DUF3408).
Echvi_3228	Echvi_3228	Echvi_Contig97.1	3826259	3827026	-	1	ATPases involved in chromosome partitioning
Echvi_3229	Echvi_3229	Echvi_Contig97.1	3827765	3828202	+	1	hypothetical protein
Echvi_3230	Echvi_3230	Echvi_Contig97.1	3828205	3829494	+	1	Relaxase/Mobilisation nuclease domain.
Echvi_3231	Echvi_3231	Echvi_Contig97.1	3829595	3831616	+	1	Type IV secretory pathway, VirD4 components
Echvi_3232	Echvi_3232	Echvi_Contig97.1	3831635	3832552	+	1	RteC protein.
Echvi_3233	Echvi_3233	Echvi_Contig97.1	3832533	3832730	+	1	hypothetical protein
Echvi_3234	Echvi_3234	Echvi_Contig97.1	3832747	3833244	+	1	hypothetical protein
Echvi_3235	Echvi_3235	Echvi_Contig97.1	3833325	3838724	-	1	Helicase conserved C-terminal domain./SNF2 family N-terminal domain.
Echvi_3236	Echvi_3236	Echvi_Contig97.1	3838711	3839148	-	1	Domain of unknown function (DUF1896).
Echvi_3237	Echvi_3237	Echvi_Contig97.1	3839369	3840298	-	1	Domain of unknown function (DUF1814).
Echvi_3238	Echvi_3238	Echvi_Contig97.1	3840302	3841090	-	1	Protein of unknwon function (DUF2893).
Echvi_3239	Echvi_3239	Echvi_Contig97.1	3841209	3843290	-	1	Topoisomerase IA
Echvi_3240	Echvi_3240	Echvi_Contig97.1	3843297	3844760	-	1	hypothetical protein
Echvi_3241	Echvi_3241	Echvi_Contig97.1	3844845	3845153	-	1	hypothetical protein
Echvi_3242	Echvi_3242	Echvi_Contig97.1	3845402	3846247	-	1	RteC protein.
Echvi_3243	Echvi_3243	Echvi_Contig97.1	3846966	3847331	+	1	hypothetical protein
Echvi_3244	Echvi_3244	Echvi_Contig97.1	3848304	3848489	-	1	hypothetical protein
Echvi_3245	Echvi_3245	Echvi_Contig97.1	3848500	3848928	-	1	Predicted membrane protein
Echvi_3246	Echvi_3246	Echvi_Contig97.1	3849116	3849325	-	1	hypothetical protein
Echvi_3247	Echvi_3247	Echvi_Contig97.1	3849774	3852542	+	1	Subtilisin-like serine proteases
Echvi_3248	Echvi_3248	Echvi_Contig97.1	3852546	3854270	+	1	Zn-dependent dipeptidase, microsomal dipeptidase homolog
Echvi_3249	Echvi_3249	Echvi_Contig97.1	3854659	3855675	-	1	Putative salt-induced outer membrane protein
Echvi_3250	Echvi_3250	Echvi_Contig97.1	3855741	3856781	-	1	hypothetical protein
Echvi_3251	Echvi_3251	Echvi_Contig97.1	3856800	3857537	-	1	hypothetical protein
Echvi_3252	Echvi_3252	Echvi_Contig97.1	3857618	3858268	-	1	Outer membrane protein and related peptidoglycan-associated (lipo)proteins
Echvi_3253	Echvi_3253	Echvi_Contig97.1	3858294	3859124	-	1	hypothetical protein
Echvi_3254	Echvi_3254	Echvi_Contig97.1	3859207	3860187	-	1	hypothetical protein
Echvi_3255	Echvi_3255	Echvi_Contig97.1	3860198	3860926	-	1	Predicted periplasmic protein
Echvi_3256	Echvi_3256	Echvi_Contig97.1	3861085	3862128	-	1	AraC-type DNA-binding domain-containing proteins
Echvi_3257	Echvi_3257	Echvi_Contig97.1	3862381	3863526	-	1	Response regulator containing CheY-like receiver domain and AraC-type DNA-binding domain
Echvi_3258	Echvi_3258	Echvi_Contig97.1	3863616	3863903	+	1	hypothetical protein
Echvi_3259	Echvi_3259	Echvi_Contig97.1	3863903	3864244	+	1	Transposase and inactivated derivatives
Echvi_3260	Echvi_3260	Echvi_Contig97.1	3864415	3865968	+	1	Transposase and inactivated derivatives
Echvi_3261	Echvi_3261	Echvi_Contig97.1	3865977	3866594	-	1	hypothetical protein
Echvi_3262	Echvi_3262	Echvi_Contig97.1	3866652	3867067	-	1	hypothetical protein
Echvi_3263	Echvi_3263	Echvi_Contig97.1	3867359	3868093	-	1	Receptor L domain.
Echvi_3264	Echvi_3264	Echvi_Contig97.1	3868430	3868840	-	1	hypothetical protein
Echvi_3265	Echvi_3265	Echvi_Contig97.1	3868843	3869562	-	1	DNA replication protein
Echvi_3266	Echvi_3266	Echvi_Contig97.1	3869575	3871155	-	1	Transposase and inactivated derivatives
Echvi_3267	Echvi_3267	Echvi_Contig97.1	3871712	3872425	-	1	hypothetical protein
Echvi_3268	Echvi_3268	Echvi_Contig97.1	3872614	3873201	-	1	hypothetical protein
Echvi_3269	Echvi_3269	Echvi_Contig97.1	3873274	3874824	-	1	Uncharacterized membrane protein (homolog of Drosophila rhomboid)
Echvi_3270	Echvi_3270	Echvi_Contig97.1	3874929	3876038	-	1	Site-specific recombinase XerD
Echvi_3271	Echvi_3271	Echvi_Contig97.1	3876285	3876941	-	1	3-oxoacid CoA-transferase, B subunit
Echvi_3272	Echvi_3272	Echvi_Contig97.1	3877086	3877778	-	1	3-oxoacid CoA-transferase, A subunit
Echvi_3273	Echvi_3273	Echvi_Contig97.1	3878112	3879041	-	1	riboflavin kinase/FMN adenylyltransferase
Echvi_3274	Echvi_3274	Echvi_Contig97.1	3879038	3879712	-	1	tRNA pseudouridine 55 synthase
Echvi_3275	Echvi_3275	Echvi_Contig97.1	3879714	3880511	-	1	Uncharacterized bacitracin resistance protein
Echvi_3276	Echvi_3276	Echvi_Contig97.1	3880512	3880679	-	1	Protein of unknown function (DUF3098).
Echvi_3277	Echvi_3277	Echvi_Contig97.1	3880723	3881565	-	1	Cell division protein
Echvi_3278	Echvi_3278	Echvi_Contig97.1	3881709	3881849	-	1	hypothetical protein
Echvi_3279	Echvi_3279	Echvi_Contig97.1	3881877	3883298	+	1	amino acid carrier protein
Echvi_3280	Echvi_3280	Echvi_Contig97.1	3883717	3883854	-	1	hypothetical protein
Echvi_3281	Echvi_3281	Echvi_Contig97.1	3884503	3884718	-	1	hypothetical protein
Echvi_3282	Echvi_3282	Echvi_Contig97.1	3885391	3885606	-	1	hypothetical protein
Echvi_3283	Echvi_3283	Echvi_Contig97.1	3885781	3886170	-	1	Lactoylglutathione lyase and related lyases
Echvi_3284	Echvi_3284	Echvi_Contig97.1	3886244	3887470	-	1	Homoserine dehydrogenase
Echvi_3285	Echvi_3285	Echvi_Contig97.1	3887463	3888518	-	1	homoserine O-acetyltransferase
Echvi_3286	Echvi_3286	Echvi_Contig97.1	3889180	3890202	-	1	hypothetical protein
Echvi_3287	Echvi_3287	Echvi_Contig97.1	3891045	3891167	-	1	hypothetical protein
Echvi_3288	Echvi_3288	Echvi_Contig97.1	3891266	3893728	-	1	TonB family C-terminal domain
Echvi_3289	Echvi_3289	Echvi_Contig97.1	3893734	3894096	-	1	Predicted transcriptional regulator
Echvi_3290	Echvi_3290	Echvi_Contig97.1	3894315	3895064	-	1	Fatty-acid desaturase
Echvi_3291	Echvi_3291	Echvi_Contig97.1	3895255	3895626	+	1	Predicted membrane protein
Echvi_3292	Echvi_3292	Echvi_Contig97.1	3895655	3895813	-	1	hypothetical protein
Echvi_3293	Echvi_3293	Echvi_Contig97.1	3895943	3896500	+	1	hypothetical protein
Echvi_3294	Echvi_3294	Echvi_Contig97.1	3896571	3897473	+	1	Deacetylases, including yeast histone deacetylase and acetoin utilization protein
Echvi_3295	Echvi_3295	Echvi_Contig97.1	3897639	3898277	+	1	Outer membrane protein
Echvi_3296	Echvi_3296	Echvi_Contig97.1	3898384	3899355	+	1	Deoxyhypusine synthase
Echvi_3297	Echvi_3297	Echvi_Contig97.1	3899411	3901165	+	1	Outer membrane protein and related peptidoglycan-associated (lipo)proteins
Echvi_3298	Echvi_3298	Echvi_Contig97.1	3901641	3902186	-	1	Polyketide cyclase / dehydrase and lipid transport.
Echvi_3299	Echvi_3299	Echvi_Contig97.1	3902483	3904846	-	1	Dipeptidyl aminopeptidases/acylaminoacyl-peptidases
Echvi_3300	Echvi_3300	Echvi_Contig97.1	3904938	3905273	-	1	hypothetical protein
Echvi_3301	Echvi_3301	Echvi_Contig97.1	3905448	3905597	+	1	hypothetical protein
Echvi_3302	Echvi_3302	Echvi_Contig97.1	3905637	3906281	+	1	hypothetical protein
Echvi_3303	Echvi_3303	Echvi_Contig97.1	3906278	3906934	-	1	Deoxynucleoside kinases
Echvi_3304	Echvi_3304	Echvi_Contig97.1	3907029	3907892	-	1	3-hydroxyacyl-CoA dehydrogenase
Echvi_3305	Echvi_3305	Echvi_Contig97.1	3908319	3910351	+	1	hypothetical protein
Echvi_3306	Echvi_3306	Echvi_Contig97.1	3908695	3909927	-	1	Transposase and inactivated derivatives
Echvi_3307	Echvi_3307	Echvi_Contig97.1	3910341	3910547	+	1	Predicted transcriptional regulators
Echvi_3308	Echvi_3308	Echvi_Contig97.1	3911118	3911957	+	1	Uncharacterized protein conserved in bacteria
Echvi_3309	Echvi_3309	Echvi_Contig97.1	3911954	3912313	-	1	Arsenate reductase and related proteins, glutaredoxin family
Echvi_3310	Echvi_3310	Echvi_Contig97.1	3912520	3913008	+	1	Predicted Fe-S-cluster oxidoreductase
Echvi_3311	Echvi_3311	Echvi_Contig97.1	3913058	3913975	+	1	Transcriptional regulator/sugar kinase
Echvi_3312	Echvi_3312	Echvi_Contig97.1	3914063	3914455	-	1	hypothetical protein
Echvi_3313	Echvi_3313	Echvi_Contig97.1	3914806	3915300	+	1	hypothetical protein
Echvi_3314	Echvi_3314	Echvi_Contig97.1	3915342	3917246	+	1	Type IIA topoisomerase (DNA gyrase/topo II, topoisomerase IV), B subunit
Echvi_3315	Echvi_3315	Echvi_Contig97.1	3917409	3920039	+	1	Type IIA topoisomerase (DNA gyrase/topo II, topoisomerase IV), A subunit
Echvi_3316	Echvi_3316	Echvi_Contig97.1	3920029	3920721	+	1	rRNA methylases
Echvi_3317	Echvi_3317	Echvi_Contig97.1	3920857	3921183	+	1	hypothetical protein
Echvi_3318	Echvi_3318	Echvi_Contig97.1	3921185	3921484	+	1	hypothetical protein
Echvi_3319	Echvi_3319	Echvi_Contig97.1	3921487	3923151	+	1	hypothetical protein
Echvi_3320	Echvi_3320	Echvi_Contig97.1	3923305	3924114	+	1	GIY-YIG catalytic domain.
Echvi_3321	Echvi_3321	Echvi_Contig97.1	3924198	3926660	+	1	Beta-galactosidase/beta-glucuronidase
Echvi_3322	Echvi_3322	Echvi_Contig97.1	3926657	3927121	-	1	hypothetical protein
Echvi_3323	Echvi_3323	Echvi_Contig97.1	3927489	3928520	+	1	Penicillin V acylase and related amidases
Echvi_3324	Echvi_3324	Echvi_Contig97.1	3928883	3929104	-	1	hypothetical protein
Echvi_3325	Echvi_3325	Echvi_Contig97.1	3929292	3929510	-	1	hypothetical protein
Echvi_3326	Echvi_3326	Echvi_Contig97.1	3929707	3930660	+	1	Putative GTPases (G3E family)
Echvi_3327	Echvi_3327	Echvi_Contig97.1	3930706	3931731	+	1	Predicted deacylase
Echvi_3328	Echvi_3328	Echvi_Contig97.1	3931785	3932951	-	1	hypothetical protein
Echvi_3329	Echvi_3329	Echvi_Contig97.1	3933001	3935340	-	1	Predicted membrane protein (DUF2339).
Echvi_3330	Echvi_3330	Echvi_Contig97.1	3935542	3935886	-	1	alkylphosphonate utilization operon protein PhnA
Echvi_3331	Echvi_3331	Echvi_Contig97.1	3935911	3936609	-	1	hypothetical protein
Echvi_3332	Echvi_3332	Echvi_Contig97.1	3937085	3937534	+	1	hypothetical protein
Echvi_3333	Echvi_3333	Echvi_Contig97.1	3937667	3938074	+	1	hypothetical protein
Echvi_3334	Echvi_3334	Echvi_Contig97.1	3938289	3939818	+	1	Predicted ATPase
Echvi_3335	Echvi_3335	Echvi_Contig97.1	3939925	3941133	+	1	flavoprotein, HI0933 family
Echvi_3336	Echvi_3336	Echvi_Contig97.1	3941148	3941504	+	1	hypothetical protein
Echvi_3337	Echvi_3337	Echvi_Contig97.1	3941830	3942807	+	1	Predicted hydrolase of the alpha/beta-hydrolase fold
Echvi_3338	Echvi_3338	Echvi_Contig97.1	3943076	3944584	+	1	Glutamate synthase domain 2
Echvi_3339	Echvi_3339	Echvi_Contig97.1	3944502	3944699	-	1	hypothetical protein
Echvi_3340	Echvi_3340	Echvi_Contig97.1	3944719	3945168	-	1	Transcriptional regulators
Echvi_3341	Echvi_3341	Echvi_Contig97.1	3945281	3945721	-	1	Predicted membrane protein
Echvi_3342	Echvi_3342	Echvi_Contig97.1	3945809	3946231	-	1	peroxiredoxin, Ohr subfamily
Echvi_3343	Echvi_3343	Echvi_Contig97.1	3946327	3948006	-	1	Arabinose efflux permease
Echvi_3344	Echvi_3344	Echvi_Contig97.1	3948013	3948573	-	1	Amidases related to nicotinamidase
Echvi_3345	Echvi_3345	Echvi_Contig97.1	3948723	3949727	-	1	Predicted hydrolases or acyltransferases (alpha/beta hydrolase superfamily)
Echvi_3346	Echvi_3346	Echvi_Contig97.1	3949942	3950763	-	1	Lysophospholipase
Echvi_3347	Echvi_3347	Echvi_Contig97.1	3951271	3951561	-	1	hypothetical protein
Echvi_3348	Echvi_3348	Echvi_Contig97.1	3951742	3952944	-	1	Predicted dehydrogenase
Echvi_3349	Echvi_3349	Echvi_Contig97.1	3953204	3954091	+	1	Formate/nitrite family of transporters
Echvi_3350	Echvi_3350	Echvi_Contig97.1	3954137	3955318	-	1	Predicted SAM-dependent methyltransferases
Echvi_3351	Echvi_3351	Echvi_Contig97.1	3955403	3957022	-	1	ATPase components of ABC transporters with duplicated ATPase domains
Echvi_3352	Echvi_3352	Echvi_Contig97.1	3957443	3958681	-	1	drug resistance transporter, Bcr/CflA subfamily
Echvi_3353	Echvi_3353	Echvi_Contig97.1	3959202	3962345	+	1	hypothetical protein
Echvi_3354	Echvi_3354	Echvi_Contig97.1	3962346	3963596	-	1	threonine dehydratase
Echvi_3355	Echvi_3355	Echvi_Contig97.1	3963938	3964011	+	5	tRNA
Echvi_3356	Echvi_3356	Echvi_Contig97.1	3964105	3964181	+	5	tRNA
Echvi_3357	Echvi_3357	Echvi_Contig97.1	3965209	3965814	+	1	Uncharacterized conserved protein
Echvi_3358	Echvi_3358	Echvi_Contig97.1	3965855	3965968	+	1	hypothetical protein
Echvi_3359	Echvi_3359	Echvi_Contig97.1	3966038	3966985	+	1	acetyl-CoA carboxylase, carboxyl transferase, alpha subunit
Echvi_3360	Echvi_3360	Echvi_Contig97.1	3967249	3968091	+	1	Zn-dependent hydrolases, including glyoxylases
Echvi_3361	Echvi_3361	Echvi_Contig97.1	3968081	3968869	+	1	Predicted esterase of the alpha-beta hydrolase superfamily
Echvi_3362	Echvi_3362	Echvi_Contig97.1	3968883	3969440	+	1	1-acyl-sn-glycerol-3-phosphate acyltransferase
Echvi_3363	Echvi_3363	Echvi_Contig97.1	3969627	3970556	+	1	Predicted membrane protein
Echvi_3364	Echvi_3364	Echvi_Contig97.1	3970553	3971320	-	1	Dehydrogenases with different specificities (related to short-chain alcohol dehydrogenases)
Echvi_3365	Echvi_3365	Echvi_Contig97.1	3971617	3972318	-	1	Transcriptional regulator
Echvi_3366	Echvi_3366	Echvi_Contig97.1	3972594	3973931	-	1	tyrosyl-tRNA synthetase
Echvi_3367	Echvi_3367	Echvi_Contig97.1	3974259	3975233	+	1	GSCFA family.
Echvi_3368	Echvi_3368	Echvi_Contig97.1	3975269	3976159	-	1	hypothetical protein
Echvi_3369	Echvi_3369	Echvi_Contig97.1	3976834	3977139	+	1	Protein of unknown function (DUF2752).
Echvi_3370	Echvi_3370	Echvi_Contig97.1	3977132	3977530	+	1	Predicted membrane protein
Echvi_3371	Echvi_3371	Echvi_Contig97.1	3977499	3978470	+	1	hypothetical protein
Echvi_3372	Echvi_3372	Echvi_Contig97.1	3978654	3978920	+	1	Predicted membrane protein
Echvi_3373	Echvi_3373	Echvi_Contig97.1	3979229	3980719	-	1	Predicted aminopeptidases
Echvi_3374	Echvi_3374	Echvi_Contig97.1	3980851	3981558	-	1	Pseudouridylate synthases, 23S RNA-specific
Echvi_3375	Echvi_3375	Echvi_Contig97.1	3981629	3982777	-	1	Predicted dehydrogenases and related proteins
Echvi_3376	Echvi_3376	Echvi_Contig97.1	3983009	3983857	-	1	O-6-methylguanine DNA methyltransferase
Echvi_3377	Echvi_3377	Echvi_Contig97.1	3984184	3984642	-	1	Uncharacterized protein conserved in bacteria
Echvi_3378	Echvi_3378	Echvi_Contig97.1	3984703	3985008	-	1	Rhodanese-related sulfurtransferase
Echvi_3379	Echvi_3379	Echvi_Contig97.1	3985014	3986861	-	1	hypothetical protein
Echvi_3380	Echvi_3380	Echvi_Contig97.1	3986862	3987638	-	1	Uncharacterized protein conserved in bacteria
Echvi_3381	Echvi_3381	Echvi_Contig97.1	3988238	3991288	-	1	Pregnancy-associated plasma protein-A.
Echvi_3382	Echvi_3382	Echvi_Contig97.1	3991312	3991563	-	1	Thioredoxin-like proteins and domains
Echvi_3383	Echvi_3383	Echvi_Contig97.1	3991572	3992666	-	1	ATPases involved in chromosome partitioning
Echvi_3384	Echvi_3384	Echvi_Contig97.1	3992909	3994858	+	1	DNA primase, catalytic core
Echvi_3385	Echvi_3385	Echvi_Contig97.1	3994909	3996177	+	1	GTP cyclohydrolase II/3,4-dihydroxy-2-butanone 4-phosphate synthase
Echvi_3386	Echvi_3386	Echvi_Contig97.1	3996480	3997115	+	1	hypothetical protein
Echvi_3387	Echvi_3387	Echvi_Contig97.1	3997182	3997355	-	1	hypothetical protein
Echvi_3388	Echvi_3388	Echvi_Contig97.1	3997418	3998197	+	1	5'/3'-nucleotidase SurE
Echvi_3389	Echvi_3389	Echvi_Contig97.1	3998240	3999115	-	1	Family of unknown function (DUF706).
Echvi_3390	Echvi_3390	Echvi_Contig97.1	3999963	4002158	+	1	Secreted and surface protein containing fasciclin-like repeats
Echvi_3391	Echvi_3391	Echvi_Contig97.1	4002177	4005428	+	1	TonB-linked outer membrane protein, SusC/RagA family
Echvi_3392	Echvi_3392	Echvi_Contig97.1	4005441	4006910	+	1	SusD family.
Echvi_3393	Echvi_3393	Echvi_Contig97.1	4006918	4008519	+	1	Secreted and surface protein containing fasciclin-like repeats
Echvi_3394	Echvi_3394	Echvi_Contig97.1	4008531	4010120	+	1	Secreted and surface protein containing fasciclin-like repeats
Echvi_3395	Echvi_3395	Echvi_Contig97.1	4010126	4013227	+	1	TonB-linked outer membrane protein, SusC/RagA family
Echvi_3396	Echvi_3396	Echvi_Contig97.1	4013239	4014873	+	1	SusD family.
Echvi_3397	Echvi_3397	Echvi_Contig97.1	4015252	4016529	+	1	Pectate lyase
Echvi_3398	Echvi_3398	Echvi_Contig97.1	4016656	4018842	+	1	hypothetical protein
Echvi_3399	Echvi_3399	Echvi_Contig97.1	4019155	4020339	+	1	Predicted unsaturated glucuronyl hydrolase involved in regulation of bacterial surface properties, and related proteins
Echvi_3400	Echvi_3400	Echvi_Contig97.1	4020419	4021846	+	1	Endopolygalacturonase
Echvi_3401	Echvi_3401	Echvi_Contig97.1	4021999	4022361	-	1	hypothetical protein
Echvi_3402	Echvi_3402	Echvi_Contig97.1	4022470	4022616	-	1	hypothetical protein
Echvi_3403	Echvi_3403	Echvi_Contig97.1	4022776	4027509	+	1	Pectate lyase
Echvi_3404	Echvi_3404	Echvi_Contig97.1	4027605	4029671	-	1	Predicted acyltransferases
Echvi_3405	Echvi_3405	Echvi_Contig97.1	4029795	4029911	-	1	hypothetical protein
Echvi_3406	Echvi_3406	Echvi_Contig97.1	4030041	4032401	+	1	TonB-dependent siderophore receptor
Echvi_3407	Echvi_3407	Echvi_Contig97.1	4032584	4032907	+	1	hypothetical protein
Echvi_3408	Echvi_3408	Echvi_Contig97.1	4032932	4033645	+	1	Nickel uptake substrate-specific transmembrane region.
Echvi_3409	Echvi_3409	Echvi_Contig97.1	4033757	4034887	-	1	Signal transduction histidine kinase
Echvi_3410	Echvi_3410	Echvi_Contig97.1	4035365	4037428	+	1	Arylsulfatase A and related enzymes
Echvi_3411	Echvi_3411	Echvi_Contig97.1	4037576	4038886	+	1	OAH/OAS sulfhydrylase
Echvi_3412	Echvi_3412	Echvi_Contig97.1	4039168	4039530	+	1	hypothetical protein
Echvi_3413	Echvi_3413	Echvi_Contig97.1	4039799	4040311	+	1	hypothetical protein
Echvi_3414	Echvi_3414	Echvi_Contig97.1	4040311	4040616	+	1	hypothetical protein
Echvi_3415	Echvi_3415	Echvi_Contig97.1	4040701	4041228	-	1	RNA polymerase sigma factor, sigma-70 family
Echvi_3416	Echvi_3416	Echvi_Contig97.1	4041466	4042557	+	1	Uncharacterized conserved protein
Echvi_3417	Echvi_3417	Echvi_Contig97.1	4042583	4044640	-	1	Predicted acyltransferases
Echvi_3418	Echvi_3418	Echvi_Contig97.1	4045133	4046296	-	1	Transcriptional regulators
Echvi_3419	Echvi_3419	Echvi_Contig97.1	4046301	4047563	-	1	Fucose permease
Echvi_3420	Echvi_3420	Echvi_Contig97.1	4047565	4048407	-	1	Transcriptional regulator/sugar kinase
Echvi_3421	Echvi_3421	Echvi_Contig97.1	4048557	4050803	+	1	hypothetical protein
Echvi_3422	Echvi_3422	Echvi_Contig97.1	4050993	4051937	+	1	Fe2+-dicitrate sensor, membrane component
Echvi_3423	Echvi_3423	Echvi_Contig97.1	4052027	4055650	+	1	TonB-linked outer membrane protein, SusC/RagA family
Echvi_3424	Echvi_3424	Echvi_Contig97.1	4055683	4057323	+	1	hypothetical protein
Echvi_3425	Echvi_3425	Echvi_Contig97.1	4057564	4059513	+	1	threonyl-tRNA synthetase
Echvi_3426	Echvi_3426	Echvi_Contig97.1	4059603	4060154	+	1	translation initiation factor IF-3
Echvi_3427	Echvi_3427	Echvi_Contig97.1	4060179	4060373	+	1	ribosomal protein L35
Echvi_3428	Echvi_3428	Echvi_Contig97.1	4060483	4060827	+	1	ribosomal protein L20
Echvi_3429	Echvi_3429	Echvi_Contig97.1	4061247	4061426	-	1	Predicted endonuclease containing a URI domain
Echvi_3430	Echvi_3430	Echvi_Contig97.1	4061465	4061659	+	1	hypothetical protein
Echvi_3431	Echvi_3431	Echvi_Contig97.1	4061645	4061911	-	1	Predicted endonuclease containing a URI domain
Echvi_3432	Echvi_3432	Echvi_Contig97.1	4062091	4062167	-	5	tRNA
Echvi_3433	Echvi_3433	Echvi_Contig97.1	4062312	4062707	+	1	Activator of Hsp90 ATPase homolog 1-like protein.
Echvi_3434	Echvi_3434	Echvi_Contig97.1	4062792	4064603	+	1	Predicted permeases
Echvi_3435	Echvi_3435	Echvi_Contig97.1	4064685	4064960	+	1	ribosomal protein S15, bacterial/organelle
Echvi_3436	Echvi_3436	Echvi_Contig97.1	4065069	4067210	+	1	polyribonucleotide nucleotidyltransferase
Echvi_3437	Echvi_3437	Echvi_Contig97.1	4067294	4068157	+	1	RNA polymerase sigma factor, sigma-70 family
Echvi_3438	Echvi_3438	Echvi_Contig97.1	4068352	4069296	+	1	thioredoxin-disulfide reductase
Echvi_3439	Echvi_3439	Echvi_Contig97.1	4069303	4070334	+	1	Membrane proteins related to metalloendopeptidases
Echvi_3440	Echvi_3440	Echvi_Contig97.1	4070397	4071113	+	1	bacillithiol biosynthesis deacetylase BshB1
Echvi_3441	Echvi_3441	Echvi_Contig97.1	4071283	4071918	-	1	pyridoxamine-phosphate oxidase
Echvi_3442	Echvi_3442	Echvi_Contig97.1	4072015	4072584	+	1	Putative transcriptional regulator
Echvi_3443	Echvi_3443	Echvi_Contig97.1	4072640	4074517	+	1	Domain of Unknown Function (DUF349).
Echvi_3444	Echvi_3444	Echvi_Contig97.1	4075674	4075749	-	5	tRNA
Echvi_3445	Echvi_3445	Echvi_Contig97.1	4075799	4075871	-	5	tRNA
Echvi_3446	Echvi_3446	Echvi_Contig97.1	4076051	4077487	-	1	Long-chain fatty acid transport protein
Echvi_3447	Echvi_3447	Echvi_Contig97.1	4077629	4078327	-	1	hypothetical protein
Echvi_3448	Echvi_3448	Echvi_Contig97.1	4078407	4078931	+	1	hypothetical protein
Echvi_3449	Echvi_3449	Echvi_Contig97.1	4079030	4079620	+	1	hypothetical protein
Echvi_3450	Echvi_3450	Echvi_Contig97.1	4079662	4080429	-	1	NIPSNAP.
Echvi_3451	Echvi_3451	Echvi_Contig97.1	4080580	4080813	-	1	hypothetical protein
Echvi_3452	Echvi_3452	Echvi_Contig97.1	4081021	4083630	-	1	ATP-dependent helicase HrpB
Echvi_3453	Echvi_3453	Echvi_Contig97.1	4083911	4084429	-	1	Protein of unknown function (DUF2911).
Echvi_3454	Echvi_3454	Echvi_Contig97.1	4084536	4085747	-	1	tRNA (5-methylaminomethyl-2-thiouridylate)-methyltransferase
Echvi_3455	Echvi_3455	Echvi_Contig97.1	4086045	4087868	+	1	hypothetical protein
Echvi_3456	Echvi_3456	Echvi_Contig97.1	4087937	4088140	-	1	Uncharacterized protein conserved in bacteria
Echvi_3457	Echvi_3457	Echvi_Contig97.1	4088193	4088441	-	1	hypothetical protein
Echvi_3458	Echvi_3458	Echvi_Contig97.1	4088711	4089109	-	1	hypothetical protein
Echvi_3459	Echvi_3459	Echvi_Contig97.1	4089215	4095868	-	1	Large extracellular alpha-helical protein
Echvi_3460	Echvi_3460	Echvi_Contig97.1	4096103	4096594	+	1	hypothetical protein
Echvi_3461	Echvi_3461	Echvi_Contig97.1	4096905	4101266	+	1	hypothetical protein
Echvi_3462	Echvi_3462	Echvi_Contig97.1	4101378	4101992	-	1	hypothetical protein
Echvi_3463	Echvi_3463	Echvi_Contig97.1	4102048	4102593	-	1	hypothetical protein
Echvi_3464	Echvi_3464	Echvi_Contig97.1	4102612	4103217	-	1	OmpW family.
Echvi_3465	Echvi_3465	Echvi_Contig97.1	4103220	4103897	-	1	hypothetical protein
Echvi_3466	Echvi_3466	Echvi_Contig97.1	4104149	4106626	+	1	Uncharacterized proteins, LmbE homologs
Echvi_3467	Echvi_3467	Echvi_Contig97.1	4106619	4106723	+	1	hypothetical protein
Echvi_3468	Echvi_3468	Echvi_Contig97.1	4106720	4108432	+	1	Na+/proline symporter
Echvi_3469	Echvi_3469	Echvi_Contig97.1	4108529	4109380	-	1	Protein of unknown function (DUF2911).
Echvi_3470	Echvi_3470	Echvi_Contig97.1	4109442	4110056	+	1	DNA-3-methyladenine glycosylase (3mg)
Echvi_3471	Echvi_3471	Echvi_Contig97.1	4110057	4110977	+	1	Phosphoglycerate dehydrogenase and related dehydrogenases
Echvi_3472	Echvi_3472	Echvi_Contig97.1	4110995	4111828	+	1	Universal stress protein UspA and related nucleotide-binding proteins
Echvi_3473	Echvi_3473	Echvi_Contig97.1	4111942	4112664	-	1	Tetratricopeptide repeat.
Echvi_3474	Echvi_3474	Echvi_Contig97.1	4112977	4113717	-	1	hypothetical protein
Echvi_3475	Echvi_3475	Echvi_Contig97.1	4113807	4114829	+	1	DNA polymerase III, delta subunit
Echvi_3476	Echvi_3476	Echvi_Contig97.1	4114846	4117836	+	1	DNA uptake lipoprotein
Echvi_3477	Echvi_3477	Echvi_Contig97.1	4117867	4119552	+	1	Outer membrane receptor proteins, mostly Fe transport
Echvi_3478	Echvi_3478	Echvi_Contig97.1	4119659	4120393	+	1	Cell division protein
Echvi_3479	Echvi_3479	Echvi_Contig97.1	4120395	4121090	+	1	Biopolymer transport proteins
Echvi_3480	Echvi_3480	Echvi_Contig97.1	4121143	4121535	+	1	Biopolymer transport protein
Echvi_3481	Echvi_3481	Echvi_Contig97.1	4121596	4122546	+	1	hypothetical protein
Echvi_3482	Echvi_3482	Echvi_Contig97.1	4122554	4123846	+	1	folylpolyglutamate synthase/dihydrofolate synthase
Echvi_3483	Echvi_3483	Echvi_Contig97.1	4123848	4124507	+	1	tRNA (guanine-N(7)-)-methyltransferase
Echvi_3484	Echvi_3484	Echvi_Contig97.1	4124639	4125193	+	1	hypothetical protein
Echvi_3485	Echvi_3485	Echvi_Contig97.1	4125376	4125945	+	1	RNA polymerase sigma-70 factor, Bacteroides expansion family 1
Echvi_3486	Echvi_3486	Echvi_Contig97.1	4126047	4127240	+	1	Fe2+-dicitrate sensor, membrane component
Echvi_3487	Echvi_3487	Echvi_Contig97.1	4127337	4130687	+	1	TonB-linked outer membrane protein, SusC/RagA family
Echvi_3488	Echvi_3488	Echvi_Contig97.1	4130709	4132007	+	1	SusD family.
Echvi_3489	Echvi_3489	Echvi_Contig97.1	4132030	4132953	+	1	Predicted periplasmic protein (DUF2233).
Echvi_3490	Echvi_3490	Echvi_Contig97.1	4133014	4134300	+	1	Gluconolactonase
Echvi_3491	Echvi_3491	Echvi_Contig97.1	4134675	4136642	+	1	NHL repeat./Predicted periplasmic protein (DUF2233).
Echvi_3492	Echvi_3492	Echvi_Contig97.1	4137088	4138110	+	1	Phosphate/sulphate permeases
Echvi_3493	Echvi_3493	Echvi_Contig97.1	4138111	4139529	-	1	Fibrobacter succinogenes major domain (Fib_succ_major).
Echvi_3494	Echvi_3494	Echvi_Contig97.1	4139558	4140979	-	1	Fibrobacter succinogenes major domain (Fib_succ_major).
Echvi_3495	Echvi_3495	Echvi_Contig97.1	4141248	4142273	+	1	Transcriptional regulators
Echvi_3496	Echvi_3496	Echvi_Contig97.1	4142389	4144239	-	1	DNA repair exonuclease
Echvi_3497	Echvi_3497	Echvi_Contig97.1	4144696	4146279	+	1	transporter, SSS family
Echvi_3498	Echvi_3498	Echvi_Contig97.1	4146437	4146568	-	1	hypothetical protein
Echvi_3499	Echvi_3499	Echvi_Contig97.1	4146565	4146684	-	1	hypothetical protein
Echvi_3500	Echvi_3500	Echvi_Contig97.1	4146787	4149924	+	1	TonB-linked outer membrane protein, SusC/RagA family
Echvi_3501	Echvi_3501	Echvi_Contig97.1	4149937	4151535	+	1	SusD family.
Echvi_3502	Echvi_3502	Echvi_Contig97.1	4151719	4153623	+	1	hypothetical protein
Echvi_3503	Echvi_3503	Echvi_Contig97.1	4153620	4154918	+	1	hypothetical protein
Echvi_3504	Echvi_3504	Echvi_Contig97.1	4154989	4156095	+	1	Redoxin.
Echvi_3505	Echvi_3505	Echvi_Contig97.1	4156193	4156294	-	1	hypothetical protein
Echvi_3506	Echvi_3506	Echvi_Contig97.1	4156308	4157399	-	1	Outer membrane protein and related peptidoglycan-associated (lipo)proteins
Echvi_3507	Echvi_3507	Echvi_Contig97.1	4157762	4157914	-	1	hypothetical protein
Echvi_3508	Echvi_3508	Echvi_Contig97.1	4158129	4158584	+	1	Thioredoxin-related protein
Echvi_3509	Echvi_3509	Echvi_Contig97.1	4158855	4160237	+	1	tRNA modification GTPase TrmE
Echvi_3510	Echvi_3510	Echvi_Contig97.1	4160405	4161547	+	1	Site-specific recombinase XerD
Echvi_3511	Echvi_3511	Echvi_Contig97.1	4161551	4162408	+	1	hypothetical protein
Echvi_3512	Echvi_3512	Echvi_Contig97.1	4162506	4162784	+	1	DNA binding domain, excisionase family
Echvi_3513	Echvi_3513	Echvi_Contig97.1	4162818	4164032	+	1	Predicted P-loop ATPase and inactivated derivatives
Echvi_3514	Echvi_3514	Echvi_Contig97.1	4164249	4165112	+	1	DNA primase (bacterial type)
Echvi_3515	Echvi_3515	Echvi_Contig97.1	4165214	4165558	+	1	Bacterial mobilisation protein (MobC).
Echvi_3516	Echvi_3516	Echvi_Contig97.1	4165548	4166723	+	1	Relaxase/Mobilisation nuclease domain.
Echvi_3517	Echvi_3517	Echvi_Contig97.1	4166731	4167150	-	1	hypothetical protein
Echvi_3518	Echvi_3518	Echvi_Contig97.1	4167716	4168141	-	1	hypothetical protein
Echvi_3519	Echvi_3519	Echvi_Contig97.1	4168154	4168402	-	1	hypothetical protein
Echvi_3520	Echvi_3520	Echvi_Contig97.1	4168478	4169770	+	1	Dual-action HEIGH metallo-peptidase.
Echvi_3521	Echvi_3521	Echvi_Contig97.1	4169945	4170877	+	1	Methyltransferase domain.
Echvi_3522	Echvi_3522	Echvi_Contig97.1	4171839	4172612	-	1	Metal-dependent hydrolase
Echvi_3523	Echvi_3523	Echvi_Contig97.1	4172687	4173463	-	1	Metal-dependent hydrolase
Echvi_3524	Echvi_3524	Echvi_Contig97.1	4173581	4175308	-	1	SusD family.
Echvi_3525	Echvi_3525	Echvi_Contig97.1	4175345	4178812	-	1	TonB-linked outer membrane protein, SusC/RagA family
Echvi_3526	Echvi_3526	Echvi_Contig97.1	4178960	4180114	-	1	Fe2+-dicitrate sensor, membrane component
Echvi_3527	Echvi_3527	Echvi_Contig97.1	4180332	4180910	-	1	RNA polymerase sigma-70 factor, Bacteroides expansion family 1
Echvi_3528	Echvi_3528	Echvi_Contig97.1	4181338	4182594	-	1	Erythromycin esterase homolog
Echvi_3529	Echvi_3529	Echvi_Contig97.1	4182856	4183554	-	1	hypothetical protein
Echvi_3530	Echvi_3530	Echvi_Contig97.1	4183838	4185661	+	1	Redoxin.
Echvi_3531	Echvi_3531	Echvi_Contig97.1	4185929	4186309	+	1	Protein of unknown function (DUF1696).
Echvi_3532	Echvi_3532	Echvi_Contig97.1	4186473	4187105	-	1	3-hexulose-6-phosphate synthase and related proteins
Echvi_3533	Echvi_3533	Echvi_Contig97.1	4187147	4187734	-	1	6-phospho 3-hexuloisomerase
Echvi_3534	Echvi_3534	Echvi_Contig97.1	4187940	4188782	+	1	AraC-type DNA-binding domain-containing proteins
Echvi_3535	Echvi_3535	Echvi_Contig97.1	4188933	4190261	-	1	ammonium transporter
Echvi_3536	Echvi_3536	Echvi_Contig97.1	4190566	4191645	+	1	Predicted permease
Echvi_3537	Echvi_3537	Echvi_Contig97.1	4191780	4192340	-	1	intracellular protease, PfpI family
Echvi_3538	Echvi_3538	Echvi_Contig97.1	4192680	4193120	+	1	hypothetical protein
Echvi_3539	Echvi_3539	Echvi_Contig97.1	4193299	4194183	-	1	AraC-type DNA-binding domain-containing proteins
Echvi_3540	Echvi_3540	Echvi_Contig97.1	4194766	4197783	+	1	TonB-linked outer membrane protein, SusC/RagA family
Echvi_3541	Echvi_3541	Echvi_Contig97.1	4197795	4199396	+	1	SusD family.
Echvi_3542	Echvi_3542	Echvi_Contig97.1	4199669	4201915	+	1	Dipeptidyl peptidase IV (DPP IV) N-terminal region./Prolyl oligopeptidase family.
Echvi_3543	Echvi_3543	Echvi_Contig97.1	4202025	4203710	-	1	Uncharacterized protein conserved in bacteria
Echvi_3544	Echvi_3544	Echvi_Contig97.1	4203652	4203891	-	1	hypothetical protein
Echvi_3545	Echvi_3545	Echvi_Contig97.1	4203999	4204904	-	1	ABC-type Mn2+/Zn2+ transport systems, permease components
Echvi_3546	Echvi_3546	Echvi_Contig97.1	4204901	4206193	-	1	ABC-type Mn2+/Zn2+ transport systems, permease components
Echvi_3547	Echvi_3547	Echvi_Contig97.1	4206195	4206983	-	1	ABC-type Mn/Zn transport systems, ATPase component
Echvi_3548	Echvi_3548	Echvi_Contig97.1	4206952	4207896	-	1	ABC-type metal ion transport system, periplasmic component/surface adhesin
Echvi_3549	Echvi_3549	Echvi_Contig97.1	4207893	4208561	-	1	Mn-dependent transcriptional regulator
Echvi_3550	Echvi_3550	Echvi_Contig97.1	4209009	4210127	-	1	Glycosyltransferase
Echvi_3551	Echvi_3551	Echvi_Contig97.1	4210174	4210989	+	1	Tetrahydrodipicolinate N-succinyltransferase
Echvi_3552	Echvi_3552	Echvi_Contig97.1	4211077	4211676	+	1	hypothetical protein
Echvi_3553	Echvi_3553	Echvi_Contig97.1	4211854	4213098	-	1	Phytanoyl-CoA dioxygenase (PhyH).
Echvi_3554	Echvi_3554	Echvi_Contig97.1	4213411	4213668	+	1	hypothetical protein
Echvi_3555	Echvi_3555	Echvi_Contig97.1	4214582	4216039	+	1	anion transporter
Echvi_3556	Echvi_3556	Echvi_Contig97.1	4216254	4217438	-	1	Phosphate-selective porin O and P.
Echvi_3557	Echvi_3557	Echvi_Contig97.1	4217448	4217894	-	1	Protein of unknown function (DUF2874).
Echvi_3558	Echvi_3558	Echvi_Contig97.1	4218142	4219413	-	1	His Kinase A (phosphoacceptor) domain./Histidine kinase-, DNA gyrase B-, and HSP90-like ATPase.
Echvi_3559	Echvi_3559	Echvi_Contig97.1	4219534	4220262	-	1	Response regulators consisting of a CheY-like receiver domain and a winged-helix DNA-binding domain
Echvi_3560	Echvi_3560	Echvi_Contig97.1	4220367	4220762	-	1	hypothetical protein
Echvi_3561	Echvi_3561	Echvi_Contig97.1	4220930	4221346	+	1	peroxiredoxin, OsmC subfamily
Echvi_3562	Echvi_3562	Echvi_Contig97.1	4221509	4222468	-	1	Aldo/keto reductases, related to diketogulonate reductase
Echvi_3563	Echvi_3563	Echvi_Contig97.1	4222684	4223808	-	1	thiazole biosynthesis protein ThiH
Echvi_3564	Echvi_3564	Echvi_Contig97.1	4223801	4224568	-	1	Uncharacterized enzyme of thiazole biosynthesis
Echvi_3565	Echvi_3565	Echvi_Contig97.1	4224549	4225196	-	1	Thiamine monophosphate synthase
Echvi_3566	Echvi_3566	Echvi_Contig97.1	4225196	4225789	-	1	Thiamine monophosphate synthase
Echvi_3567	Echvi_3567	Echvi_Contig97.1	4225789	4227660	-	1	thiamine biosynthesis protein ThiC
Echvi_3568	Echvi_3568	Echvi_Contig97.1	4227747	4227953	-	1	thiamine biosynthesis protein ThiS
Echvi_3569	Echvi_3569	Echvi_Contig97.1	4228307	4229563	-	1	Uncharacterized proteins of the AP superfamily
Echvi_3570	Echvi_3570	Echvi_Contig97.1	4229618	4230289	-	1	hypothetical protein
Echvi_3571	Echvi_3571	Echvi_Contig97.1	4230567	4231778	-	1	hypothetical protein
Echvi_3572	Echvi_3572	Echvi_Contig97.1	4231789	4234317	-	1	DNA gyrase, A subunit
Echvi_3573	Echvi_3573	Echvi_Contig97.1	4234412	4235371	-	1	hypothetical protein
Echvi_3574	Echvi_3574	Echvi_Contig97.1	4235963	4236469	-	1	hypothetical protein
Echvi_3575	Echvi_3575	Echvi_Contig97.1	4236628	4237278	-	1	ribulose-phosphate 3-epimerase
Echvi_3576	Echvi_3576	Echvi_Contig97.1	4237383	4239035	-	1	Subtilisin-like serine proteases
Echvi_3577	Echvi_3577	Echvi_Contig97.1	4239022	4239699	-	1	hypothetical protein
Echvi_3578	Echvi_3578	Echvi_Contig97.1	4239954	4240580	+	1	Phosphoribosylanthranilate isomerase
Echvi_3579	Echvi_3579	Echvi_Contig97.1	4240759	4241190	+	1	Electron transfer DM13.
Echvi_3580	Echvi_3580	Echvi_Contig97.1	4241243	4242550	-	1	ATPases of the AAA+ class
Echvi_3581	Echvi_3581	Echvi_Contig97.1	4242587	4243408	-	1	Putative peptidoglycan-binding domain-containing protein
Echvi_3582	Echvi_3582	Echvi_Contig97.1	4243412	4244281	-	1	Tetratricopeptide repeat.
Echvi_3583	Echvi_3583	Echvi_Contig97.1	4244291	4247929	-	1	hypothetical protein
Echvi_3584	Echvi_3584	Echvi_Contig97.1	4247967	4248530	-	1	hypothetical protein
Echvi_3585	Echvi_3585	Echvi_Contig97.1	4248597	4250441	-	1	Putative peptidoglycan-binding domain-containing protein
Echvi_3586	Echvi_3586	Echvi_Contig97.1	4250634	4252298	-	1	hypothetical protein
Echvi_3587	Echvi_3587	Echvi_Contig97.1	4252295	4256593	-	1	FOG: PKD repeat
Echvi_3588	Echvi_3588	Echvi_Contig97.1	4256605	4259460	-	1	hypothetical protein
Echvi_3589	Echvi_3589	Echvi_Contig97.1	4259448	4262750	-	1	Baseplate J-like protein.
Echvi_3590	Echvi_3590	Echvi_Contig97.1	4262806	4263222	-	1	Phage baseplate assembly protein W
Echvi_3591	Echvi_3591	Echvi_Contig97.1	4263228	4263512	-	1	Uncharacterized conserved protein
Echvi_3592	Echvi_3592	Echvi_Contig97.1	4263668	4265416	-	1	Rhs element Vgr protein
Echvi_3593	Echvi_3593	Echvi_Contig97.1	4265413	4266102	-	1	hypothetical protein
Echvi_3594	Echvi_3594	Echvi_Contig97.1	4266106	4266261	-	1	hypothetical protein
Echvi_3595	Echvi_3595	Echvi_Contig97.1	4266261	4266704	-	1	conserved hypothetical phage tail region protein
Echvi_3596	Echvi_3596	Echvi_Contig97.1	4266710	4267138	-	1	conserved hypothetical phage tail region protein
Echvi_3597	Echvi_3597	Echvi_Contig97.1	4267250	4269331	-	1	Phage tail sheath protein FI
Echvi_3598	Echvi_3598	Echvi_Contig97.1	4269344	4270204	-	1	hypothetical protein
Echvi_3599	Echvi_3599	Echvi_Contig97.1	4270201	4270794	-	1	hypothetical protein
Echvi_3600	Echvi_3600	Echvi_Contig97.1	4271323	4272693	-	1	Superfamily II DNA and RNA helicases
Echvi_3601	Echvi_3601	Echvi_Contig97.1	4272963	4274627	-	1	hypothetical protein
Echvi_3602	Echvi_3602	Echvi_Contig97.1	4274680	4275258	-	1	methionine-S-sulfoxide reductase
Echvi_3603	Echvi_3603	Echvi_Contig97.1	4275318	4275521	-	1	Protein of unknown function (DUF3253).
Echvi_3604	Echvi_3604	Echvi_Contig97.1	4275534	4276589	-	1	DNA repair photolyase
Echvi_3605	Echvi_3605	Echvi_Contig97.1	4276678	4277220	-	1	Phospholipid N-methyltransferase
Echvi_3606	Echvi_3606	Echvi_Contig97.1	4277321	4279312	+	1	Phosphoglycerol transferase and related proteins, alkaline phosphatase superfamily
Echvi_3607	Echvi_3607	Echvi_Contig97.1	4279330	4280511	-	1	hypothetical protein
Echvi_3608	Echvi_3608	Echvi_Contig97.1	4280511	4281743	-	1	Uncharacterized protein conserved in bacteria
Echvi_3609	Echvi_3609	Echvi_Contig97.1	4281747	4283189	-	1	Glycosyltransferases, probably involved in cell wall biogenesis
Echvi_3610	Echvi_3610	Echvi_Contig97.1	4283182	4284717	-	1	hypothetical protein
Echvi_3611	Echvi_3611	Echvi_Contig97.1	4284741	4285100	-	1	Response regulators consisting of a CheY-like receiver domain and a winged-helix DNA-binding domain
Echvi_3612	Echvi_3612	Echvi_Contig97.1	4285412	4287064	+	1	Imidazolonepropionase and related amidohydrolases
Echvi_3613	Echvi_3613	Echvi_Contig97.1	4287077	4288453	+	1	Imidazolonepropionase and related amidohydrolases
Echvi_3614	Echvi_3614	Echvi_Contig97.1	4288489	4289790	+	1	Imidazolonepropionase and related amidohydrolases
Echvi_3615	Echvi_3615	Echvi_Contig97.1	4289860	4291035	+	1	Cell wall-associated hydrolases (invasion-associated proteins)
Echvi_3616	Echvi_3616	Echvi_Contig97.1	4291407	4292564	-	1	Predicted N6-adenine-specific DNA methylase
Echvi_3617	Echvi_3617	Echvi_Contig97.1	4292655	4293434	-	1	Domain of Unknown Function (DUF1080).
Echvi_3618	Echvi_3618	Echvi_Contig97.1	4293472	4295046	-	1	hypothetical protein
Echvi_3619	Echvi_3619	Echvi_Contig97.1	4295139	4296290	-	1	RND family efflux transporter, MFP subunit
Echvi_3620	Echvi_3620	Echvi_Contig97.1	4296343	4300698	-	1	heavy metal efflux pump (cobalt-zinc-cadmium)
Echvi_3621	Echvi_3621	Echvi_Contig97.1	4301088	4301429	-	1	hypothetical protein
Echvi_3622	Echvi_3622	Echvi_Contig97.1	4301485	4301862	-	1	Response regulator containing CheY-like receiver, AAA-type ATPase, and DNA-binding domains
Echvi_3623	Echvi_3623	Echvi_Contig97.1	4302245	4303018	+	1	Glycerophosphoryl diester phosphodiesterase
Echvi_3624	Echvi_3624	Echvi_Contig97.1	4303037	4304212	-	1	Outer membrane protein/protective antigen OMA87
Echvi_3625	Echvi_3625	Echvi_Contig97.1	4304332	4306044	-	1	Acyl-CoA dehydrogenases
Echvi_3626	Echvi_3626	Echvi_Contig97.1	4306319	4306447	-	1	hypothetical protein
Echvi_3627	Echvi_3627	Echvi_Contig97.1	4307257	4308552	-	1	TRAP transporter, DctM subunit
Echvi_3628	Echvi_3628	Echvi_Contig97.1	4308555	4309049	-	1	TRAP-type C4-dicarboxylate transport system, small permease component
Echvi_3629	Echvi_3629	Echvi_Contig97.1	4309042	4310049	-	1	tripartite ATP-independent periplasmic transporter solute receptor, DctP family
Echvi_3630	Echvi_3630	Echvi_Contig97.1	4310053	4310721	-	1	Entner-Doudoroff aldolase
Echvi_3631	Echvi_3631	Echvi_Contig97.1	4310740	4311735	-	1	Sugar kinases, ribokinase family
Echvi_3632	Echvi_3632	Echvi_Contig97.1	4312110	4313756	+	1	Altronate dehydratase
Echvi_3633	Echvi_3633	Echvi_Contig97.1	4314134	4315519	+	1	Domain of Unknown Function (DUF1080).
Echvi_3634	Echvi_3634	Echvi_Contig97.1	4315646	4316995	+	1	Predicted dehydrogenases and related proteins
Echvi_3635	Echvi_3635	Echvi_Contig97.1	4317592	4318911	-	1	Predicted dehydrogenases and related proteins
Echvi_3636	Echvi_3636	Echvi_Contig97.1	4318937	4319926	-	1	Uncharacterized conserved protein
Echvi_3637	Echvi_3637	Echvi_Contig97.1	4320507	4321460	-	1	5,10-methylenetetrahydrofolate reductase, prokaryotic form
Echvi_3638	Echvi_3638	Echvi_Contig97.1	4321545	4324253	-	1	5-methyltetrahydrofolate--homocysteine methyltransferase
Echvi_3639	Echvi_3639	Echvi_Contig97.1	4324259	4325302	-	1	Methionine synthase I (cobalamin-dependent), methyltransferase domain
Echvi_3640	Echvi_3640	Echvi_Contig97.1	4325562	4326872	-	1	hypothetical protein
Echvi_3641	Echvi_3641	Echvi_Contig97.1	4327204	4327527	+	1	Uncharacterized conserved protein
Echvi_3642	Echvi_3642	Echvi_Contig97.1	4327608	4327862	-	1	NADH:ubiquinone oxidoreductase 24 kD subunit
Echvi_3643	Echvi_3643	Echvi_Contig97.1	4327869	4329122	-	1	Predicted integral membrane protein
Echvi_3644	Echvi_3644	Echvi_Contig97.1	4329466	4330197	-	1	NTP pyrophosphohydrolases including oxidative damage repair enzymes
Echvi_3645	Echvi_3645	Echvi_Contig97.1	4331179	4332906	+	1	Isocitrate dehydrogenase kinase/phosphatase
Echvi_3646	Echvi_3646	Echvi_Contig97.1	4332740	4333108	-	1	hypothetical protein
Echvi_3647	Echvi_3647	Echvi_Contig97.1	4333262	4333891	+	1	hypothetical protein
Echvi_3648	Echvi_3648	Echvi_Contig97.1	4334269	4334394	+	1	hypothetical protein
Echvi_3649	Echvi_3649	Echvi_Contig97.1	4334932	4338450	+	1	PAS domain S-box
Echvi_3650	Echvi_3650	Echvi_Contig97.1	4338583	4339344	+	1	molybdenum ABC transporter, periplasmic molybdate-binding protein
Echvi_3651	Echvi_3651	Echvi_Contig97.1	4339385	4339789	+	1	ABC-type molybdate transport system, ATPase component
Echvi_3652	Echvi_3652	Echvi_Contig97.1	4339786	4340457	+	1	molybdate ABC transporter, permease protein
Echvi_3653	Echvi_3653	Echvi_Contig97.1	4340454	4341326	+	1	ABC-type sulfate/molybdate transport systems, ATPase component
Echvi_3654	Echvi_3654	Echvi_Contig97.1	4341349	4341747	-	1	hypothetical protein
Echvi_3655	Echvi_3655	Echvi_Contig97.1	4341836	4342885	+	1	Predicted Zn-dependent hydrolases of the beta-lactamase fold
Echvi_3656	Echvi_3656	Echvi_Contig97.1	4343003	4343566	+	1	RNA polymerase sigma-70 factor, Bacteroides expansion family 1
Echvi_3657	Echvi_3657	Echvi_Contig97.1	4343571	4344521	+	1	Fe2+-dicitrate sensor, membrane component
Echvi_3658	Echvi_3658	Echvi_Contig97.1	4344537	4346222	+	1	hypothetical protein
Echvi_3659	Echvi_3659	Echvi_Contig97.1	4346419	4347459	+	1	hypothetical protein
Echvi_3660	Echvi_3660	Echvi_Contig97.1	4347518	4347931	-	1	ADP-ribose pyrophosphatase
Echvi_3661	Echvi_3661	Echvi_Contig97.1	4348011	4350167	-	1	hypothetical protein
Echvi_3662	Echvi_3662	Echvi_Contig97.1	4350164	4350793	-	1	hypothetical protein
Echvi_3663	Echvi_3663	Echvi_Contig97.1	4350790	4352493	-	1	NhaP-type Na+/H+ and K+/H+ antiporters
Echvi_3664	Echvi_3664	Echvi_Contig97.1	4352490	4353314	-	1	hypothetical protein
Echvi_3665	Echvi_3665	Echvi_Contig97.1	4353556	4354524	-	1	Bacteroidetes-specific putative membrane protein
Echvi_3666	Echvi_3666	Echvi_Contig97.1	4354528	4373214	-	1	conserved repeat domain
Echvi_3667	Echvi_3667	Echvi_Contig97.1	4374034	4375587	-	1	Transposase and inactivated derivatives
Echvi_3668	Echvi_3668	Echvi_Contig97.1	4375758	4376099	-	1	Transposase and inactivated derivatives
Echvi_3669	Echvi_3669	Echvi_Contig97.1	4376099	4376386	-	1	hypothetical protein
Echvi_3670	Echvi_3670	Echvi_Contig97.1	4376598	4376756	+	1	hypothetical protein
Echvi_3671	Echvi_3671	Echvi_Contig97.1	4376798	4377613	+	1	AraC-type DNA-binding domain-containing proteins
Echvi_3672	Echvi_3672	Echvi_Contig97.1	4377687	4378181	+	1	Predicted enzyme related to lactoylglutathione lyase
Echvi_3673	Echvi_3673	Echvi_Contig97.1	4378343	4379185	+	1	hypothetical protein
Echvi_3674	Echvi_3674	Echvi_Contig97.1	4379445	4379720	-	1	Putative transposase.
Echvi_3675	Echvi_3675	Echvi_Contig97.1	4379785	4380816	+	1	Beta-lactamase class C and other penicillin binding proteins
Echvi_3676	Echvi_3676	Echvi_Contig97.1	4380859	4381134	+	1	hypothetical protein
Echvi_3677	Echvi_3677	Echvi_Contig97.1	4381606	4381971	+	1	Uncharacterized protein conserved in bacteria
Echvi_3678	Echvi_3678	Echvi_Contig97.1	4382254	4383321	+	1	Beta/Gamma crystallin.
Echvi_3679	Echvi_3679	Echvi_Contig97.1	4383590	4384159	+	1	Acetyltransferase (isoleucine patch superfamily)
Echvi_3680	Echvi_3680	Echvi_Contig97.1	4384439	4384765	+	1	Predicted transcriptional regulators
Echvi_3681	Echvi_3681	Echvi_Contig97.1	4384762	4385265	+	1	Uncharacterized conserved protein
Echvi_3682	Echvi_3682	Echvi_Contig97.1	4385338	4385817	-	1	Uncharacterized protein conserved in bacteria
Echvi_3683	Echvi_3683	Echvi_Contig97.1	4385875	4386216	+	1	gliding motility-associated protein GldC
Echvi_3684	Echvi_3684	Echvi_Contig97.1	4386431	4389319	+	1	Outer membrane receptor proteins, mostly Fe transport
Echvi_3685	Echvi_3685	Echvi_Contig97.1	4389332	4390795	+	1	hypothetical protein
Echvi_3686	Echvi_3686	Echvi_Contig97.1	4392169	4392240	-	5	tRNA
Echvi_3687	Echvi_3687	Echvi_Contig97.1	4392266	4392340	-	5	tRNA
Echvi_3688	Echvi_3688	Echvi_Contig97.1	4392503	4393120	-	1	hypothetical protein
Echvi_3689	Echvi_3689	Echvi_Contig97.1	4394113	4395660	-	1	Arylsulfatase A and related enzymes
Echvi_3690	Echvi_3690	Echvi_Contig97.1	4395741	4397207	-	1	Arylsulfatase A and related enzymes
Echvi_3691	Echvi_3691	Echvi_Contig97.1	4397448	4398026	+	1	intracellular protease, PfpI family
Echvi_3692	Echvi_3692	Echvi_Contig97.1	4398173	4399588	+	1	Predicted nucleoside-diphosphate-sugar epimerases
Echvi_3693	Echvi_3693	Echvi_Contig97.1	4399585	4402083	-	1	Receptor L domain.
Echvi_3694	Echvi_3694	Echvi_Contig97.1	4402253	4402363	+	1	hypothetical protein
Echvi_3695	Echvi_3695	Echvi_Contig97.1	4402332	4403180	-	1	hypothetical protein
Echvi_3696	Echvi_3696	Echvi_Contig97.1	4403249	4403602	-	1	hypothetical protein
Echvi_3697	Echvi_3697	Echvi_Contig97.1	4403704	4404660	-	1	hypothetical protein
Echvi_3698	Echvi_3698	Echvi_Contig97.1	4404669	4405517	-	1	Putative hemolysin
Echvi_3699	Echvi_3699	Echvi_Contig97.1	4405696	4406496	-	1	hypothetical protein
Echvi_3700	Echvi_3700	Echvi_Contig97.1	4406523	4408886	-	1	Outer membrane receptor proteins, mostly Fe transport
Echvi_3701	Echvi_3701	Echvi_Contig97.1	4409009	4409155	-	1	hypothetical protein
Echvi_3702	Echvi_3702	Echvi_Contig97.1	4409209	4410174	+	1	von Willebrand factor type A domain.
Echvi_3703	Echvi_3703	Echvi_Contig97.1	4410198	4410845	+	1	hypothetical protein
Echvi_3704	Echvi_3704	Echvi_Contig97.1	4410826	4411497	+	1	hypothetical protein
Echvi_3705	Echvi_3705	Echvi_Contig97.1	4411711	4412892	+	1	acetyl-CoA acetyltransferases
Echvi_3706	Echvi_3706	Echvi_Contig97.1	4412964	4414268	+	1	Uncharacterized protein conserved in bacteria
Echvi_3707	Echvi_3707	Echvi_Contig97.1	4414392	4415327	+	1	Phosphoribosylaminoimidazolesuccinocarboxamide (SAICAR) synthase
Echvi_3708	Echvi_3708	Echvi_Contig97.1	4415380	4415763	+	1	anti-anti-sigma factor
Echvi_3709	Echvi_3709	Echvi_Contig97.1	4415766	4416677	+	1	ribonuclease Z
Echvi_3710	Echvi_3710	Echvi_Contig97.1	4416681	4417481	+	1	conserved hypothetical integral membrane protein
Echvi_3711	Echvi_3711	Echvi_Contig97.1	4417614	4417910	+	1	hypothetical protein
Echvi_3712	Echvi_3712	Echvi_Contig97.1	4417802	4418077	-	1	hypothetical protein
Echvi_3713	Echvi_3713	Echvi_Contig97.1	4418231	4418923	+	1	Predicted metal-dependent membrane protease
Echvi_3714	Echvi_3714	Echvi_Contig97.1	4419329	4419940	+	1	Lipid A 3-O-deacylase (PagL).
Echvi_3715	Echvi_3715	Echvi_Contig97.1	4420056	4421051	-	1	Predicted Na+-dependent transporter
Echvi_3716	Echvi_3716	Echvi_Contig97.1	4421159	4421920	-	1	rRNA methylases
Echvi_3717	Echvi_3717	Echvi_Contig97.1	4421936	4424353	+	1	Outer membrane protein/protective antigen OMA87
Echvi_3718	Echvi_3718	Echvi_Contig97.1	4424598	4425506	+	1	Coproporphyrinogen III oxidase
Echvi_3719	Echvi_3719	Echvi_Contig97.1	4425511	4426098	+	1	Membrane-associated phospholipid phosphatase
Echvi_3720	Echvi_3720	Echvi_Contig97.1	4426348	4426935	-	1	riboflavin synthase, alpha subunit
Echvi_3721	Echvi_3721	Echvi_Contig97.1	4427070	4427723	+	1	protein-L-isoaspartate(D-aspartate) O-methyltransferase
Echvi_3722	Echvi_3722	Echvi_Contig97.1	4427864	4428406	+	1	Acyl-CoA hydrolase
Echvi_3723	Echvi_3723	Echvi_Contig97.1	4428576	4429148	+	1	hypothetical protein
Echvi_3724	Echvi_3724	Echvi_Contig97.1	4429155	4429478	+	1	integral membrane protein
Echvi_3725	Echvi_3725	Echvi_Contig97.1	4429499	4430515	+	1	hypothetical protein
Echvi_3726	Echvi_3726	Echvi_Contig97.1	4430838	4431326	+	1	DNA-binding ferritin-like protein (oxidative damage protectant)
Echvi_3727	Echvi_3727	Echvi_Contig97.1	4432154	4434703	-	1	Phosphoenolpyruvate carboxylase
Echvi_3728	Echvi_3728	Echvi_Contig97.1	4435036	4436214	+	1	3-carboxymuconate cyclase
Echvi_3729	Echvi_3729	Echvi_Contig97.1	4436925	4437116	+	1	Cold shock proteins
Echvi_3730	Echvi_3730	Echvi_Contig97.1	4437181	4438161	-	1	Beta-xylosidase
Echvi_3731	Echvi_3731	Echvi_Contig97.1	4438171	4439466	-	1	D-alanyl-D-alanine carboxypeptidase (penicillin-binding protein 4)
Echvi_3732	Echvi_3732	Echvi_Contig97.1	4439607	4441019	-	1	hypothetical protein
Echvi_3733	Echvi_3733	Echvi_Contig97.1	4441032	4444127	-	1	TonB-linked outer membrane protein, SusC/RagA family
Echvi_3734	Echvi_3734	Echvi_Contig97.1	4444397	4446643	-	1	vacuolar-type H(+)-translocating pyrophosphatase
Echvi_3735	Echvi_3735	Echvi_Contig97.1	4446965	4447954	+	1	putative NAD(P)H quinone oxidoreductase, PIG3 family
Echvi_3736	Echvi_3736	Echvi_Contig97.1	4448308	4449726	+	1	Imidazolonepropionase and related amidohydrolases
Echvi_3737	Echvi_3737	Echvi_Contig97.1	4449747	4450844	-	1	o-succinylbenzoate synthase
Echvi_3738	Echvi_3738	Echvi_Contig97.1	4450899	4452176	+	1	S-adenosylmethionine:tRNA-ribosyltransferase-isomerase (queuine synthetase)
Echvi_3739	Echvi_3739	Echvi_Contig97.1	4452173	4452589	-	1	Response regulator of the LytR/AlgR family
Echvi_3740	Echvi_3740	Echvi_Contig97.1	4452918	4456076	-	1	The (Largely Gram-negative Bacterial) Hydrophobe/Amphiphile Efflux-1 (HAE1) Family
Echvi_3741	Echvi_3741	Echvi_Contig97.1	4456118	4457224	-	1	RND family efflux transporter, MFP subunit
Echvi_3742	Echvi_3742	Echvi_Contig97.1	4457247	4458581	-	1	Outer membrane protein
Echvi_3743	Echvi_3743	Echvi_Contig97.1	4458692	4459264	-	1	Transcriptional regulator
Echvi_3744	Echvi_3744	Echvi_Contig97.1	4459928	4460182	-	1	hypothetical protein
Echvi_3745	Echvi_3745	Echvi_Contig97.1	4460650	4460943	+	1	hypothetical protein
Echvi_3746	Echvi_3746	Echvi_Contig97.1	4461861	4462280	-	1	hypothetical protein
Echvi_3747	Echvi_3747	Echvi_Contig97.1	4462653	4463642	+	1	Predicted oxidoreductases (related to aryl-alcohol dehydrogenases)
Echvi_3748	Echvi_3748	Echvi_Contig97.1	4463717	4465474	-	1	Glycosyl hydrolase family 9./N-terminal ig-like domain of cellulase.
Echvi_3749	Echvi_3749	Echvi_Contig97.1	4465487	4468810	-	1	ASPIC and UnbV.
Echvi_3750	Echvi_3750	Echvi_Contig97.1	4469223	4470497	-	1	hypothetical protein
Echvi_3751	Echvi_3751	Echvi_Contig97.1	4470543	4472207	-	1	SusD family.
Echvi_3752	Echvi_3752	Echvi_Contig97.1	4472228	4475386	-	1	TonB-linked outer membrane protein, SusC/RagA family
Echvi_3753	Echvi_3753	Echvi_Contig97.1	4475477	4475653	-	1	hypothetical protein
Echvi_3754	Echvi_3754	Echvi_Contig97.1	4475946	4480106	-	1	Signal transduction histidine kinase
Echvi_3755	Echvi_3755	Echvi_Contig97.1	4480635	4482542	+	1	Outer membrane cobalamin receptor protein
Echvi_3756	Echvi_3756	Echvi_Contig97.1	4482700	4483056	+	1	hypothetical protein
Echvi_3757	Echvi_3757	Echvi_Contig97.1	4483053	4483562	+	1	Adenosyl cobinamide kinase/adenosyl cobinamide phosphate guanylyltransferase
Echvi_3758	Echvi_3758	Echvi_Contig97.1	4483715	4484446	+	1	Predicted ATPases of PP-loop superfamily
Echvi_3759	Echvi_3759	Echvi_Contig97.1	4484446	4485495	+	1	nicotinate-nucleotide--dimethylbenzimidazole phosphoribosyltransferase
Echvi_3760	Echvi_3760	Echvi_Contig97.1	4485522	4486328	+	1	Cobalamin-5-phosphate synthase
Echvi_3761	Echvi_3761	Echvi_Contig97.1	4486313	4486855	+	1	Fructose-2,6-bisphosphatase
Echvi_3762	Echvi_3762	Echvi_Contig97.1	4487068	4487904	+	1	ABC-type multidrug transport system, ATPase component
Echvi_3763	Echvi_3763	Echvi_Contig97.1	4487909	4488772	+	1	hypothetical protein
Echvi_3764	Echvi_3764	Echvi_Contig97.1	4488775	4489179	+	1	Predicted transcriptional regulators
Echvi_3765	Echvi_3765	Echvi_Contig97.1	4489176	4489268	+	1	hypothetical protein
Echvi_3766	Echvi_3766	Echvi_Contig97.1	4489255	4489929	+	1	hypothetical protein
Echvi_3767	Echvi_3767	Echvi_Contig97.1	4490124	4491158	-	1	Gluconolactonase
Echvi_3768	Echvi_3768	Echvi_Contig97.1	4491163	4492485	-	1	H+/gluconate symporter and related permeases
Echvi_3769	Echvi_3769	Echvi_Contig97.1	4492698	4493858	-	1	L-alanine-DL-glutamate epimerase and related enzymes of enolase superfamily
Echvi_3770	Echvi_3770	Echvi_Contig97.1	4493848	4494492	-	1	2-keto-3-deoxy-6-phosphogluconate aldolase
Echvi_3771	Echvi_3771	Echvi_Contig97.1	4494489	4495229	-	1	Transcriptional regulators
Echvi_3772	Echvi_3772	Echvi_Contig97.1	4495526	4498360	+	1	Beta-galactosidase/beta-glucuronidase
Echvi_3773	Echvi_3773	Echvi_Contig97.1	4498381	4498473	+	1	hypothetical protein
Echvi_3774	Echvi_3774	Echvi_Contig97.1	4498681	4499307	+	1	CBS-domain-containing membrane protein
Echvi_3775	Echvi_3775	Echvi_Contig97.1	4499377	4501011	-	1	Arylsulfatase A and related enzymes
Echvi_3776	Echvi_3776	Echvi_Contig97.1	4501031	4502545	-	1	Arylsulfatase A and related enzymes
Echvi_3777	Echvi_3777	Echvi_Contig97.1	4502760	4503893	-	1	Beta-xylosidase
Echvi_3778	Echvi_3778	Echvi_Contig97.1	4503883	4505340	-	1	Arylsulfatase A and related enzymes
Echvi_3779	Echvi_3779	Echvi_Contig97.1	4505669	4507132	-	1	SusD family.
Echvi_3780	Echvi_3780	Echvi_Contig97.1	4507144	4510527	-	1	TonB-linked outer membrane protein, SusC/RagA family
Echvi_3781	Echvi_3781	Echvi_Contig97.1	4510836	4511900	-	1	Fe2+-dicitrate sensor, membrane component
Echvi_3782	Echvi_3782	Echvi_Contig97.1	4511910	4512530	-	1	RNA polymerase sigma factor, sigma-70 family
Echvi_3783	Echvi_3783	Echvi_Contig97.1	4512805	4514505	-	1	hypothetical protein
Echvi_3784	Echvi_3784	Echvi_Contig97.1	4514535	4515194	-	1	hypothetical protein
Echvi_3785	Echvi_3785	Echvi_Contig97.1	4515198	4516718	-	1	hypothetical protein
Echvi_3786	Echvi_3786	Echvi_Contig97.1	4516855	4518252	-	1	nucleotide sugar dehydrogenase
Echvi_3787	Echvi_3787	Echvi_Contig97.1	4518402	4520267	-	1	Heparinase II/III-like protein.
Echvi_3788	Echvi_3788	Echvi_Contig97.1	4520320	4521207	-	1	hypothetical protein
Echvi_3789	Echvi_3789	Echvi_Contig97.1	4521214	4522656	-	1	Predicted membrane protein involved in D-alanine export
Echvi_3790	Echvi_3790	Echvi_Contig97.1	4522769	4523539	-	1	bacterial polymer biosynthesis proteins, WecB/TagA/CpsF family
Echvi_3791	Echvi_3791	Echvi_Contig97.1	4523541	4524707	-	1	Glycosyltransferase
Echvi_3792	Echvi_3792	Echvi_Contig97.1	4524768	4525895	-	1	Uncharacterized conserved protein
Echvi_3793	Echvi_3793	Echvi_Contig97.1	4525904	4527304	-	1	Lipid A core - O-antigen ligase and related enzymes
Echvi_3794	Echvi_3794	Echvi_Contig97.1	4527344	4528594	-	1	Glycosyltransferase
Echvi_3795	Echvi_3795	Echvi_Contig97.1	4528596	4529747	-	1	Glycosyltransferase
Echvi_3796	Echvi_3796	Echvi_Contig97.1	4529747	4530658	-	1	Polysaccharide pyruvyl transferase.
Echvi_3797	Echvi_3797	Echvi_Contig97.1	4530666	4532213	-	1	Na+-driven multidrug efflux pump
Echvi_3798	Echvi_3798	Echvi_Contig97.1	4532251	4533252	-	1	Mannose-1-phosphate guanylyltransferase
Echvi_3799	Echvi_3799	Echvi_Contig97.1	4533249	4534193	-	1	Nucleoside-diphosphate-sugar epimerases
Echvi_3800	Echvi_3800	Echvi_Contig97.1	4534301	4534396	-	1	hypothetical protein
Echvi_3801	Echvi_3801	Echvi_Contig97.1	4534670	4537102	-	1	capsular exopolysaccharide family
Echvi_3802	Echvi_3802	Echvi_Contig97.1	4537110	4537931	-	1	Periplasmic protein involved in polysaccharide export
Echvi_3803	Echvi_3803	Echvi_Contig97.1	4539391	4540107	+	1	Response regulator of the LytR/AlgR family
Echvi_3804	Echvi_3804	Echvi_Contig97.1	4540273	4541346	-	1	Nucleoside-diphosphate-sugar epimerases
Echvi_3805	Echvi_3805	Echvi_Contig97.1	4541562	4542278	-	1	Sugar transferases involved in lipopolysaccharide synthesis
Echvi_3806	Echvi_3806	Echvi_Contig97.1	4542561	4544288	-	1	hypothetical protein
Echvi_3807	Echvi_3807	Echvi_Contig97.1	4544615	4545502	+	1	Thioredoxin reductase
Echvi_3808	Echvi_3808	Echvi_Contig97.1	4545802	4548144	+	1	DNA topoisomerase III, bacteria and conjugative plasmid
Echvi_3809	Echvi_3809	Echvi_Contig97.1	4548524	4550380	-	1	Arylsulfatase A and related enzymes
Echvi_3810	Echvi_3810	Echvi_Contig97.1	4550397	4552208	-	1	hypothetical protein
Echvi_3811	Echvi_3811	Echvi_Contig97.1	4553267	4553662	+	1	Response regulator containing CheY-like receiver domain and AraC-type DNA-binding domain
Echvi_3812	Echvi_3812	Echvi_Contig97.1	4553669	4555312	-	1	Predicted phosphohydrolases
Echvi_3813	Echvi_3813	Echvi_Contig97.1	4555565	4556056	-	1	Uncharacterized protein conserved in bacteria
Echvi_3814	Echvi_3814	Echvi_Contig97.1	4556100	4556519	-	1	Uncharacterized conserved protein
Echvi_3815	Echvi_3815	Echvi_Contig97.1	4556970	4558049	+	1	hypothetical protein
Echvi_3816	Echvi_3816	Echvi_Contig97.1	4558112	4559668	-	1	Arylsulfatase A and related enzymes
Echvi_3817	Echvi_3817	Echvi_Contig97.1	4559973	4561376	+	1	Fibrobacter succinogenes major domain (Fib_succ_major).
Echvi_3818	Echvi_3818	Echvi_Contig97.1	4561771	4562577	+	1	DNA polymerase III, epsilon subunit and related 3'-5' exonucleases
Echvi_3819	Echvi_3819	Echvi_Contig97.1	4562839	4563573	-	1	hypothetical protein
Echvi_3820	Echvi_3820	Echvi_Contig97.1	4563611	4564123	-	1	phosphoesterase, MJ0936 family
Echvi_3821	Echvi_3821	Echvi_Contig97.1	4565088	4565954	+	1	Uncharacterized protein conserved in bacteria
Echvi_3822	Echvi_3822	Echvi_Contig97.1	4566297	4567658	+	1	NAD-dependent aldehyde dehydrogenases
Echvi_3823	Echvi_3823	Echvi_Contig97.1	4567857	4568837	+	1	Pyruvate/2-oxoglutarate dehydrogenase complex, dehydrogenase (E1) component, eukaryotic type, beta subunit
Echvi_3824	Echvi_3824	Echvi_Contig97.1	4569336	4569521	-	1	hypothetical protein
Echvi_3825	Echvi_3825	Echvi_Contig97.1	4569731	4570966	-	1	hypothetical protein
Echvi_3826	Echvi_3826	Echvi_Contig97.1	4571261	4573804	-	1	Outer membrane receptor proteins, mostly Fe transport
Echvi_3827	Echvi_3827	Echvi_Contig97.1	4574080	4575156	+	1	Putative regulator of cell autolysis
Echvi_3828	Echvi_3828	Echvi_Contig97.1	4575153	4575884	+	1	Response regulator of the LytR/AlgR family
Echvi_3829	Echvi_3829	Echvi_Contig97.1	4576025	4576501	+	1	Cytosine/adenosine deaminases
Echvi_3830	Echvi_3830	Echvi_Contig97.1	4576549	4577925	+	1	Glutamate decarboxylase and related PLP-dependent proteins
Echvi_3831	Echvi_3831	Echvi_Contig97.1	4577943	4578344	-	1	hypothetical protein
Echvi_3832	Echvi_3832	Echvi_Contig97.1	4578597	4580153	-	1	hypothetical protein
Echvi_3833	Echvi_3833	Echvi_Contig97.1	4580297	4581469	+	1	Isopropylmalate/homocitrate/citramalate synthases
Echvi_3834	Echvi_3834	Echvi_Contig97.1	4581555	4582895	-	1	signal recognition particle protein
Echvi_3835	Echvi_3835	Echvi_Contig97.1	4584158	4584685	-	1	hypothetical protein
Echvi_3836	Echvi_3836	Echvi_Contig97.1	4585346	4586578	+	1	FOG: Transposase and inactivated derivatives
Echvi_3837	Echvi_3837	Echvi_Contig97.1	4586785	4590339	+	1	chromosome segregation protein SMC, common bacterial type
Echvi_3838	Echvi_3838	Echvi_Contig97.1	4590433	4592607	-	1	Fe-S oxidoreductase
Echvi_3839	Echvi_3839	Echvi_Contig97.1	4592729	4593442	-	1	Predicted dithiol-disulfide isomerase involved in polyketide biosynthesis
Echvi_3840	Echvi_3840	Echvi_Contig97.1	4593569	4593724	+	1	Uncharacterised protein family UPF0547.
Echvi_3841	Echvi_3841	Echvi_Contig97.1	4593990	4594649	-	1	Uncharacterized conserved protein
Echvi_3842	Echvi_3842	Echvi_Contig97.1	4594680	4595060	-	1	Helix-turn-helix.
Echvi_3843	Echvi_3843	Echvi_Contig97.1	4595490	4595609	+	1	hypothetical protein
Echvi_3844	Echvi_3844	Echvi_Contig97.1	4595606	4595725	+	1	hypothetical protein
Echvi_3845	Echvi_3845	Echvi_Contig97.1	4595870	4596544	+	1	N-acetylglutamate synthase and related acetyltransferases
Echvi_3846	Echvi_3846	Echvi_Contig97.1	4596554	4597753	+	1	argininosuccinate synthase
Echvi_3847	Echvi_3847	Echvi_Contig97.1	4597746	4598714	+	1	N-acetyl-gamma-glutamyl-phosphate reductase, common form
Echvi_3848	Echvi_3848	Echvi_Contig97.1	4598764	4599909	+	1	Ornithine/acetylornithine aminotransferase
Echvi_3849	Echvi_3849	Echvi_Contig97.1	4600054	4600995	+	1	Ornithine carbamoyltransferase
Echvi_3850	Echvi_3850	Echvi_Contig97.1	4601028	4601828	+	1	acetylglutamate kinase
Echvi_3851	Echvi_3851	Echvi_Contig97.1	4601892	4602980	+	1	Acetylornithine deacetylase/Succinyl-diaminopimelate desuccinylase and related deacylases
Echvi_3852	Echvi_3852	Echvi_Contig97.1	4603169	4604503	+	1	argininosuccinate lyase
Echvi_3853	Echvi_3853	Echvi_Contig97.1	4604850	4605260	+	1	Predicted transcriptional regulators
Echvi_3854	Echvi_3854	Echvi_Contig97.1	4605241	4606362	+	1	DNA protecting protein DprA
Echvi_3855	Echvi_3855	Echvi_Contig97.1	4606428	4607273	-	1	Isopropylmalate/homocitrate/citramalate synthases
Echvi_3856	Echvi_3856	Echvi_Contig97.1	4608170	4608313	-	1	hypothetical protein
Echvi_3857	Echvi_3857	Echvi_Contig97.1	4608871	4611306	+	1	Bacterial membrane protein YfhO.
Echvi_3858	Echvi_3858	Echvi_Contig97.1	4611290	4612000	+	1	Methyltransferase domain.
Echvi_3859	Echvi_3859	Echvi_Contig97.1	4612023	4612880	+	1	Glycosyltransferases, probably involved in cell wall biogenesis
Echvi_3860	Echvi_3860	Echvi_Contig97.1	4612931	4613647	+	1	hypothetical protein
Echvi_3861	Echvi_3861	Echvi_Contig97.1	4613651	4615141	+	1	Membrane protein involved in the export of O-antigen and teichoic acid
Echvi_3862	Echvi_3862	Echvi_Contig97.1	4615247	4616347	-	1	Predicted pyridoxal phosphate-dependent enzyme apparently involved in regulation of cell wall biogenesis
Echvi_3863	Echvi_3863	Echvi_Contig97.1	4616322	4617632	-	1	Glycosyltransferase
Echvi_3864	Echvi_3864	Echvi_Contig97.1	4617821	4618975	-	1	Glycosyltransferase
Echvi_3865	Echvi_3865	Echvi_Contig97.1	4619140	4622088	-	1	FAD/FMN-containing dehydrogenases
Echvi_3866	Echvi_3866	Echvi_Contig97.1	4622225	4623574	-	1	Predicted membrane protein
Echvi_3867	Echvi_3867	Echvi_Contig97.1	4623629	4624066	-	1	Lactoylglutathione lyase and related lyases
Echvi_3868	Echvi_3868	Echvi_Contig97.1	4624270	4626906	+	1	Beta-galactosidase/beta-glucuronidase
Echvi_3869	Echvi_3869	Echvi_Contig97.1	4627034	4627795	-	1	hypothetical protein
Echvi_3870	Echvi_3870	Echvi_Contig97.1	4627801	4627911	-	1	hypothetical protein
Echvi_3871	Echvi_3871	Echvi_Contig97.1	4628004	4628420	-	1	hypothetical protein
Echvi_3872	Echvi_3872	Echvi_Contig97.1	4628506	4628865	-	1	SnoaL-like polyketide cyclase.
Echvi_3873	Echvi_3873	Echvi_Contig97.1	4628935	4629669	-	1	NADPH-dependent FMN reductase.
Echvi_3874	Echvi_3874	Echvi_Contig97.1	4629703	4630506	-	1	aspartate racemase
Echvi_3875	Echvi_3875	Echvi_Contig97.1	4630609	4631241	-	1	Predicted Co/Zn/Cd cation transporters
Echvi_3876	Echvi_3876	Echvi_Contig97.1	4631280	4631654	-	1	hypothetical protein
Echvi_3877	Echvi_3877	Echvi_Contig97.1	4631730	4632212	+	1	single stranded DNA-binding protein (ssb)
Echvi_3878	Echvi_3878	Echvi_Contig97.1	4634167	4634799	-	1	Carbonic anhydrase
Echvi_3879	Echvi_3879	Echvi_Contig97.1	4634937	4636583	-	1	Sulfate permease and related transporters (MFS superfamily)
Echvi_3880	Echvi_3880	Echvi_Contig97.1	4636716	4636985	-	1	hypothetical protein
Echvi_3881	Echvi_3881	Echvi_Contig97.1	4637423	4638319	-	1	Predicted oxidoreductases (related to aryl-alcohol dehydrogenases)
Echvi_3882	Echvi_3882	Echvi_Contig97.1	4638335	4639321	-	1	Predicted oxidoreductases (related to aryl-alcohol dehydrogenases)
Echvi_3883	Echvi_3883	Echvi_Contig97.1	4639497	4639889	+	1	Stress responsive A/B Barrel Domain.
Echvi_3884	Echvi_3884	Echvi_Contig97.1	4639947	4642673	+	1	Signal transduction histidine kinase
Echvi_3885	Echvi_3885	Echvi_Contig97.1	4642838	4643380	-	1	ATP-dependent protease HslVU, peptidase subunit
Echvi_3886	Echvi_3886	Echvi_Contig97.1	4643680	4645323	-	1	pyruvate dehydrogenase complex dihydrolipoamide acetyltransferase, long form
Echvi_3887	Echvi_3887	Echvi_Contig97.1	4645435	4646433	+	1	Predicted hydrolase of the alpha/beta-hydrolase fold
Echvi_3888	Echvi_3888	Echvi_Contig97.1	4646460	4647158	+	1	Uncharacterized conserved protein
Echvi_3889	Echvi_3889	Echvi_Contig97.1	4647444	4648442	+	1	3-oxoacyl-(acyl-carrier-protein) synthase III
Echvi_3890	Echvi_3890	Echvi_Contig97.1	4648453	4649022	+	1	hypothetical protein
Echvi_3891	Echvi_3891	Echvi_Contig97.1	4649153	4650709	+	1	Uncharacterized protein conserved in bacteria
Echvi_3892	Echvi_3892	Echvi_Contig97.1	4651187	4652425	+	1	Transcriptional regulator/sugar kinase
Echvi_3893	Echvi_3893	Echvi_Contig97.1	4652499	4654826	+	1	6-phosphogluconolactonase/Glucosamine-6-phosphate isomerase/deaminase
Echvi_3894	Echvi_3894	Echvi_Contig97.1	4654917	4655792	+	1	Transcriptional regulator/sugar kinase
Echvi_3895	Echvi_3895	Echvi_Contig97.1	4657268	4660573	+	1	ASPIC and UnbV.
Echvi_3896	Echvi_3896	Echvi_Contig97.1	4660570	4664363	+	1	PAP2 superfamily.
Echvi_3897	Echvi_3897	Echvi_Contig97.1	4661073	4661360	+	1	hypothetical protein
Echvi_3898	Echvi_3898	Echvi_Contig97.1	4661360	4661701	+	1	Transposase and inactivated derivatives
Echvi_3899	Echvi_3899	Echvi_Contig97.1	4661872	4663425	+	1	Transposase and inactivated derivatives
Echvi_3900	Echvi_3900	Echvi_Contig97.1	4664383	4665273	-	1	Thiol-disulfide isomerase and thioredoxins
Echvi_3901	Echvi_3901	Echvi_Contig97.1	4665340	4665438	-	1	hypothetical protein
Echvi_3902	Echvi_3902	Echvi_Contig97.1	4665431	4666000	-	1	hypothetical protein
Echvi_3903	Echvi_3903	Echvi_Contig97.1	4666140	4666697	-	1	hypothetical protein
Echvi_3904	Echvi_3904	Echvi_Contig97.1	4666711	4667292	-	1	hypothetical protein
Echvi_3905	Echvi_3905	Echvi_Contig97.1	4667285	4667917	-	1	hypothetical protein
Echvi_3906	Echvi_3906	Echvi_Contig97.1	4668013	4668863	-	1	hypothetical protein
Echvi_3907	Echvi_3907	Echvi_Contig97.1	4669391	4669903	-	1	Mannose-6-phosphate isomerase
Echvi_3908	Echvi_3908	Echvi_Contig97.1	4669959	4672265	-	1	alpha-1,2-mannosidase, putative
Echvi_3909	Echvi_3909	Echvi_Contig97.1	4672657	4674066	-	1	Fucose permease
Echvi_3910	Echvi_3910	Echvi_Contig97.1	4674232	4675131	-	1	Transcriptional regulator/sugar kinase
Echvi_3911	Echvi_3911	Echvi_Contig97.1	4675164	4677458	-	1	alpha-1,2-mannosidase, putative
Echvi_3912	Echvi_3912	Echvi_Contig97.1	4678868	4680496	-	1	SusD family.
Echvi_3913	Echvi_3913	Echvi_Contig97.1	4680509	4683577	-	1	TonB-linked outer membrane protein, SusC/RagA family
Echvi_3914	Echvi_3914	Echvi_Contig97.1	4684260	4685294	-	1	Transcriptional regulators
Echvi_3915	Echvi_3915	Echvi_Contig97.1	4685569	4687173	-	1	hypothetical protein
Echvi_3916	Echvi_3916	Echvi_Contig97.1	4687176	4690277	-	1	TonB-linked outer membrane protein, SusC/RagA family
Echvi_3917	Echvi_3917	Echvi_Contig97.1	4690853	4692214	+	1	hypothetical protein
Echvi_3918	Echvi_3918	Echvi_Contig97.1	4692572	4692751	+	1	Histone H1-like protein Hc1.
Echvi_3919	Echvi_3919	Echvi_Contig97.1	4692944	4693642	-	1	Domain of Unknown Function (DUF1080).
Echvi_3920	Echvi_3920	Echvi_Contig97.1	4693858	4695630	-	1	SusD family.
Echvi_3921	Echvi_3921	Echvi_Contig97.1	4695630	4699151	-	1	TonB-linked outer membrane protein, SusC/RagA family
Echvi_3922	Echvi_3922	Echvi_Contig97.1	4699207	4699380	+	1	hypothetical protein
Echvi_3923	Echvi_3923	Echvi_Contig97.1	4699300	4700334	-	1	Fe2+-dicitrate sensor, membrane component
Echvi_3924	Echvi_3924	Echvi_Contig97.1	4700547	4701122	+	1	RNA polymerase sigma-70 factor, Bacteroides expansion family 1
Echvi_3925	Echvi_3925	Echvi_Contig97.1	4701307	4701912	+	1	methionine-S-sulfoxide reductase
Echvi_3926	Echvi_3926	Echvi_Contig97.1	4702017	4702529	+	1	methionine-R-sulfoxide reductase
Echvi_3927	Echvi_3927	Echvi_Contig97.1	4702693	4703337	-	1	Predicted nucleoside-diphosphate-sugar epimerases
Echvi_3928	Echvi_3928	Echvi_Contig97.1	4703628	4704386	+	1	Dehydrogenases with different specificities (related to short-chain alcohol dehydrogenases)
Echvi_3929	Echvi_3929	Echvi_Contig97.1	4704482	4705063	+	1	Transcriptional regulator
Echvi_3930	Echvi_3930	Echvi_Contig97.1	4705149	4706615	-	1	Alpha-L-fucosidase
Echvi_3931	Echvi_3931	Echvi_Contig97.1	4706850	4707974	-	1	N-acetyl-beta-hexosaminidase
Echvi_3932	Echvi_3932	Echvi_Contig97.1	4707983	4709221	-	1	Protein of unknown function (DUF1624).
Echvi_3933	Echvi_3933	Echvi_Contig97.1	4709502	4711124	-	1	Arylsulfatase A and related enzymes
Echvi_3934	Echvi_3934	Echvi_Contig97.1	4712795	4713040	-	1	hypothetical protein
Echvi_3935	Echvi_3935	Echvi_Contig97.1	4713170	4713634	-	1	hypothetical protein
Echvi_3936	Echvi_3936	Echvi_Contig97.1	4713947	4714939	-	1	Lactate dehydrogenase and related dehydrogenases
Echvi_3937	Echvi_3937	Echvi_Contig97.1	4715105	4715287	+	1	hypothetical protein
Echvi_3938	Echvi_3938	Echvi_Contig97.1	4715499	4715888	+	1	hypothetical protein
Echvi_3939	Echvi_3939	Echvi_Contig97.1	4716167	4718650	-	1	hypothetical protein
Echvi_3940	Echvi_3940	Echvi_Contig97.1	4719014	4720276	+	1	hypothetical protein
Echvi_3941	Echvi_3941	Echvi_Contig97.1	4720348	4721388	+	1	Putative regulator of cell autolysis
Echvi_3942	Echvi_3942	Echvi_Contig97.1	4721412	4722179	+	1	Response regulator of the LytR/AlgR family
Echvi_3943	Echvi_3943	Echvi_Contig97.1	4722550	4724265	+	1	hypothetical protein
Echvi_3944	Echvi_3944	Echvi_Contig97.1	4724572	4725306	+	1	hypothetical protein
Echvi_3945	Echvi_3945	Echvi_Contig97.1	4725310	4728075	+	1	Outer membrane receptor proteins, mostly Fe transport
Echvi_3946	Echvi_3946	Echvi_Contig97.1	4728082	4729251	+	1	hypothetical protein
Echvi_3947	Echvi_3947	Echvi_Contig97.1	4729259	4730902	+	1	hypothetical protein
Echvi_3948	Echvi_3948	Echvi_Contig97.1	4731089	4732837	-	1	gamma-glutamyltranspeptidase
Echvi_3949	Echvi_3949	Echvi_Contig97.1	4733222	4734100	-	1	polyphosphate:nucleotide phosphotransferase, PPK2 family
Echvi_3950	Echvi_3950	Echvi_Contig97.1	4734270	4735520	-	1	Glycine/D-amino acid oxidases (deaminating)
Echvi_3951	Echvi_3951	Echvi_Contig97.1	4735665	4736663	-	1	Proline racemase
Echvi_3952	Echvi_3952	Echvi_Contig97.1	4736734	4738170	-	1	NAD-dependent aldehyde dehydrogenases
Echvi_3953	Echvi_3953	Echvi_Contig97.1	4738171	4739082	-	1	Dihydrodipicolinate synthase/N-acetylneuraminate lyase
Echvi_3954	Echvi_3954	Echvi_Contig97.1	4739416	4740729	+	1	exodeoxyribonuclease VII, large subunit
Echvi_3955	Echvi_3955	Echvi_Contig97.1	4740722	4740928	+	1	Exonuclease VII small subunit.
Echvi_3956	Echvi_3956	Echvi_Contig97.1	4740981	4741625	-	1	Transcriptional regulator
Echvi_3957	Echvi_3957	Echvi_Contig97.1	4741768	4744230	+	1	DNA ligase, NAD-dependent
Echvi_3958	Echvi_3958	Echvi_Contig97.1	4744252	4744740	+	1	hypothetical protein
Echvi_3959	Echvi_3959	Echvi_Contig97.1	4744744	4745604	+	1	dihydrodipicolinate synthase
Echvi_3960	Echvi_3960	Echvi_Contig97.1	4745716	4745892	-	1	Histone H1-like protein Hc1.
Echvi_3961	Echvi_3961	Echvi_Contig97.1	4745990	4747240	-	1	7-keto-8-aminopelargonate synthetase and related enzymes
Echvi_3962	Echvi_3962	Echvi_Contig97.1	4747417	4748916	+	1	Acetyl/propionyl-CoA carboxylase, alpha subunit
Echvi_3963	Echvi_3963	Echvi_Contig97.1	4748909	4750192	+	1	Uncharacterized conserved protein
Echvi_3964	Echvi_3964	Echvi_Contig97.1	4750205	4750783	+	1	MAF protein
Echvi_3965	Echvi_3965	Echvi_Contig97.1	4751433	4751544	-	2	5S
Echvi_3966	Echvi_3966	Echvi_Contig97.1	4751640	4754533	-	2	23S
Echvi_3967	Echvi_3967	Echvi_Contig97.1	4754748	4756159	-	2	16S
Echvi_3968	Echvi_3968	Echvi_Contig97.1	4756818	4757426	-	1	Domain of Unknown Function (DUF1080).
Echvi_3969	Echvi_3969	Echvi_Contig97.1	4757423	4758202	-	1	Domain of Unknown Function (DUF1080).
Echvi_3970	Echvi_3970	Echvi_Contig97.1	4758633	4759163	+	1	hypothetical protein
Echvi_3971	Echvi_3971	Echvi_Contig97.1	4759247	4760014	-	1	Predicted transcriptional regulator
Echvi_3972	Echvi_3972	Echvi_Contig97.1	4760027	4760284	-	1	hypothetical protein
Echvi_3973	Echvi_3973	Echvi_Contig97.1	4760379	4760519	+	1	hypothetical protein
Echvi_3974	Echvi_3974	Echvi_Contig97.1	4760574	4762901	+	1	Outer membrane receptor proteins, mostly Fe transport
Echvi_3975	Echvi_3975	Echvi_Contig97.1	4763304	4764200	-	1	Transposase DDE domain.
Echvi_3976	Echvi_3976	Echvi_Contig97.1	4764415	4764720	-	1	hypothetical protein
Echvi_3977	Echvi_3977	Echvi_Contig97.1	4764717	4764920	-	1	hypothetical protein
Echvi_3978	Echvi_3978	Echvi_Contig97.1	4765135	4767387	-	1	Transcriptional accessory protein
Echvi_3979	Echvi_3979	Echvi_Contig97.1	4767591	4768166	+	1	Thiol-disulfide isomerase and thioredoxins
Echvi_3980	Echvi_3980	Echvi_Contig97.1	4768501	4769412	-	1	Beta-lactamase class A
Echvi_3981	Echvi_3981	Echvi_Contig97.1	4769473	4770084	-	1	RNA polymerase sigma-70 factor, Bacteroides expansion family 1
Echvi_3982	Echvi_3982	Echvi_Contig97.1	4770309	4772963	-	1	Alpha-L-rhamnosidase N-terminal domain./Bacterial alpha-L-rhamnosidase.
Echvi_3983	Echvi_3983	Echvi_Contig97.1	4773080	4773955	-	1	Transcriptional regulator/sugar kinase
Echvi_3984	Echvi_3984	Echvi_Contig97.1	4773962	4776124	-	1	alpha-1,2-mannosidase, putative
Echvi_3985	Echvi_3985	Echvi_Contig97.1	4776341	4777804	-	1	Uncharacterized conserved protein
Echvi_3986	Echvi_3986	Echvi_Contig97.1	4778059	4779213	-	1	Predicted glycosyl hydrolase
Echvi_3987	Echvi_3987	Echvi_Contig97.1	4779403	4780530	-	1	hypothetical protein
Echvi_3988	Echvi_3988	Echvi_Contig97.1	4780563	4782194	-	1	SusD family.
Echvi_3989	Echvi_3989	Echvi_Contig97.1	4782206	4785577	-	1	TonB-linked outer membrane protein, SusC/RagA family
Echvi_3990	Echvi_3990	Echvi_Contig97.1	4785602	4786672	-	1	Fe2+-dicitrate sensor, membrane component
Echvi_3991	Echvi_3991	Echvi_Contig97.1	4786990	4788414	+	1	Uncharacterized conserved protein
Echvi_3992	Echvi_3992	Echvi_Contig97.1	4788425	4789402	+	1	Uncharacterized protein conserved in bacteria
Echvi_3993	Echvi_3993	Echvi_Contig97.1	4789402	4790145	+	1	Predicted proteasome-type protease
Echvi_3994	Echvi_3994	Echvi_Contig97.1	4790135	4790998	+	1	Transglutaminase-like enzymes, putative cysteine proteases
Echvi_3995	Echvi_3995	Echvi_Contig97.1	4791012	4791101	+	1	hypothetical protein
Echvi_3996	Echvi_3996	Echvi_Contig97.1	4791319	4791993	-	1	RNA polymerase sigma factor, sigma-70 family
Echvi_3997	Echvi_3997	Echvi_Contig97.1	4792051	4792158	-	1	hypothetical protein
Echvi_3998	Echvi_3998	Echvi_Contig97.1	4792270	4792497	+	1	DNA-directed RNA polymerase specialized sigma subunit, sigma24 homolog
Echvi_3999	Echvi_3999	Echvi_Contig97.1	4792469	4792588	-	1	hypothetical protein
Echvi_4000	Echvi_4000	Echvi_Contig97.1	4792656	4793528	+	1	Metal-dependent hydrolase
Echvi_4001	Echvi_4001	Echvi_Contig97.1	4793773	4794276	-	1	Uncharacterized protein conserved in bacteria
Echvi_4002	Echvi_4002	Echvi_Contig97.1	4794525	4795367	-	1	Uncharacterized conserved protein
Echvi_4003	Echvi_4003	Echvi_Contig97.1	4795564	4796256	+	1	hypothetical protein
Echvi_4004	Echvi_4004	Echvi_Contig97.1	4796402	4797430	+	1	Predicted extracellular nuclease
Echvi_4005	Echvi_4005	Echvi_Contig97.1	4797665	4798453	-	1	Dehydrogenases with different specificities (related to short-chain alcohol dehydrogenases)
Echvi_4006	Echvi_4006	Echvi_Contig97.1	4798559	4799398	-	1	5-keto 4-deoxyuronate isomerase
Echvi_4007	Echvi_4007	Echvi_Contig97.1	4799490	4799711	-	1	hypothetical protein
Echvi_4008	Echvi_4008	Echvi_Contig97.1	4799891	4801117	-	1	hypothetical protein
Echvi_4009	Echvi_4009	Echvi_Contig97.1	4801335	4802354	-	1	TQO small subunit DoxD./TQO small subunit DoxA.
Echvi_4010	Echvi_4010	Echvi_Contig97.1	4802366	4802782	-	1	DsrE/DsrF-like family.
Echvi_4011	Echvi_4011	Echvi_Contig97.1	4803060	4803434	-	1	hypothetical protein
Echvi_4012	Echvi_4012	Echvi_Contig97.1	4803525	4804793	-	1	Chloride channel protein EriC
Echvi_4013	Echvi_4013	Echvi_Contig97.1	4805485	4805967	+	1	hypothetical protein
Echvi_4014	Echvi_4014	Echvi_Contig97.1	4806006	4807487	-	1	Beta-lactamase class C and other penicillin binding proteins
Echvi_4015	Echvi_4015	Echvi_Contig97.1	4807734	4809098	+	1	Predicted dehydrogenases and related proteins
Echvi_4016	Echvi_4016	Echvi_Contig97.1	4809944	4811308	-	1	Arylsulfatase A and related enzymes
Echvi_4017	Echvi_4017	Echvi_Contig97.1	4811469	4812506	-	1	Predicted hydrolases or acyltransferases (alpha/beta hydrolase superfamily)
Echvi_4018	Echvi_4018	Echvi_Contig97.1	4812656	4812940	+	1	hypothetical protein
Echvi_4019	Echvi_4019	Echvi_Contig97.1	4813268	4814617	+	1	oxygen-independent coproporphyrinogen III oxidase
Echvi_4020	Echvi_4020	Echvi_Contig97.1	4814809	4815201	+	1	hypothetical protein
Echvi_4021	Echvi_4021	Echvi_Contig97.1	4815556	4816680	+	1	Cytochrome c peroxidase
Echvi_4022	Echvi_4022	Echvi_Contig97.1	4816690	4817430	+	1	hypothetical protein
Echvi_4023	Echvi_4023	Echvi_Contig97.1	4817446	4818507	+	1	Cytochrome c peroxidase
Echvi_4024	Echvi_4024	Echvi_Contig97.1	4818517	4819608	+	1	hypothetical protein
Echvi_4025	Echvi_4025	Echvi_Contig97.1	4819623	4819991	+	1	hypothetical protein
Echvi_4026	Echvi_4026	Echvi_Contig97.1	4820052	4820852	+	1	hypothetical protein
Echvi_4027	Echvi_4027	Echvi_Contig97.1	4820931	4822271	-	1	hypothetical protein
Echvi_4028	Echvi_4028	Echvi_Contig97.1	4822566	4824929	+	1	Outer membrane receptor for ferrienterochelin and colicins
Echvi_4029	Echvi_4029	Echvi_Contig97.1	4824981	4825478	+	1	Thiol:disulfide interchange protein
Echvi_4030	Echvi_4030	Echvi_Contig97.1	4825585	4826604	+	1	Pirin-related protein
Echvi_4031	Echvi_4031	Echvi_Contig97.1	4826726	4827838	-	1	glycerate kinase
Echvi_4032	Echvi_4032	Echvi_Contig97.1	4827931	4829289	-	1	amino acid carrier protein
Echvi_4033	Echvi_4033	Echvi_Contig97.1	4829932	4831020	+	1	glutamate 5-kinase
Echvi_4034	Echvi_4034	Echvi_Contig97.1	4831342	4832262	+	1	hypothetical protein
Echvi_4035	Echvi_4035	Echvi_Contig97.1	4832605	4837092	-	1	Excinuclease ATPase subunit
Echvi_4036	Echvi_4036	Echvi_Contig97.1	4837185	4838918	-	1	Glucose-6-phosphate isomerase
Echvi_4037	Echvi_4037	Echvi_Contig97.1	4839122	4839847	+	1	Predicted ATPase
Echvi_4038	Echvi_4038	Echvi_Contig97.1	4840015	4842882	+	1	Alpha-glucosidases, family 31 of glycosyl hydrolases
Echvi_4039	Echvi_4039	Echvi_Contig97.1	4843032	4845809	-	1	aconitate hydratase 1
Echvi_4040	Echvi_4040	Echvi_Contig97.1	4845973	4847019	+	1	Uncharacterized protein conserved in bacteria
Echvi_4041	Echvi_4041	Echvi_Contig97.1	4847146	4848594	-	1	Retron-type reverse transcriptase
Echvi_4042	Echvi_4042	Echvi_Contig97.1	4848591	4848746	-	1	hypothetical protein
Echvi_4043	Echvi_4043	Echvi_Contig97.1	4849047	4850045	-	1	ABC-type transport system involved in resistance to organic solvents, periplasmic component
Echvi_4044	Echvi_4044	Echvi_Contig97.1	4850045	4850794	-	1	ABC-type transport system involved in resistance to organic solvents, ATPase component
Echvi_4045	Echvi_4045	Echvi_Contig97.1	4850798	4851595	-	1	ABC-type transport system involved in resistance to organic solvents, permease component
Echvi_4046	Echvi_4046	Echvi_Contig97.1	4851665	4852909	-	1	Response regulator containing CheY-like receiver, AAA-type ATPase, and DNA-binding domains
Echvi_4047	Echvi_4047	Echvi_Contig97.1	4853073	4853267	-	1	hypothetical protein
Echvi_4048	Echvi_4048	Echvi_Contig97.1	4853351	4853527	+	1	hypothetical protein
Echvi_4049	Echvi_4049	Echvi_Contig97.1	4853561	4854013	+	1	Uncharacterized protein conserved in bacteria
Echvi_4050	Echvi_4050	Echvi_Contig97.1	4854079	4856952	-	1	hypothetical protein
Echvi_4051	Echvi_4051	Echvi_Contig97.1	4857047	4860313	-	1	ATP-dependent exoDNAse (exonuclease V) beta subunit (contains helicase and exonuclease domains)
Echvi_4052	Echvi_4052	Echvi_Contig97.1	4860760	4861530	+	1	Uncharacterized conserved protein
Echvi_4053	Echvi_4053	Echvi_Contig97.1	4861564	4862025	-	1	Predicted transcriptional regulator, contains C-terminal CBS domains
Echvi_4054	Echvi_4054	Echvi_Contig97.1	4862154	4862645	-	1	hypothetical protein
Echvi_4055	Echvi_4055	Echvi_Contig97.1	4862658	4863401	-	1	Uncharacterized protein involved in copper resistance
Echvi_4056	Echvi_4056	Echvi_Contig97.1	4863404	4864387	-	1	Asparaginase
Echvi_4057	Echvi_4057	Echvi_Contig97.1	4865232	4867073	-	1	hypothetical protein
Echvi_4058	Echvi_4058	Echvi_Contig97.1	4867116	4867334	+	1	PspC domain.
Echvi_4059	Echvi_4059	Echvi_Contig97.1	4867331	4868338	-	1	Predicted glycosyltransferases
Echvi_4060	Echvi_4060	Echvi_Contig97.1	4868424	4868759	-	1	DNA-binding protein, YbaB/EbfC family
Echvi_4061	Echvi_4061	Echvi_Contig97.1	4869100	4870473	-	1	histidyl-tRNA synthetase
Echvi_4062	Echvi_4062	Echvi_Contig97.1	4870616	4870825	-	1	hypothetical protein
Echvi_4063	Echvi_4063	Echvi_Contig97.1	4871544	4873349	+	1	GTP-binding protein TypA/BipA
Echvi_4064	Echvi_4064	Echvi_Contig97.1	4873478	4873921	-	1	hypothetical protein
Echvi_4065	Echvi_4065	Echvi_Contig97.1	4874000	4874452	-	1	hypothetical protein
Echvi_4066	Echvi_4066	Echvi_Contig97.1	4874510	4874980	-	1	hypothetical protein
Echvi_4067	Echvi_4067	Echvi_Contig97.1	4875170	4875607	-	1	hypothetical protein
Echvi_4068	Echvi_4068	Echvi_Contig97.1	4875720	4877183	-	1	isocitrate dehydrogenase
Echvi_4069	Echvi_4069	Echvi_Contig97.1	4877583	4878368	+	1	Enoyl-CoA hydratase/carnithine racemase
Echvi_4070	Echvi_4070	Echvi_Contig97.1	4878389	4879903	+	1	hypothetical protein
Echvi_4071	Echvi_4071	Echvi_Contig97.1	4880362	4881489	+	1	Predicted unsaturated glucuronyl hydrolase involved in regulation of bacterial surface properties, and related proteins
Echvi_4072	Echvi_4072	Echvi_Contig97.1	4881546	4882970	-	1	hypothetical protein
Echvi_4073	Echvi_4073	Echvi_Contig97.1	4883135	4883569	+	1	deoxyuridine 5'-triphosphate nucleotidohydrolase (dut)
Echvi_4074	Echvi_4074	Echvi_Contig97.1	4883689	4885437	+	1	Tetratricopeptide repeat.
Echvi_4075	Echvi_4075	Echvi_Contig97.1	4885430	4886170	+	1	hypothetical protein
Echvi_4076	Echvi_4076	Echvi_Contig97.1	4886174	4887424	+	1	Membrane-bound metallopeptidase
Echvi_4077	Echvi_4077	Echvi_Contig97.1	4887694	4887900	+	1	twin arginine-targeting protein translocase, TatA/E family
Echvi_4078	Echvi_4078	Echvi_Contig97.1	4887915	4889342	+	1	aspartyl/glutamyl-tRNA(Asn/Gln) amidotransferase, A subunit
Echvi_4079	Echvi_4079	Echvi_Contig97.1	4889358	4890752	+	1	Soluble lytic murein transglycosylase and related regulatory proteins (some contain LysM/invasin domains)
Echvi_4080	Echvi_4080	Echvi_Contig97.1	4890844	4891941	+	1	hypothetical protein
Echvi_4081	Echvi_4081	Echvi_Contig97.1	4891962	4894235	+	1	Malic enzyme
Echvi_4082	Echvi_4082	Echvi_Contig97.1	4894232	4894831	+	1	Holliday junction DNA helicase, RuvA subunit
Echvi_4083	Echvi_4083	Echvi_Contig97.1	4894844	4901980	+	1	hypothetical protein
Echvi_4084	Echvi_4084	Echvi_Contig97.1	4902039	4902416	+	1	glycine cleavage system H protein
Echvi_4085	Echvi_4085	Echvi_Contig97.1	4902633	4902755	-	1	hypothetical protein
Echvi_4086	Echvi_4086	Echvi_Contig97.1	4902872	4903546	+	1	TonB family C-terminal domain
Echvi_4087	Echvi_4087	Echvi_Contig97.1	4904755	4905432	+	1	TonB family C-terminal domain
Echvi_4088	Echvi_4088	Echvi_Contig97.1	4906024	4907577	-	1	Site-specific recombinases, DNA invertase Pin homologs
Echvi_4089	Echvi_4089	Echvi_Contig97.1	4907914	4908096	-	1	hypothetical protein
Echvi_4090	Echvi_4090	Echvi_Contig97.1	4908166	4909236	-	1	phage/plasmid-related protein TIGR03299
Echvi_4091	Echvi_4091	Echvi_Contig97.1	4909977	4910714	-	1	hypothetical protein
Echvi_4092	Echvi_4092	Echvi_Contig97.1	4910727	4911584	-	1	hypothetical protein
Echvi_4093	Echvi_4093	Echvi_Contig97.1	4911591	4912769	-	1	Bacteroides conjugative transposon TraM protein
Echvi_4094	Echvi_4094	Echvi_Contig97.1	4912750	4913049	-	1	hypothetical protein
Echvi_4095	Echvi_4095	Echvi_Contig97.1	4913055	4913672	-	1	Bacteroides conjugative transposon TraK protein
Echvi_4096	Echvi_4096	Echvi_Contig97.1	4913676	4914695	-	1	Bacteroides conjugative transposon TraJ protein
Echvi_4097	Echvi_4097	Echvi_Contig97.1	4914686	4915315	-	1	hypothetical protein
Echvi_4098	Echvi_4098	Echvi_Contig97.1	4915302	4915964	-	1	hypothetical protein
Echvi_4099	Echvi_4099	Echvi_Contig97.1	4915968	4916663	-	1	hypothetical protein
Echvi_4100	Echvi_4100	Echvi_Contig97.1	4916666	4916926	-	1	hypothetical protein
Echvi_4101	Echvi_4101	Echvi_Contig97.1	4917028	4917942	-	1	hypothetical protein
Echvi_4102	Echvi_4102	Echvi_Contig97.1	4917946	4919163	-	1	Relaxase/Mobilisation nuclease domain.
Echvi_4103	Echvi_4103	Echvi_Contig97.1	4919154	4919546	-	1	hypothetical protein
Echvi_4104	Echvi_4104	Echvi_Contig97.1	4919733	4919948	-	1	hypothetical protein
Echvi_4105	Echvi_4105	Echvi_Contig97.1	4920095	4920899	-	1	DNA repair proteins
Echvi_4106	Echvi_4106	Echvi_Contig97.1	4921012	4921176	-	1	hypothetical protein
Echvi_4107	Echvi_4107	Echvi_Contig97.1	4921809	4921970	-	1	hypothetical protein
Echvi_4108	Echvi_4108	Echvi_Contig97.1	4921989	4922780	-	1	Co/Zn/Cd efflux system component
Echvi_4109	Echvi_4109	Echvi_Contig97.1	4922777	4923139	-	1	Fe2+/Zn2+ uptake regulation proteins
Echvi_4110	Echvi_4110	Echvi_Contig97.1	4923169	4925664	-	1	heavy metal translocating P-type ATPase
Echvi_4111	Echvi_4111	Echvi_Contig97.1	4925717	4926526	-	1	hypothetical protein
Echvi_4112	Echvi_4112	Echvi_Contig97.1	4926531	4926959	-	1	Fe2+/Zn2+ uptake regulation proteins
Echvi_4113	Echvi_4113	Echvi_Contig97.1	4926970	4927439	-	1	hypothetical protein
Echvi_4114	Echvi_4114	Echvi_Contig97.1	4927442	4927678	-	1	hypothetical protein
Echvi_4115	Echvi_4115	Echvi_Contig97.1	4927686	4928027	-	1	Nitrogen regulatory protein PII
Echvi_4116	Echvi_4116	Echvi_Contig97.1	4928201	4929433	-	1	RND family efflux transporter, MFP subunit
Echvi_4117	Echvi_4117	Echvi_Contig97.1	4929471	4933916	-	1	heavy metal efflux pump (cobalt-zinc-cadmium)
Echvi_4118	Echvi_4118	Echvi_Contig97.1	4934106	4934201	+	1	hypothetical protein
Echvi_4119	Echvi_4119	Echvi_Contig97.1	4934228	4934545	-	1	hypothetical protein
Echvi_4120	Echvi_4120	Echvi_Contig97.1	4934652	4935881	-	1	hypothetical protein
Echvi_4121	Echvi_4121	Echvi_Contig97.1	4935856	4936284	-	1	Rieske Fe-S protein
Echvi_4122	Echvi_4122	Echvi_Contig97.1	4936289	4937491	-	1	Predicted thiol oxidoreductase
Echvi_4123	Echvi_4123	Echvi_Contig97.1	4937565	4938172	+	1	Mn-dependent transcriptional regulator
Echvi_4124	Echvi_4124	Echvi_Contig97.1	4938200	4938409	-	1	Copper chaperone
Echvi_4125	Echvi_4125	Echvi_Contig97.1	4938444	4940681	-	1	copper-(or silver)-translocating P-type ATPase
Echvi_4126	Echvi_4126	Echvi_Contig97.1	4940775	4941344	-	1	AraC-type DNA-binding domain-containing proteins
Echvi_4127	Echvi_4127	Echvi_Contig97.1	4941386	4943425	-	1	copper-(or silver)-translocating P-type ATPase
Echvi_4128	Echvi_4128	Echvi_Contig97.1	4943430	4944650	-	1	Predicted permeases
Echvi_4129	Echvi_4129	Echvi_Contig97.1	4944668	4947031	-	1	Putative multicopper oxidases
Echvi_4130	Echvi_4130	Echvi_Contig97.1	4947322	4948083	-	1	hypothetical protein
Echvi_4131	Echvi_4131	Echvi_Contig97.1	4948110	4948565	-	1	Predicted membrane protein
Echvi_4132	Echvi_4132	Echvi_Contig97.1	4948572	4949102	-	1	Protein of unknown function (DUF3347).
Echvi_4133	Echvi_4133	Echvi_Contig97.1	4949242	4951059	-	1	RND family efflux transporter, MFP subunit
Echvi_4134	Echvi_4134	Echvi_Contig97.1	4951061	4952308	-	1	Outer membrane protein
Echvi_4135	Echvi_4135	Echvi_Contig97.1	4952305	4956129	-	1	Putative silver efflux pump
Echvi_4136	Echvi_4136	Echvi_Contig97.1	4956237	4956656	-	1	hypothetical protein
Echvi_4137	Echvi_4137	Echvi_Contig97.1	4956802	4957287	-	1	Cation transport ATPase
Echvi_4138	Echvi_4138	Echvi_Contig97.1	4957306	4958106	-	1	hypothetical protein
Echvi_4139	Echvi_4139	Echvi_Contig97.1	4958152	4958556	-	1	hypothetical protein
Echvi_4140	Echvi_4140	Echvi_Contig97.1	4958588	4958938	-	1	Copper chaperone
Echvi_4141	Echvi_4141	Echvi_Contig97.1	4959266	4959475	+	1	hypothetical protein
Echvi_4142	Echvi_4142	Echvi_Contig97.1	4959459	4960631	-	1	Arabinose efflux permease
Echvi_4143	Echvi_4143	Echvi_Contig97.1	4960720	4961046	-	1	hypothetical protein
Echvi_4144	Echvi_4144	Echvi_Contig97.1	4961124	4961393	-	1	hypothetical protein
Echvi_4145	Echvi_4145	Echvi_Contig97.1	4961610	4961975	-	1	Uncharacterized protein conserved in bacteria
Echvi_4146	Echvi_4146	Echvi_Contig97.1	4962052	4963395	-	1	Pyruvate/2-oxoglutarate dehydrogenase complex, dihydrolipoamide dehydrogenase (E3) component, and related enzymes
Echvi_4147	Echvi_4147	Echvi_Contig97.1	4963621	4964256	-	1	Methylase involved in ubiquinone/menaquinone biosynthesis
Echvi_4148	Echvi_4148	Echvi_Contig97.1	4964256	4965158	-	1	Copper chaperone
Echvi_4149	Echvi_4149	Echvi_Contig97.1	4965155	4965529	-	1	Predicted transcriptional regulators
Echvi_4150	Echvi_4150	Echvi_Contig97.1	4965839	4966135	+	1	hypothetical protein
Echvi_4151	Echvi_4151	Echvi_Contig97.1	4966690	4969719	-	1	Uncharacterized protein conserved in bacteria
Echvi_4152	Echvi_4152	Echvi_Contig97.1	4969896	4971305	+	1	Predicted transcriptional regulator containing an HTH domain and an uncharacterized domain shared with the mammalian protein Schlafen
Echvi_4153	Echvi_4153	Echvi_Contig97.1	4971339	4972925	-	1	Site-specific recombinases, DNA invertase Pin homologs
Echvi_4154	Echvi_4154	Echvi_Contig97.1	4972912	4973082	-	1	hypothetical protein
Echvi_4155	Echvi_4155	Echvi_Contig97.1	4973241	4973754	-	1	DNA repair proteins
Echvi_4156	Echvi_4156	Echvi_Contig97.1	4974602	4975249	-	1	Uncharacterized MobA-related protein
Echvi_4157	Echvi_4157	Echvi_Contig97.1	4975340	4975786	-	1	Molybdopterin converting factor, large subunit
Echvi_4158	Echvi_4158	Echvi_Contig97.1	4976052	4976759	-	1	Response regulator of the LytR/AlgR family
Echvi_4159	Echvi_4159	Echvi_Contig97.1	4976756	4977754	-	1	Putative regulator of cell autolysis
Echvi_4160	Echvi_4160	Echvi_Contig97.1	4978101	4978559	+	1	hypothetical protein
Echvi_4161	Echvi_4161	Echvi_Contig97.1	4978579	4979025	+	1	hypothetical protein
Echvi_4162	Echvi_4162	Echvi_Contig97.1	4979038	4979646	+	1	Flavodoxins
Echvi_4163	Echvi_4163	Echvi_Contig97.1	4979832	4979939	+	1	hypothetical protein
Echvi_4164	Echvi_4164	Echvi_Contig97.1	4979926	4982166	+	1	Aerobic-type carbon monoxide dehydrogenase, large subunit CoxL/CutL homologs
Echvi_4165	Echvi_4165	Echvi_Contig97.1	4982282	4982740	+	1	Aerobic-type carbon monoxide dehydrogenase, small subunit CoxS/CutS homologs
Echvi_4166	Echvi_4166	Echvi_Contig97.1	4982752	4985022	+	1	Aerobic-type carbon monoxide dehydrogenase, large subunit CoxL/CutL homologs
Echvi_4167	Echvi_4167	Echvi_Contig97.1	4985226	4986383	+	1	Cysteine sulfinate desulfinase/cysteine desulfurase and related enzymes
Echvi_4168	Echvi_4168	Echvi_Contig97.1	4986380	4987543	+	1	Xanthine and CO dehydrogenases maturation factor, XdhC/CoxF family
Echvi_4169	Echvi_4169	Echvi_Contig97.1	4987601	4987840	+	1	Molybdopterin converting factor, small subunit
Echvi_4170	Echvi_4170	Echvi_Contig97.1	4987934	4988941	+	1	molybdenum cofactor biosynthesis protein A, bacterial
Echvi_4171	Echvi_4171	Echvi_Contig97.1	4989178	4989282	-	1	hypothetical protein
Echvi_4172	Echvi_4172	Echvi_Contig97.1	4989408	4989890	-	1	Uncharacterized conserved protein, contains double-stranded beta-helix domain
Echvi_4173	Echvi_4173	Echvi_Contig97.1	4989902	4990960	-	1	Hydrolases of the alpha/beta superfamily
Echvi_4174	Echvi_4174	Echvi_Contig97.1	4990972	4991445	-	1	Cupin domain.
Echvi_4175	Echvi_4175	Echvi_Contig97.1	4991458	4992519	-	1	hypothetical protein
Echvi_4176	Echvi_4176	Echvi_Contig97.1	4992633	4993325	-	1	Uncharacterized homolog of gamma-carboxymuconolactone decarboxylase subunit
Echvi_4177	Echvi_4177	Echvi_Contig97.1	4993322	4994305	-	1	Predicted oxidoreductases (related to aryl-alcohol dehydrogenases)
Echvi_4178	Echvi_4178	Echvi_Contig97.1	4994319	4995170	-	1	Aldo/keto reductases, related to diketogulonate reductase
Echvi_4179	Echvi_4179	Echvi_Contig97.1	4995253	4996560	-	1	Predicted membrane protein
Echvi_4180	Echvi_4180	Echvi_Contig97.1	4996755	4997657	+	1	AraC-type DNA-binding domain-containing proteins
Echvi_4181	Echvi_4181	Echvi_Contig97.1	4997688	4999328	-	1	Site-specific recombinases, DNA invertase Pin homologs
Echvi_4182	Echvi_4182	Echvi_Contig97.1	4999665	4999847	-	1	hypothetical protein
Echvi_4183	Echvi_4183	Echvi_Contig97.1	4999917	5000987	-	1	phage/plasmid-related protein TIGR03299
Echvi_4184	Echvi_4184	Echvi_Contig97.1	5001983	5002300	+	1	Predicted transcriptional regulators
Echvi_4185	Echvi_4185	Echvi_Contig97.1	5002297	5003568	+	1	HipA-like C-terminal domain./HipA-like N-terminal domain.
Echvi_4186	Echvi_4186	Echvi_Contig97.1	5003698	5004543	-	1	Transcriptional regulator containing an amidase domain and an AraC-type DNA-binding HTH domain
Echvi_4187	Echvi_4187	Echvi_Contig97.1	5004597	5005325	-	1	Transposase and inactivated derivatives
Echvi_4188	Echvi_4188	Echvi_Contig97.1	5005353	5005457	-	1	hypothetical protein
Echvi_4189	Echvi_4189	Echvi_Contig97.1	5005457	5005828	-	1	Transposase.
Echvi_4190	Echvi_4190	Echvi_Contig97.1	5005831	5005980	-	1	hypothetical protein
Echvi_4191	Echvi_4191	Echvi_Contig97.1	5006016	5006390	-	1	hypothetical protein
Echvi_4192	Echvi_4192	Echvi_Contig97.1	5006452	5007972	-	1	Transposase and inactivated derivatives
Echvi_4193	Echvi_4193	Echvi_Contig97.1	5008044	5008337	-	1	Transposase and inactivated derivatives
Echvi_4194	Echvi_4194	Echvi_Contig97.1	5008360	5008650	+	1	IS66 Orf2 like protein.
Echvi_4195	Echvi_4195	Echvi_Contig97.1	5008805	5010367	+	1	Transposase and inactivated derivatives
Echvi_4196	Echvi_4196	Echvi_Contig97.1	5010771	5011667	-	1	Transposase DDE domain.
Echvi_4197	Echvi_4197	Echvi_Contig97.1	5011882	5013357	-	1	anion transporter
Echvi_4198	Echvi_4198	Echvi_Contig97.1	5013357	5014127	-	1	hypothetical protein
Echvi_4199	Echvi_4199	Echvi_Contig97.1	5014169	5015416	-	1	Highly conserved protein containing a thioredoxin domain
Echvi_4200	Echvi_4200	Echvi_Contig97.1	5015464	5017425	-	1	Domain of unknown function (DUF303).
Echvi_4201	Echvi_4201	Echvi_Contig97.1	5017497	5021792	-	1	Bacterial surface proteins containing Ig-like domains
Echvi_4202	Echvi_4202	Echvi_Contig97.1	5022001	5023641	-	1	SusD family.
Echvi_4203	Echvi_4203	Echvi_Contig97.1	5023660	5027049	-	1	TonB-linked outer membrane protein, SusC/RagA family
Echvi_4204	Echvi_4204	Echvi_Contig97.1	5027119	5028258	-	1	Fe2+-dicitrate sensor, membrane component
Echvi_4205	Echvi_4205	Echvi_Contig97.1	5028615	5029172	-	1	RNA polymerase sigma-70 factor, Bacteroides expansion family 1
Echvi_4206	Echvi_4206	Echvi_Contig97.1	5029975	5033004	-	1	Uncharacterized protein conserved in bacteria
Echvi_4207	Echvi_4207	Echvi_Contig97.1	5033181	5034580	+	1	Predicted transcriptional regulator containing an HTH domain and an uncharacterized domain shared with the mammalian protein Schlafen
Echvi_4208	Echvi_4208	Echvi_Contig97.1	5035169	5036545	-	1	Signal transduction histidine kinase
Echvi_4209	Echvi_4209	Echvi_Contig97.1	5036542	5037207	-	1	Response regulators consisting of a CheY-like receiver domain and a winged-helix DNA-binding domain
Echvi_4210	Echvi_4210	Echvi_Contig97.1	5037276	5038439	-	1	RND family efflux transporter, MFP subunit
Echvi_4211	Echvi_4211	Echvi_Contig97.1	5038443	5042774	-	1	heavy metal efflux pump (cobalt-zinc-cadmium)
Echvi_4212	Echvi_4212	Echvi_Contig97.1	5043065	5044603	-	1	hypothetical protein
Echvi_4213	Echvi_4213	Echvi_Contig97.1	5044910	5045701	+	1	Glutamate 5-kinase
Echvi_4214	Echvi_4214	Echvi_Contig97.1	5046074	5048524	+	1	Outer membrane receptor proteins, mostly Fe transport
Echvi_4215	Echvi_4215	Echvi_Contig97.1	5048551	5049885	+	1	hypothetical protein
Echvi_4216	Echvi_4216	Echvi_Contig97.1	5050081	5051337	+	1	Uncharacterized iron-regulated membrane protein
Echvi_4217	Echvi_4217	Echvi_Contig97.1	5051628	5053079	+	1	efflux transporter, outer membrane factor (OMF) lipoprotein, NodT family
Echvi_4218	Echvi_4218	Echvi_Contig97.1	5053069	5054256	+	1	RND family efflux transporter, MFP subunit
Echvi_4219	Echvi_4219	Echvi_Contig97.1	5054253	5057354	+	1	Cation/multidrug efflux pump
Echvi_4220	Echvi_4220	Echvi_Contig97.1	5057722	5058969	+	1	Outer membrane protein/protective antigen OMA87
Echvi_4221	Echvi_4221	Echvi_Contig97.1	5059099	5059473	+	1	hypothetical protein
Echvi_4222	Echvi_4222	Echvi_Contig97.1	5059815	5061269	-	1	6-phosphogluconate dehydrogenase, decarboxylating
Echvi_4223	Echvi_4223	Echvi_Contig97.1	5061521	5062939	-	1	Outer membrane protein
Echvi_4224	Echvi_4224	Echvi_Contig97.1	5062948	5064324	-	1	hypothetical protein
Echvi_4225	Echvi_4225	Echvi_Contig97.1	5064331	5065962	-	1	ABC-type bacteriocin/lantibiotic exporters, contain an N-terminal double-glycine peptidase domain
Echvi_4226	Echvi_4226	Echvi_Contig97.1	5066493	5066690	-	1	hypothetical protein
Echvi_4227	Echvi_4227	Echvi_Contig97.1	5066659	5068146	-	1	SusD family.
Echvi_4228	Echvi_4228	Echvi_Contig97.1	5068169	5071276	-	1	TonB-linked outer membrane protein, SusC/RagA family
Echvi_4229	Echvi_4229	Echvi_Contig97.1	5071570	5072763	-	1	Uncharacterized conserved protein
Echvi_4230	Echvi_4230	Echvi_Contig97.1	5072992	5074518	+	1	Membrane protein involved in the export of O-antigen and teichoic acid
Echvi_4231	Echvi_4231	Echvi_Contig97.1	5074523	5075488	+	1	Glycosyltransferases involved in cell wall biogenesis
Echvi_4232	Echvi_4232	Echvi_Contig97.1	5075583	5076641	+	1	Glycosyltransferase
Echvi_4233	Echvi_4233	Echvi_Contig97.1	5076732	5077943	+	1	Glycosyltransferase
Echvi_4234	Echvi_4234	Echvi_Contig97.1	5077947	5079185	+	1	Predicted membrane protein
Echvi_4235	Echvi_4235	Echvi_Contig97.1	5079161	5080153	+	1	Glycosyltransferase
Echvi_4236	Echvi_4236	Echvi_Contig97.1	5080219	5081922	+	1	Endopolygalacturonase
Echvi_4237	Echvi_4237	Echvi_Contig97.1	5081934	5082854	+	1	Predicted glycosyltransferases
Echvi_4238	Echvi_4238	Echvi_Contig97.1	5083000	5083719	+	1	Sugar transferases involved in lipopolysaccharide synthesis
Echvi_4239	Echvi_4239	Echvi_Contig97.1	5084356	5084712	-	1	Predicted nucleotidyltransferases
Echvi_4240	Echvi_4240	Echvi_Contig97.1	5084663	5085103	-	1	nucleotidyltransferase substrate binding protein, HI0074 family
Echvi_4241	Echvi_4241	Echvi_Contig97.1	5085190	5086749	-	1	Beta-xylosidase
Echvi_4242	Echvi_4242	Echvi_Contig97.1	5087108	5087572	-	1	DNA repair proteins
Echvi_4243	Echvi_4243	Echvi_Contig97.1	5087932	5089087	-	1	FOG: Transposase and inactivated derivatives
Echvi_4244	Echvi_4244	Echvi_Contig97.1	5089522	5089854	+	1	hypothetical protein
Echvi_4245	Echvi_4245	Echvi_Contig97.1	5090974	5094450	-	1	PAS domain S-box
Echvi_4246	Echvi_4246	Echvi_Contig97.1	5094516	5094887	-	1	hypothetical protein
Echvi_4247	Echvi_4247	Echvi_Contig97.1	5096677	5097060	-	1	Response regulator containing CheY-like receiver, AAA-type ATPase, and DNA-binding domains
Echvi_4248	Echvi_4248	Echvi_Contig97.1	5097033	5097188	-	1	hypothetical protein
Echvi_4249	Echvi_4249	Echvi_Contig97.1	5097559	5097954	+	1	hypothetical protein
Echvi_4250	Echvi_4250	Echvi_Contig97.1	5098042	5098476	-	1	hypothetical protein
Echvi_4251	Echvi_4251	Echvi_Contig97.1	5098794	5099493	-	1	Methylase involved in ubiquinone/menaquinone biosynthesis
Echvi_4252	Echvi_4252	Echvi_Contig97.1	5100405	5100890	+	1	hypothetical protein
Echvi_4253	Echvi_4253	Echvi_Contig97.1	5101142	5102023	-	1	Beta-glucanase/Beta-glucan synthetase
Echvi_4254	Echvi_4254	Echvi_Contig97.1	5102057	5103193	-	1	Beta-xylosidase
Echvi_4255	Echvi_4255	Echvi_Contig97.1	5103222	5104895	-	1	SusD family.
Echvi_4256	Echvi_4256	Echvi_Contig97.1	5104917	5107745	-	1	TonB-linked outer membrane protein, SusC/RagA family
Echvi_4257	Echvi_4257	Echvi_Contig97.1	5107848	5109551	-	1	SusD family.
Echvi_4258	Echvi_4258	Echvi_Contig97.1	5109599	5112673	-	1	TonB-linked outer membrane protein, SusC/RagA family
Echvi_4259	Echvi_4259	Echvi_Contig97.1	5112852	5116934	-	1	His Kinase A (phosphoacceptor) domain./Response regulator receiver domain./Y_Y_Y domain./Histidine kinase-, DNA gyrase B-, and HSP90-like ATPase./Two component regulator propeller./Bacterial regulatory helix-turn-helix proteins, AraC family.
Echvi_4260	Echvi_4260	Echvi_Contig97.1	5117073	5117318	-	1	hypothetical protein
Echvi_4261	Echvi_4261	Echvi_Contig97.1	5117282	5117581	-	1	hypothetical protein
Echvi_4262	Echvi_4262	Echvi_Contig97.1	5117599	5117973	+	1	Transcription elongation factor
Echvi_4263	Echvi_4263	Echvi_Contig97.1	5118551	5119124	+	1	hypothetical protein
Echvi_4264	Echvi_4264	Echvi_Contig97.1	5119283	5119975	-	1	hypothetical protein
Echvi_4265	Echvi_4265	Echvi_Contig97.1	5119972	5120103	-	1	hypothetical protein
Echvi_4266	Echvi_4266	Echvi_Contig97.1	5120613	5121113	-	1	Uncharacterized conserved protein
Echvi_4267	Echvi_4267	Echvi_Contig97.1	5121106	5121429	-	1	Predicted transcriptional regulators
Echvi_4268	Echvi_4268	Echvi_Contig97.1	5121612	5121827	-	1	hypothetical protein
Echvi_4269	Echvi_4269	Echvi_Contig97.1	5121864	5122442	-	1	Uncharacterized protein conserved in bacteria
Echvi_4270	Echvi_4270	Echvi_Contig97.1	5122460	5122813	-	1	hypothetical protein
Echvi_4271	Echvi_4271	Echvi_Contig97.1	5122823	5123179	-	1	Uncharacterized conserved protein
Echvi_4272	Echvi_4272	Echvi_Contig97.1	5123176	5123559	-	1	hypothetical protein
Echvi_4273	Echvi_4273	Echvi_Contig97.1	5123566	5124030	-	1	Uncharacterized conserved protein
Echvi_4274	Echvi_4274	Echvi_Contig97.1	5124040	5124360	-	1	Predicted transcriptional regulators
Echvi_4275	Echvi_4275	Echvi_Contig97.1	5124473	5124901	+	1	hypothetical protein
Echvi_4276	Echvi_4276	Echvi_Contig97.1	5124926	5125168	-	1	hypothetical protein
Echvi_4277	Echvi_4277	Echvi_Contig97.1	5125161	5125565	-	1	Cupin domain.
Echvi_4278	Echvi_4278	Echvi_Contig97.1	5125587	5125964	-	1	hypothetical protein
Echvi_4279	Echvi_4279	Echvi_Contig97.1	5125983	5126195	-	1	hypothetical protein
Echvi_4280	Echvi_4280	Echvi_Contig97.1	5126201	5126581	-	1	hypothetical protein
Echvi_4281	Echvi_4281	Echvi_Contig97.1	5126587	5127549	-	1	Uncharacterized protein conserved in bacteria
Echvi_4282	Echvi_4282	Echvi_Contig97.1	5127549	5127872	-	1	Predicted transcriptional regulators
Echvi_4283	Echvi_4283	Echvi_Contig97.1	5128152	5129039	+	1	hypothetical protein
Echvi_4284	Echvi_4284	Echvi_Contig97.1	5129056	5130444	-	1	Periplasmic protease
Echvi_4285	Echvi_4285	Echvi_Contig97.1	5130458	5133657	-	1	hypothetical protein
Echvi_4286	Echvi_4286	Echvi_Contig97.1	5130938	5131225	+	1	hypothetical protein
Echvi_4287	Echvi_4287	Echvi_Contig97.1	5131225	5131566	+	1	Transposase and inactivated derivatives
Echvi_4288	Echvi_4288	Echvi_Contig97.1	5131737	5133290	+	1	Transposase and inactivated derivatives
Echvi_4289	Echvi_4289	Echvi_Contig97.1	5133680	5134252	-	1	cAMP-binding proteins - catabolite gene activator and regulatory subunit of cAMP-dependent protein kinases
Echvi_4290	Echvi_4290	Echvi_Contig97.1	5134374	5134778	-	1	Activator of Hsp90 ATPase homolog 1-like protein.
Echvi_4291	Echvi_4291	Echvi_Contig97.1	5134783	5135319	-	1	Dihydrofolate reductase
Echvi_4292	Echvi_4292	Echvi_Contig97.1	5135386	5136114	-	1	Transcriptional regulator containing an amidase domain and an AraC-type DNA-binding HTH domain
Echvi_4293	Echvi_4293	Echvi_Contig97.1	5136148	5136384	-	1	hypothetical protein
Echvi_4294	Echvi_4294	Echvi_Contig97.1	5136636	5137091	-	1	AraC-type DNA-binding domain-containing proteins
Echvi_4295	Echvi_4295	Echvi_Contig97.1	5137186	5138430	-	1	Predicted RNA polymerase sigma factor containing a TPR repeat domain
Echvi_4296	Echvi_4296	Echvi_Contig97.1	5138434	5138778	-	1	Uncharacterized protein conserved in bacteria
Echvi_4297	Echvi_4297	Echvi_Contig97.1	5138894	5139739	-	1	Predicted hydrolases or acyltransferases (alpha/beta hydrolase superfamily)
Echvi_4298	Echvi_4298	Echvi_Contig97.1	5139885	5140301	-	1	Predicted lactoylglutathione lyase
Echvi_4299	Echvi_4299	Echvi_Contig97.1	5140314	5140781	-	1	Protein of unknown function (DUF2703).
Echvi_4300	Echvi_4300	Echvi_Contig97.1	5140841	5141389	-	1	RNA polymerase sigma factor, sigma-70 family
Echvi_4301	Echvi_4301	Echvi_Contig97.1	5141386	5141883	-	1	hypothetical protein
Echvi_4302	Echvi_4302	Echvi_Contig97.1	5141898	5142977	-	1	Predicted oxidoreductases (related to aryl-alcohol dehydrogenases)
Echvi_4303	Echvi_4303	Echvi_Contig97.1	5143038	5143595	-	1	Dihydrofolate reductase
Echvi_4304	Echvi_4304	Echvi_Contig97.1	5143705	5144517	-	1	Predicted hydrolases or acyltransferases (alpha/beta hydrolase superfamily)
Echvi_4305	Echvi_4305	Echvi_Contig97.1	5144584	5144877	+	1	Histidine kinase-, DNA gyrase B-, and HSP90-like ATPase.
Echvi_4306	Echvi_4306	Echvi_Contig97.1	5145117	5145245	+	1	hypothetical protein
Echvi_4307	Echvi_4307	Echvi_Contig97.1	5145577	5145977	+	1	Uncharacterized protein conserved in bacteria
Echvi_4308	Echvi_4308	Echvi_Contig97.1	5145967	5146152	+	1	hypothetical protein
Echvi_4309	Echvi_4309	Echvi_Contig97.1	5146153	5146347	-	1	hypothetical protein
Echvi_4310	Echvi_4310	Echvi_Contig97.1	5146382	5147989	-	1	N-acetyl-beta-hexosaminidase
Echvi_4311	Echvi_4311	Echvi_Contig97.1	5148017	5149177	-	1	N-acetylglucosamine-6-phosphate deacetylase
Echvi_4312	Echvi_4312	Echvi_Contig97.1	5149179	5150651	-	1	Na+/proline symporter
Echvi_4313	Echvi_4313	Echvi_Contig97.1	5150653	5152254	-	1	N-acetyl-beta-hexosaminidase
Echvi_4314	Echvi_4314	Echvi_Contig97.1	5152282	5153055	-	1	6-phosphogluconolactonase/Glucosamine-6-phosphate isomerase/deaminase
Echvi_4315	Echvi_4315	Echvi_Contig97.1	5153183	5154625	-	1	Secreted and surface protein containing fasciclin-like repeats
Echvi_4316	Echvi_4316	Echvi_Contig97.1	5154664	5156028	-	1	SusD family.
Echvi_4317	Echvi_4317	Echvi_Contig97.1	5156041	5159124	-	1	TonB-linked outer membrane protein, SusC/RagA family
Echvi_4318	Echvi_4318	Echvi_Contig97.1	5159342	5160367	+	1	Transcriptional regulators
Echvi_4319	Echvi_4319	Echvi_Contig97.1	5160498	5160911	-	1	hypothetical protein
Echvi_4320	Echvi_4320	Echvi_Contig97.1	5161779	5162708	-	1	hypothetical protein
Echvi_4321	Echvi_4321	Echvi_Contig97.1	5162727	5164466	-	1	SusD family.
Echvi_4322	Echvi_4322	Echvi_Contig97.1	5164487	5168005	-	1	TonB-linked outer membrane protein, SusC/RagA family
Echvi_4323	Echvi_4323	Echvi_Contig97.1	5168120	5169091	-	1	Fe2+-dicitrate sensor, membrane component
Echvi_4324	Echvi_4324	Echvi_Contig97.1	5169182	5169745	-	1	RNA polymerase sigma-70 factor, Bacteroides expansion family 1
Echvi_4325	Echvi_4325	Echvi_Contig97.1	5169855	5170100	+	1	hypothetical protein
Echvi_4326	Echvi_4326	Echvi_Contig97.1	5170239	5172590	-	1	TonB-dependent siderophore receptor
Echvi_4327	Echvi_4327	Echvi_Contig97.1	5172793	5173344	+	1	RNA polymerase sigma-70 factor, Bacteroides expansion family 1
Echvi_4328	Echvi_4328	Echvi_Contig97.1	5173483	5174100	+	1	hypothetical protein
Echvi_4329	Echvi_4329	Echvi_Contig97.1	5174124	5176478	+	1	Outer membrane receptor proteins, mostly Fe transport
Echvi_4330	Echvi_4330	Echvi_Contig97.1	5176525	5177778	+	1	hypothetical protein
Echvi_4331	Echvi_4331	Echvi_Contig97.1	5177797	5179020	+	1	Uncharacterized iron-regulated membrane protein
Echvi_4332	Echvi_4332	Echvi_Contig97.1	5179203	5179778	-	1	Predicted ATPase
Echvi_4333	Echvi_4333	Echvi_Contig97.1	5179916	5180566	-	1	hypothetical protein
Echvi_4334	Echvi_4334	Echvi_Contig97.1	5180907	5181164	+	1	hypothetical protein
Echvi_4335	Echvi_4335	Echvi_Contig97.1	5181227	5184690	-	1	N-acetyl-beta-hexosaminidase
Echvi_4336	Echvi_4336	Echvi_Contig97.1	5182646	5183877	-	1	FOG: Transposase and inactivated derivatives
Echvi_4337	Echvi_4337	Echvi_Contig97.1	5184698	5186803	-	1	Lysophospholipase L1 and related esterases
Echvi_4338	Echvi_4338	Echvi_Contig97.1	5186809	5187579	-	1	Uncharacterized protein, putative amidase
Echvi_4339	Echvi_4339	Echvi_Contig97.1	5187639	5188826	-	1	N-acyl-D-glucosamine 2-epimerase
Echvi_4340	Echvi_4340	Echvi_Contig97.1	5188870	5190405	-	1	Arylsulfatase A and related enzymes
Echvi_4341	Echvi_4341	Echvi_Contig97.1	5190402	5191928	-	1	BNR/Asp-box repeat.
Echvi_4342	Echvi_4342	Echvi_Contig97.1	5191980	5194691	-	1	transporter, SSS family
Echvi_4343	Echvi_4343	Echvi_Contig97.1	5194729	5195658	-	1	Dihydrodipicolinate synthase/N-acetylneuraminate lyase
Echvi_4344	Echvi_4344	Echvi_Contig97.1	5195709	5197202	-	1	SusD family.
Echvi_4345	Echvi_4345	Echvi_Contig97.1	5197219	5200392	-	1	TonB-linked outer membrane protein, SusC/RagA family
Echvi_4346	Echvi_4346	Echvi_Contig97.1	5200684	5204886	+	1	Signal transduction histidine kinase
Echvi_4347	Echvi_4347	Echvi_Contig97.1	5205057	5205245	-	1	DNA repair proteins
Echvi_4348	Echvi_4348	Echvi_Contig97.1	5205333	5206346	-	1	Site-specific recombinase XerD
Echvi_4349	Echvi_4349	Echvi_Contig97.1	5206333	5207316	-	1	Site-specific recombinase XerD
Echvi_4350	Echvi_4350	Echvi_Contig97.1	5207309	5208577	-	1	Site-specific recombinase XerD
Echvi_4351	Echvi_4351	Echvi_Contig97.1	5208709	5209044	-	1	DNA repair proteins
Echvi_4352	Echvi_4352	Echvi_Contig97.1	5209463	5209672	-	1	hypothetical protein
Echvi_4353	Echvi_4353	Echvi_Contig97.1	5209679	5211124	-	1	Arylsulfatase A and related enzymes
Echvi_4354	Echvi_4354	Echvi_Contig97.1	5211117	5211674	-	1	Beta galactosidase small chain.
Echvi_4355	Echvi_4355	Echvi_Contig97.1	5211911	5212690	-	1	hypothetical protein
Echvi_4356	Echvi_4356	Echvi_Contig97.1	5212694	5213566	-	1	hypothetical protein
Echvi_4357	Echvi_4357	Echvi_Contig97.1	5213571	5214785	-	1	Protein of unknown function (DUF3714).
Echvi_4358	Echvi_4358	Echvi_Contig97.1	5215080	5215697	-	1	Bacteroides conjugative transposon TraK protein
Echvi_4359	Echvi_4359	Echvi_Contig97.1	5215699	5216739	-	1	Bacteroides conjugative transposon TraJ protein
Echvi_4360	Echvi_4360	Echvi_Contig97.1	5216736	5217353	-	1	hypothetical protein
Echvi_4361	Echvi_4361	Echvi_Contig97.1	5217362	5218009	-	1	hypothetical protein
Echvi_4362	Echvi_4362	Echvi_Contig97.1	5217996	5218694	-	1	hypothetical protein
Echvi_4363	Echvi_4363	Echvi_Contig97.1	5218691	5221159	-	1	Bacteroides conjugation system ATPase, TraG family
Echvi_4364	Echvi_4364	Echvi_Contig97.1	5221152	5221478	-	1	hypothetical protein
Echvi_4365	Echvi_4365	Echvi_Contig97.1	5221480	5221785	-	1	hypothetical protein
Echvi_4366	Echvi_4366	Echvi_Contig97.1	5221763	5222110	-	1	hypothetical protein
Echvi_4367	Echvi_4367	Echvi_Contig97.1	5222370	5223209	-	1	RteC protein.
Echvi_4368	Echvi_4368	Echvi_Contig97.1	5223214	5224743	-	1	Cyclic nucleotide-binding domain.
Echvi_4369	Echvi_4369	Echvi_Contig97.1	5224781	5224918	+	1	hypothetical protein
Echvi_4370	Echvi_4370	Echvi_Contig97.1	5225016	5225447	+	1	hypothetical protein
Echvi_4371	Echvi_4371	Echvi_Contig97.1	5225614	5225883	+	1	hypothetical protein
Echvi_4372	Echvi_4372	Echvi_Contig97.1	5225931	5227286	-	1	SusD family.
Echvi_4373	Echvi_4373	Echvi_Contig97.1	5227551	5230757	-	1	TonB-linked outer membrane protein, SusC/RagA family
Echvi_4374	Echvi_4374	Echvi_Contig97.1	5230775	5232133	-	1	Thiol-disulfide isomerase and thioredoxins
Echvi_4375	Echvi_4375	Echvi_Contig97.1	5232927	5233028	+	1	hypothetical protein
Echvi_4376	Echvi_4376	Echvi_Contig97.1	5233197	5233439	+	1	hypothetical protein
Echvi_4377	Echvi_4377	Echvi_Contig97.1	5233711	5234262	+	1	hypothetical protein
Echvi_4378	Echvi_4378	Echvi_Contig97.1	5234685	5235068	-	1	Response regulator containing a CheY-like receiver domain and an HD-GYP domain
Echvi_4379	Echvi_4379	Echvi_Contig97.1	5235840	5237672	-	1	Signal transduction histidine kinase
Echvi_4380	Echvi_4380	Echvi_Contig97.1	5237672	5237866	-	1	hypothetical protein
Echvi_4381	Echvi_4381	Echvi_Contig97.1	5238197	5240179	-	1	Type IV secretory pathway, VirD4 components
Echvi_4382	Echvi_4382	Echvi_Contig97.1	5240179	5241447	-	1	Relaxase/Mobilisation nuclease domain.
Echvi_4383	Echvi_4383	Echvi_Contig97.1	5241444	5241824	-	1	hypothetical protein
Echvi_4384	Echvi_4384	Echvi_Contig97.1	5242055	5243608	-	1	Transposase and inactivated derivatives
Echvi_4385	Echvi_4385	Echvi_Contig97.1	5243779	5244120	-	1	Transposase and inactivated derivatives
Echvi_4386	Echvi_4386	Echvi_Contig97.1	5244120	5244407	-	1	hypothetical protein
Echvi_4387	Echvi_4387	Echvi_Contig97.1	5244644	5245570	-	1	Predicted sugar nucleotidyltransferases
Echvi_4388	Echvi_4388	Echvi_Contig97.1	5245818	5246972	-	1	UDP-N-acetylmuramyl pentapeptide phosphotransferase/UDP-N-acetylglucosamine-1-phosphate transferase
Echvi_4389	Echvi_4389	Echvi_Contig97.1	5247021	5248724	-	1	hypothetical protein
Echvi_4390	Echvi_4390	Echvi_Contig97.1	5248733	5250001	-	1	hypothetical protein
Echvi_4391	Echvi_4391	Echvi_Contig97.1	5250055	5251035	-	1	Nucleoside-diphosphate-sugar epimerases
Echvi_4392	Echvi_4392	Echvi_Contig97.1	5251032	5251766	-	1	Glycosyltransferases involved in cell wall biogenesis
Echvi_4393	Echvi_4393	Echvi_Contig97.1	5251772	5252962	-	1	Glycosyltransferase
Echvi_4394	Echvi_4394	Echvi_Contig97.1	5252967	5254091	-	1	Glycosyltransferase
Echvi_4395	Echvi_4395	Echvi_Contig97.1	5254099	5255352	-	1	Membrane protein involved in the export of O-antigen and teichoic acid
Echvi_4396	Echvi_4396	Echvi_Contig97.1	5255419	5256576	-	1	Predicted pyridoxal phosphate-dependent enzyme apparently involved in regulation of cell wall biogenesis
Echvi_4397	Echvi_4397	Echvi_Contig97.1	5256569	5257516	-	1	Nucleoside-diphosphate-sugar epimerases
Echvi_4398	Echvi_4398	Echvi_Contig97.1	5257509	5258624	-	1	GDP-mannose 4,6-dehydratase
Echvi_4399	Echvi_4399	Echvi_Contig97.1	5258617	5259918	-	1	hypothetical protein
Echvi_4400	Echvi_4400	Echvi_Contig97.1	5259936	5261255	-	1	nucleotide sugar dehydrogenase
Echvi_4401	Echvi_4401	Echvi_Contig97.1	5261366	5262481	-	1	Uncharacterized protein involved in exopolysaccharide biosynthesis
Echvi_4402	Echvi_4402	Echvi_Contig97.1	5262592	5265177	-	1	Periplasmic protein involved in polysaccharide export
Echvi_4403	Echvi_4403	Echvi_Contig97.1	5265428	5265733	-	1	Predicted endonuclease containing a URI domain
Echvi_4404	Echvi_4404	Echvi_Contig97.1	5265875	5267191	-	1	nucleotide sugar dehydrogenase
Echvi_4405	Echvi_4405	Echvi_Contig97.1	5267432	5267971	-	1	hypothetical protein
Echvi_4406	Echvi_4406	Echvi_Contig97.1	5268769	5270088	-	1	nucleotide sugar dehydrogenase
Echvi_4407	Echvi_4407	Echvi_Contig97.1	5270476	5271237	-	1	3'(2'),5'-bisphosphate nucleotidase, bacterial
Echvi_4408	Echvi_4408	Echvi_Contig97.1	5271290	5272288	-	1	Mannose-1-phosphate guanylyltransferase
Echvi_4409	Echvi_4409	Echvi_Contig97.1	5272315	5273403	-	1	Nucleoside-diphosphate-sugar epimerases
Echvi_4410	Echvi_4410	Echvi_Contig97.1	5273443	5274759	-	1	nucleotide sugar dehydrogenase
Echvi_4411	Echvi_4411	Echvi_Contig97.1	5274927	5275805	-	1	Dehydrogenases with different specificities (related to short-chain alcohol dehydrogenases)
Echvi_4412	Echvi_4412	Echvi_Contig97.1	5275802	5277331	-	1	hypothetical protein
Echvi_4413	Echvi_4413	Echvi_Contig97.1	5277343	5279079	-	1	2-succinyl-5-enolpyruvyl-6-hydroxy-3-cyclohexene-1-carboxylic-acid synthase
Echvi_4414	Echvi_4414	Echvi_Contig97.1	5279413	5279541	-	1	hypothetical protein
Echvi_4415	Echvi_4415	Echvi_Contig97.1	5279773	5280276	+	1	Transcription antiterminator
Echvi_4416	Echvi_4416	Echvi_Contig97.1	5280339	5280710	-	1	hypothetical protein
Echvi_4417	Echvi_4417	Echvi_Contig97.1	5280712	5283147	-	1	Protein related to penicillin acylase
Echvi_4418	Echvi_4418	Echvi_Contig97.1	5283355	5283933	-	1	Protein of unknown function (DUF2911).
Echvi_4419	Echvi_4419	Echvi_Contig97.1	5284180	5285241	+	1	Metal-dependent hydrolase
Echvi_4420	Echvi_4420	Echvi_Contig97.1	5285326	5285997	-	1	hypothetical protein
Echvi_4421	Echvi_4421	Echvi_Contig97.1	5286008	5286322	-	1	hypothetical protein
Echvi_4422	Echvi_4422	Echvi_Contig97.1	5286580	5288412	+	1	Aminopeptidase N
Echvi_4423	Echvi_4423	Echvi_Contig97.1	5288531	5288950	+	1	hypothetical protein
Echvi_4424	Echvi_4424	Echvi_Contig97.1	5289192	5292593	-	1	Cation/multidrug efflux pump
Echvi_4425	Echvi_4425	Echvi_Contig97.1	5292596	5293759	-	1	RND family efflux transporter, MFP subunit
Echvi_4426	Echvi_4426	Echvi_Contig97.1	5293756	5295111	-	1	Outer membrane protein
Echvi_4427	Echvi_4427	Echvi_Contig97.1	5295115	5295720	-	1	Transcriptional regulator
Echvi_4428	Echvi_4428	Echvi_Contig97.1	5296238	5299924	+	1	Phosphoribosylformylglycinamidine (FGAM) synthase, synthetase domain
Echvi_4429	Echvi_4429	Echvi_Contig97.1	5300083	5300158	+	5	tRNA
Echvi_4430	Echvi_4430	Echvi_Contig97.1	5300121	5301671	-	1	Site-specific recombinases, DNA invertase Pin homologs
Echvi_4431	Echvi_4431	Echvi_Contig97.1	5301685	5301834	-	1	hypothetical protein
Echvi_4432	Echvi_4432	Echvi_Contig97.1	5302031	5302501	-	1	DNA repair proteins
Echvi_4433	Echvi_4433	Echvi_Contig97.1	5302728	5303642	-	1	hypothetical protein
Echvi_4434	Echvi_4434	Echvi_Contig97.1	5304176	5304643	-	1	Uncharacterized protein conserved in bacteria
Echvi_4435	Echvi_4435	Echvi_Contig97.1	5305469	5305888	-	1	hypothetical protein
Echvi_4436	Echvi_4436	Echvi_Contig97.1	5306020	5308896	-	1	type I site-specific deoxyribonuclease, HsdR family
Echvi_4437	Echvi_4437	Echvi_Contig97.1	5308998	5310230	-	1	FOG: Transposase and inactivated derivatives
Echvi_4438	Echvi_4438	Echvi_Contig97.1	5310418	5311323	-	1	Abortive infection bacteriophage resistance protein
Echvi_4439	Echvi_4439	Echvi_Contig97.1	5311601	5312527	-	1	Site-specific recombinase XerD
Echvi_4440	Echvi_4440	Echvi_Contig97.1	5312615	5312810	+	1	hypothetical protein
Echvi_4441	Echvi_4441	Echvi_Contig97.1	5312817	5313734	+	1	Restriction endonuclease S subunits
Echvi_4442	Echvi_4442	Echvi_Contig97.1	5313727	5314965	-	1	Restriction endonuclease S subunits
Echvi_4443	Echvi_4443	Echvi_Contig97.1	5315018	5316601	-	1	type I restriction system adenine methylase (hsdM)
Echvi_4444	Echvi_4444	Echvi_Contig97.1	5316889	5317254	-	1	hypothetical protein
Echvi_4445	Echvi_4445	Echvi_Contig97.1	5317528	5319273	-	1	Superfamily I DNA and RNA helicases
Echvi_4446	Echvi_4446	Echvi_Contig97.1	5319280	5321301	-	1	Predicted ATP-dependent endonuclease of the OLD family
Echvi_4447	Echvi_4447	Echvi_Contig97.1	5321409	5321810	-	1	Helix-turn-helix.
Echvi_4448	Echvi_4448	Echvi_Contig97.1	5321945	5322151	+	1	hypothetical protein
Echvi_4449	Echvi_4449	Echvi_Contig97.1	5322745	5324097	+	1	Thiol-disulfide isomerase and thioredoxins
Echvi_4450	Echvi_4450	Echvi_Contig97.1	5324132	5327344	+	1	TonB-linked outer membrane protein, SusC/RagA family
Echvi_4451	Echvi_4451	Echvi_Contig97.1	5327770	5327859	+	1	hypothetical protein
Echvi_4452	Echvi_4452	Echvi_Contig97.1	5328048	5329406	+	1	SusD family.
Echvi_4453	Echvi_4453	Echvi_Contig97.1	5329460	5329729	-	1	hypothetical protein
Echvi_4454	Echvi_4454	Echvi_Contig97.1	5330154	5330609	-	1	hypothetical protein
Echvi_4455	Echvi_4455	Echvi_Contig97.1	5330907	5331491	+	1	cAMP-binding proteins - catabolite gene activator and regulatory subunit of cAMP-dependent protein kinases
Echvi_4456	Echvi_4456	Echvi_Contig97.1	5332344	5333663	-	1	Transposase DDE domain.
Echvi_4457	Echvi_4457	Echvi_Contig97.1	5333941	5335899	-	1	heavy metal-(Cd/Co/Hg/Pb/Zn)-translocating P-type ATPase
Echvi_4458	Echvi_4458	Echvi_Contig97.1	5335913	5336529	-	1	hypothetical protein
Echvi_4459	Echvi_4459	Echvi_Contig97.1	5336544	5336894	-	1	Protein of unknown function (DUF3703).
Echvi_4460	Echvi_4460	Echvi_Contig97.1	5336902	5337462	-	1	Putative protein-S-isoprenylcysteine methyltransferase
Echvi_4461	Echvi_4461	Echvi_Contig97.1	5337459	5338802	-	1	Na+/H+ antiporter NhaA
Echvi_4462	Echvi_4462	Echvi_Contig97.1	5338787	5339143	-	1	Protein of unknown function (DUF3478).
Echvi_4463	Echvi_4463	Echvi_Contig97.1	5339112	5340047	-	1	cation diffusion facilitator family transporter
Echvi_4464	Echvi_4464	Echvi_Contig97.1	5340050	5340298	-	1	hypothetical protein
Echvi_4465	Echvi_4465	Echvi_Contig97.1	5340547	5340909	-	1	hypothetical protein
Echvi_4466	Echvi_4466	Echvi_Contig97.1	5340967	5341764	-	1	Co/Zn/Cd efflux system component
Echvi_4467	Echvi_4467	Echvi_Contig97.1	5341815	5342201	-	1	Uncharacterized conserved protein
Echvi_4468	Echvi_4468	Echvi_Contig97.1	5342337	5344838	-	1	heavy metal translocating P-type ATPase
Echvi_4469	Echvi_4469	Echvi_Contig97.1	5344835	5345263	-	1	Uncharacterized membrane protein
Echvi_4470	Echvi_4470	Echvi_Contig97.1	5345279	5346169	-	1	Predicted membrane protein
Echvi_4471	Echvi_4471	Echvi_Contig97.1	5346171	5348126	-	1	High-affinity Fe2+/Pb2+ permease
Echvi_4472	Echvi_4472	Echvi_Contig97.1	5348194	5350128	-	1	heavy metal-(Cd/Co/Hg/Pb/Zn)-translocating P-type ATPase
Echvi_4473	Echvi_4473	Echvi_Contig97.1	5350170	5350592	-	1	Fe2+/Zn2+ uptake regulation proteins
Echvi_4474	Echvi_4474	Echvi_Contig97.1	5350589	5351140	-	1	hypothetical protein
Echvi_4475	Echvi_4475	Echvi_Contig97.1	5351143	5351532	-	1	Divergent AAA domain.
Echvi_4476	Echvi_4476	Echvi_Contig97.1	5352046	5352387	-	1	Nitrogen regulatory protein PII
Echvi_4477	Echvi_4477	Echvi_Contig97.1	5352490	5353713	-	1	RND family efflux transporter, MFP subunit
Echvi_4478	Echvi_4478	Echvi_Contig97.1	5353762	5358174	-	1	heavy metal efflux pump (cobalt-zinc-cadmium)
Echvi_4479	Echvi_4479	Echvi_Contig97.1	5358186	5358311	-	1	hypothetical protein
Echvi_4480	Echvi_4480	Echvi_Contig97.1	5359147	5359608	-	1	Transposase and inactivated derivatives
Echvi_4481	Echvi_4481	Echvi_Contig97.1	5359779	5361722	-	1	mercuric reductase
Echvi_4482	Echvi_4482	Echvi_Contig97.1	5361742	5362080	-	1	Copper chaperone
Echvi_4483	Echvi_4483	Echvi_Contig97.1	5362085	5362738	-	1	Copper chaperone
Echvi_4484	Echvi_4484	Echvi_Contig97.1	5362735	5363112	-	1	Predicted transcriptional regulators
Echvi_4485	Echvi_4485	Echvi_Contig97.1	5363358	5363651	+	1	Transposase and inactivated derivatives
Echvi_4486	Echvi_4486	Echvi_Contig97.1	5363785	5364981	-	1	Retron-type reverse transcriptase
Echvi_4487	Echvi_4487	Echvi_Contig97.1	5365831	5365974	+	1	Sugar-specific transcriptional regulator TrmB.
Echvi_4488	Echvi_4488	Echvi_Contig97.1	5366031	5366318	+	1	hypothetical protein
Echvi_4489	Echvi_4489	Echvi_Contig97.1	5366318	5366659	+	1	Transposase and inactivated derivatives
Echvi_4490	Echvi_4490	Echvi_Contig97.1	5366829	5368379	+	1	Transposase and inactivated derivatives
Echvi_4491	Echvi_4491	Echvi_Contig97.1	5368828	5369142	+	1	hypothetical protein
Echvi_4492	Echvi_4492	Echvi_Contig97.1	5369429	5370811	+	1	Uncharacterized conserved protein
Echvi_4493	Echvi_4493	Echvi_Contig97.1	5371111	5371959	+	1	Transposase and inactivated derivatives
Echvi_4494	Echvi_4494	Echvi_Contig97.1	5372709	5373917	-	1	Hemoglobin-like flavoprotein
Echvi_4495	Echvi_4495	Echvi_Contig97.1	5373989	5374423	-	1	Rrf2 family protein
Echvi_4496	Echvi_4496	Echvi_Contig97.1	5374918	5375550	-	1	Short-chain dehydrogenases of various substrate specificities
Echvi_4497	Echvi_4497	Echvi_Contig97.1	5375498	5376436	-	1	hypothetical protein
Echvi_4498	Echvi_4498	Echvi_Contig97.1	5376489	5376629	-	1	hypothetical protein
Echvi_4499	Echvi_4499	Echvi_Contig97.1	5376672	5377511	-	1	Response regulator containing CheY-like receiver domain and AraC-type DNA-binding domain
Echvi_4500	Echvi_4500	Echvi_Contig97.1	5377619	5378023	+	1	Predicted membrane protein
Echvi_4501	Echvi_4501	Echvi_Contig97.1	5378020	5378163	+	1	hypothetical protein
Echvi_4502	Echvi_4502	Echvi_Contig97.1	5378117	5378947	+	1	Sugar phosphate isomerases/epimerases
Echvi_4503	Echvi_4503	Echvi_Contig97.1	5378949	5380349	+	1	drug resistance transporter, EmrB/QacA subfamily
Echvi_4504	Echvi_4504	Echvi_Contig97.1	5380359	5381429	+	1	Predicted dehydrogenases and related proteins
Echvi_4505	Echvi_4505	Echvi_Contig97.1	5381441	5382370	+	1	Predicted exonuclease of the beta-lactamase fold involved in RNA processing
Echvi_4506	Echvi_4506	Echvi_Contig97.1	5382391	5383494	+	1	Gluconolactonase
Echvi_4507	Echvi_4507	Echvi_Contig97.1	5383505	5383915	+	1	hypothetical protein
Echvi_4508	Echvi_4508	Echvi_Contig97.1	5383912	5384931	+	1	Predicted hydrolases or acyltransferases (alpha/beta hydrolase superfamily)
Echvi_4509	Echvi_4509	Echvi_Contig97.1	5384933	5385763	+	1	Zn-dependent hydrolases, including glyoxylases
Echvi_4510	Echvi_4510	Echvi_Contig97.1	5385776	5386987	+	1	Cystathionine beta-lyases/cystathionine gamma-synthases
Echvi_4511	Echvi_4511	Echvi_Contig97.1	5386997	5387986	+	1	Predicted oxidoreductases (related to aryl-alcohol dehydrogenases)
Echvi_4512	Echvi_4512	Echvi_Contig97.1	5388311	5389679	+	1	Transposase domain (DUF772).
Echvi_4513	Echvi_4513	Echvi_Contig97.1	5389999	5391447	-	1	Domain of unknown function (DUF303).
Echvi_4514	Echvi_4514	Echvi_Contig97.1	5391444	5393117	-	1	Ribulose kinase
Echvi_4515	Echvi_4515	Echvi_Contig97.1	5393117	5394619	-	1	transporter, SSS family
Echvi_4516	Echvi_4516	Echvi_Contig97.1	5394685	5395614	-	1	Dihydrodipicolinate synthase/N-acetylneuraminate lyase
Echvi_4517	Echvi_4517	Echvi_Contig97.1	5395620	5397107	-	1	Periplasmic component of the Tol biopolymer transport system
Echvi_4518	Echvi_4518	Echvi_Contig97.1	5397119	5399086	-	1	hypothetical protein
Echvi_4519	Echvi_4519	Echvi_Contig97.1	5399097	5400587	-	1	Arylsulfatase A and related enzymes
Echvi_4520	Echvi_4520	Echvi_Contig97.1	5400596	5401777	-	1	hypothetical protein
Echvi_4521	Echvi_4521	Echvi_Contig97.1	5401833	5403326	-	1	Arylsulfatase A and related enzymes
Echvi_4522	Echvi_4522	Echvi_Contig97.1	5403329	5404801	-	1	SusD family.
Echvi_4523	Echvi_4523	Echvi_Contig97.1	5404815	5407919	-	1	TonB-linked outer membrane protein, SusC/RagA family
Echvi_4524	Echvi_4524	Echvi_Contig97.1	5407947	5409551	-	1	L-fucose isomerase and related proteins
Echvi_4525	Echvi_4525	Echvi_Contig97.1	5409778	5410653	+	1	AraC-type DNA-binding domain-containing proteins
Echvi_4526	Echvi_4526	Echvi_Contig97.1	5410946	5411320	+	1	Predicted transcriptional regulators containing the CopG/Arc/MetJ DNA-binding domain
Echvi_4527	Echvi_4527	Echvi_Contig97.1	5411320	5411490	+	1	Plasmid stabilization system protein
Echvi_4528	Echvi_4528	Echvi_Contig97.1	5412159	5413052	+	1	Beta-glucanase/Beta-glucan synthetase
Echvi_4529	Echvi_4529	Echvi_Contig97.1	5413194	5414069	-	1	Metal-dependent hydrolase
Echvi_4530	Echvi_4530	Echvi_Contig97.1	5414193	5415620	-	1	hypothetical protein
Echvi_4531	Echvi_4531	Echvi_Contig97.1	5415641	5419123	-	1	TonB-linked outer membrane protein, SusC/RagA family
Echvi_4532	Echvi_4532	Echvi_Contig97.1	5419147	5420082	-	1	Fe2+-dicitrate sensor, membrane component
Echvi_4533	Echvi_4533	Echvi_Contig97.1	5420310	5420549	-	1	hypothetical protein
Echvi_4534	Echvi_4534	Echvi_Contig97.1	5420758	5421333	-	1	RNA polymerase sigma-70 factor, Bacteroides expansion family 1
Echvi_4535	Echvi_4535	Echvi_Contig97.1	5421842	5423485	+	1	hypothetical protein
Echvi_4536	Echvi_4536	Echvi_Contig97.1	5423678	5424763	+	1	3-phytase (myo-inositol-hexaphosphate 3-phosphohydrolase)
Echvi_4537	Echvi_4537	Echvi_Contig97.1	5424783	5427560	+	1	TonB-dependent receptor
Echvi_4538	Echvi_4538	Echvi_Contig97.1	5427688	5428692	-	1	ABC-type transport system involved in multi-copper enzyme maturation, permease component
Echvi_4539	Echvi_4539	Echvi_Contig97.1	5428689	5429657	-	1	ABC-type multidrug transport system, ATPase component
Echvi_4540	Echvi_4540	Echvi_Contig97.1	5429666	5430514	-	1	NPCBM-associated, NEW3 domain of alpha-galactosidase.
Echvi_4541	Echvi_4541	Echvi_Contig97.1	5430924	5431952	-	1	hypothetical protein
Echvi_4542	Echvi_4542	Echvi_Contig97.1	5432090	5433118	-	1	Bacteroidetes-specific putative membrane protein
Echvi_4543	Echvi_4543	Echvi_Contig97.1	5433115	5440653	-	1	Calx-beta domain.
Echvi_4544	Echvi_4544	Echvi_Contig97.1	5440807	5441373	-	1	Microcystin-dependent protein
Echvi_4545	Echvi_4545	Echvi_Contig97.1	5441425	5441703	-	1	hypothetical protein
Echvi_4546	Echvi_4546	Echvi_Contig97.1	5441911	5442816	-	1	hypothetical protein
Echvi_4547	Echvi_4547	Echvi_Contig97.1	5443015	5443878	-	1	hypothetical protein
Echvi_4548	Echvi_4548	Echvi_Contig97.1	5444314	5445015	-	1	Response regulator containing a CheY-like receiver domain and an HTH DNA-binding domain
Echvi_4549	Echvi_4549	Echvi_Contig97.1	5445015	5445779	-	1	Histidine kinase./Histidine kinase-, DNA gyrase B-, and HSP90-like ATPase.
Echvi_4550	Echvi_4550	Echvi_Contig97.1	5445758	5446381	-	1	hypothetical protein
Echvi_4551	Echvi_4551	Echvi_Contig97.1	5446412	5446741	-	1	hypothetical protein
Echvi_4552	Echvi_4552	Echvi_Contig97.1	5447081	5450209	+	1	Bacterial Ig-like domain (group 4)./Putative glycosyl hydrolase of unknown function (DUF1680).
Echvi_4553	Echvi_4553	Echvi_Contig97.1	5450317	5450781	-	1	hypothetical protein
Echvi_4554	Echvi_4554	Echvi_Contig97.1	5450800	5453031	-	1	Outer membrane receptor proteins, mostly Fe transport
Echvi_4555	Echvi_4555	Echvi_Contig97.1	5453372	5454142	+	1	hypothetical protein
Echvi_4556	Echvi_4556	Echvi_Contig97.1	5454336	5455631	-	1	hypothetical protein
Echvi_4557	Echvi_4557	Echvi_Contig97.1	5455799	5456383	+	1	Predicted transcriptional regulators
Echvi_4558	Echvi_4558	Echvi_Contig97.1	5456396	5457472	+	1	putative phosphonate catabolism associated alcohol dehydrogenase
Echvi_4559	Echvi_4559	Echvi_Contig97.1	5457486	5458637	+	1	FAD dependent oxidoreductase TIGR03364
Echvi_4560	Echvi_4560	Echvi_Contig97.1	5458640	5459317	+	1	Predicted phosphatases
Echvi_4561	Echvi_4561	Echvi_Contig97.1	5459756	5459950	+	1	hypothetical protein
Echvi_4562	Echvi_4562	Echvi_Contig97.1	5459903	5460637	-	1	hypothetical protein
Echvi_4563	Echvi_4563	Echvi_Contig97.1	5460846	5462516	-	1	SusD family.
Echvi_4564	Echvi_4564	Echvi_Contig97.1	5462529	5465948	-	1	TonB-linked outer membrane protein, SusC/RagA family
Echvi_4565	Echvi_4565	Echvi_Contig97.1	5466077	5467051	-	1	Fe2+-dicitrate sensor, membrane component
Echvi_4566	Echvi_4566	Echvi_Contig97.1	5467143	5467706	-	1	RNA polymerase sigma-70 factor, Bacteroides expansion family 1
Echvi_4567	Echvi_4567	Echvi_Contig97.1	5468049	5470421	+	1	Outer membrane receptor proteins, mostly Fe transport
Echvi_4568	Echvi_4568	Echvi_Contig97.1	5470434	5471663	+	1	hypothetical protein
Echvi_4569	Echvi_4569	Echvi_Contig97.1	5471746	5472960	+	1	Uncharacterized iron-regulated membrane protein
Echvi_4570	Echvi_4570	Echvi_Contig97.1	5473043	5474152	+	1	Peroxiredoxin
Echvi_4571	Echvi_4571	Echvi_Contig97.1	5474587	5474712	-	1	hypothetical protein
Echvi_4572	Echvi_4572	Echvi_Contig97.1	5474736	5478725	+	1	PAS domain S-box
Echvi_4573	Echvi_4573	Echvi_Contig97.1	5479295	5480080	-	1	Glycosyltransferases, probably involved in cell wall biogenesis
Echvi_4574	Echvi_4574	Echvi_Contig97.1	5480313	5481665	+	1	Response regulator containing CheY-like receiver, AAA-type ATPase, and DNA-binding domains
Echvi_4575	Echvi_4575	Echvi_Contig97.1	5481698	5483017	+	1	Response regulators consisting of a CheY-like receiver domain and a winged-helix DNA-binding domain
Echvi_4576	Echvi_4576	Echvi_Contig97.1	5483192	5483569	+	1	FOG: CheY-like receiver
Echvi_4577	Echvi_4577	Echvi_Contig97.1	5484464	5484814	+	1	hypothetical protein
Echvi_4578	Echvi_4578	Echvi_Contig97.1	5485290	5485880	+	1	RNA polymerase sigma factor, sigma-70 family
Echvi_4579	Echvi_4579	Echvi_Contig97.1	5485880	5486062	+	1	hypothetical protein
Echvi_4580	Echvi_4580	Echvi_Contig97.1	5486079	5486906	+	1	Small-conductance mechanosensitive channel
Echvi_4581	Echvi_4581	Echvi_Contig97.1	5487061	5487384	-	1	hypothetical protein
Echvi_4582	Echvi_4582	Echvi_Contig97.1	5488049	5488462	-	1	Outer membrane protein and related peptidoglycan-associated (lipo)proteins
Echvi_4583	Echvi_4583	Echvi_Contig97.1	5489349	5490677	+	1	Aspartate/tyrosine/aromatic aminotransferase
Echvi_4584	Echvi_4584	Echvi_Contig97.1	5490667	5492070	-	1	hypothetical protein
Echvi_4585	Echvi_4585	Echvi_Contig97.1	5492084	5493808	-	1	Mg-chelatase subunit ChlD
Echvi_4586	Echvi_4586	Echvi_Contig97.1	5493801	5494808	-	1	von Willebrand factor type A domain.
Echvi_4587	Echvi_4587	Echvi_Contig97.1	5494795	5495298	-	1	hypothetical protein
Echvi_4588	Echvi_4588	Echvi_Contig97.1	5495295	5496233	-	1	Uncharacterized conserved protein (some members contain a von Willebrand factor type A (vWA) domain)
Echvi_4589	Echvi_4589	Echvi_Contig97.1	5496243	5497169	-	1	MoxR-like ATPases
Echvi_4590	Echvi_4590	Echvi_Contig97.1	5497394	5498905	-	1	Arylsulfatase A and related enzymes
Echvi_4591	Echvi_4591	Echvi_Contig97.1	5498944	5500443	-	1	Arylsulfatase A and related enzymes
Echvi_4592	Echvi_4592	Echvi_Contig97.1	5500762	5501226	-	1	Predicted membrane protein
Echvi_4593	Echvi_4593	Echvi_Contig97.1	5501357	5501707	-	1	hypothetical protein
Echvi_4594	Echvi_4594	Echvi_Contig97.1	5501927	5503306	-	1	Xaa-Pro aminopeptidase
Echvi_4595	Echvi_4595	Echvi_Contig97.1	5503342	5503476	+	1	hypothetical protein
Echvi_4596	Echvi_4596	Echvi_Contig97.1	5503473	5504678	-	1	Phosphate-selective porin
Echvi_4597	Echvi_4597	Echvi_Contig97.1	5505154	5506083	+	1	ribose-phosphate pyrophosphokinase
Echvi_4598	Echvi_4598	Echvi_Contig97.1	5506120	5506710	+	1	ribosomal protein L25, Ctc-form
Echvi_4599	Echvi_4599	Echvi_Contig97.1	5506807	5507367	+	1	peptidyl-tRNA hydrolase
Echvi_4600	Echvi_4600	Echvi_Contig97.1	5507537	5507830	+	1	Uncharacterized conserved protein
Echvi_4601	Echvi_4601	Echvi_Contig97.1	5508172	5509341	+	1	hypothetical protein
Echvi_4602	Echvi_4602	Echvi_Contig97.1	5509354	5511849	+	1	Outer membrane protein and related peptidoglycan-associated (lipo)proteins
Echvi_4603	Echvi_4603	Echvi_Contig97.1	5511948	5513210	-	1	ATPase related to the helicase subunit of the Holliday junction resolvase
Echvi_4604	Echvi_4604	Echvi_Contig97.1	5513275	5514282	-	1	Threonine aldolase
Echvi_4605	Echvi_4605	Echvi_Contig97.1	5514279	5515181	-	1	Glycerophosphoryl diester phosphodiesterase
Echvi_4606	Echvi_4606	Echvi_Contig97.1	5515185	5515649	-	1	Protein of unknown function (DUF2721).
Echvi_4607	Echvi_4607	Echvi_Contig97.1	5515769	5516602	-	1	Uncharacterized protein conserved in bacteria
Echvi_4608	Echvi_4608	Echvi_Contig97.1	5516602	5517135	-	1	RNA polymerase sigma factor, sigma-70 family
Echvi_4609	Echvi_4609	Echvi_Contig97.1	5517233	5518630	-	1	dihydrolipoamide dehydrogenase
Echvi_4610	Echvi_4610	Echvi_Contig97.1	5519086	5519832	+	1	3-oxoacyl-(acyl-carrier-protein) reductase
Echvi_4611	Echvi_4611	Echvi_Contig97.1	5519805	5520050	-	1	hypothetical protein
Echvi_4612	Echvi_4612	Echvi_Contig97.1	5520129	5520977	+	1	Membrane protease subunits, stomatin/prohibitin homologs
Echvi_4613	Echvi_4613	Echvi_Contig97.1	5520990	5521169	+	1	Uncharacterized protein conserved in bacteria
Echvi_4614	Echvi_4614	Echvi_Contig97.1	5521195	5521629	-	1	hypothetical protein
Echvi_4615	Echvi_4615	Echvi_Contig97.1	5521731	5523227	-	1	Outer membrane protein
Echvi_4616	Echvi_4616	Echvi_Contig97.1	5523220	5524581	-	1	ABC-type antimicrobial peptide transport system, permease component
Echvi_4617	Echvi_4617	Echvi_Contig97.1	5524592	5525974	-	1	Membrane-fusion protein
Echvi_4618	Echvi_4618	Echvi_Contig97.1	5526130	5526942	+	1	Methylase involved in ubiquinone/menaquinone biosynthesis
Echvi_4619	Echvi_4619	Echvi_Contig97.1	5526932	5527882	-	1	Glycosyltransferases, probably involved in cell wall biogenesis
Echvi_4620	Echvi_4620	Echvi_Contig97.1	5527882	5528844	-	1	Glycosyltransferases involved in cell wall biogenesis
Echvi_4621	Echvi_4621	Echvi_Contig97.1	5528851	5529396	-	1	hypothetical protein
Echvi_4622	Echvi_4622	Echvi_Contig97.1	5529408	5529920	-	1	hypothetical protein
Echvi_4623	Echvi_4623	Echvi_Contig97.1	5529913	5531157	-	1	Dihydroorotase and related cyclic amidohydrolases
Echvi_4624	Echvi_4624	Echvi_Contig97.1	5532453	5532564	-	2	5S
Echvi_4625	Echvi_4625	Echvi_Contig97.1	5532660	5535553	-	2	23S
Echvi_4626	Echvi_4626	Echvi_Contig97.1	5535768	5537179	-	2	16S
Echvi_4627	Echvi_4627	Echvi_Contig97.1	5537450	5537710	-	1	hypothetical protein
Echvi_4628	Echvi_4628	Echvi_Contig97.1	5537833	5539098	-	1	adenylosuccinate synthase
Echvi_4629	Echvi_4629	Echvi_Contig97.1	5539231	5539575	-	1	Anti-anti-sigma regulatory factor (antagonist of anti-sigma factor)
Echvi_4630	Echvi_4630	Echvi_Contig97.1	5539695	5540162	-	1	Fe2+/Zn2+ uptake regulation proteins
Echvi_4631	Echvi_4631	Echvi_Contig97.1	5540233	5542455	-	1	(p)ppGpp synthetase, RelA/SpoT family
Echvi_4632	Echvi_4632	Echvi_Contig97.1	5542741	5542825	+	5	tRNA
Echvi_4633	Echvi_4633	Echvi_Contig97.1	5542953	5544281	+	1	trigger factor
Echvi_4634	Echvi_4634	Echvi_Contig97.1	5544362	5545033	+	1	Protease subunit of ATP-dependent Clp proteases
Echvi_4635	Echvi_4635	Echvi_Contig97.1	5545036	5546259	+	1	endopeptidase Clp ATP-binding regulatory subunit (clpX)
Echvi_4636	Echvi_4636	Echvi_Contig97.1	5546775	5547890	-	1	lipid-A-disaccharide synthase
Echvi_4637	Echvi_4637	Echvi_Contig97.1	5547964	5548383	-	1	6-pyruvoyl-tetrahydropterin synthase
Echvi_4638	Echvi_4638	Echvi_Contig97.1	5548512	5549981	-	1	SusD family.
Echvi_4639	Echvi_4639	Echvi_Contig97.1	5549994	5553200	-	1	TonB-linked outer membrane protein, SusC/RagA family
Echvi_4640	Echvi_4640	Echvi_Contig97.1	5553239	5553331	-	1	hypothetical protein
Echvi_4641	Echvi_4641	Echvi_Contig97.1	5553707	5555617	-	1	Outer membrane protein and related peptidoglycan-associated (lipo)proteins
Echvi_4642	Echvi_4642	Echvi_Contig97.1	5555623	5556249	-	1	Organic radical activating enzymes
Echvi_4643	Echvi_4643	Echvi_Contig97.1	5556402	5557286	-	1	5,10-methylene-tetrahydrofolate dehydrogenase/Methenyl tetrahydrofolate cyclohydrolase
Echvi_4644	Echvi_4644	Echvi_Contig97.1	5557354	5557706	-	1	S23 ribosomal protein.
Echvi_4645	Echvi_4645	Echvi_Contig97.1	5557834	5559660	-	1	GTP-binding protein LepA
Echvi_4646	Echvi_4646	Echvi_Contig97.1	5560074	5561594	-	1	SusD family.
Echvi_4647	Echvi_4647	Echvi_Contig97.1	5561618	5564674	-	1	Outer membrane receptor proteins, mostly Fe transport
Echvi_4648	Echvi_4648	Echvi_Contig97.1	5565134	5565676	+	1	hypothetical protein
Echvi_4649	Echvi_4649	Echvi_Contig97.1	5565698	5567629	-	1	Type III restriction enzyme, res subunit.
Echvi_4650	Echvi_4650	Echvi_Contig97.1	5567702	5568307	+	1	Uncharacterized protein conserved in bacteria
Echvi_4651	Echvi_4651	Echvi_Contig97.1	5568294	5568743	+	1	hypothetical protein
Echvi_4652	Echvi_4652	Echvi_Contig97.1	5568888	5569940	-	1	Cellulase M and related proteins
Echvi_4653	Echvi_4653	Echvi_Contig97.1	5570042	5571925	-	1	Glutamine phosphoribosylpyrophosphate amidotransferase
Echvi_4654	Echvi_4654	Echvi_Contig97.1	5572188	5572994	-	1	glutamate racemase
Echvi_4655	Echvi_4655	Echvi_Contig97.1	5573478	5573864	+	1	hypothetical protein
Echvi_4656	Echvi_4656	Echvi_Contig97.1	5574229	5575611	+	1	Response regulator containing CheY-like receiver, AAA-type ATPase, and DNA-binding domains
Echvi_4657	Echvi_4657	Echvi_Contig97.1	5575628	5578177	-	1	Signal transduction histidine kinase
Echvi_4658	Echvi_4658	Echvi_Contig97.1	5578222	5578863	-	1	hypothetical protein
Echvi_4659	Echvi_4659	Echvi_Contig97.1	5578906	5579052	+	1	hypothetical protein
Echvi_4660	Echvi_4660	Echvi_Contig97.1	5578993	5580363	-	1	cystathionine beta-synthase
Echvi_4661	Echvi_4661	Echvi_Contig97.1	5580545	5581468	-	1	aspartate carbamoyltransferase
Echvi_4662	Echvi_4662	Echvi_Contig97.1	5581471	5582025	-	1	Pyrimidine operon attenuation protein/uracil phosphoribosyltransferase
Echvi_4663	Echvi_4663	Echvi_Contig97.1	5582139	5583764	-	1	hypothetical protein
Echvi_4664	Echvi_4664	Echvi_Contig97.1	5583866	5585572	+	1	Histidinol phosphatase and related hydrolases of the PHP family
Echvi_4665	Echvi_4665	Echvi_Contig97.1	5585581	5585868	+	1	hypothetical protein
Echvi_4666	Echvi_4666	Echvi_Contig97.1	5585937	5586128	-	1	Cold shock proteins
Echvi_4667	Echvi_4667	Echvi_Contig97.1	5586213	5586701	+	1	Phosphohistidine phosphatase SixA
Echvi_4668	Echvi_4668	Echvi_Contig97.1	5586731	5587456	-	1	Dehydrogenases with different specificities (related to short-chain alcohol dehydrogenases)
Echvi_4669	Echvi_4669	Echvi_Contig97.1	5587606	5589012	-	1	ATP-dependent protease HslVU, ATPase subunit
Echvi_4670	Echvi_4670	Echvi_Contig97.1	5589198	5591681	-	1	ATP-dependent protease La
Echvi_4671	Echvi_4671	Echvi_Contig97.1	5591910	5593229	-	1	RIP metalloprotease RseP
Echvi_4672	Echvi_4672	Echvi_Contig97.1	5593233	5594399	-	1	1-deoxy-D-xylulose 5-phosphate reductoisomerase
Echvi_4673	Echvi_4673	Echvi_Contig97.1	5594706	5596166	+	1	Trypsin-like serine proteases, typically periplasmic, contain C-terminal PDZ domain
Echvi_4674	Echvi_4674	Echvi_Contig97.1	5596262	5596678	+	1	Nucleotidyltransferase substrate binding protein like.
Echvi_4675	Echvi_4675	Echvi_Contig97.1	5596782	5598035	+	1	Uncharacterized conserved protein
Echvi_4676	Echvi_4676	Echvi_Contig97.1	5598062	5598664	+	1	hypothetical protein
Echvi_4677	Echvi_4677	Echvi_Contig97.1	5598775	5599914	+	1	ABC-type Fe3+-hydroxamate transport system, periplasmic component
Echvi_4678	Echvi_4678	Echvi_Contig97.1	5599924	5600976	+	1	ABC-type Fe3+-siderophore transport system, permease component
Echvi_4679	Echvi_4679	Echvi_Contig97.1	5600976	5601989	+	1	ABC-type cobalamin/Fe3+-siderophores transport systems, ATPase components
Echvi_4680	Echvi_4680	Echvi_Contig97.1	5602224	5602655	+	1	Transcriptional regulators
Echvi_4681	Echvi_4681	Echvi_Contig97.1	5602755	5603759	+	1	Thioredoxin reductase
Echvi_4682	Echvi_4682	Echvi_Contig97.1	5603775	5604095	+	1	Ferredoxin
Echvi_4683	Echvi_4683	Echvi_Contig97.1	5604588	5606645	-	1	Methylmalonyl-CoA mutase, N-terminal domain/subunit
Echvi_4684	Echvi_4684	Echvi_Contig97.1	5606642	5607868	-	1	Methylmalonyl-CoA mutase, N-terminal domain/subunit
