reaction	reaction_name	rule	n_alternatives	flagged_genes	or_joined_subunits	score
DGUNC	Diguanylate cyclase	NP_742536_2 or NP_742726_1 or NP_742833_1 or NP_742959_1 or NP_743316_1 or NP_743499_1 or NP_743569_1 or NP_744134_2 or 	17	PP0563 (two-component system response regulator) — non-enzyme/family/domain annotation; no word in common with the reaction name while another alternative has | PP0672 (sensory box protein) — no word in common with the reaction name while another alternative has | PP0798 (GGDEF domain-containing protein) — non-enzyme/family/domain annotation; no word in common with the reaction name while another alternative has | PP1155 (YaiC/YhcK/ArdA family protein) — non-enzyme/family/domain annotation; no word in common with the reaction name while another alternative has | PP1340 (cell division protein FtsQ) — no word in common with the reaction name while another alternative has | PP1411 (GGDEF domain-containing protein) — non-enzyme/family/domain annotation; no word in common with the reaction name while another alternative has | PP2097 (sensory box protein) — no word in common with the reaction name while another alternative has | PP2354 (two-component system sensor histidine kinase/response regulator) — non-enzyme/family/domain annotation; no word in common with the reaction name while another alternative has | PP3319 (GGDEF domain-containing sensory box protein) — non-enzyme/family/domain annotation; no word in common with the reaction name while another alternative has | PP3348 (GGDEF domain-containing protein) — non-enzyme/family/domain annotation; no word in common with the reaction name while another alternative has | PP3452 (GGDEF domain-containing protein) — non-enzyme/family/domain annotation; no word in common with the reaction name while another alternative has | PP3581 (membrane protein) — no word in common with the reaction name while another alternative has | PP3663 (GGDEF domain-containing protein) — non-enzyme/family/domain annotation; no word in common with the reaction name while another alternative has		13
XAND	Xanthine dehydrogenase	NP_744628_1 or NP_745352_1 or NP_746077_1 or NP_746347_1 or NP_746350_1 or (NP_746394_1 and NP_746395_1) or (NP_744625_1	8	PP2477 (isoquinoline 1-oxidoreductase subunit alpha) — no word in common with the reaction name while another alternative has | PP3208 (Pdr/VanB family oxidoreductase) — non-enzyme/family/domain annotation; no word in common with the reaction name while another alternative has | PP3309 (aromatic aldehyde dehydrogenase FAD-binding subunit) — no word in common with the reaction name while another alternative has | PP3310 (aromatic aldehyde dehydrogenase molybdopterin-binding subunit) — no word in common with the reaction name while another alternative has | PP3622 (isoquinoline 1-oxidoreductase subunit beta) — no word in common with the reaction name while another alternative has | PP3947 (nicotinate dehydrogenase subunit A) — no word in common with the reaction name while another alternative has | PP4230 (hypothetical protein PP_4230) — non-enzyme/family/domain annotation; no word in common with the reaction name while another alternative has | PP4233 (oxidoreductase small subunit) — no word in common with the reaction name while another alternative has	PP2477 (isoquinoline 1-oxidoreductase subunit alpha) | PP3622 (isoquinoline 1-oxidoreductase subunit beta) | PP3947 (nicotinate dehydrogenase subunit A) | PP4233 (oxidoreductase small subunit)	10
CDGUNPD	3,5-cyclic-nucleotide phosphodiesterase	NP_742833_1 or NP_744134_2 or NP_744314_1 or NP_744743_1 or NP_745086_1 or NP_745462_1 or NP_745592_2 or NP_745718_1	8	PP0672 (sensory box protein) — no word in common with the reaction name while another alternative has | PP2165 (two-component system response regulator) — non-enzyme/family/domain annotation; no word in common with the reaction name while another alternative has | PP2599 (chemotaxis sensory transducer family protein) — non-enzyme/family/domain annotation; no word in common with the reaction name while another alternative has | PP2942 (two-component system response regulator) — non-enzyme/family/domain annotation; no word in common with the reaction name while another alternative has | PP3319 (GGDEF domain-containing sensory box protein) — non-enzyme/family/domain annotation; no word in common with the reaction name while another alternative has | PP3454 (transcriptional regulator) — non-enzyme/family/domain annotation; no word in common with the reaction name while another alternative has | PP3581 (membrane protein) — no word in common with the reaction name while another alternative has		7
ALDD2x	Aldehyde dehydrogenase (acetaldehyde, NAD)	NP_742708_1 or NP_744100_1 or NP_744733_2 or NP_744824_1 or NP_744838_1 or NP_745581_1 or NP_745601_1 or NP_745782_1 or 	9	PP1948 (benzaldehyde dehydrogenase) — no word in common with the reaction name while another alternative has | PP2589 (aldehyde dehydrogenase family protein) — non-enzyme/family/domain annotation | PP2694 (aldehyde dehydrogenase family protein) — non-enzyme/family/domain annotation | PP3443 (glyceraldehyde-3-phosphate dehydrogenase) — no word in common with the reaction name while another alternative has | PP3463 (phenylacetaldehyde dehydrogenase) — no word in common with the reaction name while another alternative has | PP3646 (aldehyde dehydrogenase family protein) — non-enzyme/family/domain annotation | PP5258 (L-piperidine-6-carboxylate dehydrogenase) — no word in common with the reaction name while another alternative has		7
MLDEP2pp	Murein L,D-endopeptidase (murein5px3p) (periplasm)	NP_742601_1 or NP_743187_1 or NP_743392_1 or NP_744062_1 or NP_747158_1 or NP_747213_1 or NP_747214_1	7	PP0435 (M23/M37 family peptidase) — non-enzyme/family/domain annotation | PP1026 (M23/M37 family peptidase) — non-enzyme/family/domain annotation | PP1232 (hypothetical protein PP_1232) — non-enzyme/family/domain annotation | PP1908 (putative Peptidase) — non-enzyme/family/domain annotation | PP5057 (M23/M37 family peptidase) — non-enzyme/family/domain annotation		5
ASPTA	Aspartate transaminase	NP_743019_1 or NP_744358_1 or NP_745092_1 or NP_745854_1 or NP_745916_1 or NP_746314_1 or NP_746801_1	7	PP0858 (methionine/glutamine aminotransferase) — no word in common with the reaction name while another alternative has | PP2948 (GntR family transcriptional regulator) — non-enzyme/family/domain annotation; no word in common with the reaction name while another alternative has | PP3786 (aminotransferase) — no word in common with the reaction name while another alternative has | PP4197 (GntR family transcriptional regulator) — non-enzyme/family/domain annotation; no word in common with the reaction name while another alternative has		4
ECOAH6	3-hydroxyacyl-CoA dehydratase (3-hydroxytetradecanoyl-CoA)	NP_744000_1 or NP_744197_1 or NP_744285_1 or NP_744366_1 or NP_745858_1	5	PP1845 (enoyl-CoA hydratase/isomerase family protein) — non-enzyme/family/domain annotation; no word in common with the reaction name while another alternative has | PP2047 (3-hydroxyacyl-CoA dehydrogenase family protein) — non-enzyme/family/domain annotation | PP2217 (enoyl-CoA hydratase) — no word in common with the reaction name while another alternative has | PP3726 (enoyl-CoA hydratase/isomerase family protein) — non-enzyme/family/domain annotation; no word in common with the reaction name while another alternative has		4
ECOAH5	3-hydroxyacyl-CoA dehydratase (3-hydroxydodecanoyl-CoA)	NP_744000_1 or NP_744197_1 or NP_744285_1 or NP_744366_1 or NP_745858_1	5	PP1845 (enoyl-CoA hydratase/isomerase family protein) — non-enzyme/family/domain annotation; no word in common with the reaction name while another alternative has | PP2047 (3-hydroxyacyl-CoA dehydrogenase family protein) — non-enzyme/family/domain annotation | PP2217 (enoyl-CoA hydratase) — no word in common with the reaction name while another alternative has | PP3726 (enoyl-CoA hydratase/isomerase family protein) — non-enzyme/family/domain annotation; no word in common with the reaction name while another alternative has		4
HPYRRx	Hydroxypyruvate reductase (NADH)	NP_742923_1 or NP_743864_1 or NP_744678_1 or NP_746432_1 or NP_746698_1	5	PP1707 (D-isomer specific 2-hydroxyacid dehydrogenase family protein) — non-enzyme/family/domain annotation | PP2533 (D-isomer specific 2-hydroxyacid dehydrogenase family protein) — non-enzyme/family/domain annotation | PP4316 (D-isomer specific 2-hydroxyacid dehydrogenase family protein) — non-enzyme/family/domain annotation | PP4589 (D-isomer specific 2-hydroxyacid dehydrogenase family protein) — non-enzyme/family/domain annotation		4
MSO3abcpp	Methanesulfonate transport via ABC system (periplasm)	(NP_742377_1 and NP_742835_1 and NP_745371_1) or (NP_742377_1 and NP_745080_1 and NP_745371_1) or (NP_742377_1 and NP_74	6	PP0237 (aliphatic sulfonatesABC transporter substrate-binding protein) — no word in common with the reaction name while another alternative has | PP0239 (aliphatic sulfonatesABC transporter permease) — no word in common with the reaction name while another alternative has | PP0674 (ADP/ATP ratio sensor/translation inhibitor) — no word in common with the reaction name while another alternative has | PP3228 (aliphatic sulfonate-binding protein) — no word in common with the reaction name while another alternative has		4
ECOAH3	3-hydroxyacyl-CoA dehydratase (3-hydroxyoctanoyl-CoA)	NP_744000_1 or NP_744197_1 or NP_744285_1 or NP_744366_1 or NP_745858_1	5	PP1845 (enoyl-CoA hydratase/isomerase family protein) — non-enzyme/family/domain annotation; no word in common with the reaction name while another alternative has | PP2047 (3-hydroxyacyl-CoA dehydrogenase family protein) — non-enzyme/family/domain annotation | PP2217 (enoyl-CoA hydratase) — no word in common with the reaction name while another alternative has | PP3726 (enoyl-CoA hydratase/isomerase family protein) — non-enzyme/family/domain annotation; no word in common with the reaction name while another alternative has		4
ECOAH4	3-hydroxyacyl-CoA dehydratase (3-hydroxydecanoyl-CoA)	NP_744000_1 or NP_744197_1 or NP_744285_1 or NP_744366_1 or NP_745858_1	5	PP1845 (enoyl-CoA hydratase/isomerase family protein) — non-enzyme/family/domain annotation; no word in common with the reaction name while another alternative has | PP2047 (3-hydroxyacyl-CoA dehydrogenase family protein) — non-enzyme/family/domain annotation | PP2217 (enoyl-CoA hydratase) — no word in common with the reaction name while another alternative has | PP3726 (enoyl-CoA hydratase/isomerase family protein) — non-enzyme/family/domain annotation; no word in common with the reaction name while another alternative has		4
ISETACabcpp	Isethionate transport via ABC system (periplasm)	(NP_742376_1 and NP_742378_1 and NP_745771_1) or (NP_742377_1 and NP_742835_1 and NP_745371_1) or (NP_742377_1 and NP_74	7	PP0237 (aliphatic sulfonatesABC transporter substrate-binding protein) — no word in common with the reaction name while another alternative has | PP0239 (aliphatic sulfonatesABC transporter permease) — no word in common with the reaction name while another alternative has | PP0674 (ADP/ATP ratio sensor/translation inhibitor) — no word in common with the reaction name while another alternative has | PP3228 (aliphatic sulfonate-binding protein) — no word in common with the reaction name while another alternative has		4
GLYCLTDy	Glycolate dehydrogenase (NADP)	NP_743864_1 or NP_744678_1 or NP_746432_1 or NP_746698_1	4	PP1707 (D-isomer specific 2-hydroxyacid dehydrogenase family protein) — non-enzyme/family/domain annotation | PP2533 (D-isomer specific 2-hydroxyacid dehydrogenase family protein) — non-enzyme/family/domain annotation | PP4316 (D-isomer specific 2-hydroxyacid dehydrogenase family protein) — non-enzyme/family/domain annotation | PP4589 (D-isomer specific 2-hydroxyacid dehydrogenase family protein) — non-enzyme/family/domain annotation		4
GLYCLTDx	Glycolate dehydrogenase (NAD)	NP_743864_1 or NP_744678_1 or NP_744942_1 or NP_746432_1 or NP_746698_1	5	PP1707 (D-isomer specific 2-hydroxyacid dehydrogenase family protein) — non-enzyme/family/domain annotation | PP2533 (D-isomer specific 2-hydroxyacid dehydrogenase family protein) — non-enzyme/family/domain annotation | PP4316 (D-isomer specific 2-hydroxyacid dehydrogenase family protein) — non-enzyme/family/domain annotation | PP4589 (D-isomer specific 2-hydroxyacid dehydrogenase family protein) — non-enzyme/family/domain annotation		4
ECOAH2	3-hydroxyacyl-CoA dehydratase (3-hydroxyhexanoyl-CoA)	NP_744000_1 or NP_744197_1 or NP_744285_1 or NP_744366_1 or NP_745858_1	5	PP1845 (enoyl-CoA hydratase/isomerase family protein) — non-enzyme/family/domain annotation; no word in common with the reaction name while another alternative has | PP2047 (3-hydroxyacyl-CoA dehydrogenase family protein) — non-enzyme/family/domain annotation | PP2217 (enoyl-CoA hydratase) — no word in common with the reaction name while another alternative has | PP3726 (enoyl-CoA hydratase/isomerase family protein) — non-enzyme/family/domain annotation; no word in common with the reaction name while another alternative has		4
ECOAH1	3-hydroxyacyl-CoA dehydratase (3-hydroxybutanoyl-CoA)	NP_744000_1 or NP_744197_1 or NP_744285_1 or NP_744366_1 or NP_745858_1	5	PP1845 (enoyl-CoA hydratase/isomerase family protein) — non-enzyme/family/domain annotation; no word in common with the reaction name while another alternative has | PP2047 (3-hydroxyacyl-CoA dehydrogenase family protein) — non-enzyme/family/domain annotation | PP2217 (enoyl-CoA hydratase) — no word in common with the reaction name while another alternative has | PP3726 (enoyl-CoA hydratase/isomerase family protein) — non-enzyme/family/domain annotation; no word in common with the reaction name while another alternative has		4
NNAM	Nicotinamidase	NP_742872_1 or NP_744382_1 or NP_747349_1 or NP_747356_1	4	PP0711 (putative hydrolase) — non-enzyme/family/domain annotation | PP2233 (isochorismatase family hydrolase) — non-enzyme/family/domain annotation | PP5248 (putative hydrolase) — non-enzyme/family/domain annotation | PP5255 (putative hydrolase) — non-enzyme/family/domain annotation		4
SSALx	Succinate-semialdehyde dehydrogenase (NAD)	NP_743304_1 or NP_744100_1 or NP_744636_1 or NP_745295_1 or NP_746535_1	5	PP1143 (3-hydroxyisobutyrate dehydrogenase family protein) — non-enzyme/family/domain annotation; no word in common with the reaction name while another alternative has | PP1948 (benzaldehyde dehydrogenase) — no word in common with the reaction name while another alternative has | PP2488 (NAD+-dependent succinate semialdehyde dehydrogenase) — no word in common with the reaction name while another alternative has | PP3151 (NAD+-dependent succinate semialdehyde dehydrogenase) — no word in common with the reaction name while another alternative has		4
ETHSO3abcpp	Ethanesulfonate transport via ABC system (periplasm)	(NP_742377_1 and NP_742835_1 and NP_745371_1) or (NP_742377_1 and NP_745080_1 and NP_745371_1) or (NP_742377_1 and NP_74	6	PP0237 (aliphatic sulfonatesABC transporter substrate-binding protein) — no word in common with the reaction name while another alternative has | PP0239 (aliphatic sulfonatesABC transporter permease) — no word in common with the reaction name while another alternative has | PP0674 (ADP/ATP ratio sensor/translation inhibitor) — no word in common with the reaction name while another alternative has | PP3228 (aliphatic sulfonate-binding protein) — no word in common with the reaction name while another alternative has		4
ECOAH7	3-hydroxyacyl-CoA dehydratase (3-hydroxyhexadecanoyl-CoA)	NP_744000_1 or NP_744197_1 or NP_744285_1 or NP_744366_1 or NP_745858_1	5	PP1845 (enoyl-CoA hydratase/isomerase family protein) — non-enzyme/family/domain annotation; no word in common with the reaction name while another alternative has | PP2047 (3-hydroxyacyl-CoA dehydrogenase family protein) — non-enzyme/family/domain annotation | PP2217 (enoyl-CoA hydratase) — no word in common with the reaction name while another alternative has | PP3726 (enoyl-CoA hydratase/isomerase family protein) — non-enzyme/family/domain annotation; no word in common with the reaction name while another alternative has		4
SSALy	Succinate-semialdehyde dehydrogenase (NADP)	NP_742381_1 or NP_743416_1 or NP_744100_1 or NP_744636_1 or NP_745295_1 or NP_746535_1	6	PP1256 (alpha-ketoglutarate semialdehyde dehydrogenase) — no word in common with the reaction name while another alternative has | PP1948 (benzaldehyde dehydrogenase) — no word in common with the reaction name while another alternative has | PP2488 (NAD+-dependent succinate semialdehyde dehydrogenase) — no word in common with the reaction name while another alternative has | PP3151 (NAD+-dependent succinate semialdehyde dehydrogenase) — no word in common with the reaction name while another alternative has		4
HPYRRy	Hydroxypyruvate reductase (NADPH)	NP_743864_1 or NP_744678_1 or NP_746432_1 or NP_746698_1	4	PP1707 (D-isomer specific 2-hydroxyacid dehydrogenase family protein) — non-enzyme/family/domain annotation | PP2533 (D-isomer specific 2-hydroxyacid dehydrogenase family protein) — non-enzyme/family/domain annotation | PP4316 (D-isomer specific 2-hydroxyacid dehydrogenase family protein) — non-enzyme/family/domain annotation | PP4589 (D-isomer specific 2-hydroxyacid dehydrogenase family protein) — non-enzyme/family/domain annotation		4
GUAtex	Guanine transport via diffusion (extracellular to periplasm)	NP_743282_1 or NP_746315_1 or NP_746407_1 or NP_746409_1	4	PP1121 (OmpA family protein) — non-enzyme/family/domain annotation | PP4198 (OmpA family protein) — non-enzyme/family/domain annotation | PP4291 (hypothetical protein PP_4291) — non-enzyme/family/domain annotation | PP4293 (hypothetical protein PP_4293) — non-enzyme/family/domain annotation		4
PHETA1	Phenylalanine transaminase	NP_743019_1 or NP_744123_1 or NP_745726_1 or NP_745916_1 or NP_746314_1 or NP_746542_1 or NP_747376_1	7	PP4197 (GntR family transcriptional regulator) — non-enzyme/family/domain annotation | PP4429 (GntR family transcriptional regulator) — non-enzyme/family/domain annotation | PP5275 (transcriptional regulator) — non-enzyme/family/domain annotation		3
HACD2	3-hydroxyacyl-CoA dehydrogenase (3-oxohexanoyl-CoA)	NP_742469_1 or NP_744197_1 or NP_745885_1	3	PP0302 (L-carnitine dehydrogenase) — no word in common with the reaction name while another alternative has | PP2047 (3-hydroxyacyl-CoA dehydrogenase family protein) — non-enzyme/family/domain annotation | PP3755 (3-hydroxybutyryl-CoA dehydrogenase) — no word in common with the reaction name while another alternative has		3
H2Otex	H2O transport via diffusion (extracellular to periplasm)	NP_743282_1 or NP_745234_1 or NP_746315_1 or spontaneous	4	PP1121 (OmpA family protein) — non-enzyme/family/domain annotation | PP3090 (OmpA domain-containing protein) — non-enzyme/family/domain annotation | PP4198 (OmpA family protein) — non-enzyme/family/domain annotation		3
HACD1	3-hydroxyacyl-CoA dehydrogenase (acetoacetyl-CoA)	NP_742469_1 or NP_744197_1 or NP_745885_1	3	PP0302 (L-carnitine dehydrogenase) — no word in common with the reaction name while another alternative has | PP2047 (3-hydroxyacyl-CoA dehydrogenase family protein) — non-enzyme/family/domain annotation | PP3755 (3-hydroxybutyryl-CoA dehydrogenase) — no word in common with the reaction name while another alternative has		3
TYRTA	Tyrosine transaminase	NP_743019_1 or NP_744123_1 or NP_745726_1 or NP_745916_1 or NP_746314_1 or NP_746542_1 or NP_747376_1	7	PP4197 (GntR family transcriptional regulator) — non-enzyme/family/domain annotation | PP4429 (GntR family transcriptional regulator) — non-enzyme/family/domain annotation | PP5275 (transcriptional regulator) — non-enzyme/family/domain annotation		3
GLYCL	Glycine Cleavage System	(NP_743147_1 and NP_743149_1 and NP_743150_1 and NP_746304_1) or (NP_746304_1 and NP_747293_1 and NP_747294_1 and NP_747	2	PP0986 (aminomethyltransferase) — no word in common with the reaction name while another alternative has | PP4187 (dihydrolipoyl dehydrogenase) — no word in common with the reaction name while another alternative has | PP5194 (aminomethyltransferase) — no word in common with the reaction name while another alternative has		3
ECOAH8	3-hydroxyacyl-CoA dehydratase (3-hydroxyoctadecanoyl-CoA)	NP_744000_1 or NP_744197_1 or NP_745858_1	3	PP1845 (enoyl-CoA hydratase/isomerase family protein) — non-enzyme/family/domain annotation; no word in common with the reaction name while another alternative has | PP2047 (3-hydroxyacyl-CoA dehydrogenase family protein) — non-enzyme/family/domain annotation | PP3726 (enoyl-CoA hydratase/isomerase family protein) — non-enzyme/family/domain annotation; no word in common with the reaction name while another alternative has		3
HACD7	3-hydroxyacyl-CoA dehydrogenase (3-oxohexadecanoyl-CoA)	NP_742469_1 or NP_744197_1 or NP_745885_1	3	PP0302 (L-carnitine dehydrogenase) — no word in common with the reaction name while another alternative has | PP2047 (3-hydroxyacyl-CoA dehydrogenase family protein) — non-enzyme/family/domain annotation | PP3755 (3-hydroxybutyryl-CoA dehydrogenase) — no word in common with the reaction name while another alternative has		3
HACD3	3-hydroxyacyl-CoA dehydrogenase (3-oxooctanoyl-CoA)	NP_742469_1 or NP_744197_1 or NP_745885_1	3	PP0302 (L-carnitine dehydrogenase) — no word in common with the reaction name while another alternative has | PP2047 (3-hydroxyacyl-CoA dehydrogenase family protein) — non-enzyme/family/domain annotation | PP3755 (3-hydroxybutyryl-CoA dehydrogenase) — no word in common with the reaction name while another alternative has		3
HXAND	Hypoxanthine dehydrogenase	NP_744628_1 or NP_746077_1 or NP_746347_1 or NP_746350_1 or (NP_746394_1 and NP_746395_1) or (NP_744625_1 and NP_745452_	7	PP4230 (hypothetical protein PP_4230) — non-enzyme/family/domain annotation	PP2477 (isoquinoline 1-oxidoreductase subunit alpha) | PP3622 (isoquinoline 1-oxidoreductase subunit beta) | PP3947 (nicotinate dehydrogenase subunit A) | PP4233 (oxidoreductase small subunit)	3
FMNRx	FMN reductase	NP_742477_1 or NP_744908_2 or NP_746257_1 or NP_747313_1	4	PP0310 (dimethylglycine dehydrogenase subunit) — no word in common with the reaction name while another alternative has | PP4138 (chromate reductase) — no word in common with the reaction name while another alternative has | PP5212 (iron-sulfur-binding oxidoreductase) — no word in common with the reaction name while another alternative has		3
CTECOAI7	3-cis-2-trans-enoyl-CoA isomerase	NP_744000_1 or NP_744197_1 or NP_745858_1 or NP_747122_1	4	PP1845 (enoyl-CoA hydratase/isomerase family protein) — non-enzyme/family/domain annotation | PP2047 (3-hydroxyacyl-CoA dehydrogenase family protein) — non-enzyme/family/domain annotation | PP3726 (enoyl-CoA hydratase/isomerase family protein) — non-enzyme/family/domain annotation		3
CTECOAI6	3-cis-2-trans-enoyl-CoA isomerase	NP_744000_1 or NP_744197_1 or NP_745858_1 or NP_747122_1	4	PP1845 (enoyl-CoA hydratase/isomerase family protein) — non-enzyme/family/domain annotation | PP2047 (3-hydroxyacyl-CoA dehydrogenase family protein) — non-enzyme/family/domain annotation | PP3726 (enoyl-CoA hydratase/isomerase family protein) — non-enzyme/family/domain annotation		3
BZtex	Benzoate transport via diffusion (extracellular to periplasm)	NP_743282_1 or NP_745312_1 or NP_746315_1	3	PP1121 (OmpA family protein) — non-enzyme/family/domain annotation | PP3168 (porin-like protein) — non-enzyme/family/domain annotation | PP4198 (OmpA family protein) — non-enzyme/family/domain annotation		3
CTECOAI8	3-cis-2-trans-enoyl-CoA isomerase	NP_744000_1 or NP_744197_1 or NP_745858_1 or NP_747122_1	4	PP1845 (enoyl-CoA hydratase/isomerase family protein) — non-enzyme/family/domain annotation | PP2047 (3-hydroxyacyl-CoA dehydrogenase family protein) — non-enzyme/family/domain annotation | PP3726 (enoyl-CoA hydratase/isomerase family protein) — non-enzyme/family/domain annotation		3
PDH	Pyruvate dehydrogenase	(NP_742505_1 and NP_742506_1 and NP_746304_1) or (NP_742505_1 and NP_742506_1 and NP_747467_1)	2	PP0338 (AceF-S-acetyldihydrolipoate) — no word in common with the reaction name while another alternative has | PP4187 (dihydrolipoyl dehydrogenase) — no word in common with the reaction name while another alternative has | PP5366 (dihydrolipoyl dehydrogenase) — no word in common with the reaction name while another alternative has		3
PGCD	Phosphoglycerate dehydrogenase	NP_743864_1 or NP_744678_1 or NP_746432_1 or NP_747256_1	4	PP1707 (D-isomer specific 2-hydroxyacid dehydrogenase family protein) — non-enzyme/family/domain annotation | PP2533 (D-isomer specific 2-hydroxyacid dehydrogenase family protein) — non-enzyme/family/domain annotation | PP4316 (D-isomer specific 2-hydroxyacid dehydrogenase family protein) — non-enzyme/family/domain annotation		3
CSNt2	Cytosine transport in via proton symport	NP_742870_1 or NP_745777_1 or NP_747024_1	3	PP0709 (NCS1 family transporter) — non-enzyme/family/domain annotation; no word in common with the reaction name while another alternative has | PP3641 (cytosine/purine/uracil/thiamine/allantoin permease family protein) — non-enzyme/family/domain annotation | PP4921 (NCS1 family transporter) — non-enzyme/family/domain annotation; no word in common with the reaction name while another alternative has		3
HACD8	3-hydroxyacyl-CoA dehydrogenase (3-oxooctadecanoyl-CoA), peroxisomal	NP_742469_1 or NP_744197_1 or NP_745885_1	3	PP0302 (L-carnitine dehydrogenase) — no word in common with the reaction name while another alternative has | PP2047 (3-hydroxyacyl-CoA dehydrogenase family protein) — non-enzyme/family/domain annotation | PP3755 (3-hydroxybutyryl-CoA dehydrogenase) — no word in common with the reaction name while another alternative has		3
ACACT1r	Acetyl-CoA C-acetyltransferase	NP_742745_1 or NP_744201_1 or NP_745884_1 or NP_746745_1	4	PP0582 (thiolase family protein) — non-enzyme/family/domain annotation; no word in common with the reaction name while another alternative has | PP2051 (3-ketoacyl-CoA thiolase) — no word in common with the reaction name while another alternative has | PP3754 (beta-ketothiolase BktB) — no word in common with the reaction name while another alternative has		3
THRD_L	L-threonine deaminase	NP_745074_1 or NP_745335_1 or NP_745584_1 or NP_746543_1 or NP_747250_1	5	PP2930 (L-serine dehydratase) — no word in common with the reaction name while another alternative has | PP3191 (threonine ammonia-lyase/dehydratase) — no word in common with the reaction name while another alternative has | PP4430 (threonine dehydratase) — no word in common with the reaction name while another alternative has		3
HACD4	3-hydroxyacyl-CoA dehydrogenase (3-oxodecanoyl-CoA)	NP_742469_1 or NP_744197_1 or NP_745885_1	3	PP0302 (L-carnitine dehydrogenase) — no word in common with the reaction name while another alternative has | PP2047 (3-hydroxyacyl-CoA dehydrogenase family protein) — non-enzyme/family/domain annotation | PP3755 (3-hydroxybutyryl-CoA dehydrogenase) — no word in common with the reaction name while another alternative has		3
HACD6	3-hydroxyacyl-CoA dehydrogenase (3-oxotetradecanoyl-CoA)	NP_742469_1 or NP_744197_1 or NP_745885_1	3	PP0302 (L-carnitine dehydrogenase) — no word in common with the reaction name while another alternative has | PP2047 (3-hydroxyacyl-CoA dehydrogenase family protein) — non-enzyme/family/domain annotation | PP3755 (3-hydroxybutyryl-CoA dehydrogenase) — no word in common with the reaction name while another alternative has		3
HACD5	3-hydroxyacyl-CoA dehydrogenase (3-oxododecanoyl-CoA)	NP_742469_1 or NP_744197_1 or NP_745885_1	3	PP0302 (L-carnitine dehydrogenase) — no word in common with the reaction name while another alternative has | PP2047 (3-hydroxyacyl-CoA dehydrogenase family protein) — non-enzyme/family/domain annotation | PP3755 (3-hydroxybutyryl-CoA dehydrogenase) — no word in common with the reaction name while another alternative has		3
PSP_L	Phosphoserine phosphatase (L-serine)	NP_742426_1 or NP_747012_1 or NP_747248_1	3	PP0259 (purine nucleotidase) — no word in common with the reaction name while another alternative has | PP5147 (haloacid dehalogenase-like family hydrolase) — non-enzyme/family/domain annotation; no word in common with the reaction name while another alternative has		2
BUTtex	Butyrate transport via diffusion (extracellular to periplasm)	NP_743282_1 or NP_746315_1	2	PP1121 (OmpA family protein) — non-enzyme/family/domain annotation | PP4198 (OmpA family protein) — non-enzyme/family/domain annotation		2
PPOHtex	Propanol transport via diffusion (extracellular to periplasm)	NP_743282_1 or NP_746315_1	2	PP1121 (OmpA family protein) — non-enzyme/family/domain annotation | PP4198 (OmpA family protein) — non-enzyme/family/domain annotation		2
PYRtex	Pyruvate transport via diffusion (extracellular to periplasm)	NP_743282_1 or NP_746315_1	2	PP1121 (OmpA family protein) — non-enzyme/family/domain annotation | PP4198 (OmpA family protein) — non-enzyme/family/domain annotation		2
PItex	Phosphate transport via diffusion (extracellular to periplasm)	NP_743282_1 or NP_746315_1	2	PP1121 (OmpA family protein) — non-enzyme/family/domain annotation | PP4198 (OmpA family protein) — non-enzyme/family/domain annotation		2
BTOHtex	Butanol transport via diffusion (extracellular to periplasm)	NP_743282_1 or NP_746315_1	2	PP1121 (OmpA family protein) — non-enzyme/family/domain annotation | PP4198 (OmpA family protein) — non-enzyme/family/domain annotation		2
BUTSO3abcpp	Butanesulfonate transport via ABC system (periplasm)	(NP_742376_1 and NP_742378_1 and NP_745771_1) or (NP_742377_1 and NP_742835_1 and NP_745371_1) or (NP_742377_1 and NP_74	5	PP0674 (ADP/ATP ratio sensor/translation inhibitor) — no word in common with the reaction name while another alternative has | PP3228 (aliphatic sulfonate-binding protein) — no word in common with the reaction name while another alternative has		2
BUTSO3tex	Butanesulfonate transport via diffusion (extracellular to periplasm)	NP_743282_1 or NP_746315_1	2	PP1121 (OmpA family protein) — non-enzyme/family/domain annotation | PP4198 (OmpA family protein) — non-enzyme/family/domain annotation		2
PPAtex	Propionate transport via diffusion	NP_743282_1 or NP_746315_1	2	PP1121 (OmpA family protein) — non-enzyme/family/domain annotation | PP4198 (OmpA family protein) — non-enzyme/family/domain annotation		2
CO2tex	CO2 transport via diffusion (extracellular to periplasm)	NP_743282_1 or NP_746315_1	2	PP1121 (OmpA family protein) — non-enzyme/family/domain annotation | PP4198 (OmpA family protein) — non-enzyme/family/domain annotation		2
CLtex	Chloride (Cl-1) transport via diffusion (extracellular to periplasm)	NP_743282_1 or NP_746315_1	2	PP1121 (OmpA family protein) — non-enzyme/family/domain annotation | PP4198 (OmpA family protein) — non-enzyme/family/domain annotation		2
CLPNS181pp	Cardiolipin synthase (periplasmic, n-C18:1)	NP_743053_1 or NP_745407_1 or NP_747377_1 or NP_747465_1	4	PP0892 (phospholipase family protein) — non-enzyme/family/domain annotation; no word in common with the reaction name while another alternative has | PP5276 (phospholipase D family protein) — non-enzyme/family/domain annotation; no word in common with the reaction name while another alternative has		2
CLPNS180pp	Cardiolipin synthase (periplasmic, n-C18:0)	NP_743053_1 or NP_745407_1 or NP_747377_1 or NP_747465_1	4	PP0892 (phospholipase family protein) — non-enzyme/family/domain annotation; no word in common with the reaction name while another alternative has | PP5276 (phospholipase D family protein) — non-enzyme/family/domain annotation; no word in common with the reaction name while another alternative has		2
CLPNS160pp	Cardiolipin synthase (periplasmic, n-C16:0)	NP_743053_1 or NP_745407_1 or NP_747377_1 or NP_747465_1	4	PP0892 (phospholipase family protein) — non-enzyme/family/domain annotation; no word in common with the reaction name while another alternative has | PP5276 (phospholipase D family protein) — non-enzyme/family/domain annotation; no word in common with the reaction name while another alternative has		2
CLPNS161pp	Cardiolipin synthase (periplasmic, n-C16:1)	NP_743053_1 or NP_745407_1 or NP_747377_1 or NP_747465_1	4	PP0892 (phospholipase family protein) — non-enzyme/family/domain annotation; no word in common with the reaction name while another alternative has | PP5276 (phospholipase D family protein) — non-enzyme/family/domain annotation; no word in common with the reaction name while another alternative has		2
CLPNS141pp	Cardiolipin synthase (periplasmic, n-C14:1)	NP_743053_1 or NP_745407_1 or NP_747377_1	3	PP0892 (phospholipase family protein) — non-enzyme/family/domain annotation; no word in common with the reaction name while another alternative has | PP5276 (phospholipase D family protein) — non-enzyme/family/domain annotation; no word in common with the reaction name while another alternative has		2
CU2tex	Copper (Cu+2) transport via diffusion (extracellular to periplasm)	NP_743282_1 or NP_746315_1	2	PP1121 (OmpA family protein) — non-enzyme/family/domain annotation | PP4198 (OmpA family protein) — non-enzyme/family/domain annotation		2
COBALT2tex	Cobalt (Co+2) transport via diffusion (extracellular to periplasm)	NP_743282_1 or NP_746315_1	2	PP1121 (OmpA family protein) — non-enzyme/family/domain annotation | PP4198 (OmpA family protein) — non-enzyme/family/domain annotation		2
DADNtex	Deoxyadenosine transport via diffusion (extracellular to periplasm)	NP_746407_1 or NP_746409_1	2	PP4291 (hypothetical protein PP_4291) — non-enzyme/family/domain annotation | PP4293 (hypothetical protein PP_4293) — non-enzyme/family/domain annotation		2
COBALT2tpp	Cobalt transport in via permease (no H+)	NP_743991_2 or NP_745099_1	2	PP1836 (ZIP family metal transporter) — non-enzyme/family/domain annotation; no word in common with the reaction name while another alternative has | PP2955 (CorA family magnesium/cobalt transporter) — non-enzyme/family/domain annotation		2
NTPP3	Nucleoside triphosphate pyrophosphorylase (dctp)	NP_742810_1 or NP_743814_1 or NP_745786_1	3	PP0649 (MutT/nudix family protein) — non-enzyme/family/domain annotation; no word in common with the reaction name while another alternative has | PP3650 (NUDIX hydrolase) — no word in common with the reaction name while another alternative has		2
NTPP4	Nucleoside triphosphate pyrophosphorylase (ctp)	NP_742810_1 or NP_743814_1 or NP_745786_1	3	PP0649 (MutT/nudix family protein) — non-enzyme/family/domain annotation; no word in common with the reaction name while another alternative has | PP3650 (NUDIX hydrolase) — no word in common with the reaction name while another alternative has		2
CUtex	Copper (Cu+1) transport via diffusion (extracellular to periplasm)	NP_743282_1 or NP_746315_1	2	PP1121 (OmpA family protein) — non-enzyme/family/domain annotation | PP4198 (OmpA family protein) — non-enzyme/family/domain annotation		2
CYStpp	L-cysteine export via facilitated transport	NP_745016_2 or NP_745544_1 or NP_745576_1	3	PP3405 (membrane protein) — no word in common with the reaction name while another alternative has | PP3438 (membrane protein) — no word in common with the reaction name while another alternative has		2
DAAD	D-Amino acid dehydrogenase	NP_746427_1 or NP_746547_1 or NP_747371_1	3		PP4311 (D-amino acid dehydrogenase small subunit) | PP4434 (D-amino acid dehydrogenase small subunit)	2
NO2tex	Nitrite transport via diffusion (extracellular to periplasm)	NP_743282_1 or NP_746315_1	2	PP1121 (OmpA family protein) — non-enzyme/family/domain annotation | PP4198 (OmpA family protein) — non-enzyme/family/domain annotation		2
OXFOtex	Oxalate:Formate antiporter (extracellular to periplasm)	NP_743282_1 or NP_746315_1	2	PP1121 (OmpA family protein) — non-enzyme/family/domain annotation | PP4198 (OmpA family protein) — non-enzyme/family/domain annotation		2
PGLYCP	Phosphoglycolate phosphatase	NP_742264_1 or NP_742582_1 or NP_744061_1	3	PP0094 (5'-nucleotidase) — no word in common with the reaction name while another alternative has | PP1907 (haloacid dehalogenase-like family hydrolase) — non-enzyme/family/domain annotation; no word in common with the reaction name while another alternative has		2
ADNtex	Adenosine transport via diffusion (extracellular to periplasm)	NP_746407_1 or NP_746409_1	2	PP4291 (hypothetical protein PP_4291) — non-enzyme/family/domain annotation | PP4293 (hypothetical protein PP_4293) — non-enzyme/family/domain annotation		2
ACtex	Acetate transport via diffusion (extracellular to periplasm)	NP_743282_1 or NP_746315_1	2	PP1121 (OmpA family protein) — non-enzyme/family/domain annotation | PP4198 (OmpA family protein) — non-enzyme/family/domain annotation		2
NTPP2	Nucleoside triphosphate pyrophosphorylase (gtp)	NP_743223_1 or NP_743507_1 or NP_743814_1	3	PP1062 (MutT/nudix family protein) — non-enzyme/family/domain annotation; no word in common with the reaction name while another alternative has | PP1348 (MutT/nudix family protein/thiamine-phosphate pyrophosphorylase) — non-enzyme/family/domain annotation		2
NTPP1	Nucleoside triphosphate pyrophosphorylase (dgtp)	NP_743223_1 or NP_743507_1 or NP_743814_1	3	PP1062 (MutT/nudix family protein) — non-enzyme/family/domain annotation; no word in common with the reaction name while another alternative has | PP1348 (MutT/nudix family protein/thiamine-phosphate pyrophosphorylase) — non-enzyme/family/domain annotation		2
NO3tex	Nitrate transport via diffusion (extracellular to periplasm)	NP_743282_1 or NP_746315_1	2	PP1121 (OmpA family protein) — non-enzyme/family/domain annotation | PP4198 (OmpA family protein) — non-enzyme/family/domain annotation		2
ADEt2rpp	Adenine transport via proton symport (reversible) (periplasm)	NP_746122_1 or NP_746400_1 or NP_746762_1	3	PP3992 (xanthine permease) — no word in common with the reaction name while another alternative has | PP4284 (transporter) — no word in common with the reaction name while another alternative has		2
BZALtex	Benzaldehyde transport via diffusion (Extra-organism to periplasm)	NP_743282_1 or NP_746315_1	2	PP1121 (OmpA family protein) — non-enzyme/family/domain annotation | PP4198 (OmpA family protein) — non-enzyme/family/domain annotation		2
ANS	Anthranilate synthase	NP_742888_1 or (NP_742583_1 and NP_742586_1)	2	PP0420 (para-aminobenzoate synthase multi-enzyme complex aminodeoxychorismate synthase) — no word in common with the reaction name while another alternative has | PP0727 (hypothetical protein PP_0727) — non-enzyme/family/domain annotation; no word in common with the reaction name while another alternative has		2
ALR2	Aldose reductase (methylglyoxal)	NP_744517_1 or NP_745264_1 or NP_745318_1	3	PP2368 (2,5-diketo-D-gluconate reductase) — no word in common with the reaction name while another alternative has | PP3174 (oxidoreductase) — no word in common with the reaction name while another alternative has		2
ASO4tex	Arsenate transporter (extracellular to periplasm)	NP_743282_1 or NP_746315_1	2	PP1121 (OmpA family protein) — non-enzyme/family/domain annotation | PP4198 (OmpA family protein) — non-enzyme/family/domain annotation		2
ALCD2x	Alcohol dehydrogenase (ethanol)	NP_743773_1 or NP_744199_1 or NP_744826_1 or NP_744947_1 or NP_746866_1	5	PP1616 (glutathione-dependent formaldehyde dehydrogenase) — no word in common with the reaction name while another alternative has | PP2803 (1,3-propanediol dehydrogenase) — no word in common with the reaction name while another alternative has		2
ALDD1	Aldehyde dehydrogenase  formaldehyde  NAD	NP_744574_1 or NP_745782_1	2	PP2426 (coniferyl alcohol dehydrogenase) — no word in common with the reaction name while another alternative has | PP3646 (aldehyde dehydrogenase family protein) — non-enzyme/family/domain annotation		2
ACOAD8f	Acyl-CoA dehydrogenase (octadecanoyl-CoA)	NP_742537_1 or NP_744189_1 or NP_746885_1 or NP_747051_1	4	PP0370 (acyl-CoA dehydrogenase family protein) — non-enzyme/family/domain annotation | PP4948 (acyl-CoA dehydrogenase family protein) — non-enzyme/family/domain annotation		2
Zn2tex	Zinc (Zn+2) transport via diffusion (extracellular to periplasm)	NP_743282_1 or NP_746315_1	2	PP1121 (OmpA family protein) — non-enzyme/family/domain annotation | PP4198 (OmpA family protein) — non-enzyme/family/domain annotation		2
SHK3Dr	Shikimate dehydrogenase	NP_742244_1 or NP_744554_1 or NP_744752_1 or NP_745146_1 or NP_745898_2	5	PP2608 (shikimate dehydrogenase family protein) — non-enzyme/family/domain annotation | PP3002 (shikimate dehydrogenase-like protein) — non-enzyme/family/domain annotation		2
2DGLCNRy	2-dehydro-D-gluconate reductase (NADPH)	NP_743864_1 or NP_746432_1	2	PP1707 (D-isomer specific 2-hydroxyacid dehydrogenase family protein) — non-enzyme/family/domain annotation | PP4316 (D-isomer specific 2-hydroxyacid dehydrogenase family protein) — non-enzyme/family/domain annotation		2
SO4tex	Sulfate transport via diffusion (extracellular to periplasm)	NP_743282_1 or NP_746315_1	2	PP1121 (OmpA family protein) — non-enzyme/family/domain annotation | PP4198 (OmpA family protein) — non-enzyme/family/domain annotation		2
SO3tex	Sulfite transport via diffusion (extracellular to periplasm)	NP_743282_1 or NP_746315_1	2	PP1121 (OmpA family protein) — non-enzyme/family/domain annotation | PP4198 (OmpA family protein) — non-enzyme/family/domain annotation		2
2DGLCNRx	2-dehydro-D-gluconate reductase (NADH)	NP_743864_1 or NP_746432_1	2	PP1707 (D-isomer specific 2-hydroxyacid dehydrogenase family protein) — non-enzyme/family/domain annotation | PP4316 (D-isomer specific 2-hydroxyacid dehydrogenase family protein) — non-enzyme/family/domain annotation		2
FDH	Formate dehydrogenase	(NP_742423_1 and NP_742424_1) or (NP_742655_1 and NP_742656_1 and NP_742657_1) or (NP_744332_1 and NP_744333_1 and NP_74	3	PP0256 (putative oxidoreductase) — non-enzyme/family/domain annotation; no word in common with the reaction name while another alternative has | PP0257 (protein sulfur transferase) — no word in common with the reaction name while another alternative has		2
MGt5	Magnesium transport in/out via permease (no H+)	NP_743998_1 or NP_744235_1 or NP_746582_1	3	PP1843 (Mg(2+)/Co(2+) transporter) — no word in common with the reaction name while another alternative has | PP2085 (protein CmaX) — no word in common with the reaction name while another alternative has		2
MEOHtex	Methanol transport via diffusion (extracellular to periplasm)	NP_743282_1 or NP_746315_1	2	PP1121 (OmpA family protein) — non-enzyme/family/domain annotation | PP4198 (OmpA family protein) — non-enzyme/family/domain annotation		2
LEUtex	L-leucine transport via diffusion (extracellular to periplasm)	NP_743282_1 or NP_746315_1	2	PP1121 (OmpA family protein) — non-enzyme/family/domain annotation | PP4198 (OmpA family protein) — non-enzyme/family/domain annotation		2
KAT2	3-ketoacyl-CoA thiolase	NP_742745_1 or NP_744286_1 or NP_744364_1	3	PP0582 (thiolase family protein) — non-enzyme/family/domain annotation | PP2215 (acetyl-CoA acetyltransferase) — no word in common with the reaction name while another alternative has		2
KAT1	3-ketoacyl-CoA thiolase	NP_742745_1 or NP_744286_1 or NP_744364_1	3	PP0582 (thiolase family protein) — non-enzyme/family/domain annotation | PP2215 (acetyl-CoA acetyltransferase) — no word in common with the reaction name while another alternative has		2
KAS15	Beta-ketoacyl-ACP synthase (2)	NP_745446_3 or NP_746493_1 or NP_746654_1	3	PP3303 (3-oxoacyl-ACP synthase) — no word in common with the reaction name while another alternative has | PP4545 (beta-ketodecanoyl-ACP synthase) — no word in common with the reaction name while another alternative has		2
Ktex	Potassium transport via diffusion (extracellular to periplasm)	NP_743282_1 or NP_746315_1	2	PP1121 (OmpA family protein) — non-enzyme/family/domain annotation | PP4198 (OmpA family protein) — non-enzyme/family/domain annotation		2
FE3tex	Iron (III) transport via diffusion (extracellular to periplasm)	NP_743282_1 or NP_746315_1	2	PP1121 (OmpA family protein) — non-enzyme/family/domain annotation | PP4198 (OmpA family protein) — non-enzyme/family/domain annotation		2
FE2tex	Iron (II) transport via diffusion (extracellular to periplasm)	NP_743282_1 or NP_746315_1	2	PP1121 (OmpA family protein) — non-enzyme/family/domain annotation | PP4198 (OmpA family protein) — non-enzyme/family/domain annotation		2
ETOHtex	Ethanol transport via diffusion (extracellular to periplasm)	NP_743282_1 or NP_746315_1	2	PP1121 (OmpA family protein) — non-enzyme/family/domain annotation | PP4198 (OmpA family protein) — non-enzyme/family/domain annotation		2
DNTPPA	Dihydroneopterin triphosphate pyrophosphatase	NP_743223_1 or NP_743507_1 or NP_746377_2 or NP_746626_1 or NP_747240_1 or NP_747247_1	6	PP1062 (MutT/nudix family protein) — non-enzyme/family/domain annotation | PP1348 (MutT/nudix family protein/thiamine-phosphate pyrophosphorylase) — non-enzyme/family/domain annotation		2
ETHSO3tex	Ethanesulfonate transport via diffusion (extracellular to periplasm)	NP_742402_1 or NP_743282_1 or NP_746315_1	3	PP1121 (OmpA family protein) — non-enzyme/family/domain annotation | PP4198 (OmpA family protein) — non-enzyme/family/domain annotation		2
MG2tex	Magnesium (Mg+2) transport via diffusion (extracellular to periplasm)	NP_743282_1 or NP_746315_1	2	PP1121 (OmpA family protein) — non-enzyme/family/domain annotation | PP4198 (OmpA family protein) — non-enzyme/family/domain annotation		2
MPTG	Murein polymerizing transglycosylase	NP_742735_1 or NP_746792_1 or NP_747185_1 or (NP_742735_1 and NP_742763_1) or (NP_742763_1 and NP_746792_1) or (NP_74276	6	PP0572 (peptidoglycan glycosyltransferase) — no word in common with the reaction name while another alternative has | PP0601 (lipid II flippase) — no word in common with the reaction name while another alternative has		2
NAtex	Sodium transport via diffusion (extracellular to periplasm)	NP_743282_1 or NP_746315_1	2	PP1121 (OmpA family protein) — non-enzyme/family/domain annotation | PP4198 (OmpA family protein) — non-enzyme/family/domain annotation		2
NH4tex	Ammonia transport via diffusion (extracellular to periplasm)	NP_743282_1 or NP_746315_1 or spontaneous	3	PP1121 (OmpA family protein) — non-enzyme/family/domain annotation | PP4198 (OmpA family protein) — non-enzyme/family/domain annotation		2
MPTG2	Murein polymerizing transglycosylase 2 (three linked units)	NP_742735_1 or NP_746792_1 or NP_747185_1 or NP_747208_1 or (NP_742735_1 and NP_742763_1) or (NP_742763_1 and NP_746792_	7	PP0572 (peptidoglycan glycosyltransferase) — no word in common with the reaction name while another alternative has | PP0601 (lipid II flippase) — no word in common with the reaction name while another alternative has		2
MOBDtex	Molybdate transport via diffusion (extracellular to periplasm)	NP_743282_1 or NP_746315_1	2	PP1121 (OmpA family protein) — non-enzyme/family/domain annotation | PP4198 (OmpA family protein) — non-enzyme/family/domain annotation		2
MNtex	Manganese (Mn+2) transport via diffusion (extracellular to periplasm)	NP_743282_1 or NP_746315_1	2	PP1121 (OmpA family protein) — non-enzyme/family/domain annotation | PP4198 (OmpA family protein) — non-enzyme/family/domain annotation		2
MSO3tex	Methanesulfonate transport via diffusion (extracellular to periplasm)	NP_742402_1 or NP_743282_1 or NP_746315_1	3	PP1121 (OmpA family protein) — non-enzyme/family/domain annotation | PP4198 (OmpA family protein) — non-enzyme/family/domain annotation		2
NI2tex	Nickel transport via diffusion (extracellular to periplasm)	NP_743282_1 or NP_746315_1	2	PP1121 (OmpA family protein) — non-enzyme/family/domain annotation | PP4198 (OmpA family protein) — non-enzyme/family/domain annotation		2
CLPNS140pp	Cardiolipin synthase (periplasmic, n-C14:0)	NP_743053_1 or NP_745407_1 or NP_747377_1	3	PP0892 (phospholipase family protein) — non-enzyme/family/domain annotation; no word in common with the reaction name while another alternative has | PP5276 (phospholipase D family protein) — non-enzyme/family/domain annotation; no word in common with the reaction name while another alternative has		2
CA2tex	Calcium (Ca+2) transport via diffusion (extracellular to periplasm)	NP_743282_1 or NP_746315_1	2	PP1121 (OmpA family protein) — non-enzyme/family/domain annotation | PP4198 (OmpA family protein) — non-enzyme/family/domain annotation		2
CD2tex	Cadmium (Cd+2) transport via diffusion (extracellular to periplasm)	NP_743282_1 or NP_746315_1	2	PP1121 (OmpA family protein) — non-enzyme/family/domain annotation | PP4198 (OmpA family protein) — non-enzyme/family/domain annotation		2
CLPNS120pp	Cardiolipin synthase (periplasmic, n-C12:0)	NP_743053_1 or NP_745407_1 or NP_747377_1 or NP_747465_1	4	PP0892 (phospholipase family protein) — non-enzyme/family/domain annotation; no word in common with the reaction name while another alternative has | PP5276 (phospholipase D family protein) — non-enzyme/family/domain annotation; no word in common with the reaction name while another alternative has		2
HISt2r	L histidine reversible transport via proton symport	NP_742821_1 or NP_743088_1 or NP_745859_1	3	PP0660 (S-methyl-L-methionine transporter) — no word in common with the reaction name while another alternative has | PP3727 (amino acid permease RocE) — no word in common with the reaction name while another alternative has		2
HCYSMT	Homocysteine S-methyltransferase	NP_742819_1 or NP_744920_1	2	PP0658 (homocysteine S-methyltransferase family protein) — non-enzyme/family/domain annotation | PP2776 (homocysteine S-methyltransferase family protein) — non-enzyme/family/domain annotation		2
FORtex	Formate transport via diffusion (extracellular to periplasm)	NP_743282_1 or NP_746315_1	2	PP1121 (OmpA family protein) — non-enzyme/family/domain annotation | PP4198 (OmpA family protein) — non-enzyme/family/domain annotation		2
FORCT	Formyl-CoA Transferase	NP_742328_1 or NP_745145_1	2	PP0159 (family III CoA-transferase) — non-enzyme/family/domain annotation | PP3001 (CAIB/BAIF family protein) — non-enzyme/family/domain annotation		2
FMNRx2	FMN reductase	NP_742404_1 or NP_744908_2 or NP_746257_1 or NP_747313_1	4	PP4138 (chromate reductase) — no word in common with the reaction name while another alternative has | PP5212 (iron-sulfur-binding oxidoreductase) — no word in common with the reaction name while another alternative has		2
GALURtex	D-galacturonate transport via diffusion (extracellular to periplasm)	NP_743282_1 or NP_746315_1	2	PP1121 (OmpA family protein) — non-enzyme/family/domain annotation | PP4198 (OmpA family protein) — non-enzyme/family/domain annotation		2
GLYALDDr	D-Glyceraldehyde dehydrogenase	NP_743791_1 or NP_745782_1	2	PP1634 (hypothetical protein PP_1634) — non-enzyme/family/domain annotation | PP3646 (aldehyde dehydrogenase family protein) — non-enzyme/family/domain annotation		2
GLYBt2r	Glycine betaine transport via proton symport, reversible	NP_745764_1 or NP_747475_1	2	PP3628 (choline/carnitine/betaine transporter family protein) — non-enzyme/family/domain annotation | PP5374 (choline/carnitine/betaine transporter family protein) — non-enzyme/family/domain annotation		2
GLYCtex	Glycerol transport via diffusion (extracellular to periplasm)	NP_743180_1 or NP_743282_1 or NP_743603_1 or NP_746315_1	4	PP1121 (OmpA family protein) — non-enzyme/family/domain annotation | PP4198 (OmpA family protein) — non-enzyme/family/domain annotation		2
ISETACtex	Isethionate transport via diffusion (extracellular to periplasm)	NP_742402_1 or NP_743282_1 or NP_746315_1	3	PP1121 (OmpA family protein) — non-enzyme/family/domain annotation | PP4198 (OmpA family protein) — non-enzyme/family/domain annotation		2
GLXO1	Glyoxylate oxidase	NP_743791_1 or NP_745782_1	2	PP1634 (hypothetical protein PP_1634) — non-enzyme/family/domain annotation | PP3646 (aldehyde dehydrogenase family protein) — non-enzyme/family/domain annotation		2
GLCURtex	D-glucuronat transport via diffusion (extracellular to periplasm)	NP_743282_1 or NP_746315_1	2	PP1121 (OmpA family protein) — non-enzyme/family/domain annotation | PP4198 (OmpA family protein) — non-enzyme/family/domain annotation		2
HYXNtex	Hypoxanthine transport via diffusion (extracellular to periplasm)	NP_743282_1 or NP_746315_1	2	PP1121 (OmpA family protein) — non-enzyme/family/domain annotation | PP4198 (OmpA family protein) — non-enzyme/family/domain annotation		2
ILEtex	L-isoleucine transport via diffusion (extracellular to periplasm)	NP_743282_1 or NP_746315_1	2	PP1121 (OmpA family protein) — non-enzyme/family/domain annotation | PP4198 (OmpA family protein) — non-enzyme/family/domain annotation		2
IMPD	IMP dehydrogenase	NP_742371_1 or NP_742521_1 or NP_743192_1	3	PP0202 (CBS domain-containing protein) — non-enzyme/family/domain annotation; no word in common with the reaction name while another alternative has | PP0354 (CBS domain-containing protein) — non-enzyme/family/domain annotation; no word in common with the reaction name while another alternative has		2
INStex	Inosine transport via diffusion (extracellular to periplasm)	NP_746407_1 or NP_746409_1	2	PP4291 (hypothetical protein PP_4291) — non-enzyme/family/domain annotation | PP4293 (hypothetical protein PP_4293) — non-enzyme/family/domain annotation		2
DCYTtex	Deoxycytidine transport via diffusion (extracellular to periplasm)	NP_746407_1 or NP_746409_1	2	PP4291 (hypothetical protein PP_4291) — non-enzyme/family/domain annotation | PP4293 (hypothetical protein PP_4293) — non-enzyme/family/domain annotation		2
LYStex	L-lysine transport via diffusion (extracellular to periplasm)	NP_743282_1 or NP_743366_1 or NP_746315_1	3	PP1121 (OmpA family protein) — non-enzyme/family/domain annotation | PP4198 (OmpA family protein) — non-enzyme/family/domain annotation		2
HACD7i	3-hydroxyacyl-CoA dehydrogenase (3-oxohexadecanoyl-CoA)	NP_744197_1 or NP_744285_1 or NP_744363_1 or NP_747122_1	4	PP2047 (3-hydroxyacyl-CoA dehydrogenase family protein) — non-enzyme/family/domain annotation | PP5021 (methyl-accepting chemotaxis transducer) — no word in common with the reaction name while another alternative has		2
HACD8i	3-hydroxyacyl-CoA dehydrogenase (3-oxooctadecanoyl-CoA)	NP_744197_1 or NP_747122_1	2	PP2047 (3-hydroxyacyl-CoA dehydrogenase family protein) — non-enzyme/family/domain annotation | PP5021 (methyl-accepting chemotaxis transducer) — no word in common with the reaction name while another alternative has		2
HACD2i	3-hydroxyacyl-CoA dehydrogenase (3-oxohexanoyl-CoA)	NP_744197_1 or NP_744285_1 or NP_744363_1 or NP_747122_1	4	PP2047 (3-hydroxyacyl-CoA dehydrogenase family protein) — non-enzyme/family/domain annotation | PP5021 (methyl-accepting chemotaxis transducer) — no word in common with the reaction name while another alternative has		2
HACD1i	3-hydroxyacyl-CoA dehydrogenase (acetoacetyl-CoA)	NP_744197_1 or NP_744285_1 or NP_744363_1 or NP_747122_1	4	PP2047 (3-hydroxyacyl-CoA dehydrogenase family protein) — non-enzyme/family/domain annotation | PP5021 (methyl-accepting chemotaxis transducer) — no word in common with the reaction name while another alternative has		2
GMPS2	GMP synthase	NP_742888_1 or NP_743193_1 or NP_743997_1	3	PP0727 (hypothetical protein PP_0727) — non-enzyme/family/domain annotation; no word in common with the reaction name while another alternative has | PP1842 (class I glutamine amidotransferase) — no word in common with the reaction name while another alternative has		2
HACD3i	3-hydroxyacyl-CoA dehydrogenase (3-oxooctanoyl-CoA)	NP_744197_1 or NP_744285_1 or NP_744363_1 or NP_747122_1	4	PP2047 (3-hydroxyacyl-CoA dehydrogenase family protein) — non-enzyme/family/domain annotation | PP5021 (methyl-accepting chemotaxis transducer) — no word in common with the reaction name while another alternative has		2
URAt2	Uracil transport in via proton symport	NP_742906_1 or NP_746163_1 or NP_746425_1	3	PP4035 (NCS1 family transporter PydP) — non-enzyme/family/domain annotation; no word in common with the reaction name while another alternative has | PP4309 (NCS1 family transporter) — non-enzyme/family/domain annotation; no word in common with the reaction name while another alternative has		2
H2tex	Hydrogen transport via diffusion (extracellular to periplasm)	NP_743282_1 or NP_746315_1	2	PP1121 (OmpA family protein) — non-enzyme/family/domain annotation | PP4198 (OmpA family protein) — non-enzyme/family/domain annotation		2
VALtex	L-valine transport via diffusion (extracellular to periplasm)	NP_743282_1 or NP_746315_1	2	PP1121 (OmpA family protein) — non-enzyme/family/domain annotation | PP4198 (OmpA family protein) — non-enzyme/family/domain annotation		2
URItex	Uridine transport via diffusion (extracellular to periplasm)	NP_746407_1 or NP_746409_1	2	PP4291 (hypothetical protein PP_4291) — non-enzyme/family/domain annotation | PP4293 (hypothetical protein PP_4293) — non-enzyme/family/domain annotation		2
HACD5i	3-hydroxyacyl-CoA dehydrogenase (3-oxododecanoyl-CoA)	NP_744197_1 or NP_744285_1 or NP_744363_1 or NP_747122_1	4	PP2047 (3-hydroxyacyl-CoA dehydrogenase family protein) — non-enzyme/family/domain annotation | PP5021 (methyl-accepting chemotaxis transducer) — no word in common with the reaction name while another alternative has		2
HACD4i	3-hydroxyacyl-CoA dehydrogenase (3-oxodecanoyl-CoA)	NP_744197_1 or NP_744285_1 or NP_744363_1 or NP_747122_1	4	PP2047 (3-hydroxyacyl-CoA dehydrogenase family protein) — non-enzyme/family/domain annotation | PP5021 (methyl-accepting chemotaxis transducer) — no word in common with the reaction name while another alternative has		2
Htex	Proton transport via diffusion (extracellular to periplasm)	NP_743282_1 or NP_746315_1	2	PP1121 (OmpA family protein) — non-enzyme/family/domain annotation | PP4198 (OmpA family protein) — non-enzyme/family/domain annotation		2
HACD6i	3-hydroxyacyl-CoA dehydrogenase (3-oxotetradecanoyl-CoA)	NP_744197_1 or NP_744285_1 or NP_744363_1 or NP_747122_1	4	PP2047 (3-hydroxyacyl-CoA dehydrogenase family protein) — non-enzyme/family/domain annotation | PP5021 (methyl-accepting chemotaxis transducer) — no word in common with the reaction name while another alternative has		2
UPPRT	Uracil phosphoribosyltransferase	NP_742907_1 or NP_745381_1 or NP_747099_1	3	PP3238 (transcriptional regulator PyrR) — non-enzyme/family/domain annotation; no word in common with the reaction name while another alternative has | PP4997 (pyrimidine operon regulatory protein/uracil phosphoribosyltransferase) — non-enzyme/family/domain annotation		2
UDPG4E	UDPglucose 4-epimerase	NP_742665_1 or NP_743958_1 or NP_745273_1	3	PP0501 (NAD-dependent epimerase/dehydratase family protein) — non-enzyme/family/domain annotation; no word in common with the reaction name while another alternative has | PP1803 (UDP-sugar epimerase) — no word in common with the reaction name while another alternative has		2
TSULtex	Thiosulfate transport via diffusion (extracellular to periplasm)	NP_743282_1 or NP_746315_1	2	PP1121 (OmpA family protein) — non-enzyme/family/domain annotation | PP4198 (OmpA family protein) — non-enzyme/family/domain annotation		2
TRPTA	Tryptophan transaminase	NP_746542_1 or NP_746566_1 or NP_747376_1	3	PP4429 (GntR family transcriptional regulator) — non-enzyme/family/domain annotation | PP5275 (transcriptional regulator) — non-enzyme/family/domain annotation		2
TOLtex	Toluene  outer membrane porin transport	NP_743282_1 or NP_746315_1	2	PP1121 (OmpA family protein) — non-enzyme/family/domain annotation | PP4198 (OmpA family protein) — non-enzyme/family/domain annotation		2
SULFACabcpp	Sulfoacetate transport via ABC system (periplasm)	(NP_742377_1 and NP_742835_1 and NP_745371_1) or (NP_742377_1 and NP_745080_1 and NP_745371_1) or (NP_742377_1 and NP_74	4	PP0674 (ADP/ATP ratio sensor/translation inhibitor) — no word in common with the reaction name while another alternative has | PP3228 (aliphatic sulfonate-binding protein) — no word in common with the reaction name while another alternative has		2
SULFACtex	Sulfoaceate transport via diffusion (extracellular to periplasm)	NP_743282_1 or NP_746315_1	2	PP1121 (OmpA family protein) — non-enzyme/family/domain annotation | PP4198 (OmpA family protein) — non-enzyme/family/domain annotation		2
TDPGDH	DTDPglucose 4,6-dehydratase	NP_743331_1 or NP_743935_1 or NP_743941_1	3	PP1171 (uronate dehydrogenase) — no word in common with the reaction name while another alternative has | PP1779 (lipopolysaccharide ABC transporter ATP-binding protein) — no word in common with the reaction name while another alternative has		2
TAURabcpp	Taurine transport via ABC system (periplasm)	(NP_742376_1 and NP_742378_1 and NP_745771_1) or (NP_742378_1 and NP_745771_1 and NP_745772_1) or (NP_742399_1 and NP_74	4	PP0237 (aliphatic sulfonatesABC transporter substrate-binding protein) — no word in common with the reaction name while another alternative has | PP0239 (aliphatic sulfonatesABC transporter permease) — no word in common with the reaction name while another alternative has		2
TAURtex	Taurine transport via diffusion (extracellular to periplasm)	NP_742402_1 or NP_743282_1 or NP_746315_1	3	PP1121 (OmpA family protein) — non-enzyme/family/domain annotation | PP4198 (OmpA family protein) — non-enzyme/family/domain annotation		2
ACOAD1f	Acyl-CoA dehydrogenase (butanoyl-CoA)	NP_742537_1 or NP_744048_1 or NP_744189_1 or NP_744365_1 or NP_746885_1 or NP_747051_1	6	PP0370 (acyl-CoA dehydrogenase family protein) — non-enzyme/family/domain annotation | PP4948 (acyl-CoA dehydrogenase family protein) — non-enzyme/family/domain annotation		2
ACOAD2f	Acyl-CoA dehydrogenase (hexanoyl-CoA)	NP_742537_1 or NP_744048_1 or NP_744189_1 or NP_744365_1 or NP_746885_1 or NP_747051_1	6	PP0370 (acyl-CoA dehydrogenase family protein) — non-enzyme/family/domain annotation | PP4948 (acyl-CoA dehydrogenase family protein) — non-enzyme/family/domain annotation		2
ACOAD3f	Acyl-CoA dehydrogenase (octanoyl-CoA)	NP_742537_1 or NP_744048_1 or NP_744189_1 or NP_746885_1 or NP_747051_1	5	PP0370 (acyl-CoA dehydrogenase family protein) — non-enzyme/family/domain annotation | PP4948 (acyl-CoA dehydrogenase family protein) — non-enzyme/family/domain annotation		2
ACOAD4f	Acyl-CoA dehydrogenase (decanoyl-CoA)	NP_742537_1 or NP_744048_1 or NP_744189_1 or NP_746885_1 or NP_747051_1	5	PP0370 (acyl-CoA dehydrogenase family protein) — non-enzyme/family/domain annotation | PP4948 (acyl-CoA dehydrogenase family protein) — non-enzyme/family/domain annotation		2
ACOAD5f	Acyl-CoA dehydrogenase (dodecanoyl-CoA)	NP_742537_1 or NP_744048_1 or NP_744189_1 or NP_746885_1 or NP_747051_1	5	PP0370 (acyl-CoA dehydrogenase family protein) — non-enzyme/family/domain annotation | PP4948 (acyl-CoA dehydrogenase family protein) — non-enzyme/family/domain annotation		2
TAUDO	Taurine dioxygenase	NP_742338_1 or NP_742398_1 or NP_746577_1	3	PP0169 (TauD/TfdA family dioxygenase) — non-enzyme/family/domain annotation | PP4466 (TauD/TfdA family dioxygenase) — non-enzyme/family/domain annotation		2
ACOAD6f	Acyl-CoA dehydrogenase (tetradecanoyl-CoA)	NP_742537_1 or NP_744048_1 or NP_744189_1 or NP_746885_1 or NP_747051_1	5	PP0370 (acyl-CoA dehydrogenase family protein) — non-enzyme/family/domain annotation | PP4948 (acyl-CoA dehydrogenase family protein) — non-enzyme/family/domain annotation		2
ACOAD7f	Acyl-CoA dehydrogenase (hexadecanoyl-CoA)	NP_742537_1 or NP_744048_1 or NP_744189_1 or NP_746885_1 or NP_747051_1	5	PP0370 (acyl-CoA dehydrogenase family protein) — non-enzyme/family/domain annotation | PP4948 (acyl-CoA dehydrogenase family protein) — non-enzyme/family/domain annotation		2
3OAR180	3-oxoacyl-[acyl-carrier-protein] reductase (n-C18:0)	NP_742595_1 or NP_742744_1 or NP_744007_1 or NP_744068_1 or NP_744098_1 or NP_744324_1 or NP_744867_1 or NP_744927_1	8	PP0429 (short-chain dehydrogenase/reductase family oxidoreductase) — non-enzyme/family/domain annotation | PP1946 (short-chain dehydrogenase/reductase family oxidoreductase) — non-enzyme/family/domain annotation		2
3OAR181	3-oxoacyl-[acyl-carrier-protein] reductase (n-C18:1)	NP_742595_1 or NP_742744_1 or NP_744007_1 or NP_744068_1 or NP_744098_1 or NP_744324_1 or NP_744867_1 or NP_744927_1	8	PP0429 (short-chain dehydrogenase/reductase family oxidoreductase) — non-enzyme/family/domain annotation | PP1946 (short-chain dehydrogenase/reductase family oxidoreductase) — non-enzyme/family/domain annotation		2
3OAR40	3-oxoacyl-[acyl-carrier-protein] reductase (n-C4:0)	NP_742595_1 or NP_742744_1 or NP_744007_1 or NP_744068_1 or NP_744098_1 or NP_744324_1 or NP_744867_1 or NP_744927_1	8	PP0429 (short-chain dehydrogenase/reductase family oxidoreductase) — non-enzyme/family/domain annotation | PP1946 (short-chain dehydrogenase/reductase family oxidoreductase) — non-enzyme/family/domain annotation		2
3OAR60	3-oxoacyl-[acyl-carrier-protein] reductase (n-C6:0)	NP_742595_1 or NP_742744_1 or NP_744007_1 or NP_744068_1 or NP_744098_1 or NP_744324_1 or NP_744867_1 or NP_744927_1	8	PP0429 (short-chain dehydrogenase/reductase family oxidoreductase) — non-enzyme/family/domain annotation | PP1946 (short-chain dehydrogenase/reductase family oxidoreductase) — non-enzyme/family/domain annotation		2
3OAR80	3-oxoacyl-[acyl-carrier-protein] reductase (n-C8:0)	NP_742595_1 or NP_742744_1 or NP_744007_1 or NP_744068_1 or NP_744098_1 or NP_744324_1 or NP_744867_1 or NP_744927_1	8	PP0429 (short-chain dehydrogenase/reductase family oxidoreductase) — non-enzyme/family/domain annotation | PP1946 (short-chain dehydrogenase/reductase family oxidoreductase) — non-enzyme/family/domain annotation		2
4HBZtex	4-Hydroxybenzoate transport (extracellular)	NP_743282_1 or NP_746315_1	2	PP1121 (OmpA family protein) — non-enzyme/family/domain annotation | PP4198 (OmpA family protein) — non-enzyme/family/domain annotation		2
3MBtex	3-methylbutanoic acid transport via diffusion (extracellular to periplasm)	NP_743282_1 or NP_746315_1	2	PP1121 (OmpA family protein) — non-enzyme/family/domain annotation | PP4198 (OmpA family protein) — non-enzyme/family/domain annotation		2
3OAR100	3-oxoacyl-[acyl-carrier-protein] reductase (n-C10:0)	NP_742595_1 or NP_742744_1 or NP_744007_1 or NP_744068_1 or NP_744098_1 or NP_744324_1 or NP_744867_1 or NP_744927_1	8	PP0429 (short-chain dehydrogenase/reductase family oxidoreductase) — non-enzyme/family/domain annotation | PP1946 (short-chain dehydrogenase/reductase family oxidoreductase) — non-enzyme/family/domain annotation		2
3OAR120	3-oxoacyl-[acyl-carrier-protein] reductase (n-C12:0)	NP_742595_1 or NP_742744_1 or NP_744007_1 or NP_744068_1 or NP_744098_1 or NP_744324_1 or NP_744867_1 or NP_744927_1	8	PP0429 (short-chain dehydrogenase/reductase family oxidoreductase) — non-enzyme/family/domain annotation | PP1946 (short-chain dehydrogenase/reductase family oxidoreductase) — non-enzyme/family/domain annotation		2
3OAR121	3-oxoacyl-[acyl-carrier-protein] reductase (n-C12:1)	NP_742595_1 or NP_742744_1 or NP_744007_1 or NP_744068_1 or NP_744098_1 or NP_744324_1 or NP_744867_1 or NP_744927_1	8	PP0429 (short-chain dehydrogenase/reductase family oxidoreductase) — non-enzyme/family/domain annotation | PP1946 (short-chain dehydrogenase/reductase family oxidoreductase) — non-enzyme/family/domain annotation		2
3OAR140	3-oxoacyl-[acyl-carrier-protein] reductase (n-C14:0)	NP_742595_1 or NP_742744_1 or NP_744007_1 or NP_744068_1 or NP_744098_1 or NP_744324_1 or NP_744867_1 or NP_744927_1	8	PP0429 (short-chain dehydrogenase/reductase family oxidoreductase) — non-enzyme/family/domain annotation | PP1946 (short-chain dehydrogenase/reductase family oxidoreductase) — non-enzyme/family/domain annotation		2
3OAR141	3-oxoacyl-[acyl-carrier-protein] reductase (n-C14:1)	NP_742595_1 or NP_742744_1 or NP_744007_1 or NP_744068_1 or NP_744098_1 or NP_744324_1 or NP_744867_1 or NP_744927_1	8	PP0429 (short-chain dehydrogenase/reductase family oxidoreductase) — non-enzyme/family/domain annotation | PP1946 (short-chain dehydrogenase/reductase family oxidoreductase) — non-enzyme/family/domain annotation		2
3OAR160	3-oxoacyl-[acyl-carrier-protein] reductase (n-C16:0)	NP_742595_1 or NP_742744_1 or NP_744007_1 or NP_744068_1 or NP_744098_1 or NP_744324_1 or NP_744867_1 or NP_744927_1	8	PP0429 (short-chain dehydrogenase/reductase family oxidoreductase) — non-enzyme/family/domain annotation | PP1946 (short-chain dehydrogenase/reductase family oxidoreductase) — non-enzyme/family/domain annotation		2
3OAR161	3-oxoacyl-[acyl-carrier-protein] reductase (n-C16:1)	NP_742595_1 or NP_742744_1 or NP_744007_1 or NP_744068_1 or NP_744098_1 or NP_744324_1 or NP_744867_1 or NP_744927_1	8	PP0429 (short-chain dehydrogenase/reductase family oxidoreductase) — non-enzyme/family/domain annotation | PP1946 (short-chain dehydrogenase/reductase family oxidoreductase) — non-enzyme/family/domain annotation		2
3OXCOAT	3-oxoadipyl-CoA thiolase	NP_743536_1 or NP_745423_1 or NP_746745_1	3	PP4636 (acetyl-CoA acetyltransferase) — no word in common with the reaction name while another alternative has		1
5DGLCNR	5-dehydro-D-gluconate reductase	NP_744103_1 or NP_744651_1	2	PP1951 (short-chain dehydrogenase/reductase family oxidoreductase) — non-enzyme/family/domain annotation		1
ABUTD	Aminobutyraldehyde dehydrogenase	NP_743639_1 or NP_745782_1	2	PP3646 (aldehyde dehydrogenase family protein) — non-enzyme/family/domain annotation		1
ACACT2r	Acetyl-CoA C-acyltransferase (butanoyl-CoA) (r)	NP_742745_1 or NP_745884_1	2	PP0582 (thiolase family protein) — non-enzyme/family/domain annotation		1
ACACT3r	Acetyl-CoA C-acyltransferase (hexanoyl-CoA) (r)	NP_742745_1 or NP_745884_1	2	PP0582 (thiolase family protein) — non-enzyme/family/domain annotation		1
ACACT4r	Acetyl-CoA C-acyltransferase (octanoyl-CoA) (r)	NP_742745_1 or NP_745884_1	2	PP0582 (thiolase family protein) — non-enzyme/family/domain annotation		1
ACACT5r	Acetyl-CoA C-acyltransferase (decanoyl-CoA) (r)	NP_742745_1 or NP_745884_1	2	PP0582 (thiolase family protein) — non-enzyme/family/domain annotation		1
ACACT6r	Acetyl-CoA C-acyltransferase (dodecanoyl-CoA) (r)	NP_742745_1 or NP_745884_1	2	PP0582 (thiolase family protein) — non-enzyme/family/domain annotation		1
ACACT7r	Acetyl-CoA C-acyltransferase (tetradecanoyl-CoA) (r)	NP_742745_1 or NP_745884_1	2	PP0582 (thiolase family protein) — non-enzyme/family/domain annotation		1
ACACT8r	Acetyl-CoA acyltransferase (hexadecanoyl-CoA), (r)	NP_742745_1 or NP_745884_1	2	PP0582 (thiolase family protein) — non-enzyme/family/domain annotation		1
SULabcpp	Sulfate transport via ABC system (periplasm)	(NP_743880_1 and NP_746421_1 and NP_747238_1) or (NP_745958_1 and NP_745960_1 and NP_747237_1) or (NP_747269_1 and NP_74	3	PP3828 (molybdate-binding protein) — no word in common with the reaction name while another alternative has		1
TDP	Thiamin pyrophosphatase	NP_745786_1 or NP_746143_1	2	PP4013 (MutT/nudix family protein) — non-enzyme/family/domain annotation		1
TDPDRR	DTDP-4-dehydrorhamnose reductase	NP_742664_1 or NP_743940_1	2	PP0500 (dTDP-4-rhamnose reductase-like protein) — non-enzyme/family/domain annotation; no word in common with the reaction name while another alternative has		1
THIORDXi	Hydrogen peroxide reductase (thioredoxin)	(NP_742674_1 and NP_743395_1) or (NP_743395_1 and NP_747316_1)	2	PP1235 (AhpC/TSA family protein) — non-enzyme/family/domain annotation; no word in common with the reaction name while another alternative has		1
THRt2pp	L-threonine efflux transport via proton antiport (periplasm)	NP_744388_1 or NP_745165_1	2	PP3021 (LysE family transporter) — non-enzyme/family/domain annotation		1
TMDS	Thymidylate synthase	NP_744634_1 or NP_747242_1	2	PP2486 (Oye family NADH-dependent flavin oxidoreductase) — non-enzyme/family/domain annotation; no word in common with the reaction name while another alternative has		1
TRDR	Thioredoxin reductase (NADPH)	NP_742674_1 or NP_742947_1 or NP_744588_1 or NP_747170_1	4	PP2440 (alkyl hydroperoxide reductase subunit F) — no word in common with the reaction name while another alternative has		1
TRSARr	Tartronate semialdehyde reductase	NP_743304_1 or NP_746415_1	2	PP1143 (3-hydroxyisobutyrate dehydrogenase family protein) — non-enzyme/family/domain annotation; no word in common with the reaction name while another alternative has		1
TYRt2rpp	L-tyrosine reversible transport via proton symport (periplasm)	NP_743088_1 or NP_746603_1 or NP_746606_1	3	PP4492 (carbohydrate efflux transporter) — no word in common with the reaction name while another alternative has		1
USHD	UDP-sugar hydrolase	NP_745046_1 or NP_746620_1	2	PP4510 (hypothetical protein PP_4510) — non-enzyme/family/domain annotation		1
VALabcpp	L-valine transport via ABC system (periplasm)	(NP_743457_1 and NP_743458_1 and NP_743459_1 and NP_743460_1) or (NP_743298_1 and NP_743299_1 and NP_743300_1 and NP_743	3	PP4867 (BraC-like branched-chain amino acid ABC transporter substrate-binding protein) — non-enzyme/family/domain annotation		1
XANt2	Xanthine transport in via proton symport	NP_746122_1 or NP_746406_1	2	PP4290 (uric acid permease) — no word in common with the reaction name while another alternative has		1
ZN2t3pp	Zinc (Zn+2) transport out via proton antiport (periplasm)	NP_742196_1 or NP_746880_1	2	PP4774 (divalent cation efflux transporter) — no word in common with the reaction name while another alternative has		1
GMPS	GMP synthase	NP_742888_1 or NP_743997_1	2	PP0727 (hypothetical protein PP_0727) — non-enzyme/family/domain annotation		1
GTHPi	Glutathione peridoxase	NP_742938_1 or NP_743843_1 or NP_744029_1	3	PP1874 (hydroperoxy fatty acid reductase Gpx1) — no word in common with the reaction name while another alternative has		1
GTPDPK	GTP diphosphokinase	NP_743813_1 or NP_744598_1	2	PP2450 (hypothetical protein PP_2450) — non-enzyme/family/domain annotation		1
GUAt2r	Guanine reversible transport via proton symport	NP_742870_1 or NP_746122_1	2	PP0709 (NCS1 family transporter) — non-enzyme/family/domain annotation		1
HEMEOS	Heme O synthase	NP_742280_1 or NP_742977_1	2	PP0110 (CyoE-like protoheme IX farnesyltransferase) — non-enzyme/family/domain annotation		1
HMGL	Hydroxymethylglutaryl-CoA lyase	NP_745534_1 or NP_745677_1	2	PP3394 (3-hydroxy-3-methylglutaryl-CoA lyase) — no word in common with the reaction name while another alternative has		1
HPPK	2-amino-4-hydroxy-6-hydroxymethyldihydropteridine diphosphokinase	NP_742560_1 or NP_746807_1	2	PP4698 (6-hydroxymethyl-7,8-dihydropterin pyrophosphokinase) — no word in common with the reaction name while another alternative has		1
FLDR	Flavodoxin reductase (NADPH)	(NP_742845_1 and NP_744781_1) or (NP_743581_1 and NP_744781_1)	2	PP1423 (hypothetical protein PP_1423) — non-enzyme/family/domain annotation		1
FOLD3	Dihydropteroate synthase	NP_742560_1 or NP_746825_1	2	PP0393 (2-amino-4-hydroxy-6-hydroxymethyldihydropteridine pyrophosphokinase) — no word in common with the reaction name while another alternative has		1
G1PACT	Glucosamine-1-phosphate N-acetyltransferase	NP_742887_1 or NP_747511_1	2	PP0726 (transferase) — no word in common with the reaction name while another alternative has		1
G3PD	Glycerol-3-phosphate dehydrogenase (FAD)	NP_743234_1 or NP_747034_1	2	PP4931 (hypothetical protein PP_4931) — non-enzyme/family/domain annotation; no word in common with the reaction name while another alternative has		1
GALCTNt2r	D-galactonate transport via proton symport, reversible	NP_743867_1 or NP_744190_1	2	PP1710 (phthalate permease family MFS transporter) — non-enzyme/family/domain annotation		1
GALUi	UTP-glucose-1-phosphate uridylyltransferase (irreversible)	NP_742887_1 or NP_745951_1	2	PP0726 (transferase) — no word in common with the reaction name while another alternative has		1
GALURt2rpp	D-galacturonate transport via proton symport, reversible (periplasm)	NP_744515_1 or NP_744748_2	2	PP2604 (major facilitator family transporter) — non-enzyme/family/domain annotation		1
GGGABADr	Gamma-glutamyl-gamma aminobutyric acid dehydrogenase	NP_744100_1 or NP_745782_1	2	PP3646 (aldehyde dehydrogenase family protein) — non-enzyme/family/domain annotation		1
GLCDpp	Glucose dehydrogenase (ubiquinone-8 as acceptor) (periplasm)	NP_743602_1 or NP_744347_1	2	PP2198 (aldose sugar dehydrogenase) — no word in common with the reaction name while another alternative has		1
GLCNt2rpp	D-gluconate transport via proton symport, reversible (periplasm)	NP_742813_1 or NP_745555_1	2	PP0652 (gluconate transporter) — no word in common with the reaction name while another alternative has		1
GLCP	Glycogen phosphorylase	NP_746184_1 or NP_747142_1	2	PP4058 (1,4-alpha-glucan branching enzyme) — no word in common with the reaction name while another alternative has		1
GLCURt2rpp	D-glucuronate transport via proton symport, reversible (periplasm)	NP_744515_1 or NP_744748_2	2	PP2604 (major facilitator family transporter) — non-enzyme/family/domain annotation		1
GLNS	Glutamine synthetase	NP_746513_1 or NP_747147_1 or NP_747400_1	3	PP5299 (glutamate-putrescine ligase) — no word in common with the reaction name while another alternative has		1
GLUN	Glutaminase	NP_743320_1 or NP_744601_1	2	PP1160 (asparaginase family protein) — non-enzyme/family/domain annotation		1
GLYCTO1	Glycolate oxidase	NP_746604_1 or (NP_745876_1 and NP_745877_1 and NP_745878_1)	2	PP4493 (putative oxidoreductase) — non-enzyme/family/domain annotation; no word in common with the reaction name while another alternative has		1
GLYOX	Hydroxyacylglutathione hydrolase	NP_742222_1 or NP_746262_1	2	PP0052 (beta-lactamase domain-containing protein) — non-enzyme/family/domain annotation; no word in common with the reaction name while another alternative has		1
GLYt2r	Glycine reversible transport via proton symport	NP_742661_1 or NP_746945_1	2	PP0496 (sodium/alanine symporter) — no word in common with the reaction name while another alternative has		1
GMHEPAT	D-glycero-D-manno-hepose 1-phosphate adenyltransferase	NP_743991_2 or NP_747037_1	2	PP1836 (ZIP family metal transporter) — non-enzyme/family/domain annotation; no word in common with the reaction name while another alternative has		1
GMHEPK	D-glycero-D-manno-heptose 7-phosphate kinase	NP_743991_2 or NP_747037_1	2	PP1836 (ZIP family metal transporter) — non-enzyme/family/domain annotation; no word in common with the reaction name while another alternative has		1
ILEabcpp	L-isoleucine transport via ABC system (periplasm)	(NP_743457_1 and NP_743458_1 and NP_743459_1 and NP_743460_1) or (NP_743298_1 and NP_743299_1 and NP_743300_1 and NP_743	3	PP4867 (BraC-like branched-chain amino acid ABC transporter substrate-binding protein) — non-enzyme/family/domain annotation		1
IZPN	Imidazolonepropionase	NP_745338_1 or NP_747131_1	2	PP3194 (hypothetical protein PP_3194) — non-enzyme/family/domain annotation; no word in common with the reaction name while another alternative has		1
KAT3	3-ketoacyl-CoA thiolase	NP_742745_1 or NP_744286_1	2	PP0582 (thiolase family protein) — non-enzyme/family/domain annotation		1
KAT4	3-ketoacyl-CoA thiolase	NP_742745_1 or NP_744286_1	2	PP0582 (thiolase family protein) — non-enzyme/family/domain annotation		1
KAT5	3-ketoacyl-CoA thiolase	NP_742745_1 or NP_744286_1	2	PP0582 (thiolase family protein) — non-enzyme/family/domain annotation		1
KAT6	3-ketoacyl-CoA thiolase	NP_742745_1 or NP_744286_1	2	PP0582 (thiolase family protein) — non-enzyme/family/domain annotation		1
KAT7	3-ketoacyl-CoA thiolase	NP_742745_1 or NP_744286_1	2	PP0582 (thiolase family protein) — non-enzyme/family/domain annotation		1
Kt2r	Potassium reversible transport  via proton symport	NP_744078_1 or NP_746617_1 or NP_747456_1	3	PP1925 (monooxygenase) — no word in common with the reaction name while another alternative has		1
Kt3pp	Potassium transport out via proton antiport (periplasm)	NP_743513_1 or NP_745454_1 or NP_747347_1 or NP_747456_1	4	PP1354 (multidrug MFS transporter) — no word in common with the reaction name while another alternative has		1
LALDO	D-Lactaldehyde NAD+ oxidoreductase (glutathione-formylating)	NP_743773_1 or NP_746100_1	2	PP1616 (glutathione-dependent formaldehyde dehydrogenase) — no word in common with the reaction name while another alternative has		1
LEUabcpp	L-leucine transport via ABC system (periplasm)	(NP_743457_1 and NP_743458_1 and NP_743459_1 and NP_743460_1) or (NP_743298_1 and NP_743299_1 and NP_743300_1 and NP_743	3	PP4867 (BraC-like branched-chain amino acid ABC transporter substrate-binding protein) — non-enzyme/family/domain annotation		1
L_LACt2rpp	L-lactate reversible transport via proton symport (periplasm)	NP_743343_1 or NP_746843_1	2	PP1183 (siderophore biosynthesis protein) — no word in common with the reaction name while another alternative has		1
LSERDHr	L-serine dehydrogenase	NP_743434_1 or NP_746967_1	2	PP1274 (short-chain dehydrogenase/reductase family oxidoreductase) — non-enzyme/family/domain annotation		1
LYSabcpp	L-lysine transport via ABC system (periplasm)	(NP_746538_1 and NP_747125_1) or (NP_742447_1 and NP_742448_1 and NP_742449_1 and NP_742450_1) or (NP_745729_1 and NP_74	4	PP3596 (D-lysine oxidase) — no word in common with the reaction name while another alternative has		1
LYSt3pp	L-lysine transport out via proton antiport (cytoplasm to periplasm)	NP_743077_1 or NP_744320_1	2	PP2171 (LysE family transporter) — non-enzyme/family/domain annotation		1
MAN1PT2	Mannose-1-phosphate guanylyltransferase (GDP)	NP_742572_1 or NP_743437_1	2	PP0406 (nucleotidyltransferase family protein) — non-enzyme/family/domain annotation; no word in common with the reaction name while another alternative has		1
MDDEP1pp	Murein D,D-endopeptidase (murein4px4p) (periplasm)	NP_744248_1 or NP_745924_1	2	PP2098 (D-alanyl-D-alanine carboxypeptidase) — no word in common with the reaction name while another alternative has		1
MDDEP3pp	Murein D,D-endopeptidase (murein5px4p) (periplasm)	NP_744248_1 or NP_745924_1	2	PP2098 (D-alanyl-D-alanine carboxypeptidase) — no word in common with the reaction name while another alternative has		1
MDDEP4pp	Murein D,D-endopeptidase (murein4px4px4p) (periplasm)	NP_744248_1 or NP_745924_1	2	PP2098 (D-alanyl-D-alanine carboxypeptidase) — no word in common with the reaction name while another alternative has		1
DAGK160	Diacylglycerol kinase (n-C16:0)	NP_743793_1 or NP_744274_3	2	PP2125 (lipid kinase) — no word in common with the reaction name while another alternative has		1
DAGK161	Diacylglycerol kinase (n-C16:1)	NP_743793_1 or NP_744274_3	2	PP2125 (lipid kinase) — no word in common with the reaction name while another alternative has		1
DAGK180	Diacylglycerol kinase (n-C18:0)	NP_743793_1 or NP_744274_3	2	PP2125 (lipid kinase) — no word in common with the reaction name while another alternative has		1
DAGK181	Diacylglycerol kinase (n-C18:1)	NP_743793_1 or NP_744274_3	2	PP2125 (lipid kinase) — no word in common with the reaction name while another alternative has		1
DALAt2r	D-alanine transport via proton symport	NP_742661_1 or NP_746945_1	2	PP0496 (sodium/alanine symporter) — no word in common with the reaction name while another alternative has		1
DARBt3ipp	D-arabinose transport via proton antiport (periplasm)	NP_742953_1 or NP_744576_1	2	PP0792 (catabolite DNA-binding transcriptional regulator) — non-enzyme/family/domain annotation		1
DHAD1	Dihydroxy-acid dehydratase (2,3-dihydroxy-3-methylbutanoate)	NP_746602_1 or NP_747229_1	2	PP4491 (pterin-4-alpha-carbinolamine dehydratase) — no word in common with the reaction name while another alternative has		1
DHAD2	Dihydroxy-acid dehydratase (2,3-dihydroxy-3-methylpentanoate)	NP_746602_1 or NP_747229_1	2	PP4491 (pterin-4-alpha-carbinolamine dehydratase) — no word in common with the reaction name while another alternative has		1
DHORTS	Dihydroorotase	NP_743247_1 or NP_747101_1	2	PP4999 (dihydroorotase-like protein) — non-enzyme/family/domain annotation; no word in common with the reaction name while another alternative has		1
FACOAE140	Fatty-acid-CoA thioesterase (tetradecanoate)	NP_746868_1 or NP_747457_1	2	PP5356 (hydrolase VdlD) — no word in common with the reaction name while another alternative has		1
FACOAE160	Fatty-acid-CoA thioesterase (hexadecanoate)	NP_746868_1 or NP_747457_1	2	PP5356 (hydrolase VdlD) — no word in common with the reaction name while another alternative has		1
FACOAE161	Fatty-acid-CoA thioesterase (hexadecenoate)	NP_746868_1 or NP_747457_1	2	PP5356 (hydrolase VdlD) — no word in common with the reaction name while another alternative has		1
FADRx	FAD reductase	NP_744841_2 or NP_747313_1	2	PP2697 (flavin reductase domain-containing oxidoreductase) — non-enzyme/family/domain annotation		1
FE2abc	Iron (II) transport via ABC system	NP_743592_1 or (NP_744739_2 and NP_744740_1) or (NP_743239_1 and NP_746985_1 and NP_746986_1)	3	PP1434 (GTPase Era) — no word in common with the reaction name while another alternative has		1
FEENTER2tpp	Enterochelin transport2 via ABC system periplasm	NP_742336_1 or NP_742965_1	2	PP0167 (toxin secretion ATP-binding protein) — no word in common with the reaction name while another alternative has		1
MDH	Malate dehydrogenase	NP_742815_2 or NP_744979_1	2	PP2835 (putative oxidoreductase) — non-enzyme/family/domain annotation; no word in common with the reaction name while another alternative has		1
METGL	Methionine g lyase	NP_743468_1 or NP_746463_1	2	PP4348 (cystathionine beta-lyase) — no word in common with the reaction name while another alternative has		1
METS	Methionine synthase	NP_744524_1 or NP_746746_1	2	PP4637 (5-methyltetrahydropteroyltriglutamate-homocysteine S-methyltransferase family protein) — non-enzyme/family/domain annotation; no word in common with the reaction name while another alternative has		1
MG2uabcpp	Magnesium (Mg+2) ABC transporter (ubtake, periplasm)	NP_744789_1 or NP_745387_1 or NP_746582_1	3	PP3244 (MgtC family magnesium transporter) — non-enzyme/family/domain annotation		1
MI1PP	Myo-inositol 1-phosphatase	NP_742999_1 or NP_745301_1	2	PP3157 (inositol monophosphatase family protein) — non-enzyme/family/domain annotation		1
MLTGY1pp	Murein lytic transglycosylase (murein4p4p) (periplasm)	NP_743197_2 or NP_744279_1 or NP_744436_1 or NP_745560_1 or NP_746263_1 or NP_746910_1 or NP_747074_1	7	PP2287 (internal core protein) — no word in common with the reaction name while another alternative has		1
MLTGY2pp	Murein lytic transglycosylase (murein4p3p) (periplasm)	NP_743197_2 or NP_744279_1 or NP_744436_1 or NP_745560_1 or NP_746263_1 or NP_746910_1 or NP_747074_1	7	PP2287 (internal core protein) — no word in common with the reaction name while another alternative has		1
MLTGY3pp	Murein lytic transglycosylase (murein3p3p) (periplasm)	NP_743197_2 or NP_744279_1 or NP_744436_1 or NP_745560_1 or NP_746263_1 or NP_746910_1 or NP_747074_1	7	PP2287 (internal core protein) — no word in common with the reaction name while another alternative has		1
MLTGY4pp	Murein lytic transglycosylase (murein4px4p4p) (periplasm)	NP_743197_2 or NP_744279_1 or NP_744436_1 or NP_745560_1 or NP_746263_1 or NP_746910_1 or NP_747074_1	7	PP2287 (internal core protein) — no word in common with the reaction name while another alternative has		1
MOBDabcpp	Molybdate transport via ABC system (periplasm)	(NP_743880_1 and NP_746421_1 and NP_747238_1) or (NP_745958_1 and NP_745960_1 and NP_747237_1)	2	PP3828 (molybdate-binding protein) — no word in common with the reaction name while another alternative has		1
MTHFR3	5 10 methylenetetrahydrofolatereductase  NADPH	NP_744920_1 or NP_746747_1 or NP_747079_1	3	PP2776 (homocysteine S-methyltransferase family protein) — non-enzyme/family/domain annotation		1
MTI	Maltose trehalose isomerase	NP_746185_1 or NP_746186_1	2	PP4060 (alpha-1,4-glucan:maltose-1-phosphate maltosyltransferase) — no word in common with the reaction name while another alternative has		1
NADH10	NADH dehydrogenase (menaquinone-8 & 0 protons)	NP_743801_1 or NP_745011_1	2	PP2867 (pyridine nucleotide-disulphide oxidoreductase family protein) — non-enzyme/family/domain annotation		1
NADH5	NADH dehydrogenase (ubiquinone-8 )	NP_742787_1 or NP_745011_1	2	PP2867 (pyridine nucleotide-disulphide oxidoreductase family protein) — non-enzyme/family/domain annotation		1
NADPHQR2	NADPH Quinone Reductase (Ubiquinone-8)	NP_742242_1 or NP_745742_1 or NP_746770_1	3	PP4661 (drug activity modulator B) — no word in common with the reaction name while another alternative has		1
NADS2	Nicotinate-mononucleotide adenylyltransferase	NP_745163_1 or NP_746974_1	2	PP3019 (carbon-nitrogen hydrolase family protein) — non-enzyme/family/domain annotation		1
NAt3_2	Sodium proton antiporter (H:NA is 2)	NP_745693_1 or NP_746088_1	2	PP3556 (membrane protein) — no word in common with the reaction name while another alternative has		1
NI2uabcpp	Nickel transport via ABC system (uptake, periplasm)	NP_744789_1 or (NP_745482_1 and NP_745483_1 and NP_745484_1 and NP_745485_1 and NP_745486_1)	2	PP2645 (ATP-dependent magnesium transporter) — no word in common with the reaction name while another alternative has		1
CD2t3pp	Cadmium (Cd+2) transport out via proton antiport (periplasm)	NP_742196_1 or NP_746880_1	2	PP4774 (divalent cation efflux transporter) — no word in common with the reaction name while another alternative has		1
CHOLD	Choline dehydrogenase	NP_742226_1 or NP_744199_1 or NP_747165_1	3	PP2049 (alcohol dehydrogenase) — no word in common with the reaction name while another alternative has		1
CMCMSAD	4 carboxy 2 hydroxymuconate 6 semialdehyde dehydrogenase	NP_742826_1 or NP_745782_1	2	PP3646 (aldehyde dehydrogenase family protein) — non-enzyme/family/domain annotation		1
COBALT2t3pp	Cobalt (Co+2) transport out via proton antiport (periplasm)	NP_742196_1 or NP_746880_1	2	PP4774 (divalent cation efflux transporter) — no word in common with the reaction name while another alternative has		1
CYSS	Cysteine synthase	NP_743274_1 or NP_743811_1 or NP_746680_1	3	PP1113 (pyridoxal-phosphate dependent enzyme family protein) — non-enzyme/family/domain annotation; no word in common with the reaction name while another alternative has		1
DAGK120	Diacylglycerol kinase (n-C12:0)	NP_743793_1 or NP_744274_3	2	PP2125 (lipid kinase) — no word in common with the reaction name while another alternative has		1
DAGK140	Diacylglycerol kinase (n-C14:0)	NP_743793_1 or NP_744274_3	2	PP2125 (lipid kinase) — no word in common with the reaction name while another alternative has		1
DAGK141	Diacylglycerol kinase (n-C14:1)	NP_743793_1 or NP_744274_3	2	PP2125 (lipid kinase) — no word in common with the reaction name while another alternative has		1
NTP1	Nucleoside-triphosphatase (ATP)	NP_746826_1 or NP_746835_1 or NP_747006_1	3	PP4727 (chaperone protein DnaK) — non-enzyme/family/domain annotation		1
OAAt2_2pp	Oxaloacetate transport via proton symport 2 H  periplasm	NP_744206_2 or NP_744388_1	2	PP2239 (threonine/homoserine exporter) — no word in common with the reaction name while another alternative has		1
OCOAT1	3-oxoacid CoA-transferase (Succinyl-CoA: acetoacetate)	NP_747367_2 or (NP_745266_1 and NP_745267_1)	2	PP5266 (acetyl-CoA hydrolase family protein) — non-enzyme/family/domain annotation; no word in common with the reaction name while another alternative has		1
ORNCD	Ornithine cyclodeaminase	NP_745334_1 or NP_745670_1 or NP_746544_1	3	PP3190 (ornithine cyclodeaminase/mu-crystallin family protein) — non-enzyme/family/domain annotation		1
ORNTAC	Ornithine transacetylase	NP_743505_1 or NP_744848_1	2	PP2704 (M20/M25/M40 family peptidase) — non-enzyme/family/domain annotation		1
OXOAEL	3-oxoadipate enol-lactone hydrolase	NP_742716_1 or NP_743539_1	2	PP0553 (acetoin cleaving system dihydrolipoyllysine-residue acetyltransferase) — no word in common with the reaction name while another alternative has		1
OXPTNDH	Glutarate-semialdehyde:NAD+ oxidoreductase	NP_742381_1 or NP_744611_1 or NP_744636_1 or NP_746535_1	4	PP2463 (nucleic acid cold-shock chaperone) — non-enzyme/family/domain annotation		1
P5CD	1-pyrroline-5-carboxylate dehydrogenase	NP_743416_1 or NP_747050_1	2	PP1256 (alpha-ketoglutarate semialdehyde dehydrogenase) — no word in common with the reaction name while another alternative has		1
PDE1	3',5'-cyclic-nucleotide phosphodiesterase	NP_745808_1 or NP_745965_1	2	PP3672 (hypothetical protein PP_3672) — non-enzyme/family/domain annotation		1
PE120abcpp	Phosphatidylethanolamine transport via ABC system (n-C12:0, periplasm)	NP_744268_1 or NP_745604_1 or NP_747038_1	3	PP4935 (lipid A export ATP-binding/permease MsbA) — no word in common with the reaction name while another alternative has		1
PE160abcpp	Phosphatidylethanolamine transport via ABC system (n-C16:0, periplasm)	NP_744268_1 or NP_745604_1 or NP_747038_1	3	PP4935 (lipid A export ATP-binding/permease MsbA) — no word in common with the reaction name while another alternative has		1
PE161abcpp	Phosphatidylethanolamine transport via ABC system (n-C16:1, periplasm)	NP_744268_1 or NP_745604_1 or NP_747038_1	3	PP4935 (lipid A export ATP-binding/permease MsbA) — no word in common with the reaction name while another alternative has		1
PE180abcpp	Phosphatidylethanolamine transport via ABC system (n-C18:0, periplasm)	NP_744268_1 or NP_745604_1 or NP_747038_1	3	PP4935 (lipid A export ATP-binding/permease MsbA) — no word in common with the reaction name while another alternative has		1
PE181abcpp	Phosphatidylethanolamine transport via ABC system (n-C18:1, periplasm)	NP_744268_1 or NP_745604_1 or NP_747038_1	3	PP4935 (lipid A export ATP-binding/permease MsbA) — no word in common with the reaction name while another alternative has		1
PERD	Erythronate 4-phosphate (4per) dehydrogenase	NP_744266_1 or NP_744678_1	2	PP2533 (D-isomer specific 2-hydroxyacid dehydrogenase family protein) — non-enzyme/family/domain annotation		1
PGAMT	Phosphoglucosamine mutase	NP_745715_1 or NP_746824_1	2	PP3578 (phosphoglucomutase) — no word in common with the reaction name while another alternative has		1
PGL	6-phosphogluconolactonase	NP_743184_1 or NP_744171_1	2	PP2021 (L-alpha-hydroxyglutaric acid gamma-lactonase) — no word in common with the reaction name while another alternative has		1
PGM	Phosphoglycerate mutase	NP_744204_1 or NP_747157_1	2	PP2054 (DNA-binding transcriptional regulator) — non-enzyme/family/domain annotation; no word in common with the reaction name while another alternative has		1
PGMT	Phosphoglucomutase	NP_743933_1 or NP_745715_1	2	PP1777 (phosphomannomutase) — no word in common with the reaction name while another alternative has		1
PGP120abcpp	Phosphatidylglycerophosphate transport via ABC system (n-C12:0, periplasm)	NP_744268_1 or NP_745604_1 or NP_747038_1	3	PP4935 (lipid A export ATP-binding/permease MsbA) — no word in common with the reaction name while another alternative has		1
PGP160abcpp	Phosphatidylglycerophosphate transport via ABC system (n-C16:0, periplasm)	NP_744268_1 or NP_745604_1 or NP_747038_1	3	PP4935 (lipid A export ATP-binding/permease MsbA) — no word in common with the reaction name while another alternative has		1
PGP161abcpp	Phosphatidylglycerophosphate transport via ABC system (n-C16:1, periplasm)	NP_744268_1 or NP_745604_1 or NP_747038_1	3	PP4935 (lipid A export ATP-binding/permease MsbA) — no word in common with the reaction name while another alternative has		1
ACS	Acetyl-CoA synthetase	NP_745215_1 or NP_746598_2 or NP_746811_1	3	PP3071 (acetoacetyl-CoA synthetase) — no word in common with the reaction name while another alternative has		1
ADEt2	Adenine transport in via proton symport	NP_742870_1 or NP_746122_1	2	PP0709 (NCS1 family transporter) — non-enzyme/family/domain annotation		1
ADNCYC	Adenylate cyclase	NP_744361_1 or NP_747323_1	2	PP2212 (leucine-rich repeat-containing protein) — no word in common with the reaction name while another alternative has		1
AGPR	N-acetyl-g-glutamyl-phosphate reductase	NP_742598_1 or NP_745769_1	2	PP3633 (ArgC-like N-acetyl-gamma-glutamyl-phosphate reductase) — non-enzyme/family/domain annotation		1
ALAt2r	L alanine reversible transport via proton symport	NP_742661_1 or NP_746945_1	2	PP4840 (D-alanine/beta-alanine/D-serine/glycine permease) — no word in common with the reaction name while another alternative has		1
ALATA_L	L-alanine transaminase	NP_742978_1 or NP_744027_1 or NP_745681_1 or NP_746801_1	4	PP3544 (GntR family transcriptional regulator) — non-enzyme/family/domain annotation		1
ALCD2y	Alcohol dehydrogenase (ethanol, NADP)	NP_744574_1 or NP_746100_1	2	PP3970 (Zn-dependent oxidoreductase) — no word in common with the reaction name while another alternative has		1
ALCD3	Alcohol dehydrogenase (propanol)	NP_744826_1 or NP_744947_1	2	PP2803 (1,3-propanediol dehydrogenase) — no word in common with the reaction name while another alternative has		1
ALCD4	Alcohol dehydrogenase (butanol)	NP_744826_1 or NP_744947_1	2	PP2803 (1,3-propanediol dehydrogenase) — no word in common with the reaction name while another alternative has		1
AMMQT8_2	S-adenosylmethione:2-demethylmenaquinone methyltransferase	NP_744234_1 or NP_747113_1	2	PP2084 (ribonuclease activity regulator) — non-enzyme/family/domain annotation		1
AMPTASECG	Alanyl aminopeptidase (cys-gly)	NP_743003_1 or NP_743141_1 or NP_744167_1	3	PP0842 (cysteine desulfurase) — no word in common with the reaction name while another alternative has		1
ANPRT	Anthranilate phosphoribosyltransferase	NP_742587_1 or NP_746127_1	2	PP3997 (glycosyl transferase) — no word in common with the reaction name while another alternative has		1
ARGDC	Arginine decarboxylase	NP_742730_1 or YP_009237131_1	2	PP4140 (lysine decarboxylase) — no word in common with the reaction name while another alternative has		1
ASNN	L-asparaginase	NP_742660_1 or NP_743320_1	2	PP1160 (asparaginase family protein) — non-enzyme/family/domain annotation; no word in common with the reaction name while another alternative has		1
ATHRDHr	L-allo-threonine dehydrogenase	NP_743434_1 or NP_746967_1	2	PP1274 (short-chain dehydrogenase/reductase family oxidoreductase) — non-enzyme/family/domain annotation		1
BETALDHx	Betaine-aldehyde dehydrogenase	NP_745782_1 or NP_747164_1	2	PP3646 (aldehyde dehydrogenase family protein) — non-enzyme/family/domain annotation		1
PGP180abcpp	Phosphatidylglycerophosphate transport via ABC system (n-C18:0, periplasm)	NP_744268_1 or NP_745604_1 or NP_747038_1	3	PP4935 (lipid A export ATP-binding/permease MsbA) — no word in common with the reaction name while another alternative has		1
PGP181abcpp	Phosphatidylglycerophosphate transport via ABC system (n-C18:1, periplasm)	NP_744268_1 or NP_745604_1 or NP_747038_1	3	PP4935 (lipid A export ATP-binding/permease MsbA) — no word in common with the reaction name while another alternative has		1
PHEt2rpp	L-phenylalanine reversible transport via proton symport (periplasm)	NP_743088_1 or NP_746603_1 or NP_746606_1	3	PP4492 (carbohydrate efflux transporter) — no word in common with the reaction name while another alternative has		1
PMPK	Phosphomethylpyrimidine kinase	NP_746887_1 or NP_746888_1	2	PP4783 (thiamine-phosphate synthase) — no word in common with the reaction name while another alternative has		1
PPBNGS	Porphobilinogen synthase	NP_745057_1 or NP_745465_1	2	PP2913 (5-aminolevulinate dehydratase) — no word in common with the reaction name while another alternative has		1
PPGPPDP	Guanosine-3',5'-bis(diphosphate) 3'-diphosphatase	NP_744598_1 or NP_747403_1	2	PP2450 (hypothetical protein PP_2450) — non-enzyme/family/domain annotation		1
PPK2r	Polyphosphate kinase	NP_743908_1 or NP_747318_1	2	PP1752 (hypothetical protein PP_1752) — non-enzyme/family/domain annotation; no word in common with the reaction name while another alternative has		1
PROD2	Proline dehydrogenase	NP_743416_1 or NP_747050_1	2	PP1256 (alpha-ketoglutarate semialdehyde dehydrogenase) — no word in common with the reaction name while another alternative has		1
PRPPS	Phosphoribosylpyrophosphate synthetase	NP_742883_1 or NP_744888_1	2	PP2744 (ribose-phosphate pyrophosphokinase family protein) — non-enzyme/family/domain annotation		1
PTRCabcpp	Putrescine transport via ABC system (periplasm)	NP_745947_1 or (NP_742577_1 and NP_742578_1 and NP_742579_1 and NP_742580_1) or (NP_743640_1 and NP_743641_1 and NP_7436	5	PP5182 (polyamine:pyruvate transaminase) — no word in common with the reaction name while another alternative has		1
PYK	Pyruvate kinase	NP_743521_1 or NP_745446_3 or NP_746417_1	3	PP3303 (3-oxoacyl-ACP synthase) — no word in common with the reaction name while another alternative has		1
RBFK	Riboflavin kinase	NP_742764_1 or NP_744202_1	2	PP2052 (bifunctional sugar-phosphatase/mannitol-1-phosphate 5-dehydrogenase) — no word in common with the reaction name while another alternative has		1
RBFSa	Riboflavin synthase	NP_742680_1 or NP_745060_1	2	PP0517 (6,7-dimethyl-8-ribityllumazine synthase) — no word in common with the reaction name while another alternative has		1
RNDR1	Ribonucleoside-diphosphate reductase (ADP)	NP_747316_1 or (NP_743337_1 and NP_743339_1)	2	PP5215 (thioredoxin I) — no word in common with the reaction name while another alternative has		1
RNDR2	Ribonucleoside-diphosphate reductase (GDP)	NP_747316_1 or (NP_743337_1 and NP_743339_1)	2	PP5215 (thioredoxin I) — no word in common with the reaction name while another alternative has		1
RNDR3	Ribonucleoside-diphosphate reductase (CDP)	NP_747316_1 or (NP_743337_1 and NP_743339_1)	2	PP5215 (thioredoxin I) — no word in common with the reaction name while another alternative has		1
RNDR4	Ribonucleoside-diphosphate reductase (UDP)	NP_747316_1 or (NP_743337_1 and NP_743339_1)	2	PP5215 (thioredoxin I) — no word in common with the reaction name while another alternative has		1
S7PI	Sedoheptulose 7-phosphate isomerase	NP_743483_1 or NP_747451_1	2	PP5350 (RpiR family transcriptional regulator) — non-enzyme/family/domain annotation		1
SALCHS4abcpp	Salmochelin S4 transport via ABC system periplasm	NP_742336_1 or NP_742965_1	2	PP0167 (toxin secretion ATP-binding protein) — no word in common with the reaction name while another alternative has		1
SDPDS	Succinyl-diaminopimelate desuccinylase	NP_742372_1 or NP_743682_1	2	PP0203 (dipeptidase) — no word in common with the reaction name while another alternative has		1
SERD_L	L-serine deaminase	NP_742464_1 or NP_743148_1 or NP_745074_1 or NP_745288_1 or NP_746543_1	5	PP4430 (threonine dehydratase) — no word in common with the reaction name while another alternative has		1
SGSAD	Succinylglutamic semialdehyde dehydrogenase	NP_743416_1 or NP_746589_1	2	PP4478 (N-succinylglutamate 5-semialdehyde dehydrogenase) — no word in common with the reaction name while another alternative has		1
SO4t2	Sulfate transport in via proton symport	NP_745123_1 or YP_009237129_1	2	PP2979 (hypothetical protein PP_2979) — non-enzyme/family/domain annotation; no word in common with the reaction name while another alternative has		1
2MAHMP	2-Methyl-4-amino-5-hydroxymethylpyrimidine diphosphatase	NP_745786_1 or NP_746143_1	2	PP4013 (MutT/nudix family protein) — non-enzyme/family/domain annotation		1
