id	abbreviation	name	formula	charge	aliases
cpd00001	h2o	H2O	H2O	0	Name: H20; H2O; H3O+; HO-; Hydroxide ion; OH; OH-; Water; hydrogen oxide; hydroxide; hydroxide ion; hydroxyl; hydroxyl ion; oxonium; water|BiGG: h2o; oh1|KEGG: C00001; C01328
cpd00002	atp	ATP	C10H13N5O13P3	-3	Name: ATP; Adenosine 5'-triphosphate; adenosine-5'-triphosphate; adenosine-triphosphate; adenylpyrophosphate|BiGG: atp|KEGG: C00002
cpd00003	nad	NAD	C21H26N7O14P2	-1	Name: DPN; DPN+; DPN-ox; Diphosphopyridine nucleotide; NAD; NAD+; NAD-ox; NAD-oxidized; Nadide; Nicotinamide adenine dinucleotide; Nicotinamideadeninedinucleotide; beta-NAD+; beta-nicotinamide adenine dinucleotide; coenzyme I; diphosphopyridine nucleotide; diphosphopyridine nucleotide oxidized; nicotinamide adenine dinucleotide; nicotinamide adenine dinucleotide oxidized|BiGG: nad|KEGG: C00003
cpd00004	nadh	NADH	C21H27N7O14P2	-2	Name: DPNH; NAD-reduced; NADH; NADH+H+; NADH2; Nicotinamide adenine dinucleotide - reduced; Nicotinamideadeninedinucleotide-reduced; Reduced nicotinamide adenine dinucleotide; beta-NADH; dihydrodiphosphopyridine nucleotide; dihydronicotinamide adenine dinucleotide; diphosphopyridine nucleotide reduced; nicotinamide adenine dinucleotide reduced|BiGG: nadh|KEGG: C00004
cpd00005	nadph	NADPH	C21H26N7O17P3	-4	Name: NADP(H); NADP-red; NADP-reduced; NADPH; NADPH+H+; NADPH2; Nicotinamide adenine dinucleotide phosphate - reduced; Nicotinamide adenine dinucleotide phosphate-reduced; Nicotinamideadeninedinucleotidephosphate-reduced; Reduced nicotinamide adenine dinucleotide phosphate; TPNH; beta-NADPH; dihydronicotinamide adenine dinucleotide phosphate; dihydronicotinamide adenine dinucleotide phosphate reduced; dihydronicotinamide adenine dinucleotide-P; dihydrotriphosphopyridine nucleotide; dihydrotriphosphopyridine nucleotide reduced; reduced NADP; reduced dihydrotriphosphopyridine nucleotide; reduced nicotinamide adenine dinucleotide phosphate|BiGG: nadph|KEGG: C00005
cpd00006	nadp	NADP	C21H25N7O17P3	-3	Name: NADP; NADP(+); NADP+; NADP-ox; NADP-oxidized; Nicotinamide adenine dinucleotide phosphate; Nicotinamide adenine dinucleotide phosphate -; Nicotinamideadeninedinucleotidephosphate; TPN; TPN+; TPN-ox; Triphosphopyridine nucleotide; beta-NADP+; beta-Nicotinamide adenine dinucleotide phosphate; coenzyme II; nicotinamide adenine dinucleotide phosphate; nicotinamide adenine dinucleotide-P; triphosphopyridine nucleotide|BiGG: nadp|KEGG: C00006
cpd00007	o2	O2	O2	0	Name: O2; Oxygen; dioxygen; oxygen; oxygen molecule|BiGG: o2|KEGG: C00007
cpd00008	adp	ADP	C10H13N5O10P2	-2	Name: ADP; Adenosine 5'-diphosphate; Adenosine 5'-phosphate; adenosine 5'-pyrophosphate; adenosine pyrophosphate; adenosine-5'-diphosphate; adenosine-5-diphosphate; adenosine-diphosphate|BiGG: adp|KEGG: C00008; G11113
cpd00009	pi	Phosphate	HO4P	-2	Name: H2PO4-; HPO4-2; HPO42-; Orthophosphate; Orthophosphoric acid; PO43-; Phosphate; Phosphoric acid; Pi; dihydrogen phosphate; inorganic phosphate; orthophosphate; phosphate; phosphate-inorganic; phosphoric acid|BiGG: pi|KEGG: C00009
cpd00010	coa	CoA	C21H32N7O16P3S	-4	Name: CoA; CoA-SH; Coenzyme A; CoenzymeA; Coenzyme_a; HS-CoA; co-A; co-A-SH; co-enzyme-A; coenzyme A|BiGG: coa|KEGG: C00010
cpd00011	co2	CO2	CO2	0	Name: CO2; Carbon dioxide; carbon dioxide; carbonic acid gas; carbonic anhydride|BiGG: co2|KEGG: C00011
cpd00012	ppi	PPi	HO7P2	-3	Name: Diphosphate; Diphosphoric acid; PP; PPi; Pyrophosphate; Pyrophosphoric acid; diphosphate; pyrophosphate|BiGG: ppi|KEGG: C00013
cpd00013	nh4	NH3	H4N	1	Name: Ammonia; Ammonia ion; Ammonium; Ammonium(1+); NH3; NH4+; NH4plus; ammonia; ammonium|BiGG: nh3; nh4|KEGG: C00014; C01342
cpd00014	udp	UDP	C9H12N2O12P2	-2	Name: UDP; Uridine 5'-diphosphate; uridine-5'-diphosphate; uridine-diphosphate|BiGG: udp|KEGG: C00015; G10619
cpd00015	fad	FAD	C27H31N9O15P2	-2	Name: FAD; Flavin adenine dinucleotide; Flavin adenine dinucleotide oxidized; Flavin_adenine_dinucleotide; Flavinadeninedinucleotideoxidized; flavin adenine dinucleotide; flavin adenine dinucleotide oxidized; flavitan|BiGG: fad|KEGG: C00016
cpd00016	pydx5p	Pyridoxal phosphate	C8H8NO6P	-2	Name: PLP; Pyridoxal 5'-phosphate; Pyridoxal 5-phosphate; Pyridoxal phosphate; pyridoxal 5'-phosphate; pyridoxal 5-phosphate; pyridoxal phosphate; pyridoxal-5P; pyridoxal-P; vitamin B6|BiGG: pydx5p|KEGG: C00018
cpd00017	amet	S-Adenosyl-L-methionine	C15H23N6O5S	1	Name: 2-S-adenosyl-L-methionine; Acylcarnitine; AdoMet; S-ADENOSYLMETHIONINE; S-Adenosyl-L-methionine; S-Adenosylmethionine; S-adenosyl-L-methionine; S-adenosyl-methionine; S-adenosylmethionine; SAM; adenosylmethionine|BiGG: amet|KEGG: C00019
cpd00018	amp	AMP	C10H12N5O7P	-2	Name: 5'-AMP; 5'-Adenosine monophosphate; 5'-Adenylic acid; 5'-adenosine monophosphate; 5'-adenylic acid; AMP; Adenosine 5'-monophosphate; Adenosine 5'-phosphate; Adenylate; Adenylic acid; adenosine 5'-monophosphate; adenosine 5'-phosphate; adenosine-5'-phosphate; adenosine-monophosphate; adenosine-phosphate; adenylate; adenylic acid|BiGG: amp|KEGG: C00020
cpd00019	ahcys	S-Adenosyl-homocysteine	C14H20N6O5S	0	Name: 2-S-adenosyl-L-homocysteine; AdoHcy; S-Adenosyl-L-homocysteine; S-Adenosylhomocysteine; S-adenosyl-L-homocysteine; S-adenosyl-homocysteine; S-adenosylhomocysteine; SAH; adenosyl-homo-cys; adenosylhomo-cys; adenosylhomocysteine; s-adenosyl-homocysteine|BiGG: ahcys|KEGG: C00021
cpd00020	pyr	Pyruvate	C3H3O3	-1	Name: 2-Oxopropanoate; 2-Oxopropanoic acid; 2-oxo-propionic acid; 2-oxopropanoate; 2-oxopropanoic acid; BTS; Pyroracemic acid; Pyruvate; Pyruvic acid; acetylformic acid; alpha-ketopropionic acid; pyroracemic acid; pyruvate; pyruvic acid|BiGG: pyr|KEGG: C00022
cpd00022	accoa	Acetyl-CoA	C23H34N7O17P3S	-4	Name: Acetyl coenzyme A; Acetyl-CoA; ac-CoA; ac-S-CoA; acetyl coenzyme-A; acetyl-CoA; acetyl-S-CoA; acetylcoenzyme-A|BiGG: accoa|KEGG: C00024
cpd00023	glu-L	L-Glutamate	C5H8NO4	-1	Name: 1-amino-propane-1,3-dicarboxylic acid; 2-aminopentanedioic acid; GLU; Glutamate; Glutaminic acid; L-Glutamate; L-Glutamic acid; L-Glutaminic acid; L-glu; L-glutamate; L-glutamic acid; alpha-aminoglutaric acid; glt; glu; glut; glutacid; glutamate; glutaminic acid|BiGG: glu__L|KEGG: C00025
cpd00024	akg	2-Oxoglutarate	C5H4O5	-2	Name: 2-Ketoglutaric acid; 2-Oxoglutarate; 2-ketoglutarate; 2-ketoglutaric acid; 2-oxoglutarate; 2-oxoglutaric acid; 2-oxopentanedionate; 2-oxopentanedionic acid; Oxoglutaric acid; a-ketoglutaric acid; alpha-Ketoglutaric acid; alpha-ketoglutarate; alpha-ketoglutaric acid; alpha-oxoglutarate; ketoglutarate|BiGG: akg|KEGG: C00026
cpd00025	h2o2	H2O2	H2O2	0	Name: H2O2; Hydrogen peroxide; Hydrogenperoxide; Oxydol; hydrogen peroxide; hydroperoxide; perhydrol|BiGG: h2o2|KEGG: C00027
cpd00026	udpg	UDP-glucose	C15H22N2O17P2	-2	Name: UDP-D-glucose; UDP-alpha-D-glucose; UDP-glucose; UDPG; UDPglucose; Uridine diphosphate glucose|BiGG: udpg|KEGG: C00029; G10608
cpd00027	glc-D	D-Glucose	C6H12O6	0	Name: D-(+)-Glucose; D-Glucopyranose; D-Glucose; Dextrose; Glucopyranose; Glucose; Grape sugar|BiGG: glc__D|KEGG: C00031; C00293
cpd00028	pheme	Heme	C34H30FeN4O4	-2	Name: Haem; Heme; Heme B; Protoheme; Protoheme IX; ferroheme b; ferroprotoporphyrin IX; heme b; protoheme; protoheme IX|BiGG: pheme|KEGG: C00032
cpd00029	ac	Acetate	C2H3O2	-1	Name: ACET; Acetate; Acetic acid; Ethanoic acid; Glacial acetic acid; acetate; acetic acid; ethanoic acid|BiGG: ac|KEGG: C00033
cpd00030	mn2	Mn2+	Mn	2	Name: Manganese; Manganese(2+); Mn(II); Mn++; Mn+2; Mn2+; manganese (II) ion; manganese ion|BiGG: mn2|KEGG: C19610
cpd00031	gdp	GDP	C10H13N5O11P2	-2	Name: GDP; Guanosine 5'-diphosphate; Guanosine diphosphate; guanosine-5'-diphosphate; guanosine-diphosphate; ppG|BiGG: gdp|KEGG: C00035; G10620
cpd00032	oaa	Oxaloacetate	C4H2O5	-2	Name: 2-Oxobutanedioic acid; 2-Oxosuccinic acid; Oxalacetic acid; Oxaloacetate; Oxaloacetic acid; Oxosuccinic acid; keto-Oxaloacetate; keto-oxaloacetate; oxalacetate; oxalacetic acid; oxaloacetate; oxaloacetic acid|BiGG: oaa|KEGG: C00036
cpd00033	gly	Glycine	C2H5NO2	0	Name: Aminoacetic acid; Gly; Glycine; aminoacetic acid; gly; glycine|BiGG: gly|KEGG: C00037
cpd00034	zn2	Zn2+	Zn	2	Name: Zinc; Zinc cation; Zinc ion; Zn; Zn(II); Zn++; Zn+2; Zn2+; zinc ion|BiGG: zn2|KEGG: C00038
cpd00035	ala-L	L-Alanine	C3H7NO2	0	Name: L-2-Aminopropionic acid; L-Alanine; L-alanine; L-alpha-Alanine; L-alpha-alanine; ala; alanine|BiGG: ala__L|KEGG: C00041
cpd00036	succ	Succinate	C4H4O4	-2	Name: Butanedionic acid; Ethylenesuccinic acid; Succinate; Succinic acid; butanedioic acid; ethylenesuccinic acid; suc; succ; succinate; succinic acid|BiGG: succ|KEGG: C00042
cpd00037	uacgam	UDP-N-acetylglucosamine	C17H25N3O17P2	-2	Name: N-[2-[[[5-[(2,4-dioxo-1H-pyrimidin-1-yl)]-3,4-dihydroxy-tetrahydrofuran-2-yl]methoxy-hydroxy-phosphinoyl]oxy-hydroxy-phosphinoyl]oxy-4,5-dihydroxy-6-(hydroxymethyl)tetrahydropyran-3-yl]acetamide; UDP-2-acetamido-2-deoxy-alpha-D-glucose; UDP-GlcNAc; UDP-N-acetyl-D-glucosamine; UDP-N-acetyl-alpha-D-glucosamine; UDP-N-acetyl-glucosamine; UDP-N-acetylglucosamine; UDP-acetyl-D-glucosamine; UDP-alpha-N-acetyl-D-glucosamine; uridine diphosphate N-acetylglucosamine|BiGG: uacgam|KEGG: C00043; G10610
cpd00038	gtp	GTP	C10H13N5O14P3	-3	Name: GTP; Guanosine 5'-triphosphate; guanosine 5'-triphosphate; guanosine-triphosphate; guanylyl imidodiphosphate|BiGG: gtp|KEGG: C00044
cpd00039	lys-L	L-Lysine	C6H15N2O2	1	Name: 2,6-Diaminohexanoic acid; 2,6-diaminohexanoic acid; L-Lysine; L-lys; L-lysine; Lysine acid; lys; lysine; lysine acid|BiGG: lys__L|KEGG: C00047
cpd00040	glx	Glyoxalate	C2HO3	-1	Name: Glyoxalate; Glyoxylate; Glyoxylic acid; glyox; glyoxalate; glyoxylate; glyoxylic acid|BiGG: glx|KEGG: C00048
cpd00041	asp-L	L-Aspartate	C4H6NO4	-1	Name: 2-Aminosuccinic acid; L-Asp; L-Aspartate; L-Aspartic acid; L-asp; L-aspartate; L-aspartic acid; asp; aspartate; aspartic acid|BiGG: asp__L|KEGG: C00049
cpd00042	gthrd	GSH	C10H16N3O6S	-1	Name: 5-L-Glutamyl-L-cysteinylglycine; GSH; Glutathione; L-gamma-glutamyl-L-cysteinylglycine; N-(N-gamma-L-Glutamyl-L-cysteinyl)glycine; Reduced glutathione; Reducedglutathione; gamma-L-Glutamyl-L-cysteinyl-glycine; gamma-L-glutamyl-L-cysteinyl-glycine; glutathionate; glutathione; glycine, N-(N-L-gamma-glutamyl-L-cysteinyl)-; reduced glutathione|BiGG: gthrd|KEGG: C00051
cpd00043	udpgal	UDP-galactose	C15H22N2O17P2	-2	Name: UDP-D-galactopyranose; UDP-D-galactose; UDP-galactose; UDPgalactose; Uridene diphosphate galactose; uridine diphosphate galactose|BiGG: udpgal|KEGG: C00052; G10609
cpd00044	paps	3-phosphoadenylylsulfate	C10H11N5O13P2S	-4	Name: 3'-Phospho-5'-adenylyl sulfate; 3'-Phosphoadenosine 5'-phosphosulfate; 3'-Phosphoadenylyl sulfate; 3'-phospho-5'-adenylyl sulfate; 3'-phosphoadenosine-5'-phosphosulfate; 3'-phosphoadenylyl sulfate; 3'-phosphoadenylyl-sulfate; 3-Phosphoadenylylsulfate; 3-phospho-adenylylsulfate; 3-phosphoadenylyl sulfate; PAPS; phosphoadenosine phosphosulfate; phosphoadenosine-5'-phosphosulfate|BiGG: paps|KEGG: C00053
cpd00045	pap	Adenosine 3-5-bisphosphate	C10H11N5O10P2	-4	Name: 3',5'-ADP; 3'-Phosphoadenylate; Adenosine 3',5'-bisphosphate; Adenosine3-5-bisphosphate; PAP; Phosphoadenosine phosphate; adenosine 3',5'-bisphosphate; adenosine-3',5'-bisphosphate; phosphoadenosine phosphate|BiGG: pap|KEGG: C00054
cpd00046	cmp	CMP	C9H12N3O8P	-2	Name: 5'-cytidylic acid; CMP; Cytidine 5'-monophosphate; Cytidine-5'-monophosphate; Cytidylic acid; cytidine 5'-monophosphate; cytidine 5'-phosphate; cytidine-5'-monophosphate; cytidine-5'-phosphate; cytidine-P; cytidine-monophosphate; cytidine-phosphate; cytidylate; cytidylic acid|BiGG: cmp|KEGG: C00055; G10621
cpd00047	for	Formate	CHO2	-1	Name: FORM; Formate; Formic acid; Methanoic acid; formate; formic acid|BiGG: for|KEGG: C00058
cpd00048	so4	Sulfate	O4S	-2	Name: H2SO4; HSO4-; SLF; SO4--; SO4-2; SO42-; Sulfate; Sulfuric acid; bisulfate; hydrogen sulfate; sulfate; sulfuric acid; sulphate; tetraoxosulfate(2-)|BiGG: so4|KEGG: C00059
cpd00050	fmn	FMN	C17H19N4O9P	-2	Name: FMN; Flavin mononucleotide; Flavin_mononucleotide; Riboflavin-5-phosphate; flavin mononucleotide; riboflavin 5'-phosphate; riboflavin-5'-phosphate|BiGG: fmn|KEGG: C00061
cpd00051	arg-L	L-Arginine	C6H15N4O2	1	Name: (S)-2-Amino-5-guanidinovaleric acid; 2-amino-5-guanidinovaleric acid; L-Arg; L-Arginine; L-arg; L-arginine; arg; arginine|BiGG: arg__L|KEGG: C00062
cpd00052	ctp	CTP	C9H13N3O14P3	-3	Name: CTP; Cytidine 5'-triphosphate; Cytidine triphosphate; cytidine-5'-triphosphate; cytidine-triphosphate|BiGG: ctp|KEGG: C00063
cpd00053	gln-L	L-Glutamine	C5H10N2O3	0	Name: 2-aminoglutaramic acid; L-2-Aminoglutaramic acid; L-Glutamine; L-gln; L-glutamine; gln; glum; glumin; glutamic acid 5-amide; glutamine; proglumide|BiGG: gln__L|KEGG: C00064
cpd00054	ser-L	L-Serine	C3H7NO3	0	Name: L-2-Amino-3-hydroxypropionic acid; L-3-Hydroxy-alanine; L-Serine; L-ser; L-serine; Serine; ser; serine|BiGG: ser__L|KEGG: C00065
cpd00055	fald	Formaldehyde	CH2O	0	Name: Formaldehyde; Formalin; Methanal; Methylene oxide; Oxomethane; Oxomethylene; formaldehyde; formalin; formol; methanal|BiGG: fald|KEGG: C00067
cpd00056	thmpp	TPP	C12H17N4O7P2S	-1	Name: TDP; TPP; ThPP; Thiamin diphosphate; Thiamin pyrophosphate; Thiamine diphosphate; Thiaminediphosphate; thiamin diphosphate; thiamin pyrophosphate; thiamin-PPi; thiamine diphosphate; thiamine pyrophosphate; thiamine-PPi|BiGG: thmpp|KEGG: C00068
cpd00058	cu2	Cu2+	Cu	2	Name: Ci(II); Copper2; Cu(II); Cu++; Cu+2; Cu2+; cupric copper; cupric ion|BiGG: cu2
cpd00060	met-L	L-Methionine	C5H11NO2S	0	Name: L-2-Amino-4methylthiobutyric acid; L-Methionine; L-met; L-methionine; Methionine; met; methionine|BiGG: met__L|KEGG: C00073
cpd00061	pep	Phosphoenolpyruvate	C3H2O6P	-3	Name: 2-(phosphooxy)- 2-propenoate; P-enol-pyr; P-enol-pyruvate; PEP; Phosphoenolpyruvate; Phosphoenolpyruvic acid; phosphoenolpyruvate|BiGG: pep|KEGG: C00074
cpd00062	utp	UTP	C9H12N2O15P3	-3	Name: UTP; Uridine 5'-triphosphate; Uridine triphosphate; uridine-5'-triphosphate; uridine-triphosphate|BiGG: utp|KEGG: C00075
cpd00063	ca2	Ca2+	Ca	2	Name: Ca(2+); Ca++; Ca+2; Ca2+; Calcium cation; Calcium ion; Calcium(2+); calcium ion|BiGG: ca2|KEGG: C00076
cpd00064	orn	Ornithine	C5H13N2O2	1	Name: (S)-2,5-Diaminopentanoate; (S)-2,5-Diaminopentanoic acid; (S)-2,5-Diaminovaleric acid; 2, 5-diaminopentanoate; 2, 5-diaminopentanoic acid; 2, 5-diaminovaleric acid; L-Ornithine; L-ornithine; Ornithine; alpha,delta-diaminovaleric acid|BiGG: orn; orn__L|KEGG: C00077
cpd00065	trp-L	L-Tryptophan	C11H12N2O2	0	Name: (S)-alpha-Amino-beta-(3-indolyl)-propionic acid; 2-amino-3-indolylpropanic acid; L-Tryptophan; L-trp; L-tryptophan; Tryptophan; trofan; trp; tryptacin; tryptophan|BiGG: trp__L|KEGG: C00078
cpd00066	phe-L	L-Phenylalanine	C9H11NO2	0	Name: (S)-alpha-Amino-beta-phenylpropionic acid; 2S-alpha-phenylalanine; L-Phenylalanine; L-phe; L-phenylalanine; endophenyl; phe; phenylalanine|BiGG: phe__L|KEGG: C00079
cpd00067	h	H+	H	1	Name: H+; Hydron; Proton; hydrogen ion; proton|BiGG: h|KEGG: C00080
cpd00068	itp	ITP	C10H12N4O14P3	-3	Name: ITP; Inosine 5'-triphosphate; Inosine triphosphate; Inosine tripolyphosphate; inosine triphosphate; inosine, 5'-(tetrahydrogen triphosphate)|BiGG: itp|KEGG: C00081
cpd00069	tyr-L	L-Tyrosine	C9H11NO3	0	Name: (S)-2-Amino-3-(p-hydroxyphenyl)propionic acid; (S)-3-(p-Hydroxyphenyl)alanine; L-Tyrosine; L-tyr; L-tyrosine; Tyrosine; tyr; tyrosine|BiGG: tyr__L|KEGG: C00082
cpd00070	malcoa	Malonyl-CoA	C24H33N7O19P3S	-5	Name: Malonyl coenzyme A; Malonyl-CoA; malonyl coenzyme A; malonyl-CoA; malonylCoenzyme A|BiGG: malcoa|KEGG: C00083
cpd00071	acald	Acetaldehyde	C2H4O	0	Name: AALD; Acetaldehyde; Ethanal; acetaldehyde; acetic aldehyde; aldehyde; ethanal; ethyl aldehyde|BiGG: acald|KEGG: C00084
cpd00072	f6p	D-fructose-6-phosphate	C6H11O9P	-2	Name: CPD-18719; D-Fructose 6-phosphate; D-Fructose 6-phosphoric acid; D-Fructose6-phosphate; Neuberg ester|BiGG: f6p; f6p_B|KEGG: C00085
cpd00073	urea	Urea	CH4N2O	0	Name: Carbamide; Urea; basodexan; bromisovalum; carbamide; carmol; urea|BiGG: urea|KEGG: C00086
cpd00074	s	S	S	0	Name: Elemental sulfur; S; S0; S8; Sulfur; Sulfur, precipitated; elemental sulfur; orthorhombic sulfur; rhombic sulfur|BiGG: s|KEGG: C00087
cpd00075	no2	Nitrite	HNO2	0	Name: NO2; NO2-; Nitrite; nitrite|BiGG: no2|KEGG: C00088
cpd00076	sucr	Sucrose	C12H22O11	0	Name: 1-alpha-D-Glucopyranosyl-2-beta-D-fructofuranoside; Cane sugar; Glc(alpha1->2beta)Fru; Neohancoside D; Reiniose; SUCR; Saccharose; Sucrose; alpha-D-glucopyranosyl beta-D-fructofuranoside; beta-D-fructofuranosyl-(2&harr,1)-alpha-D-glucopyranoside; saccharose; sucrose; sugar|BiGG: sucr|KEGG: C00089; G00370
cpd00077	catechol	Catechol	C6H6O2	0	Name: 1,2-Benzenediol; 1,2-Dihydroxybenzene; 1,2-benzenediol; 1,2-dihydroxybenzene; 2-hydroxyphenol; Benzenediol; Brenzcatechin; C15571; Catechol; Pyrocatechol; catechol; o-Benzenediol; pyrocatechin|BiGG: catechol|KEGG: C00090; C01785; C15571
cpd00078	succoa	Succinyl-CoA	C25H35N7O19P3S	-5	Name: 3'-phosphoadenosine 5'-{3-[(3R)-4-{[3-({2-[(3-carboxypropanoyl)sulfanyl]ethyl}amino)-3-oxopropyl]amino}-3-hydroxy-2,2-dimethyl-4-oxobutyl] dihydrogen diphosphate}; Coenzyme A, S-(hydrogen butanedioate); Succinyl coenzyme A; Succinyl-CoA; suc-CoA; suc-co-A; suc-coa; succ-CoA; succ-S-CoA; succ-S-coenzyme-A; succ-coenzyme-A; succinyl-CoA; succinyl-S-CoA; succinyl-S-coenzyme-A; succinyl-coenzyme A; succinylcoenzyme-A|BiGG: succoa|KEGG: C00091
cpd00079	g6p	D-glucose-6-phosphate	C6H11O9P	-2	Name: D-Glucose 6-phosphate; D-Glucose6-phosphate; D-glucopyranose-6-phosphate; Glucose 6-phosphate; Glucose-6-phosphate; Robison ester; alpha-D-glucose-6-phosphate|BiGG: g6p|KEGG: C00092
cpd00080	glyc3p	Glycerol-3-phosphate	C3H7O6P	-2	Name: D-Glycerol 1-phosphate; D-glycerol 1-phosphate; D-glycerol-1-phosphate; GLYC-3-P; Glycerol 3-phosphate; Glycerol-3-phosphate; Glycerol3-phosphate; Glycerophosphoric acid; L-G3P; L-glycerol 3-phosphate; alpha-glycerophosphate; alpha-glycerophosphoric acid; glycerol 3-phosphate; glycerol-3-phosphate; sn-Glycerol 3-phosphate; sn-glycerol 3-phosphate; sn-glycerol-3-phosphate|BiGG: glyc3p|KEGG: C00093
cpd00081	so3	Sulfite	HO3S	-1	Name: Bisulfite; H2SO3; HSO3; HSO3-; Hydrogen sulfite; SO3; SO3-2; Sulfite; Sulfite (HSO3)-; Sulfurous acid; bisulfite; hydrogen sulfite; hydrogensulfite; sulfite; sulfurous acid; trioxosulfate(2-)|BiGG: so3|KEGG: C00094; C11481
cpd00082	fru	D-Fructose	C6H12O6	0	Name: D-Fructose; D-arabino-Hexulose; Fructofuranose; Fruit sugar; Levulose|BiGG: fru|KEGG: C00095
cpd00083	gdpmann	GDP-mannose	C16H23N5O16P2	-2	Name: GDP-D-mannose; GDP-alpha-D-mannose; GDP-mannose; guanosine diphosphate mannose; guanosine diphosphomannose; guanosine pyrophosphate mannose|BiGG: gdpmann|KEGG: C00096; G10614
cpd00084	cys-L	L-Cysteine	C3H7NO2S	0	Name: Cys; L-2-Amino-3-mercaptopropionic acid; L-Cysteine; L-cys; L-cysteine; cys; cysteine|BiGG: cys__L|KEGG: C00097
cpd00085	ala-B	beta-Alanine	C3H7NO2	0	Name: 3-Aminopropanoate; 3-Aminopropionic acid; 3-aminopropanoate; 3-ammoniopropanoate; 3-azaniumylpropanoate; beta-Alanine; beta-alanine|BiGG: ala_B|KEGG: C00099
cpd00086	ppcoa	Propionyl-CoA	C24H36N7O17P3S	-4	Name: Propanoyl-CoA; Propionyl coenzyme A; Propionyl-CoA; n-propionyl-CoA; propanoyl-CoA; propionyl-CoA; propionyl-coenzyme A|BiGG: ppcoa|KEGG: C00100
cpd00087	thf	Tetrahydrofolate	C19H21N7O6	-2	Name: (6S)-THFA; (6S)-Tetrahydrofolate; (6S)-Tetrahydrofolic acid; (6S)-tetrahydrofolate; 5,6,7,8-Tetrahydrofolate; 5,6,7,8-tetrahydrofolate; 5,6,7,8-tetrahydrofolic acid; 5-6-7-8-Tetrahydrofolate; FH4; H4F; H4PteGlu; H4PteGlu1; THF; Tetrahydrofolate; Tetrahydrofolic acid; folate-H4; tetra-H-folate; tetrahydrafolate; tetrahydrofolate; tetrahydrofolic acid; tetrahydropteroyl mono-L-glutamate; tetrahydropteroylglutamate; th-folate; vitamin B9|BiGG: thf|KEGG: C00101
cpd00089	g1p	Glucose-1-phosphate	C6H11O9P	-2	Name: Cori ester; D-Glucose 1-phosphate; D-Glucose alpha-1-phosphate; D-Glucose1-phosphate; D-glucose 1-phosphate; D-glucose-1-phosphate; D-glucose-alpha-1-phosphate; alpha-D-Glucose 1-phosphate; alpha-D-Glucose-1-phosphate; alpha-D-glucopyranose 1-phosphate; alpha-D-glucose 1-phosphate; alpha-D-glucose-1-P; alpha-glucose-1-phosphate; cori ester; glucose 1-phosphate; glucose-1P|BiGG: g1p|KEGG: C00103
cpd00090	idp	IDP	C10H12N4O11P2	-2	Name: IDP; Inosine 5'-diphosphate; Inosine diphosphate; inosine diphosphate; riboxin|BiGG: idp|KEGG: C00104
cpd00091	ump	UMP	C9H11N2O9P	-2	Name: 5'-UMP; 5'-uridylic acid (8CI)(9CI); 5'Uridylic acid; UMP; Uridine 5'-monophosphate; Uridine monophosphate; Uridylic acid; uridine 5'-monophosphate; uridine 5'-phosphate; uridine monophosphate; uridine-5'-monophosphate; uridine-5'-phosphate; uridine-monophosphate; uridine-phosphate; uridylate|BiGG: ump|KEGG: C00105
cpd00092	ura	Uracil	C4H4N2O2	0	Name: 2,4-(1H,3H)-pyrimidinedione (9CI); Uracil; uracil|BiGG: ura|KEGG: C00106
cpd00093	anth	Anthranilate	C7H6NO2	-1	Name: 2-Aminobenzoate; 2-aminobenzoate; 2-aminobenzoic acid; Anthranilate; Anthranilic acid; Vitamin L1; anthranilate; anthranilic acid; o-Aminobenzoic acid; o-aminobenzoate; o-aminobenzoic acid; vitamin L1|BiGG: anth|KEGG: C00108
cpd00094	2obut	2-Oxobutyrate	C4H5O3	-1	Name: 2-Ketobutyric acid; 2-Oxobutanoate; 2-Oxobutanoic acid; 2-Oxobutyrate; 2-Oxobutyric acid; 2-keto-butyrate; 2-ketobutyrate; 2-ketobutyric acid; 2-oxo-butyrate; 2-oxobutanoate; 2-oxobutanoic acid; 2-oxobutyrate; 2-oxobutyric acid; a-ketobutyric acid; alpha-Ketobutyrate; alpha-Ketobutyric acid; alpha-ketobutyrate; alpha-ketobutyric acid; alpha-oxobutyric acid|BiGG: 2obut|KEGG: C00109
cpd00095	dhap	Glycerone-phosphate	C3H5O6P	-2	Name: 3-hydroxy-2-oxopropyl phosphate; DHAP; Dihydroxyacetone phosphate; Dihydroxyacetonephosphate; Glycerone phosphate; di-OH-acetone-P; dihydroxy-acetone phosphate; dihydroxy-acetone-phosphate; dihydroxyacetone 3-phosphate; dihydroxyacetone phosphate; dihydroxyacetone-P; dihydroxyacetone-phosphate; glycerone phosphate; glycerone-phosphate|BiGG: dhap|KEGG: C00111
cpd00096	cdp	CDP	C9H13N3O11P2	-2	Name: CDP; Cytidine 5'-diphosphate; Cytidine diphosphate; cytidine-5'-diphosphate; cytidine-diphosphate|BiGG: cdp|KEGG: C00112
cpd00097	pqq	Pyrroloquinoline-quinone	C14H3N2O8	-3	Name: 2,7,9-tricarboxy-1H-pyrrolo[2,3-f]quinoline-4,5-dione; 4,5-Dioxo-4,5-dihydro-1H-pyrrolo[2,3-f]quinoline-2,7,9- tricarboxylate; 4,5-Dioxo-4,5-dihydro-1H-pyrrolo[2,3-f]quinoline-2,7,9-tricarboxylate; Methoxatin; PQQ; Pyrrolo-quinoline quinone; Pyrroloquinoline quinone; Pyrroloquinoline-quinone; pyrroloquinoline quinone|BiGG: pqq|KEGG: C00113
cpd00098	chol	Choline	C5H14NO	1	Name: (2-hydroxyethyl)trimethylammonium; Bilineurine; Choline; choline|BiGG: chol|KEGG: C00114
cpd00099	cl	Cl-	Cl	-1	Name: Chloride; Chloride ion; Cl-; HCl; Hydrochloric acid; Hydrochloride; Hydrogen chloride; chloride; chloride ion; hydrochloric acid; hydrogen chloride|BiGG: cl|KEGG: C00698; C01327
cpd00100	glyc	Glycerol	C3H8O3	0	Name: 1,2,3-Propanetriol; 1,2,3-Trihydroxypropane; 1,2,3-trihydroxypropane; 1,2,3-trihydroxypropanol; GLYC; Glycerin; Glycerol; glycerin; glycerol|BiGG: glyc|KEGG: C00116
cpd00101	r5p	ribose-5-phosphate	C5H9O8P	-2	Name: CPD-15317; D-Ribose 5-phosphate; D-ribose 5'-phosphate; D-ribose 5-phosphate; D-ribose-5-P; D-ribose-5-phosphate; D-ribose-5-phosphoric acid; RIBOSE-5P; Ribose 5-phosphate; aldehydo-D-ribose 5-phosphate; alpha-D-Ribose5-phosphate; alpha-D-ribose-5-phosphate; keto-D-ribose 5-phosphate; ribose-5-P; ribose-5-phosphate; ribose-5-phosphoric acid; ribose-5P|BiGG: r5p|KEGG: C00117
cpd00102	g3p	Glyceraldehyde3-phosphate	C3H5O6P	-2	Name: (2R)-2-Hydroxy-3-(phosphonooxy)-propanal; (2R)-2-hydroxy-3-(phosphonooxy)-propanal; (2R)-2-hydroxy-3-(phosphooxy)-propanal; 3-phosphoglyceraldehyde; D-Glyceraldehyde 3-phosphate; D-glyceraldehyde 3-phosphate; D-glyceraldehyde-3-P; D-glyceraldehyde-3-phosphate; GAP; Glyceraldehyde 3-phosphate; Glyceraldehyde-3-phosphate; Glyceraldehyde3-phosphate; gap; glyceraldehyde 3-phosphate; glyceraldehyde-3-P; glyceraldehyde-P; glyceraldehyde-phosphate; triose phosphate|BiGG: g3p|KEGG: C00118
cpd00103	prpp	PRPP	C5H9O14P3	-4	Name: 5-Phospho-alpha-D-ribose 1-diphosphate; 5-Phospho-alpha-D-ribose1-diphosphate; 5-Phosphoribosyl 1-pyrophosphate; 5-Phosphoribosyl diphosphate; 5-phospho-alpha-D-ribose 1-diphosphate; 5-phospho-ribosyl-pyrophosphate; 5-phosphoribosyl 1-pyrophosphate; 5-phosphoribosyl diphosphate; 5-phosphoribosyl-1-PP; 5-phosphoribosyl-1-pyrophosphate; 5-phosphoribosyl-PP; 5-phosphoribosylpyrophosphate; PRPP; alpha-D-5-P-RibosylPP; alpha-D-5-phosphoribosylPP; phosphoribosylpyrophosphate|BiGG: prpp|KEGG: C00119
cpd00104	btn	BIOT	C10H15N2O3S	-1	Name: BIOT; Biotin; Coenzyme R; D-Biotin; Vitamin H; biotin; coenzyme R; d-biotin; vitamin H|BiGG: btn|KEGG: C00120
cpd00105	rib-D	D-Ribose	C5H10O5	0	Name: D-Ribofuranose; D-Ribose; alpha D-ribose; alpha-D-ribofuranose|BiGG: rib__D|KEGG: C00121
cpd00106	fum	Fumarate	C4H2O4	-2	Name: Fumarate; Fumaric acid; fum; fumarate; fumaric acid; trans-Butenedioic acid|BiGG: fum|KEGG: C00122
cpd00107	leu-L	L-Leucine	C6H13NO2	0	Name: (2S)-alpha-2-Amino-4-methylvaleric acid; (2S)-alpha-2-amino-4-methylvaleric acid; (2S)-alpha-Leucine; (2S)-alpha-leucine; 2-Amino-4-methylvaleric acid; 2-amino-4-methylvaleric acid; L-Leucine; L-leu; L-leucine; leu; leucine|BiGG: leu__L|KEGG: C00123
cpd00108	gal	Galactose	C6H12O6	0	Name: D-(+)-Galactose; D-Galactopyranose; D-Galactose; D-galactopyranose; GALC; aldehydo-D-galactose|BiGG: gal|KEGG: C00124
cpd00109	ficytc	Cytochrome c3+	C42H42FeN8O8R4S2	-1	Name: Cytochrome c3+; Ferricytochrome c; Ferricytochromec-553|BiGG: ficytC; ficytc; ficytcc553|KEGG: C00125
cpd00110	focytc	Cytochrome c2+	C42H42FeN8O8R4S2	-2	Name: Cytochrome c2+; Ferrocytochrome c; Ferrocytochromec-553; Reduced cytochrome c|BiGG: focytC; focytc; focytcc553|KEGG: C00126
cpd00111	gthox	Oxidized glutathione	C20H30N6O12S2	-2	Name: GSSG; Glutathione disulfide; Oxidized glutathione; Oxidized glutathione glucose substituted; Oxiglutatione; glutathione disulfide; glutathione ox; glutathione oxidized; oxidized glutathione|BiGG: gthox|KEGG: C00127
cpd00113	ipdp	Isopentenyldiphosphate	C5H10O7P2	-2	Name: 3-methylbut-3-enyl diphosphate; 3-methylbut-3-enyl pyrophosphate; IPP; Isopentenyl diphosphate; Isopentenyldiphosphate; delta(3)-isopentenyl-PP; delta3-Isopentenyl diphosphate; delta3-Methyl-3-butenyl diphosphate; delta3-isopentenyl-PP; isopentenyl diphosphate; isopentenyl pyrophosphate; isopentenyl-pp|BiGG: ipdp|KEGG: C00129
cpd00114	imp	IMP	C10H11N4O8P	-2	Name: 5'-IMP; 5'-Inosinate; 5'-Inosine monophosphate; 5'-Inosinic acid; 5'-inosinate; 5'-inosine monophosphate; 5'-inosinic acid; IMP; Inosine 5'-monophosphate; Inosine 5'-phosphate; Inosine monophosphate; Inosinic acid; inosinate; inosine 5'-monophosphate; inosine 5'-phosphate; inosine monophosphate; inosine-5'-phosphate; ribosylhypoxanthine monophosphate|BiGG: imp|KEGG: C00130
cpd00115	datp	dATP	C10H13N5O12P3	-3	Name: 2'-Deoxyadenosine 5'-triphosphate; 2'-deoxyATP; 2'-deoxyadenosine triphosphate; 2'-deoxyadenosine-5'-triphosphate; Deoxyadenosine 5'-triphosphate; Deoxyadenosine triphosphate; dATP; deoxy-ATP; deoxyadenosine-triphosphate|BiGG: datp|KEGG: C00131
cpd00116	meoh	Methanol	CH4O	0	Name: CH3OH; MeOH; MetOH; Methanol; Methyl alcohol; carbinol; methanol; methyl alcohol; wood alcohol|BiGG: meoh|KEGG: C00132
cpd00117	ala-D	D-Alanine	C3H7NO2	0	Name: D-2-Aminopropionic acid; D-Ala; D-Alanine; D-ala; D-alanine|BiGG: ala__D|KEGG: C00133
cpd00118	ptrc	Putrescine	C4H14N2	2	Name: 1,4-Butanediamine; 1,4-Diaminobutane; 1,4-butanediamine; 1,4-diaminobutane; Butane-1,4-diamine; PUTR; Putrescine; Tetramethylenediamine; diaminobutane; putrescine; tetramethylenediamine|BiGG: ptrc|KEGG: C00134
cpd00119	his-L	L-Histidine	C6H9N3O2	0	Name: (S)-alpha-Amino-1H-imidazole-4-propionic acid; (S)-alpha-amino-1H-imidazole-4-propanoic acid; L-Histidine; L-his; L-histidine; alpha-amino-4-imidazoleproprionic acid; glyoxaline-5-alanine; his; histidine|BiGG: his__L|KEGG: C00135
cpd00120	btcoa	Butyryl-CoA	C25H38N7O17P3S	-4	Name: Butanoyl-CoA; Butyryl-CoA; Coenzyme A, S-butanoate; butanoyl-CoA; butyryl-CoA; butyryl-coenzyme A|BiGG: btcoa|KEGG: C00136
cpd00121	inost	L-Inositol	C6H12O6	0	Name: 1,2,3,5/4,6 inositol; 1D-myo-Inositol; 1L-myo-Inositol; Bios I; Cyclohexitol; D-myo-Inositol; Dambose; Inositol; L-myo-Inositol; M-inositol; Meat sugar; chiro-inositol; cis-1,2,3,5-trans-4,6-Cyclohexanehexol; dambose; inositol; m-inositol; meso-Inositol; meso-inositol; mesoinositol; myo-Inositol; myo-inositol|BiGG: inost|KEGG: C00137
cpd00122	acgam	N-Acetyl-D-glucosamine	C8H15NO6	0	Name: 2-Acetamido-2-deoxy-D-glucose; GlcNAc; N-Acetyl-D-glucosamine; N-Acetylchitosamine|BiGG: acgam|KEGG: C00140
cpd00123	3mob	3-Methyl-2-oxobutanoate	C5H7O3	-1	Name: 2-Keto-3-methylbutyric acid; 2-Ketovaline; 2-Oxo-3-methylbutanoate; 2-Oxoisopentanoate; 2-Oxoisovalerate; 2-keto-3-methylbutyric acid; 2-keto-isovalerate; 2-ketovaline; 2-oxo-3-methylbutanoate; 2-oxoisopentanoate; 2-oxoisovalerate; 3-Methyl-2-oxobutanoate; 3-Methyl-2-oxobutanoic acid; 3-Methyl-2-oxobutyric acid; 3-methyl-2-oxobutanoate; 3-methyl-2-oxobutyrate; 3MOB; alpha-Ketovaline; alpha-keto-isovalerate; alpha-keto-isovaleric acid; alpha-keto-valine; alpha-ketoisopentanoic acid; alpha-ketovaline; alpha-oxoisovalerate|BiGG: 3mob|KEGG: C00141
cpd00125	mlthf	5-10-Methylenetetrahydrofolate	C20H21N7O6	-2	Name: (6R)-5,10-Methylenetetrahydrofolate; 5,10-Methylene-THF; 5,10-Methylenetetrahydrofolate; 5,10-methylene-H4PteGlu1; 5,10-methylene-THF; 5,10-methylenetetrahydrofolate; 5,10-methylenetetrahydrofolate mono-L-glutamate; 5,10-methylenetetrahydropteroyl mono-L-glutamate; 5-10-Methylenetetrahydrofolate; N5,N10-methylenetetrahydrofolate; N5,N10-methylenetetrahydrofolate mono-L-glutamate|BiGG: mlthf|KEGG: C00143
cpd00126	gmp	GMP	C10H12N5O8P	-2	Name: GMP; Guanosine 5'-monophosphate; Guanosine 5'-phosphate; Guanosine monophosphate; Guanylic acid; guanosine 5'-phosphate; guanosine monophosphate; guanosine phosphate; guanosine-5'-monophosphate; guanosine-5'-phosphate; guanosine-monophosphate; guanosine-phosphate; guanylate; guanylic acid|BiGG: gmp|KEGG: C00144
cpd00128	ade	Adenine	C5H5N5	0	Name: 6-Aminopurine; 6-aminopurine; Adenine; adenine|BiGG: ade|KEGG: C00147
cpd00129	pro-L	L-Proline	C5H9NO2	0	Name: 2-Pyrrolidinecarboxylic acid; 2-pyrrolidinecarboxylic acid; L-Proline; L-pro; L-proline; pro; prol; proline|BiGG: pro__L|KEGG: C00148
cpd00130	mal-L	L-Malate	C4H4O5	-2	Name: (S)-Malate; (S)-malate; (S)-malic acid; L-2-Hydroxybutanedioic acid; L-Apple acid; L-Malate; L-Malic acid; L-apple acid; L-hydroxybutanedioic acid; L-hydroxysuccinic acid; L-mal; L-malate; L-malic acid; MALA; Malate; Malic acid; hydroxybutanedioic acid; hydroxysuccinic acid; mal; malate; malic acid|BiGG: mal__L|KEGG: C00149
cpd00132	asn-L	L-Asparagine	C4H8N2O3	0	Name: (-)-asparagine; (S)-2,4-diamino-4-oxobutanoic acid; (S)-asparagine; 2,4-diamino-4-oxobutanoic acid, (S)-; 2-Aminosuccinamic acid; 2-aminosuccinamic acid, L-; L-2,4-diamino-4-oxobutanoic acid; L-Asparagine; L-asn; L-asparagine; L-asparatamine; L-beta-asparagine; agedoite; alpha-aminosuccinamic acid; altheine; asn; asparagine; asparagine acid; aspartic acid beta-amide; butanoic acid, 2,4-diamino-4-oxo-, (S)-|BiGG: asn__L|KEGG: C00152
cpd00133	ncam	Nicotinamide	C6H6N2O	0	Name: NICO; Niacinamide; Nicotinamide; Nicotinic acid amide; Vitamin PP; niacinamide; nicotinamide; vitamin PP|BiGG: ncam|KEGG: C00153
cpd00134	pmtcoa	Palmitoyl-CoA	C37H62N7O17P3S	-4	Name: Hexadecanoyl-CoA; Palmitoyl-CoA; Palmitoyl-CoA (n-C16:0CoA); hexadecanoyl CoA; palmitoyl CoA; palmitoyl coenzyme A; palmitoyl-CoA; palmityl-CoA|BiGG: pmtcoa|KEGG: C00154
cpd00135	hcys-L	Homocysteine	C4H9NO2S	0	Name: L-2-Amino-4-mercaptobutyric acid; L-Homocysteine; L-homocysteine; homo-cys; homocysteine|BiGG: hcys__L|KEGG: C00155
cpd00136	4hbz	4-Hydroxybenzoate	C7H5O3	-1	Name: 4-Hydroxybenzoate; 4-Hydroxybenzoic Acid; 4-Hydroxybenzoic acid; 4-hydroxybenzoate; Hydroxybenzenecarboxylic acid; Hydroxybenzoic acid; p-hydroxybenzoate|BiGG: 4hbz|KEGG: C00156
cpd00137	cit	Citrate	C6H5O7	-3	Name: 2-Hydroxy-1,2,3-propanetricarboxylic acid; 2-Hydroxytricarballylic acid; 2-hydroxy-1,2,3-propanetricarboxylic acid; Citrate; Citric acid; cit; citr; citrate; citric acid|BiGG: cit|KEGG: C00158
cpd00138	man	D-Mannose	C6H12O6	0	Name: Carubinose; D-(+)-Mannose; D-Mannose; D-mannopyranose; MANN; Mannose; Seminose; aldehydo-D-mannose|BiGG: man|KEGG: C00159
cpd00139	glyclt	Glycolate	C2H3O3	-1	Name: Glycolate; Glycolic acid; Hydroxyacetic acid; glycolate; glycolic acid; glycollate; hydroxyacetic acid|BiGG: glyclt|KEGG: C00160
cpd00141	ppa	Propionate	C3H5O2	-1	Name: Propanoate; Propanoic acid; Propionate; Propionate (n-C3:0); Propionic acid; ethylformic acid; methylacetic acid; propanoate; propionate; propionic acid|BiGG: ppa|KEGG: C00163
cpd00142	acac	Acetoacetate	C4H5O3	-1	Name: 3-Oxobutanoic acid; 3-ketobutyrate; 3-oxobutanate; 3-oxobutanoic acid; 3-oxobutyric acid; Acetoacetate; Acetoacetic acid; acetoacetate; acetoacetic acid; beta-Ketobutyric acid; beta-ketobutyric acid; diacetic acid; oxobutyrate|BiGG: acac|KEGG: C00164
cpd00143	phpyr	Phenylpyruvate	C9H7O3	-1	Name: 2-Oxo-3-phenylpropanoate; 2-keto-phenyl-pyruvate; 2-oxo-3-phenylpropanoate; 3-Phenyl-2-oxopropanoate; 3-phenyl-2-oxopropanoate; 3-phenylpyruvate; 3-phenylpyruvic acid; Phenylpyruvate; Phenylpyruvic acid; alpha-Ketohydrocinnamic acid; alpha-ketohydrocinnamic acid; keto-Phenylpyruvate; keto-phenylpyruvate; phenylpyruvate|BiGG: phpyr|KEGG: C00166
cpd00144	udpglcur	UDPglucuronate	C15H19N2O18P2	-3	Name: (UDP-GlcA)1; UDP-D-glucuronate; UDP-D-glucuronic acid; UDP-alpha-D-glucuronate; UDP-glucuronate; UDP-glucuronic acid; UDPglucuronate; udp-glcua; uridine diphosphate glucuronate; uridine diphosphate glucuronic acid|BiGG: udpglcur|KEGG: C00167; G10612
cpd00145	hpyr	Hydroxypyruvate	C3H3O4	-1	Name: 3-Hydroxypyruvate; 3-Hydroxypyruvic acid; 3-hydroxypyruvate; Hydroxypyruvate; Hydroxypyruvic acid; OH-pyr; OH-pyruvate; beta-hydroxypyruvate; hydroxypyruvate|BiGG: hpyr|KEGG: C00168
cpd00146	cbp	Carbamoylphosphate	CH2NO5P	-2	Name: Carbamoyl phosphate; Carbamoylphosphate; carbamoyl phosphate; carbamoyl-P; carbamoyl-phosphate; carbamyl-phosphate|BiGG: cbp|KEGG: C00169
cpd00147	5mta	5-Methylthioadenosine	C11H15N5O3S	0	Name: 5'-Deoxy-5'-(methylthio)adenosine; 5'-Methylthioadenosine; 5'-S-methyl-5'-thioadenosine; 5'-methylthioadenosine; 5-Methylthioadenosine; MTA; Methylthioadenosine; S-Methyl-5'-thioadenosine; S-methyl-5'-thioadenosine; S-methyl-adenosine; Thiomethyladenosine; methylthioadenosine|BiGG: 5mta|KEGG: C00170
cpd00149	cobalt2	Co2+	Co	2	Name: Co(II); Co++; Co+2; Co2+; Cobalt ion; Cobalt(2+); cobalt ion|BiGG: cobalt2|KEGG: C00175
cpd00150	cyan	HCN	CHN	0	Name: CN-; Cyanide; Cyanide ion; Cyano; HCN; Hydrogen cyanide; Prussiate; cyanide; hydrocyanic acid; hydrogen cyanide|BiGG: cyan|KEGG: C00177; C01326
cpd00151	thym	Thymine	C5H6N2O2	0	Name: 5-Methyluracil; 5-methyl-2,4(1H,3H)-pyrimidinedione; 5-methyluracil; Thymine; thymine|BiGG: thym|KEGG: C00178
cpd00152	agm	Agmatine	C5H16N4	2	Name: (4-Aminobutyl) guanidine; Agmatine; agmatine; guanidine, (4-aminobutyl)-|BiGG: agm|KEGG: C00179
cpd00154	xyl-D	Xylose	C5H10O5	0	Name: D-(+)-Xylose; D-Xylopyranose; D-Xylose; Wood sugar|BiGG: xyl__D|KEGG: C00181
cpd00155	glycogen	Glycogen	C24H42O21	0	Name: Glycogen; glycogen|BiGG: glycogen|KEGG: C00182; G11603
cpd00156	val-L	L-Valine	C5H11NO2	0	Name: 2-Amino-3-methylbutyric acid; L-Valine; L-val; L-valine; val; valine|BiGG: val__L|KEGG: C00183
cpd00157	dha	Glycerone	C3H6O3	0	Name: 1,3-Dihydroxy-2-propanone; 1,3-Dihydroxyacetone; 1,3-Dihydroxypropan-2-one; 1,3-dihydroxyacetone; Dihydroxyacetone; Glycerone; dihydroxy-acetone; dihydroxyacetone; glycerone|BiGG: dha|KEGG: C00184
cpd00158	cellb	CELB	C12H22O11	0	Name: 1-beta-D-Glucopyranosyl-4-D-glucopyranose; CELB; CPD-15975; Cellobiose; Glucoscilliroside; cellobiose|BiGG: cellb|KEGG: C00185; G00289
cpd00159	lac-L	L-Lactate	C3H5O3	-1	Name: (S)-Lactate; (S)-lactate; L(+)-lactate; L-Lactate; L-Lactic acid; L-lactate; LCTT|BiGG: lac__L|KEGG: C00186
cpd00161	thr-L	L-Threonine	C4H9NO3	0	Name: 2-Amino-3-hydroxybutyric acid; 2-amino-3-hydroxybutyric acid; L-Threonine; L-thr; L-threonine; thr; thre; threonine|BiGG: thr__L|KEGG: C00188
cpd00162	etha	Aminoethanol	C2H8NO	1	Name: 2-Hydroxyethylamine; 2-aminoethanol; Aminoethanol; Ethanolamine; colamine; ethanol-amine; ethanolamine; monoethanolamine|BiGG: etha|KEGG: C00189
cpd00163	UDP-xylose	UDP-xylose	C14H20N2O16P2	-2	Name: UDP-D-xylose; UDP-alpha-D-xylose; UDP-xylose|BiGG: udpxyl|KEGG: C00190; G10613
cpd00164	glcur	Glucuronate	C6H9O7	-1	Name: D-Glucopyranuronate; D-Glucuronate; Glucuronate; Glucuronic acid; aldehydo-D-glucuronate; aldehydo-D-glucuronic acid|BiGG: glcur|KEGG: C00191
cpd00165	Hydroxylamine	Hydroxylamine	H3NO	0	Name: Hydroxylamine; NH2OH; hydroxylamine|BiGG: ham|KEGG: C00192
cpd00166	adocbl	Calomide	C72H100CoN18O17P	0	Name: (5'-Deoxy-5'-adenosyl)cobamide coenzyme; (5'-deoxy-5'-adenosyl)cobamide coenzyme; (5,6-Dimethylbenzimidazolyl)cobamide coenzyme; (5,6-dimethylbenzimidazolyl)cobamide coenzyme; 5'-Deoxy-5'-adenosyl vitamin B12; 5'-Deoxy-5'-adenosyl-5,6-dimethylbenzimidazolylcobamide; 5'-Deoxy-5'-adenosylcobalamin; 5'-deoxy-5'-adenosylcobalamin; 5'-deoxyadenosyl vitamin B12; 5'-deoxyadenosyl-5,6-dimethylbenzimidazolylcobamide; 5'-deoxyadenosylcobalamin; 5,6-Dimethylbenzimidazolyl-5-deoxyadenosyl-cobamide; 5,6-Dimethylbenzimidazolyl-Co-5'-deoxy-5'-adenosylcobamide; 5,6-dimethylbenzimidazolyl-5-deoxyadenosyl-cobamide; 5,6-dimethylbenzimidazolyl-Co-5'-deoxyadenosylcobamide; Adenosylcob(III)alamin; Adenosylcobalamin; Calomide; Cobalamin coenzyme; Cobamamide; Cobamide coenzyme; Coenzyme B12; DMBC coenzyme; Deoxyadenosylcobalamin; Dibencozide; Funacomide; Vitamin B12 coenzyme; adenosylcob(III)alamin; adenosylcobalamin; alpha-(5,6-Dimethylbenzimidazolyl)cobamide coenzyme; calomide; cobalamin coenzyme; cobamamid; cobamamide; cobamide coenzyme; coenzyme B12; deoxyadenosylcobalamin; dibencozide; funacomide|BiGG: adocbl|KEGG: C00194
cpd00169	3pg	3-Phosphoglycerate	C3H4O7P	-3	Name: 3-P-D-glycerate; 3-Phospho-(R)-glycerate; 3-Phospho-D-glycerate; 3-Phosphoglycerate; 3-phospho-(R)-glycerate; 3-phospho-D-glycerate; 3-phospho-D-glyceric acid; 3-phosphoglycerate; D-3-phosphoglycerate; D-Glycerate 3-phosphate; D-glycerate 3-phosphate; D-glycerate-3-P; Glycerate 3-phosphate|BiGG: 3pg|KEGG: C00197
cpd00170	g15lac	Gluconolactone	C6H10O6	0	Name: 1,5-Gluconolactone; 1,5-gluconolactone; 3,4,5-trihydroxy-6-(hydroxymethyl)tetrahydropyran-2-one; D-Glucono-1,5-lactone; D-Gluconolactone; D-aldonolactone; D-glucono-1,5-lactone; D-glucono-delta-lactone; D-gluconolactone; Gluconic acid lactone; Gluconic lactone; Gluconolactone; delta-Gluconolactone; delta-gluconolactone; gluconic acid lactone; gluconic lactone; glucono-1,5-lactone; glucono-delta-lactone; gluconolactone|BiGG: g15lac|KEGG: C00198
cpd00171	ru5p-D	D-Ribulose5-phosphate	C5H9O8P	-2	Name: D-Ribulose 5-phosphate; D-Ribulose5-phosphate; D-ribulose 5-phosphate; D-ribulose-5-P; ribulose-5P|BiGG: ru5p__D|KEGG: C00199
cpd00175	uacgala	UDP-N-acetyl-D-galactosamine	C17H25N3O17P2	-2	Name: UDP-N-acetyl-D-galactosamine; UDP-N-acetyl-alpha-D-galactosamine; UDP-N-acetylgalactosamine; uridine diphosphate N-acetylgalactosamine|BiGG: udpacgal|KEGG: C00203; G10611
cpd00176	2ddglcn	2-keto-3-deoxygluconate	C6H9O6	-1	Name: 2-Dehydro-3-deoxy-D-gluconate; 2-Keto-3-deoxy-D-gluconate; 2-dehydro-3-deoxy-D-gluconate; 2-keto-3-deoxy-D-gluconate; 2-keto-3-deoxy-D-gluconic acid; 2-keto-3-deoxygluconate; 3-deoxy-2-oxo-D-gluconate; 3-deoxy-D-erythro-hex-2-ulosonic acid; KDG|BiGG: 2ddglcn|KEGG: C00204
cpd00177	dadp	dADP	C10H13N5O9P2	-2	Name: 2'-Deoxyadenosine 5'-diphosphate; 2'-deoxyadenosine 5'-(trihydrogen diphosphate); 2'-deoxyadenosine-5'-diphosphate; dADP; deoxyadenosine-diphosphate|BiGG: dadp|KEGG: C00206
cpd00179	malt	Maltose	C12H22O11	0	Name: 1-alpha-D-Glucopyranosyl-4-alpha-D-glucopyranose; MALTOSE; Malt sugar; Maltose; alpha-D-Glucopyranosyl-(1->4)-D-glucopyranose; alpha-D-glucopyranose-(1->4)-beta-D-glucopyranose; beta-Maltose; beta-maltose; maltose|BiGG: malt|KEGG: C00208; C01971; G00275
cpd00180	oxa	Oxalate	C2O4	-2	Name: Ethanedioic acid; Oxalate; Oxalic acid; ethanedioic acid; oxalate; oxalic acid|BiGG: oxa|KEGG: C00209
cpd00182	adn	Adenosine	C10H13N5O4	0	Name: Adenosine; adenine-D-ribose; adenosine|BiGG: adn|KEGG: C00212
cpd00183	sarcs	Sarcosine	C3H7NO2	0	Name: N-Methylglycine; N-methylglycine; Sarcosine; sarcosine|BiGG: sarcs|KEGG: C00213
cpd00184	thymd	Thymidine	C10H14N2O5	0	Name: Deoxythymidine; Thymidine; deoxythymidine; thymidine|BiGG: thymd|KEGG: C00214
cpd00185	arab-D	D-Arabinose	C5H10O5	0	Name: D-Arabinose; D-arabinopyranose|BiGG: arab__D|KEGG: C00216
cpd00186	glu-D	D-Glutamate	C5H8NO4	-1	Name: D-2-Aminoglutaric acid; D-Glutamate; D-Glutamic acid; D-Glutaminic acid; D-glt; D-glu; D-glutamate; D-glutamic acid|BiGG: glu__D|KEGG: C00217
cpd00187	mea	Methanamine	CH6N	1	Name: MMA; Methanamine; Methylamine; NH2-; aminomethane; methanamine; methylamine; methylammonium; methylammonium ion; monomethylamine; monomethylammonium ion|BiGG: mma|KEGG: C00218
cpd00191	msa	3-Oxopropanoate	C3H3O3	-1	Name: 3-Oxopropanoate; 3-oxopropanoate; Malonate semialdehyde; malonate semialdehyde; malonate-S-ald; malonic semialdehyde|BiGG: msa|KEGG: C00222
cpd00193	aps	APS	C10H12N5O10PS	-2	Name: 5'-Adenylyl sulfate; APS; Adenosine 5'-phosphosulfate; Adenosine5-phosphosulfate; Adenylyl sulfate; adenosine 5'-phosphosulfate; adenosine 5'-sulphatophosphate; adenosine phosphosulfate; adenylyl-sulfate; adenylylsulfate|BiGG: aps|KEGG: C00224
cpd00196	actp	Acetylphosphate	C2H3O5P	-2	Name: Acetyl phosphate; Acetylphosphate; acetyl phosphate; acetyl-P; acetyl-phosphate; acetylphosphate|BiGG: actp|KEGG: C00227
cpd00197	34dhbz	Protocatechuate	C7H5O4	-1	Name: 3,4-DHBA; 3,4-Dihydroxybenzoate; 3,4-Dihydroxybenzoic acid; 3,4-dihydrobenzoic acid; 3,4-dihydroxybenzoate; 3,4-dihydroxybenzoic acid; 4,5-dihydroxybenzoic acid; 4-carboxy-1,2-dihydroxybenzene; Pca; Protocatechuate; Protocatechuic acid; benzoic acid, 3,4-dihydroxy-; catechol-4-carboxylic acid; protocatechuate; protocatechuic acid; protocatehuic acid|BiGG: 34dhbz|KEGG: C00230
cpd00198	xu5p-D	D-Xylulose5-phosphate	C5H9O8P	-2	Name: D-Xylulose 5-phosphate; D-Xylulose5-phosphate; D-xylulose 5-phosphate; D-xylulose-5-P; D-xylulose-5-phosphate; xylulose 5-phosphate; xylulose-P; xylulose-phosphate|BiGG: xu5p__D|KEGG: C00231
cpd00199	sucsal	4-Oxobutanoate	C4H5O3	-1	Name: 4-Oxobutanoate; Succinate semialdehyde; Succinic semialdehyde; succ-S-ald; succinate semialdehyde; succinic semialdehyde; succinyl semialdehyde|BiGG: sucsal|KEGG: C00232
cpd00200	4mop	4MOP	C6H9O3	-1	Name: 2-Oxoisocaproate; 2-keto-4-methyl-pentanoate; 2-ketoisocaproate; 2-ketoisocaproic acid; 2-oxo-4-methylpentanoate; 2-oxoisocaproate; 4-Methyl-2-oxopentanoate; 4-methyl-2-oxopentanoate; 4-methyl-2-oxopentanoic acid; 4MOP; alpha-ketoisocaproate; alpha-oxoisocaproate; ketoleucine|BiGG: 4mop|KEGG: C00233
cpd00201	10fthf	10-Formyltetrahydrofolate	C20H21N7O7	-2	Name: 10-Formyl-THF; 10-Formyltetrahydrofolate; 10-formyl-H4PteGlu1; 10-formyl-THF; 10-formyl-THF mono-L-glutamate; 10-formyl-tetrahydrofolate; 10-formyl-tetrahydrofolate mono-L-glutamate; N10-formyl-H4F; N10-formyl-H4F mono-L-glutamate; N10-formyl-H4PteGlu1; N10-formyl-THF; N10-formyl-THF mono-L-glutamate; N10-formyl-tetrahydrofolate; N10-formyl-tetrahydrofolate mono-L-glutamate|BiGG: 10fthf|KEGG: C00234
cpd00202	dmpp	DMAPP	C5H10O7P2	-2	Name: 2-Isopentenyl diphosphate; 2-isopentenyl diphosphate; DMAPP; DMPP; DPP; Dimethylallyl diphosphate; Dimethylallyl pyrophosphate; Dimethylallyldiphosphate; Monoprenyl diphosphate; Prenyl diphosphate; delta-Prenyl diphosphate; delta-prenyl diphosphate; delta2-Isopentenyl diphosphate; delta2-isopentenyl-diphosphate; di-CH3-allyl-PPi; dimethylallyl diphosphate; dimethylallyl pyrophosphate; dimethylallyl-PP; dimethylallyl-PPi; dimethylallyl-diphosphate; prenyl diphosphate; prenyl-diphosphate|BiGG: dmpp|KEGG: C00235
cpd00203	13dpg	1,3-Bisphospho-D-glycerate	C3H4O10P2	-4	Name: (R)-2-Hydroxy-3-(phosphonooxy)-1-monoanhydride with phosphoric propanoic acid; 1,3-Bisphospho-D-glycerate; 1,3-bisphospho-D-glycerate; 13-DPG; 3-P-glyceroyl-P; 3-Phospho-D-glyceroyl phosphate; 3-Phospho-D-glyceroylphosphate; 3-phospho-D-glyceroyl-phosphate; 3-phospho-d-glyceroyl-phosphate; 3-phosphoglyceroyl-P; 3-phosphoglyceroyl-phosphate; 3-phosphonato-D-glyceroyl phosphate; D-Glycerate 1,3-diphosphate; P-glyceroyl-P; glycerate 1,3-bisphosphate; phosphoglyceroyl-P|BiGG: 13dpg|KEGG: C00236
cpd00205	k	K+	K	1	Name: K+; Potassium; Potassium cation; Potassium ion; Potassium(1+); potassium; potassium ion|BiGG: k|KEGG: C00238
cpd00206	dcmp	dCMP	C9H12N3O7P	-2	Name: 2'-Deoxycytidine 5'-monophosphate; 2'-deoxycytidine 5'-monophosphate; 2'-deoxycytidine 5'-phosphate; 2'-deoxycytidine-5'-phosphate; Deoxycytidine monophosphate; Deoxycytidylate; Deoxycytidylic acid; dCMP; deoxycytidine monophosphate; deoxycytidine-phosphate; deoxycytidylate; deoxycytidylic acid|BiGG: dcmp|KEGG: C00239
cpd00207	gua	Guanine	C5H5N5O	0	Name: 2-Amino-6-hydroxypurine; GNN; Guanine; guanine|BiGG: gua|KEGG: C00242
cpd00208	lcts	LACT	C12H22O11	0	Name: 1-beta-D-Galactopyranosyl-4-D-glucopyranose; 1-beta-D-Galactopyranosyl-4-alpha-D-glucopyranose; Anhydrous lactose; CPD-15972; LACT; Lactose; Milk sugar; a-D-lactose; alpha-D-lactose; alpha-Lactose; alpha-lactose; beta-D-Gal-(1->4)-D-Glc; beta-D-Gal-(1->4)-alpha-D-Glc; beta-D-galactopyranosyl-(1->4)-alpha-D-glucopyranose; lactose|BiGG: lcts|KEGG: C00243; C06373; G10504
cpd00209	no3	Nitrate	NO3	-1	Name: NO3; NO3-; Nitrate; Nitric acid; aqua fortis; nitrate; nitric acid|BiGG: no3|KEGG: C00244
cpd00210	taur	Taurine	C2H7NO3S	0	Name: 2-Aminoethanesulfonic acid; 2-aminoethanesulfonate; 2-aminoethanesulfonic acid; Aminoethylsulfonic acid; Taurine; aminoetylsulphonic acid; ethylaminesulphonic acid; taufon; tauphon; taurine|BiGG: taur|KEGG: C00245
cpd00211	but	Butyrate	C4H7O2	-1	Name: 1-propanecarboxylic acid; Butanoate; Butanoic acid; Butyrate; Butyrate (n-C4:0); Butyric acid; M_Butyrate; butanoate; butanoic acid; butyrate; butyric acid; ethylacetic acid; n-butanoate; propylformic acid|BiGG: but|KEGG: C00246
cpd00212	srb-L	L-Sorbose	C6H12O6	0	Name: CPD-9569; L-Sorbose; L-sorbose; L-xylo-Hexulose|BiGG: srb__L|KEGG: C00247
cpd00213	lpam	Lipoamide	C8H15NOS2	0	Name: 5-(1,2-dithiolan-3-yl)-pentanamide; 6,8-dithiooctanoic amide; DL-lipoamide; Lipoamide; Thioctic acid amide; lipoamide|BiGG: lpam|KEGG: C00248
cpd00214	hdca	Palmitate	C16H31O2	-1	Name: Cetylic acid; Hexadecanoate; Hexadecanoate (n-C16:0); Hexadecanoic acid; Hexadecylic acid; Palmitate; Palmitic acid; Palmitic_acid; hexadecanoate; hexadecanoate (n-C16:0); hexadecanoic acid; palmitate; palmitic acid|BiGG: hdca|KEGG: C00249
cpd00215	pydx	Pyridoxal	C8H9NO3	0	Name: Pyridoxal; pyridoxal|BiGG: pydx|KEGG: C00250
cpd00216	chor	Chorismate	C10H8O6	-2	Name: (3R,4R)-3-[(1-Carboxyethenyl)oxy]-4-hydroxycyclohexa-1,5-diene-1-carboxylate; Chorismate; Chorismic acid; chorismate; chorismic acid|BiGG: chor|KEGG: C00251
cpd00218	nac	Niacin	C6H4NO2	-1	Name: 3-Pyridinecarboxylic acid; 3-pyridinecarboxylate; 3-pyridinecarboxylic acid; Niacin; Nicotinate; Nicotinic acid; niacin; niacine; nicamin; nico-400-; nicobid; nicocap; nicolar; nicotinate; nicotinic acid; pyridine-3-carboxylate; vitamin B3; wampocap|BiGG: nac|KEGG: C00253
cpd00219	pphn	Prephenate	C10H8O6	-2	Name: Prephenate; Prephenic acid; prephenate; prephenate-phe; prephenate-tyr|BiGG: pphn|KEGG: C00254
cpd00220	ribflv	Riboflavin	C17H19N4O6	-1	Name: 7,8-Dimethyl-10-ribitylisoalloxazine; D-Ribf; Lactoflavin; RIBF; Ribf; Riboflavin; Vitamin B2; riboflavin; vitamin B2; x-drib-PEN-1:4|BiGG: ribflv|KEGG: C00255
cpd00221	lac-D	D-Lactate	C3H5O3	-1	Name: (R)-2-hydroxypropanate; (R)-Lactate; (R)-lactate; D-2-Hydroxypropanoic acid; D-2-Hydroxypropionic acid; D-Lactate; D-Lactic acid; D-lactate|BiGG: lac__D|KEGG: C00256
cpd00222	glcn	GLCN	C6H11O7	-1	Name: D-Gluconate; D-Gluconic acid; D-gluco-Hexonic acid; D-gluconate; D-gluconic acid; GLCN; aldonic acid; dextronic acid; gluconate; gluconic acid; maltonic acid|BiGG: glcn; glcn__D|KEGG: C00257
cpd00223	glyc-R	Glycerate	C3H5O4	-1	Name: (R)-Glycerate; (R)-glycerate; D-Glycerate; D-glycerate; D-glyceric acid; Glycerate; Glyceric acid; glycerate|BiGG: glyc__R|KEGG: C00258
cpd00224	arab-L	L-Arabinose	C5H10O5	0	Name: L-(+)-Arabinose; L-Arabinopyranose; L-Arabinose; L-arabinopyranose; aldehydo-L-arabinose|BiGG: arab__L|KEGG: C00259
cpd00226	hxan	HYXN	C5H4N4O	0	Name: HYXN; Hypoxanthine; Purine-6-ol; hypoxanthine|BiGG: hxan|KEGG: C00262
cpd00227	hom-L	L-Homoserine	C4H9NO3	0	Name: 2-Amino-4-hydroxybutyric acid; 2-amino-4-hydroxybutanoate; 2-amino-4-hydroxybutanoic acid; L-Homoserine; L-homoserine; homo-ser; homoserine|BiGG: hom__L|KEGG: C00263
cpd00229	gcald	Glycolaldehyde	C2H4O2	0	Name: 2-OH-acetaldehyde; 2-hydroxyethanal; Glycolaldehyde; Hydroxyacetaldehyde; glycoaldehyde; glycolaldehyde; hydroxyacetaldehyde|BiGG: gcald|KEGG: C00266
cpd00231	dhbpt	Dihydrobiopterin	C9H13N5O3	0	Name: (6R)-6,7-dihydrobiopterin; (6R)-6-(L-erythro-1,2-Dihydroxypropyl)-7,8-dihydro-6H-pterin; 6,7-Dihydrobiopterin; Dihydrobiopterin; Quinoid-dihydrobiopterin; quinoid dihydrobiopterin|BiGG: dhbpt|KEGG: C00268
cpd00232	acnam	Neu5Ac	C11H18NO9	-1	Name: 5-Acetamido-3,5-dideoxy-D-glycero-D-galacto-2-nonulosonic acid; N-ACETYLNEURAMINATE; N-Acetylneuraminate; N-Acetylneuraminic acid; Neu5Ac|BiGG: acnam|KEGG: C00270
cpd00233	thbpt	Tetrahydrobiopterin	C9H15N5O3	0	Name: (6R)-5,6,7,8-tetrahydrobiopterin; (6R)-L-erythro-5,6,7,8-tetrahydrobiopterin; 2-Amino-6-(1,2-dihydroxypropyl)-5,6,7,8-tetrahydoro-4(1H)- pteridinone; 2-Amino-6-(1,2-dihydroxypropyl)-5,6,7,8-tetrahydoro-4(1H)-pteridinone; 5,6,7,8-Tetrahydrobiopterin; L-erythro-5,6,7,8-tetrahydrobiopterin; L-erythro-Tetrahydrobiopterin; Tetrahydrobiopterin; sapropterin|BiGG: thbpt|KEGG: C00272
cpd00235	man6p	D-mannose-6-phosphate	C6H11O9P	-2	Name: CPD-15979; D-Mannose 6-phosphate; D-Mannose6-phosphate; D-mannose 6-phosphate; D-mannose-6-phosphate; alpha-D-mannopyranose 6-phosphate; alpha-D-mannose-6-P; alpha-D-mannose-6-phosphate; mannose-6-phosphate|BiGG: man6p|KEGG: C00275
cpd00236	e4p	D-Erythrose4-phosphate	C4H7O7P	-2	Name: D-Erythrose 4-phosphate; D-Erythrose4-phosphate; D-erythrose 4-phosphate; D-erythrose-4-P; erythrose-4-P; erythrose-4-phosphate; erythrose-4P; threose 4-phosphate|BiGG: e4p|KEGG: C00279
cpd00238	s7p	Sedoheptulose7-phosphate	C7H13O10P	-2	Name: D-SEDOHEPTULOSE-7-P; D-Sedoheptulose 7-phosphate; D-Sedoheptulose-7-P; D-altro-2-heptulose, 7-(dihydrogen phosphate); D-altro-Heptulose 7-phosphate; D-sedoheptulose 7-phosphate; Sedoheptulose 7-phosphate; Sedoheptulose7-phosphate; altro-Heptulose 7-phosphate; heptulose 7-phosphate; sedo-heptulose-7-phosphate; sedoheptulose-7-P; sedoheptulose-7-phosphate|BiGG: s7p|KEGG: C05382
cpd00239	h2s	H2S	HS	-1	Name: H2S; HS-; Hydrogen sulfide; Hydrogen-sulfide; Hydrogensulfide; S2-; Sulfide; hydrogen sulfide; hydrogen sulfide ion; sulfanediide; sulfide; sulfide(2-); sulfur(2-)|BiGG: h2s|KEGG: C00283
cpd00241	dgtp	dGTP	C10H13N5O13P3	-3	Name: 2'-Deoxyguanosine 5'-triphosphate; 2'-deoxyguanosine-5'-triphosphate; Deoxyguanosine 5'-triphosphate; Deoxyguanosine triphosphate; dGTP; deoxy-GTP; deoxyguanosine-triphosphate|BiGG: dgtp|KEGG: C00286
cpd00242	hco3	H2CO3	CHO3	-1	Name: Acid carbonate; Bicarbonate; CO3; CO3-2; CO32-; Carbonic acid; Dihydrogen carbonate; H2CO3; HCO(3-); HCO3; HCO3(-); HCO3-; Hydrogencarbonate; bicarbonate; carbonate; carbonic acid; carbonicacid; hydrogencarbonate|BiGG: h2co3; hco3|KEGG: C00288; C01353
cpd00244	ni2	Ni2+	Ni	2	Name: Ni(II); Ni++; Ni+2; Ni2+; Nickel; Nickel(2+); nickel|BiGG: ni2|KEGG: C00291; C19609
cpd00246	ins	Inosine	C10H12N4O5	0	Name: Inosine; hypoxanthine-ribose; inosine; iso-prinosine; riboxine|BiGG: ins|KEGG: C00294
cpd00247	orot	Orotate	C5H3N2O4	-1	Name: Orotate; Orotic acid; Uracil-6-carboxylic acid; orotate; orotic acid|BiGG: orot|KEGG: C00295
cpd00248	quin-kt	Quinate	C7H11O6	-1	Name: (-)-Quinic acid; (-)-quinate; (-)-quinic acid; (1S,3R,4S,5R)-1,3,4,5-tetrahydroxycyclohexanecarboxylate; Chinic acid; Kinic acid; L-Quinate; L-Quinic acid; L-quinate; Quinate; Quinic acid|BiGG: quin; quin_kt|KEGG: C00296
cpd00249	uri	Uridine	C9H12N2O6	0	Name: Uridine; uridine|BiGG: uri|KEGG: C00299
cpd00254	mg2	Mg	Mg	2	Name: Magnesium; Magnesium cation; Magnesium ion; Magnesium(2+); Mg(2+); Mg++; Mg+2; Mg2+; magnesium; magnesium ion|BiGG: mg2|KEGG: C00305
cpd00258	rbl-D	D-Ribulose	C5H10O5	0	Name: D-Arabinoketose; D-Arabinulose; D-Riboketose; D-Ribulose; D-erythro-2-Pentulose; D-erythro-pentulose; D-erythropentulose; D-ribulose; erythropentulose|BiGG: rbl__D|KEGG: C00309
cpd00260	icit	Isocitrate	C6H5O7	-3	Name: 1-Hydroxypropane-1,2,3-tricarboxylic acid; 1-Hydroxytricarballylic acid; Isocitrate; Isocitric acid|BiGG: icit|KEGG: C00311
cpd00261	xylu-L	L-Lyxulose	C5H10O5	0	Name: L-Lyxulose; L-Xylulose; L-threo-Pentulose; L-threo-pent-2-ulose; L-xylulose|BiGG: xylu__L|KEGG: C00312
cpd00263	pydxn	Pyridoxol	C8H11NO3	0	Name: 2-methyl-3-hydroxy-4,5-bis(hydroxy-methyl) pyridine; Pyridoxine; Pyridoxol; pyridoxine; pyridoxol|BiGG: pydxn|KEGG: C00314
cpd00264	spmd	Spermidine	C7H22N3	3	Name: N-(3-Aminopropyl)-1,4-butane-diamine; N-(3-aminopropyl)butane-1,4-diamine; Spermidine; spermidine|BiGG: spmd|KEGG: C00315
cpd00266	crn	Carnitine	C7H15NO3	0	Name: (R)-Carnitine; (R)-carnitine; (S)-carnitine; 3-Carboxy-2-hydroxy-N,N,N-trimethyl-1-propanaminium hydroxide, inner salt; 3-carboxy-2-hydroxy-N,N,N-trimethyl-1-propanaminium; 3-hydroxy-4-trimethylammoniobutanoate; Ammonium, (3-carboxy-2-hydroxypropyl)trimethyl-, hydroxide,inner salt; L-Carnitine; L-carnitine; L-gamma-Trimethyl-beta-hydroxybutyrobetaine; L-gamma-trimethyl-beta-hydroxybutyrobetaine; Levocarnitine; R-(-)-3-hydroxy-4-trimethylaminobutyrate; Vitamin BT; bicarnesine; gamma-L-trimethyl-beta-hydroxybutyrobetaine; gamma-Trimethyl-hydroxybutyrobetaine; gamma-trimethyl-hydroxybutyrobetaine; vitamin B T; vitamin Bt|BiGG: crn|KEGG: C00318
cpd00268	tsul	H2S2O3	HO3S2	-1	Name: H2S2O3; HS2O3-; Hyposulfite; S2O3; S2O3-; S2O3-2; S2O32-; Thiosulfate; Thiosulfuric acid; hydrogen sulfurothioate; thiosulfate; trioxothiosulfate(2-)|BiGG: tsul|KEGG: C00320; C05529
cpd00274	citr-L	Citrulline	C6H13N3O3	0	Name: 2-Amino-5-ureidovaleric acid; Citrulline; L-Citrulline; L-citrulline; N5-(Aminocarbonyl)-L-ornithine; Ngamma-carbamylornithine; alpha-amino-gamma-ureidovaleric acid; gamma-ureidonorvaline; gammaureidonorvaline|BiGG: citr__L|KEGG: C00327
cpd00276	gam	GLUM	C6H14NO5	1	Name: 2-Amino-2-deoxy-D-glucose; Chitosamine; D-Glucosamine; GLUCOSAMINE; GLUM|BiGG: gam|KEGG: C00329
cpd00277	dgsn	Deoxyguanosine	C10H13N5O4	0	Name: 2'-Deoxyguanosine; 2'-deoxyguanosine; Deoxyguanosine; deoxyguanosine|BiGG: dgsn|KEGG: C00330
cpd00279	aacoa	Acetoacetyl-CoA	C25H36N7O18P3S	-4	Name: 3-Acetoacetyl-CoA; 3-acetoacetyl-CoA; Acetoacetyl coenzyme A; Acetoacetyl-CoA; acetoacetyl-CoA; acetoacetyl-S-CoA|BiGG: aacoa|KEGG: C00332
cpd00280	galur	D-Galacturonate	C6H9O7	-1	Name: D-GALACTURONATE; D-Galactopyranuronate; D-Galacturonate; D-Galacturonic acid; aldehydo-D-galacturonate|BiGG: galur|KEGG: C00333
cpd00281	4abut	GABA	C4H9NO2	0	Name: 4-Aminobutanoate; 4-Aminobutanoic acid; 4-Aminobutylate; 4-Aminobutyrate; 4-Aminobutyric acid; 4-NH2-but; 4-NH3-but; 4-amino-n-butyric acid; 4-aminobutanoate; 4-aminobutyrate; 4-aminobutyric acid; GABA; g-amino-n-butyric acid; gamma-Aminobutyric acid; gamma-amino-N-butyrate; gamma-amino-n-butyric acid; gamma-aminobutyrate|BiGG: 4abut|KEGG: C00334
cpd00282	dhor-S	S-Dihydroorotate	C5H5N2O4	-1	Name: (S)-4,5-Dihydroorotate; (S)-4,5-dihydroorotate; (S)-4,5-dihydroorotic acid; (S)-4-pyrimidinecarboxylic acid; (S)-Dihydroorotate; (S)-di-H-orotate; (S)-dihydroorotate; (S)-hydroorotic acid; 4,5-dihydro-L-orotate; 4-pyrimidinecarboxylic acid, hexahydro-2,6-dioxo-; Dihydro-L-orotic acid; L-4,5-dihydroorotate; L-Dihydroorotate; L-Dihydroorotic acid; L-dihydroorotate; S-Dihydroorotate; dihydro-L-orotate|BiGG: dhor__S|KEGG: C00337
cpd00283	grdp	Geranyldiphosphate	C10H18O7P2	-2	Name: GPP; Geranyl diphosphate; Geranyldiphosphate; geranyl diphosphate; geranyl pyrophosphate; geranyl-diphosphate; geranyl-pyrophosphate; omega,E-geranyl diphosphate|BiGG: grdp|KEGG: C00341
cpd00284	6pgc	6-Phospho-D-gluconate	C6H10O10P	-3	Name: 6-Phospho-D-gluconate; 6-p gluconate; 6-phospho D-gluconate; 6-phospho gluconate; 6-phosphogluconic acid; D-gluconate 6-phosphate|BiGG: 6pgc|KEGG: C00345
cpd00286	udcpp	Undecaprenylphosphate	C55H89O4P	-2	Name: Undecaprenylphosphate; all-trans-Undecaprenyl phosphate; all-trans-undecaprenyl phosphate|BiGG: udcpp|KEGG: C00348
cpd00287	2mop	3-Oxo-2-methylpropanoate	C4H5O3	-1	Name: 2-Methyl-3-oxopropanoate; 3-Oxo-2-methylpropanoate; CPD-12179; Methylmalonate semialdehyde; methylmalonate-semialdehyde|BiGG: 2mop; mmtsa|KEGG: C00349
cpd00288	gam6p	D-Glucosamine phosphate	C6H13NO8P	-1	Name: D-GLUCOSAMINE-6-P; D-Glucosamine 6-phosphate; D-Glucosamine phosphate; D-Glucosamine6-phosphate; d-glucosamine-6-phosphate|BiGG: gam6p|KEGG: C00352
cpd00289	ggdp	Geranylgeranyl diphosphate	C20H34O7P2	-2	Name: (2E,6E,10E)-3,7,11,15-Tetramethylhexadeca-2,6,10,14-tetraen-1-yl diphosphate; (2E,6E,10E)-3,7,11,15-tetramethylhexadeca-2,6,10,14-tetraen-1-yl diphosphate; (2E,6E,10E)-geranylgeranyl diphosphate; 2-trans,6-trans,10-trans-geranylgeranyl diphosphate; GGPP; Geranylgeranyl diphosphate; Geranylgeranyl pyrophosphate; all-trans-Geranylgeranyl diphosphate; all-trans-Geranylgeranyl pyrophosphate; all-trans-geranyl-geranyl diphosphate; all-trans-geranyl-geranyl-pp; all-trans-geranylgeranyl diphosphate; geranylgeranyl diphosphate; geranylgeranyl-PP; omega,E,E,E-geranylgeranyl diphosphate|BiGG: ggdp|KEGG: C00353
cpd00290	fdp	D-fructose-1,6-bisphosphate	C6H10O12P2	-4	Name: D-Fructose 1,6-bisphosphate; D-Fructose1-6-bisphosphate|BiGG: fdp|KEGG: C00354
cpd00292	hmgcoa	HMG-CoA	C27H39N7O20P3S	-5	Name: (S)-3-Hydroxy-3-methylglutaryl-CoA; (S)-3-hydroxy-3-methylglutaryl-CoA; 3-Hydroxy-3-methylglutaryl-CoA; 3-hydroxy-3-methyl-glutaryl-CoA; 3-hydroxy-3-methylglutaryl-coenzyme A; Coenzyme A, S-(hydrogen 3-hydroxy-3-methylpentanedioate); HMG-CoA; Hydroxymethylglutaroyl coenzyme A; Hydroxymethylglutaryl-CoA; hydroxymethylglutaryl-CoA|BiGG: hmgcoa|KEGG: C00356
cpd00293	acgam6p	N-Acetyl-D-glucosamine 6-phosphate	C8H14NO9P	-2	Name: GlcNAc-6-P; N-ACETYL-D-GLUCOSAMINE-6-P; N-Acetyl-D-glucosamine 6-phosphate; N-acetyl-D-glucosamine-6-P; N-acetyl-D-glucosamine-6-phosphate; N-acetyl-glucosamine-6-P; N-acetyl-glucosamine-6-phosphate; N-acetylglucosamine-6-P|BiGG: acgam6p|KEGG: C00357
cpd00294	damp	dAMP	C10H12N5O6P	-2	Name: 2'-Deoxyadenosine 5'-monophosphate; 2'-Deoxyadenosine 5'-phosphate; 2'-dAMP; 2'-deoxyadenosine 5''-monophosphate; 2'-deoxyadenosine 5'-phosphate; 2'-deoxyadenosine-5'-monophosphate; 2'-deoxyadenosine-5'-phosphate; Deoxyadenosine monophosphate; Deoxyadenylic acid; dAMP|BiGG: damp|KEGG: C00360
cpd00295	dgdp	dGDP	C10H13N5O10P2	-2	Name: 2'-Deoxyguanosine 5'-diphosphate; 2'-deoxyguanosine-5'-diphosphate; dGDP; deoxyguanosine-diphosphate|BiGG: dgdp|KEGG: C00361
cpd00296	dgmp	dGMP	C10H12N5O7P	-2	Name: 2'-Deoxyguanosine 5'-monophosphate; 2'-Deoxyguanosine 5'-phosphate; 2'-dG-5'-MP; 2'-deoxyguanosine 5'-monophosphate; 2'-deoxyguanosine 5'-phosphate; 2'-deoxyguanosine-5'-phosphate; Deoxyguanosine monophosphate; Deoxyguanylic acid; dGMP; deoxyguanosine-phosphate; guanine riboside; vernine|BiGG: dgmp|KEGG: C00362
cpd00297	dtdp	dTDP	C10H14N2O11P2	-2	Name: Deoxythymidine 5'-diphosphate; dTDP; deoxy-TDP; thymidine 5'-(trihydrogen diphosphate) (9CI); thymidine-5'-diphosphate; thymidine-diphosphate|BiGG: dtdp|KEGG: C00363
cpd00298	dtmp	dTMP	C10H13N2O8P	-2	Name: 5'-Thymidylic acid; 5'-thymidylic acid; Deoxythymidine 5'-phosphate; Deoxythymidylic acid; Thymidine 5'-phosphate; Thymidine monophosphate; Thymidylate; Thymidylic acid; dTMP; deoxythymidine 5'-phosphate; deoxythymidylate; deoxythymidylic acid; thymidine 5'-monophosphate; thymidine 5'-phosphate; thymidine monophosphate; thymidine-5'-monophosphate; thymidine-5'-phosphate; thymidine-phosphate; thymidylate; thymidylic acid|BiGG: dtmp|KEGG: C00364
cpd00299	dump	dUMP	C9H11N2O8P	-2	Name: 2'-Deoxyuridine 5'-phosphate; 2'-deoxy-5'-uridylic acid; 2'-deoxyuridine 5'-phosphate; 2'-deoxyuridine 5-monophosphate; 2'-deoxyuridine-5'-phosphate; 2'-deoxyuridine-5-monophosphate; 2'-deoxyuridylic acid; Deoxyuridine 5'-phosphate; Deoxyuridine monophosphate; Deoxyuridylic acid; dUMP; deoxyurdine-phosphate; deoxyuridine-phosphate|BiGG: dump|KEGG: C00365
cpd00300	urate	Urate	C5H4N4O3	0	Name: 2,6,8-trihydroxypurine; 2,6,8-trioxypurine; 7,9-dihydro-1H-purine-2,6,8(3H)-trione; 8-hydroxyxanthine; 9H-purine-2,6,8-triol; Urate; Uric acid; Uric_acid; purine-2,6,8-(1H,3H,9H)-trione; trioxopurine; urate; uric acid|BiGG: urate|KEGG: C00366
cpd00305	thm	Thiamin	C12H17N4OS	1	Name: Aneurin; Antiberiberi factor; THI; Thiamin; Thiamine; Vitamin B1; thiamin; thiamine; vitamin B1|BiGG: thm|KEGG: C00378
cpd00306	xylt	Xylitol	C5H12O5	0	Name: (2R,3R,4S)-pentane-1,2,3,4,5-pentaol; D-Xylitol; D-xylitol; Xylitol; xylitol|BiGG: xylt|KEGG: C00379
cpd00307	csn	Cytosine	C4H5N3O	0	Name: 4-amino-2-oxo-1,2-dihydropyrimidine; Cytosine; cytosine|BiGG: csn|KEGG: C00380
cpd00308	maln	Malonate	C3H2O4	-2	Name: Malonate; Malonic acid; Propanedioic acid; malonate; malonic acid; malonyl; propanedioic acid|BiGG: malon|KEGG: C00383
cpd00309	xan	XAN	C5H4N4O2	0	Name: 1-H-purine-2,6-dione, 3,7-dihydro(9CI); 2,6-dioxopurine; XAN; Xanthine; xanthine|BiGG: xan|KEGG: C00385
cpd00311	gsn	Guanosine	C10H13N5O5	0	Name: Guanosine; guanosine|BiGG: gsn|KEGG: C00387
cpd00312	hista	Histamine	C5H10N3	1	Name: 1H-Imidazole-4-ethanamine; 2-(4-Imidazolyl)ethylamine; Histamine; histamine; peremin|BiGG: hista|KEGG: C00388
cpd00314	mnl	D-Mannitol	C6H14O6	0	Name: (2R,3R,4R,5R)-hexane-1,2,3,4,5,6-hexol; D-Mannitol; D-mannitol; D-mitobronitol; MNTL; Mannitol; mannitol; mitobronitol|BiGG: mnl|KEGG: C00392
cpd00318	Tryptamine	Tryptamine	C10H13N2	1	Name: 3-(2-Aminoethyl)indole; 3-(2-aminoethyl)indole; Tryptamine; tryptamine|BiGG: trypta|KEGG: C00398
cpd00320	cll_345	D-Aspartate	C4H6NO4	-1	Name: D-Aspartate; D-Aspartic acid; D-aspartate; D-aspartic acid|BiGG: asp__D|KEGG: C00402
cpd00322	ile-L	L-Isoleucine	C6H13NO2	0	Name: 2-Amino-3-methylvaleric acid; L-Isoleucine; L-ile; L-isoleucine; ile; iso-leucine; l-iso-leucine|BiGG: ile__L|KEGG: C00407
cpd00323	Lpipecol	L-Pipecolate	C6H11NO2	0	Name: (S)-Piperidine-2-carboxylic acid; (S)-pipecolate; (S)-pipecolic acid; (S)-piperidine-2-carboxylate; 2-Piperidinecarboxylic acid; L-Pipecolate; L-pipecolate; L-pipecolic acid; Pipecolic acid; Pipecolinic acid; piperidine-2-carboxylate|BiGG: Lpipecol|KEGG: C00408
cpd00324	ch4s	MTTL	CH4S	0	Name: MTTL; Methanethiol; Methylmercaptan; mercaptomethane; methanethiol; methyl sulfhydrate; methyl thiol; methyl-mercaptan; methyl-thiol; methylmercaptan; methylsulfanium; methylsulfide anion; thiomethane; thiomethyl alcohol|BiGG: ch4s|KEGG: C00409
cpd00327	stcoa	strcoa	C39H66N7O17P3S	-4	Name: Stearoyl-CoA; Stearoyl-CoA (n-C18:0CoA); Stearyl coenzyme A; Stearyl-CoA; Stearyl-CoA (n-C18:0CoA); n-C18:0CoA; stearoyl-CoA; stearyl coenzyme A; stearyl-CoA; strcoa|BiGG: stcoa|KEGG: C00412
cpd00330	dhf	Dihydrofolate	C19H19N7O6	-2	Name: 7,8-Dihydrofolate; 7,8-Dihydrofolic acid; 7,8-Dihydropteroylglutamate; 7,8-dihydrofolate; 7,8-dihydrofolate monoglutamate; 7,8-dihydropteroyl monoglutamate; 7,8-dihydropteroylglutamate; 7-8-Dihydrofolate; DHF; Dihydrofolate; Dihydrofolic acid; FH2; H2PteGlu; H2PteGlu1; dihydrofolate|BiGG: dhf|KEGG: C00415
cpd00331	acon-C	cis-Aconitate	C6H3O6	-3	Name: (Z)-prop-1-ene-1,2,3-tricarboxylate; cis-Aconitate; cis-Aconitic acid; cis-aconitate; cis-aconitic acid|BiGG: acon_C|KEGG: C00417
cpd00333	cinnm	(E)-Cinnamate	C9H7O2	-1	Name: (E)-Cinnamate; (E)-cinnamate; 3-phenyl-2-propenoic acid; Benzeneacrylic acid; Cinnamic acid; beta-phenylacrylic acid; cinnamate; cinnamic acid; trans-Cinnamate; trans-Cinnamic acid; trans-cinnamate; trans-cinnamic acid|BiGG: cinnm|KEGG: C00423; C10438
cpd00334	lald-L	L-Lactaldehyde	C3H6O2	0	Name: (S)-Lactaldehyde; (S)-lactaldehyde; L-2-Hydroxypropionaldehyde; L-Lactaldehyde; L-lactaldehyde; lactald; lactaldehyde|BiGG: lald__L|KEGG: C00424
cpd00337	56dura	Hydrouracil	C4H6N2O2	0	Name: 2,4(1H,3H)-Pyrimidinedione, dihydro-; 2,4-Dioxotetrahydropyrimidine; 5,6-Dihydro-2,4-dihydroxypyrimidine; 5,6-Dihydrouracil; 5,6-dihydrouracil; DI-H-uracil; Dihydro-2,4(1H,3H)-pyrimidinedione; Dihydrouracil; Dihydrouracile; Hydrouracil; dihydrouracil|BiGG: 56dura|KEGG: C00429
cpd00338	5aop	5-Aminolevulinate	C5H9NO3	0	Name: 5-Amino-4-oxopentanoate; 5-Amino-4-oxovaleric acid; 5-Aminolevulinate; 5-amino-4-oxo-pentanoate; 5-amino-4-oxo-pentanoic acid; 5-amino-4-oxopentanoate; 5-amino-4-oxopentanoic acid; 5-amino-levulinate; 5-amino-levulinic acid; 5-aminolevulinate; 5-aminolevulinic acid; ALA; Pentanoic acid, 5-amino-4-oxo-; delta-aminolevulinate; delta-aminolevulinic acid; gamma-aminolevulinic acid|BiGG: 5aop|KEGG: C00430
cpd00339	5aptn	5-Aminopentanoate	C5H11NO2	0	Name: 5-Aminopentanoate; 5-Aminopentanoic acid; 5-Aminovaleric acid; 5-aminopentanoate; 5-aminopentanoic acid; 5-aminovalerate; 5-aminovaleric acid; d-amino-N-valeric acid; d-amino-valeric acid; delta-amino-N-valerate; delta-aminovalerate|BiGG: 5aptn|KEGG: C00431
cpd00340	25dop	2,5-Dioxopentanoate	C5H5O4	-1	Name: 2,5-Dioxopentanoate; 2,5-dioxopentanoate; 2-Oxoglutarate semialdehyde; 2-ketoglutarate semialdehyde; 2-oxoglutarate semialdehyde; alpha-ketoglutarate semialdehyde|BiGG: 25dop|KEGG: C00433
cpd00342	acorn	N-Acetylornithine	C7H14N2O3	0	Name: N-Acetylornithine; N-acetyl-L-ornithine; N-acetylornithine; N-alpha-acetylornithine; N2-Acetyl-L-ornithine; N2-acetyl-L-ornithine; N2-acetyl-ornithine; acetylornithine|BiGG: acorn|KEGG: C00437
cpd00343	cbasp	N-Carbamoyl-L-aspartate	C5H6N2O5	-2	Name: N-Carbamoyl-L-aspartate; N-carbamoyl-L-aspartate; carbamoyl-aspartate; carbamyl-L-aspartate; carbamyl-aspartate; carbamyul-L-aspartate; carbamyul-aspartate|BiGG: cbasp|KEGG: C00438
cpd00344	forglu	N-Formimino-L-glutamate	C6H9N2O4	-1	Name: N-Formimidoyl-L-glutamate; N-Formimino-L-glutamate; N-formimidoyl-L-glutamate; N-formimino-L-glutamate; N-formimino-glutamate; alpha-formamidinoglutarate; formimino-glu; formiminoglutamate|BiGG: forglu|KEGG: C00439
cpd00345	5mthf	5-Methyltetrahydrofolate	C20H23N7O6	-2	Name: 5-Methyltetrahydrofolate; 5-methyl-5,6,7,8-tetrahydrofolate; 5-methyl-5,6,7,8-tetrahydrofolate mono-L-glutamate; 5-methyl-5,6,7,8-tetrahydropteroyl-L-glutamate; 5-methyl-5,6,7,8-tetrahydropteroyl-L-glutamic acid; 5-methyl-THF; 5-methyl-THF mono-L-glutamate; 5-methyl-tetrahydrofolate; 5-methyltetrahydrofolate mono-L-glutamate; 5-methyltetrahydropteroyl mono-L-glutamate; N5-methyl--H4PteGlu1; N5-methyl-THF; N5-methyl-THF mono-L-glutamate; N5-methyltetrahydropteroyl mono-L-glutamate; N5-methyltetrahydropteroylmonoglutamate; methyl-H4F; methyl-H4F mono-L-glutamate; methyl-THF; methyl-THF mono-L-glutamate; methyl-tetrahydrofolate; methyl-tetrahydrofolate mono-L-glutamate; n5-methyltetrahydrofolate; n5-methyltetrahydrofolate mono-L-glutamate|BiGG: 5mthf|KEGG: C00440
cpd00346	aspsa	L-Aspartate4-semialdehyde	C4H7NO3	0	Name: Aspartate beta-semialdehyde; L-Aspartate 4-semialdehyde; L-Aspartate4-semialdehyde; L-Aspartic 4-semialdehyde; L-aspartate 4-semialdehyde; L-aspartate beta-semialdehyde; L-aspartate-4-semialdehyde; L-aspartate-semialdehyde; L-aspartic 4-semialdehyde|BiGG: aspsa|KEGG: C00441
cpd00347	methf	5-10-Methenyltetrahydrofolate	C20H20N7O6	-1	Name: 5,10-Methenyltetrahydrofolate; 5,10-methenyl-H4PteGlu1; 5,10-methenyl-THF; 5,10-methenyl-THF mono-L-glutamate; 5,10-methenyltetrahydrofolate; 5,10-methenyltetrahydrofolate mono-L-glutamate; 5-10-Methenyltetrahydrofolate; CH-THF; CH-THF mono-L-glutamate; N5-N10-CH-THF mono-L-glutamate; N5-N10-methenyltetrahydrofolate mono-L-glutamate; anhydroleucovorin; anhydroleucovorin mono-L-glutamate; methenyl-H4F; methenyl-H4F mono-L-glutamate; methenyl-THF; methenyl-THF mono-L-glutamate; methenyl-tetrahydrofolate; methenyl-tetrahydrofolate mono-L-glutamate; n5-n10-CH-THF; n5-n10-methenyltetrahydrofolate|BiGG: methf|KEGG: C00445
cpd00348	gal1p	D-Galactose 1-phosphate	C6H11O9P	-2	Name: D-galactose-1-phosphate; alpha-D-Gal-1-P; alpha-D-Galactopyranose 1-phosphate; alpha-D-Galactose 1-phosphate; alpha-D-Galactose1-phosphate; alpha-D-galactopyranose 1-phosphate; alpha-D-galactopyranose, 1-(dihydrogen phosphate); alpha-D-galactose 1-phosphate; alpha-D-galactose-1-phosphate; galactose-1-P|BiGG: gal1p|KEGG: C00446
cpd00349	s17bp	Sedoheptulose 1,7-bisphosphate	C7H12O13P2	-4	Name: D-Sedoheptulose 1,7-bisphosphate; D-altro-Heptulose 1,7-biphosphate; D-sedoheptulose 1,7-bisphosphate; D-sedoheptulose-1,7-P2; D-sedoheptulose-1,7-bisphosphate; D-sedoheptulose-1,7-diphosphate; SBP; Sedoheptulose 1,7-bisphosphate; sedoheptulose 1,7-bisphosphate|BiGG: s17bp|KEGG: C00447
cpd00350	frdp	Farnesyldiphosphate	C15H26O7P2	-2	Name: (2E,6E)-Farnesyl diphosphate; (2E,6E)-farnesyl diphosphate; (E,E)-farnesyl diphosphate; 2-trans,6-trans-Farnesyl diphosphate; 2-trans,6-trans-farnesyl diphosphate; C15-PP; FPP; Farnesyl diphosphate; Farnesyl pyrophosphate; Farnesyldiphosphate; all-trans-farnesyl diphosphate; farnesyl diphosphate; farnesyl pyrophosphate; farnesyl-PP; omega,E,E-farnesyl diphosphate; trans, trans-farnesyl diphosphate; trans,trans-Farnesyl diphosphate|BiGG: frdp|KEGG: C00448
cpd00352	thp2c	delta1-Piperideine-6-L-carboxylate	C6H8NO2	-1	Name: (S)-2,3,4,5-Tetrahydropyridine-2-carboxylate; (S)-2,3,4,5-tetrahydropiperidine-2-carboxylate; 1,6-didehydropiperidine-2-carboxylate; 1-piperideine 6-carboxylate; 1-piperideine-6-carboxylate; 2,3,4,5-Tetrahydropyridine-2-carboxylate; 2,3,4,5-tetrahydropyridine-2-carboxylate; delta1-Piperideine-6-L-carboxylate; delta1-piperideine-6-carboxylate; delta6-piperideine-2-carboxylate|BiGG: thp2c|KEGG: C00450
cpd00355	nmn	Nicotinamide ribonucleotide	C11H14N2O8P	-1	Name: NMN; Nicotinamide D-ribonucleotide; Nicotinamide mononucleotide; Nicotinamide nucleotide; Nicotinamide ribonucleotide; beta-Nicotinamide D-ribonucleotide; beta-Nicotinamide mononucleotide; beta-Nicotinamide ribonucleotide; beta-nicotinamide D-ribonucleotide; beta-nicotinamide mononucleotide; beta-nicotinamide nucleotide; beta-nicotinamide ribonucleotide|BiGG: nmn|KEGG: C00455
cpd00356	dctp	dCTP	C9H13N3O13P3	-3	Name: 2'-Deoxycytidine 5'-triphosphate; 2'-deoxycytidine-5'-(tetrahydrogen triphosphate); 2'-deoxycytidine-5'-triphosphate; Deoxycytidine 5'-triphosphate; Deoxycytidine triphosphate; dCTP; deoxy-CTP; deoxycytidine-triphosphate|BiGG: dctp|KEGG: C00458
cpd00357	dttp	TTP	C10H14N2O14P3	-3	Name: Deoxythymidine 5'-triphosphate; Deoxythymidine triphosphate; TTP; dTTP; thymidine 5'-(tetrahydrogen triphosphate); thymidine 5'-triphosphate; thymidine triphosphate|BiGG: dttp|KEGG: C00459
cpd00358	dutp	dUTP	C9H12N2O14P3	-3	Name: 2'-Deoxyuridine 5'-triphosphate; 2'-deoxyuridine-5'-triphosphate; dUTP; deoxy-UTP; deoxyuridine-triphosphate|BiGG: dutp|KEGG: C00460
cpd00359	indole	indol	C8H7N	0	Name: 2,3-Benzopyrrole; Indole; indol; indole|BiGG: indole|KEGG: C00463
cpd00363	etoh	Ethanol	C2H6O	0	Name: Dehydrated ethanol; ETOH; EtOH; Ethanol; Ethyl alcohol; Methylcarbinol; absolute alcohol; alcohol; eth; ethanol; ethyl alcohol; grain alcohol|BiGG: etoh|KEGG: C00469
cpd00366	Ribitol	Ribitol	C5H12O5	0	Name: (2R,3s,4S)-pentane-1,2,3,4,5-pentol; Adonitol; D-Ribitol; D-adonitol; D-ribitol; Ribitol; adonitol; meso-ribitol; ribitol|BiGG: rbt|KEGG: C00474
cpd00367	Cytidine	Cytidine	C9H13N3O5	0	Name: Cytidine; cytidine|BiGG: cytd|KEGG: C00475
cpd00374	tym	Tyramine	C8H12NO	1	Name: 2-(p-Hydroxyphenyl)ethylamine; 2-(p-hydroxyphenyl)ethylamine; 4-(2-aminoethyl)phenol; Tyramine; p-hydroxyphenethylamine; tyramine; tyrosamine|BiGG: tym|KEGG: C00483
cpd00378	frmd	Formamide	CH3NO	0	Name: Formamide; Methanamide; carbamaldehyde; formamide|BiGG: frmd|KEGG: C00488
cpd00380	itacon	Itaconate	C5H4O4	-2	Name: 2-methylsuccinate; 2-propene-1,2-dicarboxylic acid; Itaconate; Itaconic acid; Methylenesuccinic acid; itaconate; itaconic acid; methylenebutanedioic acid; methylenesuccinic acid; propylenedicarboxylic acid|BiGG: itacon|KEGG: C00490
cpd00382	raffin	Melitose	C18H32O16	0	Name: (2S,3R,4S,5S,6R)-2-[[(2R,3R,4S,5R,6R)-6-[(2S,3S,4R,5S)-3,4-dihydroxy-2,5-bis(hydroxymethyl)oxolan-2-yl]oxy-3,4,5-trihydroxy-oxan-2-yl]methoxy]-6-(hydroxymethyl)oxane-3,4,5-triol; 6G-alpha-D-galactosylsucrose; D-Raffinose; D-raffinose; Gossypose; Melitose; Melitriose; Raffinose; alpha-D-Galp-(1->6)-alpha-D-Glcp-(1->2)-beta-D-Fruf; alpha-D-galactopyranosyl-(1->6)-alpha-D-glucopyranosyl-(1->2)-beta-D-fructofuranoside; gossypose; melitose; melitriose; raffinose|BiGG: raffin|KEGG: C00492; G00249
cpd00383	skm	Shikimate	C7H9O5	-1	Name: (3R,4S,5R)--3,4,5-trihydroxycyclohex-1-ene-1-carboxylate; 1-cyclohexene-1-carboxylic acid, 3,4,5-trihydroxy-; 3,4,5-Trihydroxy-1-cyclohexenecarboxylic acid; 3,4,5-trihydroxy-1-cyclohexene-1-carboxylate; Shikimate; Shikimic acid; shikimate; shikimic acid|BiGG: skm|KEGG: C00493
cpd00386	mal-D	D-Malate	C4H4O5	-2	Name: (R)-Malate; (R)-malate; D-(+)-malic acid; D-Malate; D-Malic acid; D-malate; D-malic acid|BiGG: mal__D|KEGG: C00497
cpd00387	adpglc	ADPglucose	C16H23N5O15P2	-2	Name: ADP-D-glucose; ADP-alpha-D-glucose; ADP-glucose; ADPglucose; Adenosine diphosphoglucose; adenosine diphosphate glucose|BiGG: adpglc|KEGG: C00498; G11109
cpd00388	alltt	Allantoate	C4H7N4O4	-1	Name: Allantoate; Allantoic acid; acetic acid, bis((aminocarbonyl)amino)-; allantoate; allantoic acid|BiGG: alltt|KEGG: C00499
cpd00390	CDP-glucose	CDP-glucose	C15H23N3O16P2	-2	Name: CDP-D-Glucose; CDP-D-glucose; CDP-alpha-D-glucose; CDP-glc; CDP-glucose; CDPglucose|BiGG: cdpglc|KEGG: C00501
cpd00393	fol	Folate	C19H17N7O6	-2	Name: FOL; Folate; Folic acid; Pteroylglutamic acid; folate; folic acid|BiGG: fol|KEGG: C00504
cpd00395	Lcyst	L-Cysteate	C3H6NO5S	-1	Name: (2R)-2-amino-3-sulfopropanoic acid; (R)-cysteate; 2-Amino-3-sulfopropionic acid; 2-amino-3-sulfopropionic acid; 3-Sulfoalanine; 3-sulfo-L-alanine; 3-sulfoalanine; L-Cysteate; L-Cysteic acid; L-cysteate; L-cysteic acid|BiGG: Lcyst|KEGG: C00506
cpd00396	rmn	L-Rhamnose	C6H12O5	0	Name: 6-Deoxy-L-mannose; L-Mannomethylose; L-Rhamnopyranose; L-Rhamnose; L-rhamnopyranose|BiGG: rmn|KEGG: C00507
cpd00403	mana	D-Mannonate	C6H11O7	-1	Name: D-Mannonate; D-mannonate; mannonate|BiGG: mana|KEGG: C00514
cpd00408	pant-R	Pantoate	C6H11O4	-1	Name: (R)-Pantoate; (R)-pantoate; L-pantoate; Pantoate; Pantoic acid; R-Pantoate; pantoate|BiGG: pant__R|KEGG: C00522
cpd00412	duri	Deoxyuridine	C9H12N2O5	0	Name: 2'-Deoxyuridine; 2'-deoxyuridine; 2-Deoxyuridine; Deoxyuridine; deoxyuridine|BiGG: duri|KEGG: C00526
cpd00418	no	NO	NO	0	Name: NO; Nitric oxide; Nitricoxide; Nitrogen monoxide; nitric oxide; nitrogen monoxide; nitrogen protoxide|BiGG: no|KEGG: C00533
cpd00419	pydam	PM	C8H13N2O2	1	Name: PM; Pyridoxamine; pyridoxamine|BiGG: pydam|KEGG: C00534
cpd00421	pppi	Triphosphate	HO10P3	-4	Name: Inorganic triphosphate; P3,i; PPPi; Triphosphate; Triphosphoric acid; Tripolyphosphate; inorganic open chain tripolyphosphate; inorganic triphosphate; triphosphate; triphosphoric acid; tripolyphosphate|BiGG: pppi|KEGG: C00536
cpd00425	dma	(CH3)2NH	C2H8N	1	Name: (CH3)2NH; Dimethylamine; dimethylamine; {CH3}2NH2|BiGG: dma|KEGG: C00543
cpd00426	hgentis	Homogentisate	C8H7O4	-1	Name: 2,5-Dihydroxyphenylacetate; 2,5-Dihydroxyphenylacetic acid; 2,5-dihydroxyphenylacetate; Homogentisate; Homogentisic acid; homogentisate|BiGG: hgentis|KEGG: C00544
cpd00428	mthgxl	2-Oxopropanal	C3H4O2	0	Name: 2-Ketopropionaldehyde; 2-Oxopropanal; 2-oxo-propanal; 2-oxopropanal; Methylglyoxal; Pyruvaldehyde; Pyruvic aldehyde; acetylformaldehyde; methyl-glyoxal; methylglyoxal; oxopropanal; pyruvaldehyde; pyruvic aldehyde|BiGG: mthgxl|KEGG: C00546
cpd00430	pac	PACT	C8H8O2	0	Name: Acetic acid,phenyl ester; Acetylphenol; Benzeneacetiic acid; C15583; PACT; Phenyl acetate; Phenylacetic acid; Phenylaceticacid|BiGG: pac|KEGG: C00548; C15583
cpd00432	tartr-M	meso-Tartrate	C4H4O6	-2	Name: (2R,3S)-2,3-dihydroxybutanedioate; M-tartarate; erythrarate; meso-Tartaric acid; meso-Tartrate; meso-tartaric acid; meso-tartrate; mesotartaric acid|BiGG: tartr__M|KEGG: C00552
cpd00434	4abutn	4-Aminobutanal	C4H10NO	1	Name: 4-Aminobutanal; 4-Aminobutyraldehyde; 4-amino-butyraldehyde; 4-aminobutanal; 4-aminobutyraldehyde; ABAL; Butyraldehyde, 4-amino-; gamma-aminobutyraldehyde|BiGG: 4abutn|KEGG: C00555
cpd00437	tagur	D-Tagaturonate	C6H9O7	-1	Name: D-Tagaturonate; D-Tagaturonic acid; D-arabino-hex-5-ulosonate; D-tagaturonate; tagaturonate|BiGG: tagur|KEGG: C00558
cpd00438	dad-2	Deoxyadenosine	C10H13N5O3	0	Name: 2'-Deoxyadenosine; 2'-deoxyadenosine; 2-deoxy-adenosine; Deoxyadenosine; deoxyadenosine|BiGG: dad_2|KEGG: C00559
cpd00441	tma	(CH3)3N	C3H10N	1	Name: (CH3)3N; (CH3)3NH; (CH3)3NH+; N,N-Dimethylmethanamine; N,N-dimethylmethanamine; Trimethylamine; trimethylamine|BiGG: tma|KEGG: C00565
cpd00443	4abz	ABEE	C7H6NO2	-1	Name: 4-Aminobenzoate; 4-Aminobenzoic acid; 4-aminobenzoate; 4-aminobenzoic acid; ABEE; p-Aminobenzoate; p-aminobenzoate; p-aminobenzoic acid; pABA; para-aminobenzoate; para-aminobenzoic acid|BiGG: 4abz|KEGG: C00568
cpd00446	camp	cAMP	C10H11N5O6P	-1	Name: 3',5'-Cyclic AMP; 3',5'-cyclic AMP; Adenosine 3',5'-cyclic phosphate; Adenosine 3',5'-phosphate; Cyclic AMP; Cyclic adenylic acid; adenosine 3',5'-cyclic phosphate; adenosine cyclic-3',5'-monophosphate; adenosine cyclic-monophosphate; adenosine-3',5'-cyclic monophosphate; adenosine-3',5'-monophosphate; adenosine-cyclic-phosphate; adenosine-cyclic-phosphoric-acid; cAMP; cyclic 3',5'-AMP; cyclic-3',5'-adenosine monophosphate; cyclic-AMP|BiGG: camp|KEGG: C00575
cpd00447	betald	Betaine aldehyde	C5H12NO	1	Name: Betaine aldehyde; N,N,N-trimethyl-2-oxoethylammonium; betaine aldehyde; glycine betaine aldehyde|BiGG: betald|KEGG: C00576
cpd00448	glyald	D-Glyceraldehyde	C3H6O3	0	Name: D-(+)-glyceraldehyde; D-2,3-dihydroxypropanal; D-2,3-dihydroxypropionaldehyde; D-Glyceraldehyde; D-aldotriose; D-glyceraldehyde; D-glycerose; alpha,beta-dihydroxypropionaldehyde; glyceraldehyde|BiGG: glyald|KEGG: C00577
cpd00449	dhlam	Dihydrolipoamide	C8H17NOS2	0	Name: Dihydrolipoamide; Dihydrothioctamide; dihydrolipoamide|BiGG: dhlam|KEGG: C00579
cpd00450	dms	Methyl sulfide	C2H6S	0	Name: DMS; Dimethyl sulfide; Methyl sulfide; Methyl thioether; dimethyl sulfide; dimethyl sulphide; dimethylsulfide; dimethylsulphide; reduced dimethyl sulfoxide|BiGG: dms|KEGG: C00580
cpd00464	pacald	alpha-Tolualdehyde	C8H8O	0	Name: 2-phenylacetaldehyde; PAA; Phenylacetaldehyde; alpha-Tolualdehyde; alpha-tolualdehyde; hyacinthin; phenylacetaldehyde; phenylethanal|BiGG: pacald|KEGG: C00601
cpd00465	urdglyc	Ureidoglycolate	C3H5N2O4	-1	Name: (-)-Ureidoglycolate; (-)-ureidoglycolate; (2S)-(carbamoylamino)(hydroxy)acetate; (S)-(-)-ureidoglycolate; (S)-Ureidoglycolate; (S)-ureidoglycolate; S-(-)-ureidoglycolate; S-ureidoglycolate; ureidoglycolate|BiGG: urdglyc|KEGG: C00603; C05241
cpd00472	udpgalur	UDPgalacturonate	C15H19N2O18P2	-3	Name: UDP-D-galacturonate; UDP-D-galacturonic acid; UDP-alpha-D-galacturonate; UDP-galacturonate; UDPgalacturonate|BiGG: udpgalur|KEGG: C00617; G11110
cpd00475	r1p	Ribose 1-phosphate	C5H9O8P	-2	Name: D-Ribose 1-phosphate; D-ribose-1-phosphate; Ribose 1-phosphate; alpha-D-Ribose 1-phosphate; alpha-D-Ribose1-phosphate; alpha-D-ribofuranose 1-phosphate; alpha-D-ribose-1-phosphate; alpha-D-ribose-1P; ribose-1-phosphate|BiGG: r1p|KEGG: C00620
cpd00477	acglu	N-Acetyl-L-glutamate	C7H9NO5	-2	Name: N-Acetyl-L-glutamate; N-Acetyl-L-glutamic acid; N-acetyl-L-glutamate; N-acetyl-L-glutamic acid; NAG; acetyl-L-glu; acetyl-L-glutamate|BiGG: acglu|KEGG: C00624
cpd00478	pdx5p	Pyridoxine phosphate	C8H10NO6P	-2	Name: Pyridoxine 5'-phosphate; Pyridoxine 5-phosphate; Pyridoxine phosphate; Pyridoxol 5'-phosphate; [5-hydroxy-4-(hydroxymethyl)-6-methylpyridin-3-yl]methyl phosphate; pyridoxine 5'-phosphate; pyridoxine 5-phosphate; pyridoxine phosphate; pyridoxine-5'-phosphate; pyridoxine-5-phosphate; pyridoxine-5P; pyridoxine-P; pyridoxine-phosphate; pyridoxol 5'-phosphate; pyridoxol-5'-phosphate|BiGG: pdx5p|KEGG: C00627
cpd00481	ibcoa	Isobutyryl-CoA	C25H38N7O17P3S	-4	Name: 2-Methylpropanoyl-CoA; 2-Methylpropionyl-CoA; 2-methylpropanoyl-CoA; 2-methylpropionyl-CoA; Isobutyryl-CoA; M_Isobutyryl_CoA; S-(2-methylpropanoyl)-CoA; isobutanoyl-CoA; isobutyryl-CoA; isobutyryl-coenzyme A|BiGG: ibcoa|KEGG: C00630
cpd00482	2pg	2-Phospho-D-glycerate	C3H4O7P	-3	Name: 2-P-D-glycerate; 2-Phospho-(R)-glycerate; 2-Phospho-D-glycerate; 2-phospho-(D)-glycerate; 2-phospho-(R)-glycerate; 2-phospho-D-glycerate; 2-phospho-D-glyceric acid; D-2-phosphoglycerate; D-Glycerate 2-phosphate; D-Glycerate2-phosphate|BiGG: 2pg|KEGG: C00631
cpd00485	man1p	D-Mannose1-phosphate	C6H11O9P	-2	Name: D-Mannose 1-phosphate; D-Mannose1-phosphate; D-mannose-1-phosphate; alpha-D-Mannose 1-phosphate; alpha-D-mannopyranose 1-phosphate; alpha-D-mannose 1-phosphate; mannose-1-P; mannose-1-phosphate|BiGG: man1p|KEGG: C00636
cpd00492	acmana	N-Acetyl-D-mannosamine	C8H15NO6	0	Name: 2-Acetamido-2-deoxy-D-mannose; N-Acetyl-D-mannosamine; N-acetyl-D-mannosamine|BiGG: acmana|KEGG: C00645
cpd00493	pyam5p	Pyridoxamine phosphate	C8H12N2O5P	-1	Name: PMP; Pyridoxamine 5'-phosphate; Pyridoxamine 5-phosphate; Pyridoxamine phosphate; pyridoxamine 5'-phosphate; pyridoxamine phosphate|BiGG: pyam5p|KEGG: C00647
cpd00497	xmp	XMP	C10H11N4O9P	-2	Name: (9-D-Ribosylxanthine)-5'-phosphate; (9-D-ribosylxanthine) 5'-phosphate; (9-D-ribosylxanthine)-5'-phosphate; 9-(5-phospho-beta-D-ribosyl)xanthine; XMP; Xanthosine 5'-phosphate; Xanthosine5-phosphate; Xanthylic acid; xanthosine 5'-phosphate; xanthosine 5-phosphate; xanthosine-5'-P; xanthosine-5'-phosphate; xanthosine-5-P; xanthosine-5-phosphate|BiGG: xmp|KEGG: C00655
cpd00498	2ahbut	2-Aceto-2-hydroxybutanoate	C6H9O4	-1	Name: (S)-2-Aceto-2-hydroxybutanoate; (S)-2-Hydroxy-2-ethyl-3-oxobutanoate; (S)-2-aceto-2-hydroxy-butyrate; (S)-2-aceto-2-hydroxybutanoate; (S)-2-hydroxy-2-ethyl-3-oxobutanoate; 2-Aceto-2-hydroxybutanoate; 2-aceto-2-hydroxy-butanoate; 2-aceto-2-hydroxy-butyrate; S-2-Aceto-2-hydroxybutanoate; acetohydroxybutanoate; acetohydroxybutyrate; alpha-aceto-alpha-hydroxybutyrate|BiGG: 2ahbut|KEGG: C00659; C06006
cpd00504	26dap-LL	LL-2,6-Diaminopimelate	C7H14N2O4	0	Name: L,L-2,6-diaminoheptanedioate; L,L-2,6-diaminopimelate; L,L-A2pm; L,L-DAP; L,L-diaminopimelate; LL-2,6-Diaminoheptanedioate; LL-2,6-Diaminopimelate; LL-2,6-Diaminopimelic acid; LL-2-6-Diaminoheptanedioate|BiGG: 26dap_LL|KEGG: C00666
cpd00506	glucys	gamma-Glutamylcysteine	C8H13N2O5S	-1	Name: 5-L-Glutamyl-L-cysteine; L-gamma-Glutamylcysteine; L-gamma-glutamylcysteine; gamma-Glu-Cys; gamma-Glutamylcysteine; gamma-L-Glutamyl-L-cysteine; gamma-L-glutamyl-L-cysteine; gamma-L-glutamylcysteine; gamma-glutamylcysteine|BiGG: glucys|KEGG: C00669
cpd00507	g3pc	Glycerophosphocholine	C8H20NO6P	0	Name: Glycerophosphocholine; L-1-glycero-3-phosphocholine; L-1-glycero-phosphorylcholine; glycero-phosphocholine; glycerophosphocholine; sn-3-GPC; sn-Glycero-3-phosphocholine; sn-glycero-3-Phosphocholine; sn-glycero-3-phosphocholine|BiGG: g3pc|KEGG: C00670
cpd00508	3mop	3MOP	C6H9O3	-1	Name: (3S)-3-Methyl-2-oxopentanoate; (3S)-3-Methyl-2-oxopentanoic acid; (3S)-3-methyl-2-oxopentanoate; (S)-2-oxo-3-methylpentanoate; (S)-3-Methyl-2-oxopentanoate; (S)-3-Methyl-2-oxopentanoic acid; (S)-3-methyl-2-oxopentanoate; (S)-3-methyl-2-oxovalerate; 2-keto-3-methyl-valerate; 2-keto-3-methylvalerate; 2-keto-isoleucine; 2-oxo-3-methylpentanoate; 2-oxo-3-methylvalerate; 3-methyl-2-oxopentanoate; 3MOP; S-3-Methyl-2-oxopentanoate; alpha-keto-beta-methyl-valerate; alpha-keto-methylvalerate|BiGG: 3mop|KEGG: C00671
cpd00509	2dr1p	deoxyribose-1-phosphate	C5H9O7P	-2	Name: 2-Deoxy-D-ribose 1-phosphate; 2-Deoxy-D-ribose1-phosphate; 2-Deoxy-alpha-D-ribose 1-phosphate; 2-deoxy-D-ribose-1-phosphate; 2-deoxy-alpha-D-ribose 1-phosphate; deoxy-D-ribose 1-phosphate; deoxyribose-1-phosphate|BiGG: 2dr1p|KEGG: C00672
cpd00510	2dr5p	deoxyribose-5-phosphate	C5H9O7P	-2	Name: 2-Deoxy-D-ribose 5-phosphate; 2-Deoxy-D-ribose5-phosphate; deoxyribose-5-phosphate|BiGG: 2dr5p|KEGG: C00673
cpd00515	5d4dglcr	5-Dehydro-4-deoxy-D-glucarate	C6H6O7	-2	Name: (2R,3S)-2,3-dihydroxy-5-oxohexanedioate; 2,3-dihydroxy-5-oxo-hexanedioate; 2-keto-L-threo-4,5-dihydroxyadipate; 3-deoxy-(L)-threo-2-hexulosarate; 3-deoxy-2-keto-L-threo-hexarate; 3-deoxy-L-threo-hex-2-ulosarate; 5-Dehydro-4-deoxy-D-glucarate; 5-KDG; 5-dehydro-4-deoxy-D-glucarate; 5-keto-4-deoxy-D-glucarate; GLR; KGR|BiGG: 5dh4dglc|KEGG: C00679
cpd00516	26dap-M	meso-2,6-Diaminopimelate	C7H14N2O4	0	Name: D,L-DAP; D,L-diaminopimelate; D,L-meso-diaminoheptanedioate; M-DAP; meso-1-alpha,epsilon-diaminopimelate; meso-2,6-Diaminoheptanedioate; meso-2,6-Diaminopimelate; meso-2,6-Diaminopimelic acid; meso-2,6-diaminoheptanedioate; meso-2,6-diaminopimelate; meso-2-6-Diaminoheptanedioate; meso-A2pm; meso-Diaminoheptanedioate; meso-diaminoheptanedioate; meso-diaminopimelate|BiGG: 26dap__M|KEGG: C00680
cpd00519	mmcoa-S	D-methylmalonyl-CoA	C25H35N7O19P3S	-5	Name: (2S)-Methylmalonyl-CoA; (2S)-methyl-malonyl-CoA; (S)-2-Methyl-3-oxopropionyl-CoA; (S)-3-Oxo-2-methylpropanoyl-CoA; (S)-Methylmalonyl-CoA; (S)-Methylmalonyl-coenzyme A; (S)-methylmalonyl-CoA; CH3-malonyl-CoA; D-Methylmalonyl-CoA; D-methylmalonyl-CoA; methyl-malonyl-coenzyme A|BiGG: mmcoa__S|KEGG: C00683
cpd00521	dtdp4d6dg	dTDP-4-oxo-6-deoxy-D-glucose	C16H22N2O15P2	-2	Name: 4,6-Dideoxy-4-oxo-dTDP-D-glucose; TDP-4-keto-6-deoxy--alpha-D-glucose; TDP-4-oxo-6-deoxy--alpha-D-glucose; dTDP-4-dehydro-6-deoxy-D-galactose; dTDP-4-dehydro-6-deoxy-D-glucose; dTDP-4-dehydro-6-deoxy-alpha-D-galactose; dTDP-4-dehydro-6-deoxy-alpha-D-glucopyranose; dTDP-4-dehydro-6-deoxy-alpha-D-glucose; dTDP-4-oxo-6-deoxy--alpha-D-glucose; dTDP-4-oxo-6-deoxy-D-glucose; dTDP-4-oxo-6-deoxy-alpha-D-glucose; dTDP-6-deoxy-D-xylo-hexos-4-ulose; dTDP-6-deoxy-alpha-D-xylo-4-hexosulose; dTDP-6-deoxy-alpha-D-xylohex-4-ulose|BiGG: dtdp4d6dg|KEGG: C11907
cpd00522	dtdp4d6dm	dTDP-4-oxo-L-rhamnose	C16H22N2O15P2	-2	Name: dTDP-4-dehydro-6-deoxy-L-mannose; dTDP-4-dehydro-6-deoxy-alpha-L-mannose; dTDP-4-dehydro-6-deoxy-beta-L-mannose; dTDP-4-dehydro-alpha-L-rhamnose; dTDP-4-dehydro-beta-L-rhamnose; dTDP-4-keto-L-rhamnose; dTDP-4-oxo-6-deoxy-L-mannose; dTDP-4-oxo-6-deoxy-alpha-L-mannose; dTDP-4-oxo-6-deoxy-beta-L-mannose; dTDP-4-oxo-L-rhamnose; dTDP-4-oxo-alpha-L-rhamnose; dTDP-4-oxo-beta-L-rhamnose|BiGG: dtdp4d6dm|KEGG: C00688
cpd00523	tre6p	Trehalose 6-phosphate	C12H21O14P	-2	Name: D-trehalose-6-phosphate; Trehalose 6-phosphate; alpha,alpha'-Trehalose 6-phosphate; alpha,alpha-D-trehalose 6-phosphate; alpha,alpha-trehalose 6-phosphate; trehalose 6-phosphate; trehalose phosphate|BiGG: tre6p|KEGG: C00689; G09795
cpd00524	2ins	2-Inosose	C6H10O6	0	Name: 2,4,6/3,5-Pentahydroxycyclohexanone; 2-Inosose; 2-inosose; 2-keto-scyllo-inositol; inosose; myo-2-inosose; myo-Inosose; myo-inosose; myo-inosose-2; scyllo-Inosose|BiGG: 2ins|KEGG: C00691
cpd00525	uamag	UDP-N-acetylmuramoyl-L-alanyl-D-glutamate	C28H39N5O23P2	-4	Name: UDP-N-acetyl-alpha-D-muramoyl-L-alanyl-D-glutamate; UDP-N-acetylmuramoyl-L-alanyl-D-glutamate; UDP-N-acetylmuramoyl-L-alanyl-D-glutamate tetraanion; uridine 5'-(3-{2-acetamido-2-deoxy-3-O-[(2R)-1-{[(2S)-1-D-glutamato-1-oxopropan-2-yl]amino}-1-oxopropan-2-yl]-D-glucopyranosyl} diphosphate)|BiGG: uamag|KEGG: C00692
cpd00528	n2	N2	N2	0	Name: N2; Nitrogen; nitrogen; nitrogen molecule|BiGG: n2|KEGG: C00697
cpd00531	hg2	Hg2+	Hg	2	Name: Hg(II); Hg++; Hg2+; Mercuric ion; Mercury (charged +2); Mercury(2+); mercury (II); mercury ion|BiGG: hg2|KEGG: C00703
cpd00532	o2s	O2-	O2	-1	Name: O2-; O2.-; Superoxide; Superoxide anion; Superoxideanion; peroxide radical; superoxide; superoxide anion|BiGG: o2s|KEGG: C00704
cpd00533	dcdp	dCDP	C9H13N3O10P2	-2	Name: 2'-Deoxycytidine 5'-diphosphate; 2'-Deoxycytidine diphosphate; 2'-deoxycytidine diphosphate; 2'-deoxycytidine-5'-diphosphate; dCDP; deoxycytidine-diphosphate|BiGG: dcdp|KEGG: C00705
cpd00540	glyb	BET	C5H11NO2	0	Name: BET; Betaine; Glycine betaine; N,N,N-Trimethylglycine; N,N,N-trimethylglycine; Trimethylaminoacetate; Trimethylammonioacetate; acidin-pepsin; betaine; glycine betaine; lycine; oxyneurine; trimethylammonioacetate|BiGG: glyb|KEGG: C00719
cpd00541	lipt	Lipoate	C8H13O2S2	-1	Name: Lipoate; Lipoic acid; Thioctic acid; alpha-Lipoic acid|BiGG: lipoate|KEGG: C00725
cpd00549	lys-D	D-Lysine	C6H15N2O2	1	Name: D-2,6-Diaminohexanoic acid; D-2,6-diaminohexanoic acid; D-Lysine; D-lysine|BiGG: lys__D|KEGG: C00739
cpd00550	ser-D	D-Serine	C3H7NO3	0	Name: D-Serine; D-serine|BiGG: ser__D|KEGG: C00740
cpd00557	sheme	Siroheme	C42H36FeN4O16	-8	Name: Siroheme; siroheme|BiGG: sheme|KEGG: C00748
cpd00558	sprm	Spermine	C10H30N4	4	Name: N,N'-Bis(3-aminopropyl)-1,4-butane-diamine; N,N'-Bis(3-aminopropyl)-1,4-butanediamine; N,N'-bis(3-aminopropyl)-1,4-butane-diamine; SPRM; Spermine; diaminopropyl-tetramethylenediamine; gerontine; musculamine; neuridine; spermine|BiGG: sprm|KEGG: C00750
cpd00573	idon-L	L-Idonate	C6H11O7	-1	Name: (R)-idonate; L-Idonate; L-idonate; L-idonic acid|BiGG: idon__L|KEGG: C00770
cpd00581	urcan	Urocanate	C6H5N2O2	-1	Name: Urocanate; Urocanic acid; imidazoleacrylic acid; trans-urocanate; urocanate; urocanic acid|BiGG: urcan|KEGG: C00785
cpd00588	sbt-D	Sorbitol	C6H14O6	0	Name: (2S,3R,4R,5R)-hexane-1,2,3,4,5,6-hexol; D-Glucitol; D-Sorbitol; D-glucitol; D-sorbitol; L-Gulitol; L-gulitol; Sorbitol; glucitol; iso-sorbide; meglumine; sorbitol|BiGG: sbt__D|KEGG: C00794
cpd00589	D-Tagatose	D-Tagatose	C6H12O6	0	Name: D-Tagatose; D-tagatose; keto-D-tagatose; lyxo-Hexulose; xylo-2-hexulose|BiGG: tag__D|KEGG: C00795
cpd00596	oxur	Oxalurate	C3H3N2O4	-1	Name: 2-(carbamoylamino)-2-oxoacetate; Monooxalylurea; N-carbamoyl-2-oxoglycine; N-carbamoyloxamate; Oxalurate; Oxalureate; Oxaluric acid; carbamyl oxamate; monooxalylurea; oxalurate; oxalureate; oxaluric acid; ureido(oxo)acetic acid|BiGG: oxur|KEGG: C00802
cpd00599	salc	SALC	C7H5O3	-1	Name: 2-HBA; 2-hydroxybenzoate; 2-hydroxybenzoic acid; SA; SALC; Salicylate; Salicylic acid; o-Hydroxybenzoic acid; o-hydroxybenzoate; o-hydroxybenzoic acid; salicylate; salicylic acid|BiGG: salc|KEGG: C00805
cpd00607	Citramalate	Citramalate	C5H6O5	-2	Name: 2-Methylmalic acid; CPD-14325; Citramalate; Citramalic acid; alpha-Hydroxypyrotartaric acid|BiGG: citm|KEGG: C00815
cpd00608	altrn	D-Altronate	C6H11O7	-1	Name: D-Altronate; D-altronate; D-altronatete; altronate|BiGG: altrn|KEGG: C00817
cpd00609	glcr	D-Glucarate	C6H8O8	-2	Name: d-Saccharic acid|BiGG: glcr
cpd00616	CPD-659	Pretyrosine	C10H12NO5	-1	Name: L-Arogenate; L-Arogenic acid; L-arogenate; L-arogenic acid; Pretyrosine; pretyrosine|BiGG: Largn|KEGG: C00826
cpd00626	dtdpglu	dTDPglucose	C16H24N2O16P2	-2	Name: TDP-glucose; dTDP-D-glucose; dTDP-alpha-D-glucose; dTDP-glucose; dTDPglucose|BiGG: dtdpglu|KEGG: C00842
cpd00630	3oxadp	3-Oxoadipate	C6H6O5	-2	Name: 3-Keto-adipate; 3-Oxoadipate; 3-Oxoadipic acid; 3-ketoadipate; 3-oxoadipate; beta-ketoadipate|BiGG: 3oxoadp|KEGG: C00846
cpd00635	cbl1	Cbl	C62H88CoN13O14P	-1	Name: B12; B12s; Cbl; Cob(I)alamin; Vitamin B12s; cob(I)alamin; cobalamin; vitamin B12; vitamin B12s|BiGG: cbl1|KEGG: C00853
cpd00637	met-D	D-Methionine	C5H11NO2S	0	Name: D-2-Amino-4-(methylthio)butyric acid; D-2-amino-4-(methylthio)butyric acid; D-Methionine; D-methionine|BiGG: met__D|KEGG: C00855
cpd00638	dnad	Deamido-NAD	C21H24N6O15P2	-2	Name: Deamido-NAD; Deamido-NAD+; Deamino-NAD+; NAAD; NaAD; NaADN; deamido-NAD; deamido-NAD+; deamidonicotinamide adenine dinucleoetide; deamino-NAD+; nicotinate adenine dinucleotide|BiGG: dnad|KEGG: C00857
cpd00641	histd	L-Histidinol	C6H12N3O	1	Name: L-Histidinol; L-histidinol; histidinol; histidol|BiGG: histd|KEGG: C00860
cpd00642	rml	L-Rhamnulose	C6H12O5	0	Name: 6-Deoxy-L-fructose; 6-deoxy-L-sorbose; L-Rhamnulose; L-rhamnulose; keto-L-rhamnulose; rhamnulose|BiGG: rml|KEGG: C00861
cpd00644	pnto-R	PAN	C9H16NO5	-1	Name: (R)-N-(2,4-dihydroxy-3,3-dimethyl-oxobutyl)-beta-alanine; (R)-Pantothenate; (R)-pantothenate; (R)-pantothenic acid; 3-[[(2R)-2,4-dihydroxy-3,3-dimethylbutanoyl]amino]propanoate; D-pantothenate; D-pantothenic acid; PAN; Pantothenate; Pantothenic acid; R-Pantothenate; Vitamin_B5; beta-alanine, (R)-N-(2,4-dihydroxy-3,3-dimethyl-oxobutyl)-; vitamin B5|BiGG: pnto__R|KEGG: C00864
cpd00646	PNP	PNP	C6H5NO3	0	Name: 4-Hydroxynitrobenzene; 4-Nitrophenol; 4-hydroxynitrobenzene; 4-nitrophenol; Niphen; PNP; niphen; p-Nitrophenol; p-nitrophenol; para-nitrophenol|BiGG: 4nph|KEGG: C00870
cpd00650	butd2coa	Crotonyl-CoA	C25H36N7O17P3S	-4	Name: (E)-But-2-enoyl-CoA; (E)-but-2-enoyl-CoA; 2-Butenoyl-CoA; 2-butenoyl-CoA; But-2-enoyl-CoA; Crotonoyl-CoA; Crotonyl-CoA; M_Crotonyl_Coa; but-2-enoyl-CoA; crotonoyl-CoA; crotonyl-CoA; crotonyl-S-CoA; crotonyl-coenzyme A; trans-But-2-enoyl-CoA; trans-but-2-enoyl-CoA; trans-butyr-2-enoyl-CoA|BiGG: b2coa|KEGG: C00877
cpd00653	galctn-D	D-Galactonate	C6H11O7	-1	Name: D-Galactonate; D-Galactonic acid; D-galactonate|BiGG: galctn__D|KEGG: C00880
cpd00654	dcyt	Deoxycytidine	C9H13N3O4	0	Name: 2'-Deoxycytidine; 2'-deoxycytidine; Deoxycytidine; d-cytidine; deoxycytidine|BiGG: dcyt|KEGG: C00881
cpd00655	dpcoa	Dephospho-CoA	C21H33N7O13P2S	-2	Name: 3'-Dephospho-CoA; 3'-dephospho-CoA; 3-dephospho-CoA; Dephospho-CoA; Dephosphocoenzyme A; dephospho-CoA; dephosphocoenzyme A|BiGG: dpcoa|KEGG: C00882
cpd00658	ichor	Isochorismate	C10H8O6	-2	Name: Isochorismate; Isochorismic acid; isochorismate|BiGG: ichor|KEGG: C00885
cpd00659	n2o	Nitrous oxide	N2O	0	Name: Dinitrogen monoxide; Dinitrogen oxide; N2O; Nitrous oxide; Nitrous_oxide; nitrous oxide|BiGG: n2o|KEGG: C00887
cpd00668	alac-S	ALCTT	C5H7O4	-1	Name: 2-Acetolactate; 2-aceto-lactate; ALCTT; S-2-Acetolactate|BiGG: alac__S|KEGG: C00900
cpd00672	fruur	D-Fructuronate	C6H9O7	-1	Name: D-Fructuronate; D-Fructuronic acid|BiGG: fruur|KEGG: C00905
cpd00673	56dthm	Dihydrothymine	C5H8N2O2	0	Name: 5,6-Dihydro-5-methyluracil; 5,6-Dihydrothymine; 5,6-dihydrothymine; Dihydrothymine; dihydrothymine|BiGG: 56dthm|KEGG: C00906
cpd00680	cm	Chloramphenicol	C11H12Cl2N2O5	0	Name: Chloramphenicol; chloramphenicol|BiGG: cm|KEGG: C00918
cpd00681	chols	Choline sulfate	C5H13NO4S	0	Name: Choline sulfate; choline sulfate|BiGG: chols|KEGG: C00919
cpd00683	dhpt	Dihydropteroate	C14H13N6O3	-1	Name: 7,8-Dihydropteroate; 7,8-dihydropteroate; Dihydropteroate; H2Pte; dihydropterate; dihydropteroate|BiGG: dhpt|KEGG: C00921
cpd00689	ppbng	Porphobilinogen	C10H13N2O4	-1	Name: Porphobilinogen; porphobilinogen|BiGG: ppbng|KEGG: C00931
cpd00691	UDP-L-arabinose	UDP-L-arabinose	C14H20N2O16P2	-2	Name: UDP-L-arabinopyranose; UDP-L-arabinose; UDP-beta-L-arabinopyranose|BiGG: udparab|KEGG: C00935; G11111
cpd00699	3dhq	5-Dehydroquinate	C7H9O6	-1	Name: 3-Dehydroquinate; 3-Dehydroquinic acid; 3-dehydroquinate; 3-dehydroquinic acid; 5-Dehydroquinate; 5-Dehydroquinic acid; 5-de-H-quinate; 5-dehydroquinate; 5-dehydroquinic acid; rel-(1R,3R,4S)-1,3,4-trihydroxy-5-oxocyclohexanecarboxylate|BiGG: 3dhq|KEGG: C00944
cpd00703	ind3ac	Indoleacetate	C10H8NO2	-1	Name: (1H-indol-3-yl)acetate; (Indol-3-yl)acetate; (indol-3-yl)acetate; IAA; Indole-3-acetate; Indole-3-acetic acid; Indoleacetate; Indoleacetic acid; auxin; indole-3-acetate; indole-3-acetic acid; indoleacetate; indoleacetic acid|BiGG: ind3ac|KEGG: C00954
cpd00706	mercppyr	Mercaptopyruvate	C3H3O3S	-1	Name: 2-oxo-3-sulfanylpropanoate; 3-Mercaptopyruvate; 3-Mercaptopyruvic acid; 3-mercaptopyruvate; 3-mercaptopyruvic acid; Mercaptopyruvate; beta-mercaptopyruvate; beta-thiopyruvate; mercaptopyruvate|BiGG: mercppyr|KEGG: C00957
cpd00712	2dhp	2-Dehydropantoate	C6H9O4	-1	Name: 2-Dehydropantoate; 2-dehydropantoate; 2-keto-pantoate; 2-ketopantoate; ketopantoate|BiGG: 2dhp|KEGG: C00966
cpd00722	acser	O-Acetyl-L-serine	C5H9NO4	0	Name: (2S)-3-acetyloxy-2-aminopropanoate; O-Acetyl-L-serine; O-acetyl-L-serine; O-acetylserine; O3-Acetyl-L-serine; O3-acetyl-L-serine; acetylserine|BiGG: acser|KEGG: C00979
cpd00726	13dampp	1,3-Propanediamine	C3H12N2	2	Name: 1,3-DAP; 1,3-Diaminopropane; 1,3-Propanediamine; 1,3-diaminopropane; 1,3-propanediamine; Propane-1,3-diamine; Trimethylenediamine; propane-1,3-diamine; trimethylenediamine|BiGG: 13dampp|KEGG: C00986
cpd00727	2pglyc	2-Phosphoglycolate	C2H2O6P	-3	Name: 2-P-glycolate; 2-Phosphoglycolate; 2-phosphoglycolate; Phosphoglycolic acid; phosphoglycolate|BiGG: 2pglyc|KEGG: C00988
cpd00728	4hdxbutn	4-Hydroxybutanoate	C4H7O3	-1	Name: 4-Hydroxyacid; 4-Hydroxyalkanoic acid; 4-Hydroxybutanoate; 4-Hydroxybutanoic acid; 4-Hydroxybutyric acid; 4-Hydroxycarboxylic acid; 4-OH-but; 4-hydroxybutanoate; 4-hydroxybutanoic acid; 4-hydroxybutyrate; 4-hydroxybutyric acid; GHB; g-hydroxybutyric acid; gamma-hydroxybutyrate; gamma-hydroxybutyric acid|BiGG: ghb|KEGG: C00989; C01991
cpd00729	5apentam	5-Aminopentanamide	C5H13N2O	1	Name: 5-Aminopentanamide; 5-aminopentanamide; 5-aminovaleramide; delta-aminovaleramide|BiGG: 5apentam|KEGG: C00990
cpd00731	alaala	Ala-Ala	C6H12N2O3	0	Name: Ala-Ala; D-Ala-D-Ala; D-Alanyl-D-alanine; D-alanyl-D-alanine|BiGG: alaala; diala__L|KEGG: C00993
cpd00738	pser-L	phosphoserine	C3H6NO6P	-2	Name: 3-P-serine; 3-Phosphoserine; 3-phospho-L-serine; 3-phospho-serine; 3-phosphoserine; Dexfosfoserine; L-O-Phosphoserine; L-serine 3-phosphate; L-serine phosphate; L-serine-3P; L-seryl phosphate; O-Phospho-L-serine; O-phospho-L-serine; P-ser; P-serine; phosphoryl-L-serine; phosphorylserine; phosphoserine; serine phosphate; serine-3-p; serine-3-phosphate; seryl phosphate|BiGG: pser__L|KEGG: C01005
cpd00751	fuc-L	L-Fucose	C6H12O5	0	Name: 6-Deoxy-L-galactose; L-(-)-Fucose; L-Fucopyranoses; L-Fucose|BiGG: fuc__L|KEGG: C01019
cpd00755	hmbil	Hydroxymethylbilane	C40H38N4O17	-8	Name: Hydroxymethylbilane; hydroxymethylbilane; preuroporphyrinogen|BiGG: hmbil|KEGG: C01024
cpd00756	dmgly	Dimethylglycine	C4H9NO2	0	Name: Dimethylglycine; N,N-Dimethylglycine; N,N-dimethylglycine; dimethylglycine; glycine, N,N-dimethyl-|BiGG: dmgly|KEGG: C01026
cpd00759	fglut-S	S-Formylglutathione	C11H16N3O7S	-1	Name: S-Formylglutathione; S-formylglutathione|BiGG: Sfglutth|KEGG: C01031
cpd00760	2mbcoa	2-Methylbutyryl-CoA	C26H40N7O17P3S	-4	Name: 2-Methylbutanoyl-CoA; 2-Methylbutyryl-CoA; 2-methylbutanoyl-CoA; 2-methylbutyryl-CoA; M_2_Methyl_butyryl_CoA; S-2-methyl-butyryl-CoA; alpha-methylbutanoyl-CoA; alpha-methylbutyryl-CoA|BiGG: 2mbcoa|KEGG: C01033
cpd00763	4mlacac	4-Maleylacetoacetate	C8H6O6	-2	Name: (2Z)-4,6-dioxooct-2-enedioate; 4-Maleylacetoacetate; 4-Maleylacetoacetic acid; 4-maleyl-acetoacetate|BiGG: 4mlacac|KEGG: C01036
cpd00764	dann	7-8-Diaminononanoate	C9H21N2O2	1	Name: 7,8-Diaminononanoate; 7,8-diaminononanoate; 7,8-diaminopelargonate; 7-8-Diaminononanoate; DAPA|BiGG: dann|KEGG: C01037
cpd00770	Nforglu	N-Formyl-L-glutamate	C6H7NO5	-2	Name: N-Formyl-L-glutamate; formyl-glu; formylglutamate|BiGG: Nforglu|KEGG: C01045
cpd00773	uamr	UDP-MurNAc	C20H28N3O19P2	-3	Name: -O-[(1R)-1-carboxyethyl]-2-acetoxy-2-deoxy-D-glucopyranose; UDP-MurNAc; UDP-N-acetyl-D-muramate; UDP-N-acetyl-alpha-D-muramate; UDP-N-acetylmuramate; UDP-N-acetylmuramic acid; UDP-N-acetylmuramoyl; uridine diphosphate N-acetylmuramic acid|BiGG: uamr|KEGG: C01050
cpd00774	uppg3	UroporphyrinogenIII	C40H36N4O16	-8	Name: Uroporphyrinogen III; UroporphyrinogenIII; uroporphyrinogen III; uroporphyrinogen-III; uroporphyrinogen-iii|BiGG: uppg3|KEGG: C01051
cpd00780	4fumacac	Fumarylacetoacetate	C8H6O6	-2	Name: (2E)-4,6-dioxooct-2-enedioate; 4-Fumarylacetoacetate; 4-Fumarylacetoacetic acid; 4-fumaryl-acetoacetate; Fumarylacetoacetate|BiGG: 4fumacac|KEGG: C01061
cpd00781	5dglcn	5-Dehydrogluconate	C6H9O7	-1	Name: 5-Dehydro-D-gluconate; 5-Dehydrogluconate; 5-Keto-D-gluconic acid; 5-dehydro-D-gluconate; 5-dehydrogluconate; 5-keto-D-gluconate; 5-keto-D-gluconic acid; 5-ketogluconate; D-xylo-Hex-5-ulosonic acid|BiGG: 5dglcn|KEGG: C01062
cpd00782	pmcoa	Pimeloyl-CoA	C28H41N7O19P3S	-5	Name: 6-Carboxyhexanoyl-CoA; 6-carboxyhexanoyl-CoA; Pimeloyl-CoA; pimeloyl-CoA; pimelyl-CoA|BiGG: pmcoa|KEGG: C01063
cpd00790	achms	O-Acetyl-L-homoserine	C6H11NO4	0	Name: O-Acetyl-L-homoserine; O-Acetylhomoserine; O-acetyl-L-homoserine; O-acetylhomoserine; acetylhomoserine|BiGG: achms|KEGG: C01077; C05700
cpd00791	pppg9	ProtoporphyrinogenIX	C34H38N4O4	-2	Name: 21H,23H-Porphine-2,18-dipropanoic acid, 7,12-diethenyl-5,10,15,20,22,24-hexahydro-3,8,13,17-tetramethyl-; Protoporphyrinogen IX; ProtoporphyrinogenIX; protoporphyrinogen; protoporphyrinogen IX|BiGG: pppg9|KEGG: C01079
cpd00793	thmmp	Thiamine phosphate	C12H17N4O4PS	0	Name: TMP; ThP; Thiamin monophosphate; Thiamin phosphate; Thiamine monophosphate; Thiamine phosphate; Thiaminmonophosphate; thiamin monophosphate; thiamin phosphate; thiamin-P; thiamine monophosphate; thiamine phosphate; thiamine-Pi; thiamine-phosphate|BiGG: thmmp|KEGG: C01081
cpd00794	tre	TRHL	C12H22O11	0	Name: D-(+)-trehalose; D-Trehalose; D-trehalose; TRHL; Trehalose; alpha,alpha'-Trehalose; alpha,alpha-Trehalose; alpha,alpha-trehalose; alpha-D-Glcp-(1&harr,1)-alpha-D-Glcp; alpha-D-glucopyranosyl alpha-D-glucopyranoside; alpha-D-glucopyranosyl-alpha-D-glucopyranoside; trehalose|BiGG: tre|KEGG: C01083; G00293; G09275; G11546
cpd00797	bhb	(R)-3-Hydroxybutanoate	C4H7O3	-1	Name: (R)-3-Hydroxybutanoate; (R)-3-Hydroxybutanoic acid; (R)-3-Hydroxybutyric acid; (R)-3-hydroxybutanoate; (R)-3-hydroxybutanoic acid; (R)-3-hydroxybutyrate; (R)-3-hydroxybutyric acid; D-3-hydroxybutyrate; D-beta-Hydroxybutyric acid; D-beta-hydroxybutyrate; b-hydroxybutyric acid; beta-hydroxybutyric acid|BiGG: bhb|KEGG: C01089
cpd00800	8aonn	8-Amino-7-oxononanoate	C9H17NO3	0	Name: 7-KAP; 7-keto-8-aminopelargonate; 8-Amino-7-oxononanoate; 8-Amino-7-oxononanoic acid; 8-amino-7-oxononanoate; KAPA|BiGG: 8aonn|KEGG: C01092
cpd00802	f1p	D-fructose-1-phosphate	C6H11O9P	-2	Name: D-Fructose 1-phosphate; D-Fructose1-phosphate; D-fructofuranose-1-phosphate; D-fructose-1-phosphate; Fructose 1-phosphate; beta-D-fructofuranose 1-phosphate; beta-D-fructofuranose-1-P; beta-D-fructose-1-P; beta-D-fructose-1-phosphate; fructose-1-P; fructose-1-phosphate|BiGG: f1p|KEGG: C01094; C02976
cpd00805	tag6p-D	D-Tagatose 6-phosphate	C6H11O9P	-2	Name: D-Tagatose 6-phosphate; D-tagatofuranose 6-phosphate; D-tagatose 6-phosphate; tagatose-6-phosphate|BiGG: tag6p__D|KEGG: C01097
cpd00807	hisp	L-histidinol-phosphate	C6H11N3O4P	-1	Name: L-Histidinol phosphate; L-histidinol phosphate; L-histidinol-p; L-histidinol-phosphate; histidinol phosphate; histidinol-P; histidinol-phosphate|BiGG: hisp|KEGG: C01100
cpd00808	ru5p-L	L-ribulose-5-phosphate	C5H9O8P	-2	Name: L-Ribulose 5-phosphate; L-ribulose 5-phosphate; L-ribulose-5-P; L-ribulose-5-phosphate; ribulose-5-P; ribulose-5-phosphate|BiGG: ru5p__L|KEGG: C01101
cpd00809	phom	O-Phospho-L-homoserine	C4H8NO6P	-2	Name: O-Phospho-L-homoserine; O-phospho-L-homoserine; o-phosphohomoserine|BiGG: phom|KEGG: C01102
cpd00810	orot5p	Orotidylic acid	C10H10N2O11P	-3	Name: Orotidine 5'-phosphate; Orotidine5-phosphate; Orotidylic acid; orotidine 5'-phosphate; orotidine 5-phosphate; orotidine-5'-phosphate|BiGG: orot5p|KEGG: C01103
cpd00811	tmao	(CH3)3NO	C3H9NO	0	Name: (CH3)3NO; TMAO; Trimethylamine N-oxide; trimethylamine N-oxide|BiGG: tmao|KEGG: C01104
cpd00817	ara5p	D-Arabinose5-phosphate	C5H9O8P	-2	Name: D-A-5-P; D-Arabinose 5-phosphate; D-Arabinose5-phosphate; D-arabinose 5-phosphate; D-arabinose, 5-(dihydrogen phosphate); D-arabinose-5-P; aldehydo-D-arabinose 5-phosphate; aldehydo-D-arabinose-5P; aldehydo-arabinose-5P; arabinose 5-phosphate; arabinose-5-P; arabinose-5P|BiGG: ara5p|KEGG: C01112
cpd00822	suchms	O-Succinyl-L-homoserine	C8H12NO6	-1	Name: O-Succinyl-L-homoserine; O-Succinylhomoserine; O-succinyl-homoserine; O4-Succinyl-L-homoserine; o-succinyl-L-homoserine; succinyl-homoserine|BiGG: suchms|KEGG: C01118; C05701
cpd00830	4h2oglt	4-Hydroxy-2-oxoglutarate	C5H4O6	-2	Name: (+/-)-2-hydroxy-4-oxopentanedioic acid; (4R)-4-hydroxy-2-oxoglutarate; (R)-2-hydroxy-4-oxopentanedioate; 2-keto-4-hydroxyglutarate; 2-oxo-4-hydroxyglutarate; 4-Hydroxy-2-oxoglutarate; 4-Hydroxy-2-oxoglutaric acid; 4-hydroxy-2-ketoglutarate; 4-hydroxy-2-oxoglutarate; CPD-15015; D-4-hydroxy-2-keto-glutarate; D-4-hydroxy-2-ketoglutarate; D-4-hydroxy-2-oxoglutarate|BiGG: 4h2oglt|KEGG: C01127
cpd00831	rml1p	L-Rhamnulose 1-phosphate	C6H11O8P	-2	Name: 6-deoxy-L-fructose 1-phosphate; 6-deoxy-L-sorbose 1-phosphate; L-Rhamnulose 1-phosphate; L-rhamnulose 1-phosphate; L-rhamnulose-1-P; L-rhamnulose-1-phosphate; L-rhamnulose-1P; rhamnulose-1-P; rhamnulose-1-phosphate|BiGG: rml1p|KEGG: C01131
cpd00832	acgal	N-Acetyl-D-chondrosamine	C8H15NO6	0	Name: 2-Acetamido-2-deoxy-D-galactose; 2-acetamido-2-deoxy-D-galactopyranose; 2-acetamido-2-deoxy-D-galactose; N-Acetyl-D-chondrosamine; N-Acetyl-D-galactosamine; N-acetyl-D-chondrosamine; N-acetyl-D-galactosamine; N-acetyl-alpha-D-galactosamine; N-acetylgalactosamine; acetylgalactosamine; alpha-D-galactopyranose, 2-(acetylamino)-2-deoxy-; alpha-GalNAc|BiGG: acgal|KEGG: C01132
cpd00834	pan4p	Phosphopantetheine	C11H21N2O7PS	-2	Name: 4'-Phosphopantetheine; 4'-phosphopantetheine; D-Pantetheine 4'-phosphate; Pantetheine 4'-phosphate; Pantetheine4-phosphate; Phosphopantetheine; pantetheine 4'-phosphate; pantotheine-4'-phosphate; phosphopantetheine; phosphopantotheine|BiGG: pan4p|KEGG: C01134
cpd00836	adhlam	S-Acetyldihydrolipoamide	C10H19NO2S2	0	Name: 6-S-Acetyldihydrolipoamide; S-Acetyldihydrolipoamide; S-acetyldihydrolipoamide|BiGG: adhlam|KEGG: C01136
cpd00837	ametam	S-Adenosylmethioninamine	C14H24N6O3S	2	Name: (5-Deoxy-5-adenosyl)(3-aminopropyl)methylsulfonium; (5-Deoxy-5-adenosyl)(3-aminopropyl)methylsulfonium cation; (5-Deoxy-5-adenosyl)(3-aminopropyl)methylsulfonium salt; (5-deoxy-5-adenosyl)(3-aminopropyl) methylsulfonium salt; 3-amino-propyl-S-adenosine; Decarboxy-AdoMet; S-Adenosyl 3-(methylthio)propylamine; S-Adenosyl-(5')-3-methylthiopropylamine; S-Adenosylmethioninamine; S-adenosyl 3-(methylsulfanyl)propylamine; S-adenosyl 3-(methylthio)propylamine; S-adenosyl-(5')-3-methylthiopropylamine; S-adenosyl-L-methioninamine; S-adenosylmethioninamine; S-methyl-S-adenosyl homocysteamine; dAdoMet; dcSAM; decarboxylated AdoMet; decarboxylated S-adenosylmethionine; decarboxylated SAM|BiGG: ametam|KEGG: C01137
cpd00840	36dahx	L-beta-Lysine	C6H15N2O2	1	Name: (3S)-3,6-Diaminohexanoate; (3S)-3,6-diaminohexanoate; L-beta-Lysine; L-beta-lysine|BiGG: 36dahx|KEGG: C01142
cpd00842	3hbycoa	(S)-3-Hydroxybutyryl-CoA	C25H38N7O18P3S	-4	Name: (S)-3-Hydroxybutanoyl-CoA; (S)-3-Hydroxybutyryl-CoA; (S)-3-hydroxybutanoyl-CoA; L-3-hydroxybutyryl-CoA|BiGG: 3hbcoa|KEGG: C01144
cpd00843	2h3opp	Tartronate semialdehyde	C3H3O4	-1	Name: 2-Hydroxy-3-oxopropanoate; 2-hydroxy-3-oxopropanoate; Tartronate semialdehyde; hydroxymalonaldehydic acid; tartronate semialdehyde; tartronate-S-ald; tartronic semialdehyde|BiGG: 2h3oppan|KEGG: C01146
cpd00851	4hpro-LT	trans-4-Hydroxy-L-proline	C5H9NO3	0	Name: (2S,4R)-4-hydroxyproline; (2S,4R)-4-hydroxypyrrolidinium-2-carboxylate; Hydroxyproline; Hyp; L-Proline, 4-hydroxy-, trans-; trans-4-Hydroxy-L-proline; trans-4-hydroxy-L-proline; trans-4-hydroxyproline; trans-L-4-hydroxy-proline; trans-L-4-hydroxyproline; trans-hydroxy-L-proline; trans-oxyproline|BiGG: 4hpro_LT|KEGG: C01157
cpd00856	3cmuc	3-Carboxy-cis,cis-muconate	C7H3O6	-3	Name: (1E,3Z)-buta-1,3-diene-1,2,4-tricarboxylate; 3-Carboxy-cis,cis-muconate; 3-carboxy-cis,cis-muconate; beta-Carboxy-cis,cis-muconate; beta-carboxy-cis,cis-muconate; cis,cis-Butadiene-1,2,4-tricarboxylate; cis,cis-butadiene-1,2,4-tricarboxylate|BiGG: CCbuttc|KEGG: C01163
cpd00858	glu5sa	L-Glutamate5-semialdehyde	C5H9NO3	0	Name: L-Glutamate 5-semialdehyde; L-Glutamate gamma-semialdehyde; L-Glutamate5-semialdehyde; L-glutamate gamma-semialdehyde; L-glutamate-5-semialdehyde; L-glutamate-gamma-semialdehyde; glutamate-semialdehyde; glutamic gamma-semialdehyde|BiGG: glu5sa|KEGG: C01165
cpd00859	psd5p	Pseudouridine 5'-phosphate	C9H11N2O9P	-2	Name: Pseudouridine 5'-phosphate; pseudouridine 5'-phosphate|BiGG: psd5p|KEGG: C01168
cpd00860	sdhlam	S-Succinyldihydrolipoamide	C12H20NO4S2	-1	Name: S-Succinyldihydrolipoamide; S-succinyl-dihydrolipoamide|BiGG: sdhlam|KEGG: C01169
cpd00863	g6p-B	beta-D-Glucose 6-phosphate	C6H11O9P	-2	Name: D-glucose-6-P; D-glucose-6-phosphate; beta-D-Glucose 6-phosphate; beta-D-glucose 6-phosphate; beta-D-glucose-6-P; glucose-6-P; glucose-6-phosphate|BiGG: g6p_B|KEGG: C01172
cpd00867	mi1p-D	Inositol 1-phosphate	C6H11O9P	-2	Name: 1-D-myo-inositol-1-p; 1D-myo-Inositol 1-monophosphate; 1D-myo-Inositol 1-phosphate; 1D-myo-inositol (1)-monophosphate; 1D-myo-inositol 1-monophosphate; 1D-myo-inositol 1-phosphate; D-myo-Inositol 1-phosphate; D-myo-inositol (1)-monophosphate; Inositol 1-phosphate; Ins(1)P; Ins(1)P1; Ins1P; myo-Inositol 1-phosphate|BiGG: mi1p__D|KEGG: C01177
cpd00868	34hpp	p-hydroxyphenylpyruvate	C9H7O4	-1	Name: 3-(4-Hydroxyphenyl)pyruvate; 3-(4-hydroxyphenyl)pyruvate; 3--4-Hydroxyphenylpyruvate; 4-Hydroxyphenylpyruvate; 4-hydroxyphenylpyruvate; hydroxyphenylpyruvate; p-Hydroxyphenylpyruvic acid; p-hydroxyphenylpyruvate; p-hydroxyphenylpyruvic acid|BiGG: 2h34hppr; 34hpp|KEGG: C01179
cpd00869	2kmb	4-methylthio 2-oxobutyrate	C5H7O3S	-1	Name: 2-Keto-4-methylthiobutyric acid; 2-Oxo-4-methylthiobutanoate; 2-Oxo-4-methylthiobutanoic acid; 2-keto-4-methylthiobutanoate; 2-keto-4-methylthiobutyrate; 2-keto-4-methylthiobutyric acid; 2-keto-methyl-thio-butyrate; 2-ketomethiobutyrate; 2-oxo-4-methylthiobutanoate; 2-oxo-4-methylthiobutanoic acid; 2-oxomethionine; 4-(methylsulfanyl)-2-oxobutanoate; 4-(methylthio)-2-oxobutanoate; 4-Methylthio-2-oxobutanoate; 4-Methylthio-2-oxobutanoic acid; 4-methylthio 2-oxobutyrate; 4-methylthio-2-ketobutanoate; 4-methylthio-2-ketobutyrate; 4-methylthio-2-oxobutanoate; 4-methylthio-2-oxobutyrate; KMTB; alpha-keto-4-methylthiobutyrate; alpha-keto-gamma-methylthiobutyrate; alpha-keto-gamma-methylthiobutyric acid; alpha-ketomethiobutyrate; alpha-ketomethiobutyric acid|BiGG: 2kmb; 4met2obut|KEGG: C01180
cpd00871	rb15bp	D-Ribulose 1,5-bisphosphate	C5H8O11P2	-4	Name: D-Ribulose 1,5-bisphosphate; D-ribulose-1,5-P2; D-ribulose-1,5-bisphosphate; ribulose 1,5-bisphosphate|BiGG: rb15bp|KEGG: C01182
cpd00873	nicrnt	Nicotinate ribonucleotide	C11H12NO9P	-2	Name: NaMN; Nicotinate D-ribonucleotide; Nicotinate ribonucleotide; NicotinateD-ribonucleotide; Nicotinic acid ribonucleotide; beta-Nicotinate D-ribonucleotide; beta-nicotinate D-ribonucleotide; beta-nicotinate-D-nucleotide; deamido-NMN; deamido-nicotinamide mononucleotide; nicotinate D-ribonucleotide; nicotinate dinucleotide; nicotinate mononucleotide; nicotinate nucleotide; nicotinate ribonucleotide; nicotinate-D-ribonucleotide; nicotinic acid mononucleotide; nicotinic acid nucleotide; nicotinic acid ribonucleotide|BiGG: nicrnt|KEGG: C01185
cpd00875	kdo	KDO	C8H13O8	-1	Name: 2-Dehydro-3-deoxy-D-octonate; 2-dehydro-3-deoxy-D-octonate; 2-keto-3-deoxyoctonate; 3-Deoxy-D-manno-2-octulosonate; 3-Deoxy-D-manno-octulosonate; 3-Deoxy-D-mannooctulosonate; 3-Deoxyoctulosonic acid; 3-KDO; 3-Kdo; 3-deoxy-D-manno-2-octulosonate; 3-deoxy-D-manno-octulosonate; 3-deoxy-alpha-D-manno-2-octulosonate; 3-deoxy-alpha-D-manno-oct-2-ulosonate; 3-deoxy-alpha-D-manno-octulosonate; 3-deoxyoctulosonate; KDO; Kdo; alpha-2-keto-3-deoxyoctulosonic acid pyranose; alpha-Kdo; b-dman-OCT-2:6; deoxy-manno-octulosonate; keto-3-deoxy-D-manno-oct-2-ulosonate; keto-3-deoxy-D-manno-octulosonate; ketodeoxyoctonate|BiGG: kdo|KEGG: C01187
cpd00876	3hmp	3-Hydroxyisobutyrate	C4H7O3	-1	Name: 3-HYDROXY-ISOBUTYRATE; 3-Hydroxy-2-methylpropanoate; 3-Hydroxyisobutyrate; 3-Hydroxyisobutyric acid; 3-hydroxy-isobutyrate; M_3_Hydroxy_isobutyrate|BiGG: 3hmp|KEGG: C01188
cpd00885	inoshp	Phytate	C6H6O24P6	-12	Name: 1D-myo-Inositol 1,2,3,4,5,6-hexakisphosphate; 1D-myo-Inositol hexakisphosphate; 1D-myo-inositol 1,2,3,4,5,6-hexakisphosphate; D-myo-Inositol 1,2,3,4,5,6-hexakisphosphate; IP6; Inositol 1,2,3,4,5,6-hexakisphosphate; Ins(1,2,3,4,5,6)P6; InsP6; Phytate; Phytic acid; inositol hexaphosphate; myo-Inositol 1,2,3,4,5,6-hexakisphosphate; myo-Inositol hexakisphosphate; myo-inositol hexakisphosphate; phytate; phytic acid|BiGG: minohp; ppmi1346p|KEGG: C01204
cpd00890	uama	UDP-N-acetylmuramoyl-L-alanine	C23H33N4O20P2	-3	Name: UDP-N-acetyl-alpha-D-muramoyl-L-alanine; UDP-N-acetyl-alpha-D-muramyl-L-Ala; UDP-N-acetylmuramoyl-L-alanine; UDP-N-acetylmuramyl-L-Ala|BiGG: uama|KEGG: C01212
cpd00891	mmcoa-R	L-methylmalonyl-CoA	C25H35N7O19P3S	-5	Name: (R)-2-Methyl-3-oxopropionyl-CoA; (R)-3-Oxo-2-methylpropanoyl-CoA; (R)-Methylmalonyl-CoA; (R)-methylmalonyl-CoA; L-Methylmalonyl-CoA; L-methylmalonyl-CoA; methylmalonyl-CoA|BiGG: mmcoa__R|KEGG: C01213
cpd00894	2dh3dgal	2-Dehydro-3-deoxy-D-galactonate	C6H9O6	-1	Name: 2-Dehydro-3-deoxy-D-galactonate; 2-dehydro-3-deoxy-D-galactonate; 2-dehydro-3-deoxygalactonate; 2-keto-3-deoxy-D-galactonate; 2-keto-3-deoxygalactonate|BiGG: 2dh3dgal|KEGG: C01216
cpd00897	CDP-4-dehydro-6-deoxy-D-glucose	CDP-4-dehydro-6-deoxy-D-glucose	C15H21N3O15P2	-2	Name: CDP-4-dehydro-6-deoxy-D-glucose; CDP-4-dehydro-6-deoxy-alpha-D-glucose; CDP-4-keto-6-deoxy-D-xylo-4-hexulose; CDP-6-deoxy-D-glycero-L-threo-4-hexulose|BiGG: cdp4dh6doglc|KEGG: C01219
cpd00905	gdpdp	Guanosine 3',5'-bis(diphosphate)	C10H12N5O17P4	-5	Name: Guanosine 3',5'-bis(diphosphate); Guanosine 3'-diphosphate 5'-diphosphate; Guanosine 5'-diphosphate,3'-diphosphate; guanosine 3',5'-bis(diphosphate); guanosine 3',5'-bispyrophosphate; guanosine 3'-diphosphate 5'-diphosphate; guanosine 5'-diphosphate,3'-diphosphate; guanosine tetraphosphate; guanosine-5',3'-tetraphosphate; magic spot; ppGpp|BiGG: ppgpp|KEGG: C01228
cpd00906	hexdp	all-trans-Hexaprenyl diphosphate	C30H50O7P2	-2	Name: all-trans-Hexaprenyl diphosphate; all-trans-hexaprenyl diphosphate; hexaprenyl-diphosphate|BiGG: hexdp|KEGG: C01230
cpd00908	g3pe	Glycerophosphoethanolamine	C5H14NO6P	0	Name: 1-glycerophosphorylethanolamine; Glycerophosphoethanolamine; L-1-glycerophosphorylethanolamine; sn-Glycero-3-phosphoethanolamine; sn-glycero-3-Phosphoethanolamine; sn-glycero-3-phosphoethanolamine|BiGG: g3pe|KEGG: C01233
cpd00911	6pgl	6-phospho-D-glucono-1-5-lactone	C6H9O9P	-2	Name: 6-Phospho-D-glucono-1,5-lactone; 6-phospho D-glucono-1,5-lactone; 6-phospho-D-glucono-1,5-lactone; 6-phospho-D-glucono-1-5-lactone; 6-phosphogluconolactone; D-6-P-glucono-delta-lactone; D-6-phospho-glucono-delta-lactone; D-6-phosphoglucono-delta-lactone; D-Glucono-1,5-lactone 6-phosphate; D-glucono-1,5-lactone 6-phosphate; D-glucono-1,5-lactone-6-phosphate; D-glucono-delta-lactone 6-phosphate; D-glucono-delta-lactone-6-phosphate|BiGG: 6pgl|KEGG: C01236
cpd00918	acg5sa	2-Acetamido-5-oxopentanoate	C7H10NO4	-1	Name: 2-Acetamido-5-oxopentanoate; 2-acetamido-5-oxopentanoate; N-Acetyl-L-glutamate 5-semialdehyde; N-acetyl-L-glutamate 5-semialdehyde; N-acetyl-L-glutamate semialdehyde; N-acetyl-L-glutamate-5-semialdehyde; N-acetylglutamate gamma-semialdehyde; N-acetylglutamate semialdehyde|BiGG: acg5sa|KEGG: C01250
cpd00919	hcit	Homocitrate	C7H7O7	-3	Name: (2R)-2-hydroxybutane-1,2,4-tricarboxylate; (2R)-homocitrate; (R)-2-Hydroxy-1,2,4-butanetricarboxylic acid; (R)-2-Hydroxybutane-1,2,4-tricarboxylate; (R)-2-hydroxybutane-1,2,4-tricarboxylate; (R)-homocitrate; 2-Hydroxybutane-1,2,4-tricarboxylate; 2-hydroxybutane-1,2,4-tricarboxylate; 3-Hydroxy-3-carboxyadipic acid; 3-hydroxy-3-carboxyadipic acid; Homocitrate; Homocitric acid; homocitrate; homocitric acid|BiGG: hcit|KEGG: C01251
cpd00922	1pipdn2c	delta1-Piperideine-2-carboxylate	C6H9NO2	0	Name: 1,2-Didehydropiperidine-2-carboxylate; 1,2-didehydropiperidine-2-carboxylate; 1-piperideine-2-carboxylate; delta1-Piperideine-2-carboxylate; delta1-piperideine-2-carboxylate|BiGG: 1pipdn2c|KEGG: C04092
cpd00924	ap4a	AppppA	C20H24N10O19P4	-4	Name: 5',5'''-diadenosine tetraphosphate; Ap4A; AppppA; P(1),P(4)-bis(5'-adenosyl)tetraphosphate; P1,P4-Bis(5'-adenosyl) tetraphosphate; P1,P4-Bis(5'-adenosyl)tetraphosphate; P1,P4-bis(5'-adenosyl)tetraphosphate; bis(5'-adenosyl) tetraphosphate; p(1),p(4)-bis(5'-adenosyl)tetraphosphate|BiGG: ap4a|KEGG: C01260
cpd00925	gp4g	GppppG	C20H24N10O21P4	-4	Name: Bis(5'-guanosyl) tetraphosphate; GppppG; P1,P4-Bis(5'-guanosyl) tetraphosphate; P1,P4-bis(5'-guanosyl) tetraphosphate; bis(5'-guanosyl) tetraphosphate|BiGG: gp4g|KEGG: C01261
cpd00930	imacp	imidazole acetol-phosphate	C6H7N2O5P	-2	Name: 3-(Imidazol-4-yl)-2-oxopropyl phosphate; 3-(imidazol-4-yl)-2-oxopropyl phosphate; Imidazole-acetol phosphate; imidazole acetol-P; imidazole acetol-phosphate; imidazole-acetol- phosphate; imidazole-acetol-phosphate|BiGG: imacp|KEGG: C01267
cpd00931	5apru	5-Amino-6--5-phosphoribosylaminouracil	C9H13N4O9P	-2	Name: 5-Amino-6-(5'-phosphoribosylamino)uracil; 5-Amino-6-(5-phosphoribosylamino)uracil; 5-Amino-6-(ribosylamino)-2,4-(1H,3H)-pyrimidinedione 5'-phosphate; 5-Amino-6--5-phosphoribosylaminouracil; 5-amino-6-(5'-phosphoribosylamino)uracil; 5-amino-6-(5-phospho-D-ribosylamino)uracil; 5-amino-6-(ribosylamino)-2,4-(1H,3H)-pyrimidinedione 5'-phosphate|BiGG: 5apru|KEGG: C01268
cpd00932	3psme	5-O--1-Carboxyvinyl-3-phosphoshikimate	C10H9O10P	-4	Name: 3-enolpyruvyl-shikimate 5-phosphate; 3-enolpyruvyl-shikimate-5-P; 3-enolpyruvyl-shikimate-5-phosphate; 5-O-(1-Carboxyvinyl)-3-phosphoshikimate; 5-O-(1-carboxyvinyl)-3-phosphoshikimate; 5-O--1-Carboxyvinyl-3-phosphoshikimate; 5-enolpyruvoyl-shikimate 3-phosphate; 5-enolpyruvyl-shikimate 3-phosphate; 5-enolpyruvyl-shikimate-3-phosphate; EPSP; O5-(1-Carboxyvinyl)-3-phosphoshikimate|BiGG: 3psme|KEGG: C01269
cpd00938	2c25dho	4-Carboxymuconolactone	C7H4O6	-2	Name: (2-carboxy-2,5-dihydro-5-oxofuran-2-yl)-acetate; 2-Carboxy-2,5-dihydro-5-oxofuran-2-acetate; 2-carboxy-2,5-dihydro-5-oxofuran-2-acetate; 2-carboxy-5-oxo-2,5-dihydrofuran-2-acetate; 4-Carboxymuconolactone; 4-carboxymuconolactone; 5-Carboxy-2,5-dihydro-2-oxofuran-5-acetate; gamma-Carboxymuconolactone|BiGG: 2c25dho; 4cml|KEGG: C01278
cpd00939	4ahmmp	Toxopyrimidine	C6H10N3O	1	Name: 4-Amino-2-methyl-5-pyrimidinemethanol; 4-Amino-5-hydroxymethyl-2-methylpyrimidine; 4-amino-2-methyl-5-hydroxymethylpyrimidine; 4-amino-2-methyl-5-pyrimidinemethanol; 4-amino-5-hydroxymethyl-2-methylpyrimidine; 6-amino-5-hydroxymethyl-2-methylpyrimidine; HMP; Toxopyrimidine; hydroxymethylpyrimidine; pyramin; pyramine|BiGG: 4ahmmp|KEGG: C01279
cpd00943	inospp1	Inositol 1,3,4,5,6-pentakisphosphate	C6H7O21P5	-10	Name: 1D-myo-Inositol 1,3,4,5,6-pentakisphosphate; 1D-myo-inositol (1,3,4,5,6)-pentakisphosphate; 1D-myo-inositol 1,3,4,5,6-pentakisphosphate; D-myo-Inositol 1,3,4,5,6-pentakisphosphate; D-myo-inositol (1,3,4,5,6)-pentakisphosphate; D-myo-inositol 1,3,4,5,6-pentakisphosphate; I(1,3,4,5,6)P5; Inositol 1,3,4,5,6-pentakisphosphate; Ins(1,3,4,5,6)P5; inositol (1,3,4,5,6)-pentakisphosphate; inositol 1,3,4,5,6-pentakisphosphate|BiGG: mi13456p|KEGG: C01284
cpd00945	2dh3dgal6p	2-Dehydro-3-deoxy-D-galactonate 6-phosphate	C6H8O9P	-3	Name: 2-Dehydro-3-deoxy-6-phospho-D-galactonate; 2-Dehydro-3-deoxy-D-galactonate 6-phosphate; 2-dehydro-3-deoxy-D-galactonate 6-phosphate; 2-dehydro-3-deoxy-D-galactonate-6-phosphate; 2-keto-3-deoxy-D-galactonate 6-phosphate; 2-keto-3-deoxy-D-galactonate-6-phosphate|BiGG: 2dh3dgal6p|KEGG: C01286
cpd00954	6hmhpt	6-hydroxymethyl dihydropterin	C7H9N5O2	0	Name: 2-Amino-4-hydroxy-6-hydroxymethyl-7,8-dihydropteridine; 2-Amino-4-hydroxy-6-hydroxymethyl-7-8-dihydropteridine; 2-amino-4-hydroxy-6-hydroxymethyl dihydropteridin; 2-amino-6-(hydroxymethyl)-7,8-dihydropteridin-4(3H)-one; 2-amino-6-(hydroxymethyl)-7,8-dihydropteridin-4-one; 6-(hydroxymethyl)-7,8-dihydropterin; 6-hydroxymethyl-7,8-dihydropterin; dihydropterin-CH2OH|BiGG: 2ahhmp; 6hmhpt|KEGG: C01300
cpd00956	2cpr5p	1-(2-carboxyphenylamino)-1-deoxyribulose 5-phosphate	C12H13NO9P	-3	Name: 1-(2-Carboxyphenylamino)-1'-deoxy-D-ribulose 5'-phosphate; 1-(2-Carboxyphenylamino)-1-deoxy-D-ribulose 5-phosphate; 1-(2-carboxyphenylamino)-1-deoxy-D-ribulose 5-phosphate; 1-(2-carboxyphenylamino)-1-deoxy-D-ribulose-5-P; 1-(2-carboxyphenylamino)-1-deoxy-D-ribulose-5-phosphate; 1-(2-carboxyphenylamino)-1-deoxyribulose 5-phosphate; 1-(o-carboxyphenylamino)-1'-deoxyribulose 5'-phosphate; 1-(o-carboxyphenylamino)-1'-deoxyribulose-5'-P; 1-(o-carboxyphenylamino)-1'-deoxyribulose-5'-phosphate; 1--2-Carboxyphenylamino-1-deoxy-D-ribulose5-phosphate|BiGG: 2cpr5p|KEGG: C01302
cpd00957	25drapp	2,5-Diamino-6-(5'-phosphoribosylamino)-4-pyrimidineone	C9H14N5O8P	-2	Name: 2,5-Diamino-6-(1-D-ribosylamino)pyrimidin-4(3H)-one 5'-phosphate; 2,5-Diamino-6-(5-phospho-D-ribosylamino)pyrimidin-4(3H)-one; 2,5-Diamino-6-(ribosylamino)-4-(3H)-pyrimidinone 5'-phosphate; 2,5-Diamino-6-hydroxy-4-(5'-phosphoribosylamino)-pyrimidine; 2,5-diamino-6-(1-D-ribosylamino)pyrimidin-4(3H)-one 5'-phosphate; 2,5-diamino-6-(5-phospho-D-ribosylamino)pyrimidin-4(3H)-one; 2,5-diamino-6-(D-ribosylamino)pyrimidin-4(3H)-one 5'-phosphate; 2,5-diamino-6-(ribosylamino)-4-(3H)-pyrimidinone 5'-phosphate; 2,5-diamino-6-hydroxy-4-(5-phosphoribosylamino)pyrimidine; 2-5-Diamino-6-hydroxy-4--5-phosphoribosylamino-pyrimidine; DARP|BiGG: 25dhpp; 25drapp|KEGG: C01304
cpd00971	na1	Na+	Na	1	Name: Na(2+); Na+; Sodium; Sodium cation; Sodium ion; Sodium(1+); sodium ion|BiGG: na1|KEGG: C01330
cpd00978	dudp	dUDP	C9H12N2O11P2	-2	Name: 2'-Deoxyuridine 5'-diphosphate; 2'-deoxyuridine-5'-diphosphate; dUDP; deoxyuridine-diphosphate|BiGG: dudp|KEGG: C01346
cpd00982	fadh2	FADH2	C27H33N9O15P2	-2	Name: 1,5-dihydro-FAD; FADH2; Flavin adenine dinucleotide reduced; Flavinadeninedinucleotidereduced; flavin adenine dinucleotide reduced|BiGG: fadh2|KEGG: C01352
cpd00986	pqqh2	PQQH2	C14H5N2O8	-3	Name: PQQH2; Reduced pyrroloquinoline-quinone; pyrroloquinoline quinol; reduced pyrroloquinoline-quinone|BiGG: pqqh2|KEGG: C01359
cpd00988	3amp	3'-AMP	C10H12N5O7P	-2	Name: 3'-AMP; 3'-Adenosine monophosphate; 3'-Adenylic acid; 3'-adenosine monophosphate; 3'-adenylic acid; AMP 3'-phosphate; Adenosine 3'-phosphate; Adenosine-3'-monophosphate; adenosine 3'-monophosphate; adenosine 3'-phosphate; adenosine-3'-monophosphate; adenosine-3'-monophosphoric acid|BiGG: 3amp|KEGG: C01367
cpd00989	3ump	3'-UMP	C9H11N2O9P	-2	Name: 3'-UMP; 3'-uridylic acid; Uridine 3'-monophosphate; Uridine 3'-phosphate; uridine 3'-monophosphate|BiGG: 3ump|KEGG: C01368
cpd01012	cd2	Cd2+	Cd	2	Name: Cd++; Cd+2; Cd2+|BiGG: cd2
cpd01017	cgly	Cys-Gly	C5H10N2O3S	0	Name: Cys-Gly; L-Cysteinylglycine; L-cysteinyl-glycine; L-cysteinylglycine; cysteinylglycine|BiGG: cgly|KEGG: C01419
cpd01024	metha	Methane	CH4	0	Name: CH4; Methane; methane|BiGG: ch4|KEGG: C01438
cpd01030	salcn	Salicin	C13H18O7	0	Name: 2-(hydroxymethyl)-phenyl-beta-D-glucopyranoside; D(-)-salicin; D-(-)-Salicin; D-Salicin; Salicin; Salicoside; salicin; salicoside|BiGG: salcn|KEGG: C01451
cpd01048	arsna	Arsenate	HAsO4	-2	Name: Arsenate; Arsenate ion; Arsenic acid; AsO43-; Orthoarsenic acid; arsenate; inorganic arsenate; orthoarsenate|BiGG: aso4|KEGG: C01478; C11215
cpd01055	all-D	D-Allose	C6H12O6	0	Name: ALLOSE; D-Allopyranose; D-Allose; D-allose; aldehydo-D-allose; b-D-allose; beta-D-allose|BiGG: all__D|KEGG: C01487
cpd01059	frlt	Ferulate	C10H9O4	-1	Name: 3-Methoxy-4-hydroxy-trans-cinnamate; 3-methoxy-4-hydroxy-trans-cinnamate; 3-methoxy-4-hydroxycinnamic acid; 4-Hydroxy-3-methoxycinnamic acid; 4-hydroxy-3-methoxycinnamic acid; Ferulate; Ferulic acid; caffeic acid 3-methyl ether; ferulate; ferulic acid|BiGG: fer|KEGG: C01494
cpd01067	lyx-L	L-Lyxose	C5H10O5	0	Name: CPD-15867; L-Lyxose|BiGG: lyx__L|KEGG: C01508
cpd01078	seln	Selenide	HSe	-1	Name: H2Se; Hydrogen selenide; Se-2; Selenide; [SeH2]; dihydridoselenium; dihydrogen selenide; hydrogen selenide; selane; selenide; selenide ion|BiGG: seln|KEGG: C01528
cpd01080	ocdca	ocdca	C18H35O2	-1	Name: Octadecanoic acid; Stearate; Stearic acid; ocdca; octadecanoate; octadecanoate (n-C18:0); octadecanoic acid; stearate; stearic acid|BiGG: ocdca|KEGG: C01530
cpd01092	alltn	Allantoin	C4H6N4O3	0	Name: 5-Ureidohydantoin; ALLANTOIN; Allantoin; Glyoxyldiureide; allantoin|BiGG: alltn|KEGG: C01551
cpd01101	Carbamate	Carbamate	CH2NO2	-1	Name: Aminoformic acid; Carbamate; Carbamic acid; aminoformic acid; carbamate; carbamic acid|BiGG: cbm|KEGG: C01563
cpd01107	dca	Decanoate	C10H19O2	-1	Name: Decanoate; Decanoate (n-C10:0); Decanoic acid; Decylic acid; caprate; caprinate; caprinic acid; decanoate; decanoic acid; n-Capric acid; n-capric acid; n-decanoate|BiGG: dca|KEGG: C01571
cpd01113	hxa	Hexanoate	C6H11O2	-1	Name: Hexanoate; Hexanoate (n-C6:0); Hexanoic acid; Hexylic acid; a hexonic acid; caproate; hexanoate; hexanoic acid; n-Caproic acid|BiGG: hxa|KEGG: C01585
cpd01133	stchs	Stachyose	C24H42O21	0	Name: (2R,3R,4S,5S,6R)-2-[[(2R,3S,4S,5R,6R)-6-[(2R,3R,4S,5R,6R)-6-[(2S,3S,4R,5S)-3,4-dihydroxy-2,5-bis(hydroxymethyl)oxolan-2-yl]oxy-4,5-dihydroxy-2-(hydroxymethyl)oxan-3-yl]oxy-3,4,5-trihydroxy-oxan-2-yl]methoxy]-6-(hydroxymethyl)oxane-3,4,5-triol; Stachyose; alpha-D-Galp-(1->6)-alpha-D-Galp-(1->6)-alpha-D-Glcp-(1->2)-beta-D-Fruf; stachyose|BiGG: stys|KEGG: C01613; G00278
cpd01155	15dap	Cadaverine	C5H16N2	2	Name: 1,5-Diaminopentane; 1,5-Pentanediamine; 1,5-pentanediamine; 1-BioDex; BioDex 1-; Cadaverine; Pentamethylenediamine; cadaverine; diaminopentane; pentamethylenediamine|BiGG: 15dap|KEGG: C01672
cpd01157	chitob	Chitobiose	C16H28N2O11	0	Name: 2-(acetylamino)-4-O-[2-(acetylamino)-2-deoxy-beta-D-glucopyranosyl]-2-deoxy-beta-D-glucopyranose; CBS; CHITOBIOSE; Chitobiose; Diacetylchitobiose; N,N'-Diacetylchitobiose; N,N'-diacetylchitobiose; N-[2-[5-acetylamino-4,6-dihydroxy-2-(hydroxymethyl)tetrahydropyran-3-yl]oxy-4,5-dihyrdoxy-6-(hydroxymethyl)tetrahydropyran-3-yl]acetamide; chitobiose; diacetylchitobiose|BiGG: chtbs|KEGG: C01674
cpd01171	galt	Dulcose	C6H14O6	0	Name: (2R,3S,4R,5S)-hexane-1,2,3,4,5,6-hexol; D-galactitol; Dulcitol; Dulcose; Galactitol; dulcite; dulcitol; dulcose; galactitol|BiGG: galt|KEGG: C01697
cpd01200	pala	Palatinose	C12H22O11	0	Name: 6-O-alpha-D-Glucopyranosyl-D-fructofuranose; 6-O-alpha-D-glucopyranosyl-D-fructofuranose; Isomaltulose; Palatinose; alpha-D-glucopyranose-(1->6)-beta-D-fructofuranose; beta-palatinose; palatinose|BiGG: pala|KEGG: C01742; G01241; G02169; G10037
cpd01211	tcynt	Thiocyanate	CNS	-1	Name: Thiocyanate; Thiocyanic acid; hydrogen thiocyanate; rhodanide; thiocyanate; thiocyanic acid|BiGG: tcynt|KEGG: C01755
cpd01217	xtsn	Xanthosine	C10H12N4O6	0	Name: 9 beta-D-ribofuranosylxanthine; Xanthosine; xanthosine|BiGG: xtsn|KEGG: C01762
cpd01242	drib	Thyminose	C5H10O4	0	Name: 2'-deoxyribose; 2-Deoxy-D-erythro-pentose; 2-Deoxy-D-ribose; 2-Deoxy-beta-D-erythro-pentose; 2-deoxy-D-erythro-pentose; 2-deoxy-D-ribose; 2-deoxyribose; Deoxyribose; Thyminose; deoxyribose|BiGG: drib|KEGG: C01801
cpd01246	Mucic acid	Mucic acid	C6H8O8	-2	BiGG: galct__D
cpd01260	ddcoa	Lauroyl-CoA	C33H54N7O17P3S	-4	Name: Dodecanoyl-CoA; Dodecanoyl-CoA (n-C12:0CoA); Lauroyl coenzyme A; Lauroyl-CoA; ddcoa; dodecanoyl-CoA; dodecanoyl-CoA (n-C12:0CoA); lauroyl coenzyme A; lauroyl-CoA|BiGG: ddcacoa|KEGG: C01832
cpd01262	malttr	Amylotriose	C18H32O16	0	Name: Amylotriose; Maltotriose; alpha-D-glucopyranosyl-(1->4)-alpha-D-glucopyranosyl-(1->4)-D-glucose; amylotriose; glycopeptide 3; maltotriose|BiGG: malttr|KEGG: C01835; G00280
cpd01270	fmnh2	FMNH2	C17H21N4O9P	-2	Name: FMNH2; Reduced FMN; ReducedFMN; reduced FMN; reduced flavin mononucleotide|BiGG: fmnh2|KEGG: C01847
cpd01293	5oxpro	5-Oxoproline	C5H6NO3	-1	Name: 5-Oxo-L-proline; 5-Oxoproline; 5-Pyrrolidone-2-carboxylic acid; 5-oxo-L-proline; 5-oxoproline; 5-pyrrolidone-2-carboxylic acid; L-5-Pyrrolidone-2-carboxylic acid; L-5-pyrrolidone-2-carboxylic acid; L-Pyroglutamic acid; L-pyroglutamate; L-pyroglutamic acid; Pidolic acid; Pyroglutamate; Pyroglutamic acid; pidolic acid; pyroglutamate; pyroglutamic acid; pyrrolidone-COO; pyrrolidone-carboxylate|BiGG: 5oxpro|KEGG: C01879
cpd01298	aact	Aminoacetone	C3H8NO	1	Name: 1-Amino-2-propanone; Aminoacetone; aminoacetone|BiGG: aact|KEGG: C01888
cpd01307	D-Lyxitol	D-Lyxitol	C5H12O5	0	Name: (2R,4R)-pentane-1,2,3,4,5-pentol; D-Arabinitol; D-Arabinol; D-Arabitol; D-Lyxitol; D-arabinitol; D-arabinol; D-arabitol|BiGG: abt__D|KEGG: C01904
cpd01311	dtbt	Dethiobiotin	C10H17N2O3	-1	Name: DTB; Desthiobiotin; Dethiobiotin; desthiobiotin; dethiobiotin|BiGG: dtbt|KEGG: C01909
cpd01326	lystrna	L-Lysyl-tRNA	C21H37N2O17P2R3	0	Name: L-Lysyl-tRNA; L-Lysyl-tRNA(Lys)|BiGG: lystrna|KEGG: C01931
cpd01329	malthx	Maltohexaose	C36H62O31	0	Name: Maltohexaose; maltohexaose|BiGG: malthx|KEGG: C01936; G00755
cpd01335	occoa	Octanoyl-CoA	C29H46N7O17P3S	-4	Name: Octanoyl-CoA; Octanoyl-CoA (n-C8:0CoA); capryloyl-CoA; octanoyl-CoA|BiGG: occoa|KEGG: C01944
cpd01355	cll_396	beta-Maltose	C12H22O11	0	Name: 1-alpha-D-Glucopyranosyl-4-alpha-D-glucopyranose; MALTOSE; Malt sugar; Maltose; alpha-D-Glucopyranosyl-(1->4)-D-glucopyranose; alpha-D-glucopyranose-(1->4)-beta-D-glucopyranose; beta-Maltose; beta-maltose; maltose|BiGG: malt|KEGG: C00208; C01971; G00275
cpd01383	D-Erythrulose	D-Erythrulose	C4H8O4	0	Name: D-Erythrulose; D-erythrulose; D-glycero-Tetrulose; D-glycero-tetrulose|BiGG: eryth|KEGG: C02022
cpd01399	maltttr	Maltotetraose	C24H42O21	0	Name: Maltotetraose; maltotetraose|BiGG: maltttr|KEGG: C02052; G00457
cpd01401	Vitamin K1	Vitamin K1	C31H46O2	0	Name: 2-Methyl-3-phytyl-1,4-naphthoquinone; 2-methyl-3-phytyl-1,4-naphthoquinone; 3-phytylmenadione; Phylloquinone; Phytonadione; Vitamin K1; phylloquinone; phytomenadione; phytonadione; vitamin K1|BiGG: phllqne|KEGG: C02059
cpd01414	tttnt	Tetrathionate	O6S4	-2	Name: S4O6-2; S4O62-; Tetrathionate; Tetrathionic acid; tetrathionate; tetrathionic acid; thioperoxydisulfuric acid|BiGG: tet|KEGG: C02084
cpd01419	cbs_184	Ureidoglycine	C3H7N3O3	0	Name: (2S)-(carbamoylamino)glycine; (S)-2-ureidoglycine; (S)-Ureidoglycine; (S)-ureidoglycine; S-ureidoglycine|BiGG: udg|KEGG: C02091
cpd01441	acmalt	Acetyl-maltose	C14H24O12	0	Name: 1-O-acetyl-alpha-maltose; 6-O-Acetyl-alpha-D-glucopyranosyl-(1->4)-D-glucose; 6-O-acetyl-alpha-D-glucopyranosyl-(1->4)-D-glucose; Acetyl-maltose; acetylmaltose|BiGG: acmalt|KEGG: C02130; G10592
cpd01476	ppp9	Protoporphyrin	C34H32N4O4	-2	Name: Porphyrinogen IX; Protoporphyrin; Protoporphyrin IX; protoporphyrin; protoporphyrin IX|BiGG: ppp9|KEGG: C02191
cpd01501	2mcit	2-Methylcitrate	C7H7O7	-3	Name: (2R,3S)-2-Hydroxybutane-1,2,3-tricarboxylate; 2-Hydroxybutane-1,2,3-tricarboxylate; 2-Methylcitrate; 2-methyl-citrate|BiGG: 2mcit|KEGG: C02225
cpd01502	Citraconate	Citraconate	C5H4O4	-2	Name: 2-Methylmaleate; 2-methylmaleate; Citraconate; Citraconic acid; Methylmaleic acid; citraconate; citraconic acid; methylmaleic acid|BiGG: citac|KEGG: C02226
cpd01507	oxadpcoa	3-Oxoadipyl-CoA	C27H37N7O20P3S	-5	Name: 3-Oxoadipyl-CoA; 3-keto-adipyl-coa; 3-ketoadipyl-CoA; 3-oxoadipyl-CoA; beta-Ketoadipyl-CoA; beta-ketoadipyl-CoA|BiGG: oxadpcoa|KEGG: C02232
cpd01563	acon-T	trans-Aconitate	C6H3O6	-3	Name: (E)-prop-1-ene-1,2,3-tricarboxylate; trans-Aconitate; trans-Aconitic acid; trans-aconitate; trans-aconitic acid|BiGG: acon_T|KEGG: C02341
cpd01570	23camp	2',3'-Cyclic AMP	C10H11N5O6P	-1	Name: (2R,3aR,4R,6R,6aR)-4-(6-amino-9H-purin-9-yl)-6-(hydroxymethyl)tetrahydrofuro[3,4-d][1,3,2]dioxaphosphol-2-ol 2-oxide; (3aR,4R,6R,6aR)-4-(6-amino-9H-purin-9-yl)-6-(hydroxymethyl)tetrahydrofuro[3,4-d][1,3,2]dioxaphosphol-2-ol 2-oxide; 2',3'-Cyclic AMP; adenosine 2',3'-(hydrogen phosphate); adenosine 2',3'-cyclic monophosphate; adenosine 2'3'-cyclic monophosphate; adenosine cyclic 2',3'-(hydrogen phosphate); cyclic 2',3'-AMP; cyclic 2',3'-adenosine monophosphate|BiGG: 23camp|KEGG: C02353
cpd01571	23ccmp	2',3'-Cyclic CMP	C9H11N3O7P	-1	Name: 2',3'-Cyclic CMP; 2',3'-cyclic CMP; cyclic cytidine 2',3'-monophosphate; cytidine 2',3'-cyclic monophosphate|BiGG: 23ccmp|KEGG: C02354
cpd01572	23cump	2',3'-Cyclic UMP	C9H10N2O8P	-1	Name: 2',3'-Cyclic UMP; uridine 2'3'-cyclic monophosphate|BiGG: 23cump|KEGG: C02355
cpd01587	5mcsn	5-Methylcytosine	C5H7N3O	0	Name: 2(1H)-Pyrimidinone, 4-amino-5-methyl-; 5-Methylcytosine; 5-methylcytosine; Cytosine, 5-methyl-; Cytosine, 5-methyl- (VAN)|BiGG: 5mcsn|KEGG: C02376
cpd01588	6ax	Epsilcapramine	C6H13NO2	0	Name: 6-Aminocaproic acid; 6-Aminohexanoate; 6-Aminohexanoic acid; 6-amino-n-caproate; 6-amino-n-caproic acid; 6-amino-n-hexanoic acid; 6-aminocaproic acid; 6-aminocapronate; 6-aminohexanoate; 6-aminohexanoic acid; Epsilcapramine; acepramin; acepramine; amicar; aminocaproic acid; aminokapron; atsemin; caplamin; capracid; capralense; capramol; caprolisin; e-amino-n-caproic acid; epsilcapramine; epsilon-amino-N-caproate; epsilon-aminocaproate; epsilon-aminocaproic acid; hexanoic acid, 6-amino-|BiGG: 6ax|KEGG: C02378
cpd01608	scys-L	L-Selenocysteine	C3H6NO5S2	-1	Name: L-Selenocysteine; S-Sulfo-L-cysteine; S-sulfo-L-cysteine; S-sulfocysteine|BiGG: scys__L; selcys|KEGG: C02432; C05824
cpd01620	pre2	Precorrin 2	C42H41N4O16	-7	Name: Dihydrosirohydrochlorin; Precorrin 2; dihydrosirohydrochlorin; precorrin-2|BiGG: dscl; pre2|KEGG: C02463
cpd01630	muc	cis,cis-Muconate	C6H4O4	-2	Name: (2Z,4Z)-hexa-2,4-dienedioate; cis,cis-2,4-Hexadienedioic acid; cis,cis-Hexadienedioate; cis,cis-Muconate; cis,cis-hexadienedioate; cis,cis-muconate|BiGG: ccmuac|KEGG: C02480
cpd01644	2hmc	2-Hydroxymuconate	C6H4O5	-2	Name: (2E,4Z)-2-hydroxymuconate; (2Z,4E)-5-hydroxyhexa-2,4-dienedioate; (Z)-5-oxohex-2-enedioate; 2-Hydroxymuconate; 2-hydroxymuconate; gamma-oxalocrotonate|BiGG: 2hmc|KEGG: C02501
cpd01646	3c3hmp	2-Isopropylmalate	C7H10O5	-2	Name: (2S)-2-Hydroxy-2-isopropylsuccinic acid; (2S)-2-Isopropylmalate; (2S)-2-isopropylmalate; 2-Hydroxy-2-isopropylbutanedioate; 2-Isopropylmalate; 2-Isopropylmalic acid; 3-Carboxy-3-hydroxy-4-methylpentanoate; 3-Carboxy-3-hydroxy-isocaproate; 3-Carboxy-3-hydroxyisocaproate; 3-Hydroxy-4-methyl-3-carboxypentanoate; 3-carboxy-3-hydroxy-4-methylpentanoate; 3-carboxy-3-hydroxy-isocaproate; 3-hydroxy-4-methyl-3-carboxypentanoate; alpha-Isopropylmalate; alpha-isopropylmalate|BiGG: 3c3hmp|KEGG: C02504
cpd01695	tdcoa	Myristoyl-CoA	C35H58N7O17P3S	-4	Name: Myristoyl-CoA; Tetradecanoyl-CoA; Tetradecanoyl-CoA (n-C14:0CoA); myristoyl-CoA; n-C14:0CoA; tetradecanoyl-CoA|BiGG: tdcoa|KEGG: C02593
cpd01710	2ippm	2-Isopropylmaleate	C7H8O4	-2	Name: 2-Isopropylmaleate; 2-isopropylmaleate; 2-isopropylmaleic acid; beta-Isopropylmaleate; beta-isopropylmaleate|BiGG: 2ippm|KEGG: C02631
cpd01716	3dhsk	3-Dehydroshikimate	C7H7O5	-1	Name: 3-Dehydroshikimate; 3-dehydro-shikimate; 3-dehydroshikimate; 3-dehydroshikimic acid; 5-dehydroshikimate; 5-dehydroshikimic acid|BiGG: 3dhsk|KEGG: C02637
cpd01720	cala	3-Ureidopropanoate	C4H7N2O3	-1	Name: 3-Ureidopropanoate; 3-Ureidopropionate; 3-ureidopropanoate; 3-ureidopropionate; N-Carbamoyl-beta-alanine; N-carbamoyl-beta-alanine; beta-Ureidopropionic acid; beta-ureidopropionic acid|BiGG: cala|KEGG: C02642
cpd01733	confald	Ferulaldehyde	C10H10O3	0	Name: 4-Hydroxy-3-methoxycinnamaldehyde; 4-hydroxy-3-methoxycinnamaldehyde; 4-hydroxy-3-methoxycinnamic aldehyde; Coniferaldehyde; Coniferyl aldehyde; Ferulaldehyde; coniferaldehyde; coniferyl aldehyde|BiGG: conialdh|KEGG: C02666
cpd01741	ddca	ddca	C12H23O2	-1	Name: Dodecanoate; Dodecanoate (n-C12:0); Dodecanoic acid; Dodecylcarboxylate; Lauric acid; ddca; dodecanoate; dodecanoate (C12:0); dodecanoic acid; laurate; lauric acid; n-dodecanoic acid; tin II 2-ethylhexanoate|BiGG: ddca|KEGG: C02679
cpd01747	iad	Indole-3-acetamide	C10H10N2O	0	Name: (Indol-3-yl)acetamide; (indol-3-yl)acetamide; 1H-indole-3-acetamide; 2-(1H-indol-3-yl)acetamide; Indole-3-acetamide; indole-3-acetamide; indoleacetamide|BiGG: iad|KEGG: C02693
cpd01757	acmum	N-Acetylmuramate	C11H18NO8	-1	Name: 2-[3-acetylamino-2,5-dihydroxy-6-(hydroxymethyl)tetrahydropyran-4-yl]oxypropanoic acid; 2-acetamido-3-O-(D-1-carboxyethyl)-2-deoxy-beta-D-glucose; MurNAc; N-Acetyl-D-muramoate; N-Acetylmuramate; N-Acetylmuramic acid; N-acetylmuramate; N-acetylmuramic acid; NACMUR; NAcMur|BiGG: acmam; acmum|KEGG: C02713
cpd01772	sucbz	Succinylbenzoate	C11H8O5	-2	Name: 2-Succinylbenzoate; 2-succinyl-benzoate; 2-succinylbenzoate; 4-(2-carboxyphenyl)-4-oxobutanoate; Succinylbenzoate; o-Succinylbenzoate; o-succinyl-benzoate; o-succinylbenzoate|BiGG: sucbz|KEGG: C02730
cpd01775	prbatp	Phosphoribosyl-ATP	C15H20N5O20P4	-5	Name: 1-(5-Phospho-D-ribosyl)-ATP; 1-(5-Phospho-beta-D-ribosyl)-ATP; 1-(5-Phosphoribosyl)-ATP; 1-(5-phospho-D-ribosyl)-ATP; 1-(5-phospho-beta-D-ribosyl)-ATP; 1-(5-phosphoribosyl)-ATP; 5-phosphoribosyl-ATP; N1-(5-Phospho-D-ribosyl)-ATP; N1-(5-phospho-D-ribosyl)-ATP; Phosphoribosyl-ATP; phosphoribosyl-ATP|BiGG: prbatp|KEGG: C02739
cpd01777	prbamp	Phosphoribosyl-AMP	C15H19N5O14P2	-4	Name: 1-(5-Phospho-beta-D-ribosyl)-AMP; 1-(5-Phosphoribosyl)-AMP; 1-(5-phospho-D-ribosyl)-AMP; 1-(5-phospho-beta-D-ribosyl)-AMP; 1-(5-phosphoribosyl)-AMP; 5-phosphoribosyl-AMP; N-(5'-phospho-D-ribosyl)-AMP; N-(5-phospho-D-ribosyl)-AMP; N1-(5-Phospho-D-ribosyl)-AMP; N1-(5-phospho-D-ribosyl)-AMP; Phosphoribosyl-AMP; phosphoribosyl-AMP|BiGG: prbamp|KEGG: C02741
cpd01831	imzac	4-Imidazoleacetate	C5H5N2O2	-1	Name: 4-Imidazoleacetate; 4-imidazoleacetate; Imidazole-4-acetate; Imidazoleacetic acid; imidazole-4-acetate; imidazoleacetic acid|BiGG: im4ac|KEGG: C02835
cpd01844	ppap	Propionyl phosphate	C3H5O5P	-2	Name: Propanoyl phosphate; Propionyl phosphate; propanoyl phosphate; propanoyl-P; propionyl-P; propionyl-phosphate|BiGG: ppap|KEGG: C02876
cpd01871	3mcat	3-Methylcatechol	C7H8O2	0	Name: 2,3-Dihydroxytoluene; 2,3-dihydroxytoluene; 3-Methylcatechol; 3-methylcatechol|BiGG: 3mcat|KEGG: C02923
cpd01882	ivcoa	Isovaleryl-CoA	C26H40N7O17P3S	-4	Name: 3-Methylbutanoyl-CoA; 3-methylbutanoyl-CoA; 3-methylbutyryl-CoA; Isovaleryl-CoA; S-(3-methylbutanoate) coenzyme A; iso-valeryl-CoA; isovaleryl-CoA; isovaleryl-coenzyme A|BiGG: ivcoa|KEGG: C02939
cpd01892	4hbcoa	4-Hydroxybenzoyl-CoA	C28H36N7O18P3S	-4	Name: 4-Hydroxybenzoyl-CoA; 4-hydroxybenzoyl-CoA; p-hydroxybenzoyl-CoA|BiGG: 4hbzcoa|KEGG: C02949
cpd01914	metox	L-Methionine S-oxide	C5H11NO3S	0	Name: DL-Methionine sulfoxide; L-Methionine S-oxide; Methionine S-oxide; methionine sulfoxide|BiGG: metsox_S__L|KEGG: C02989
cpd01923	acmama	N-Acetylmuramoyl-Ala	C14H23N2O9	-1	Name: N-Acetyl-D-muramoyl-L-alanine; N-Acetylmuramoyl-Ala|BiGG: acmama|KEGG: C02999
cpd01947	btd-RR	BDOH	C4H10O2	0	Name: (R,R)-2,3-Butanediol; (R,R)-2,3-Butylene glycol; (R,R)-2,3-butanediol; (R,R)-2,3-butylene glycol; (R,R)-Butane-2,3-diol; (R,R)-butane-2,3-diol; 2,3-butanediol; 2,3-butylene glycol; BDOH; D(-)-2,3-butanediol; butanediol|BiGG: btd_RR|KEGG: C03044
cpd01966	3mb2coa	Dimethylacryloyl-CoA	C26H38N7O17P3S	-4	Name: 3-Methylbut-2-enoyl-CoA; 3-Methylcrotonoyl-CoA; 3-Methylcrotonyl-CoA; 3-methylbut-2-enoyl-CoA; 3-methylcrotonyl-CoA; Dimethylacryloyl-CoA; beta-methylcrotonoyl-CoA|BiGG: 3mb2coa|KEGG: C03069
cpd01974	4hglu	4-Hydroxy-L-glutamate	C5H8NO5	-1	Name: 4-Hydroxy-L-glutamate; 4-Hydroxy-L-glutamic acid|BiGG: 4hglu|KEGG: C03079
cpd01977	4pasp	4-Phospho-L-aspartate	C4H6NO7P	-2	Name: 4-Phospho-L-aspartate; 4-phospho-L-aspartate; 4-phosphonato-L-aspartate; L-4-Aspartyl phosphate; L-4-aspartyl phosphate; L-aspartyl-4-P; L-aspartyl-4-phosphate; L-aspartyl-beta-phosphate; L-beta-aspartyl-P; L-beta-aspartyl-phosphate|BiGG: 4pasp|KEGG: C03082
cpd01981	5mtr	5-Methylthio-D-ribose	C6H12O4S	0	Name: 5-(methylsulfanyl)-alpha-D-ribose; 5-Methylthio-D-ribose; 5-methylthio-D-ribose; 5-methylthioribose; MTR; S-Methyl-5-thio-D-ribose; S-methyl-5-thio-D-ribofuranose; S-methyl-5-thio-D-ribose; methylthioribose|BiGG: 5mtr|KEGG: C03089
cpd01982	pram	5-Phosphoribosylamine	C5H11NO7P	-1	Name: 5-P-beta-D-ribosyl-amine; 5-P-beta-D-ribosylamine; 5-Phospho-D-ribosylamine; 5-Phospho-beta-D-ribosylamine; 5-Phosphoribosyl-1-amine; 5-Phosphoribosylamine; 5-phospho-beta-D-ribosyl-amine; 5-phospho-beta-D-ribosylamine; 5-phosphoribosylamine; PRA|BiGG: pram|KEGG: C03090
cpd01997	dmbzid	Dimethylbenzimidazole	C9H10N2	0	Name: 5,6-Dimethylbenzimidazole; 5,6-dimethylbenzimidazole; DMB; Dimethylbenzimidazole; dimethylbenzimidazole|BiGG: dmbzid|KEGG: C03114
cpd02016	rnam	N-Ribosylnicotinamide	C11H15N2O5	1	Name: 1-(beta-D ribofuranosyl)nicotinamide; 1-(beta-D-Ribofuranosyl)nicotinamide; N-Ribosylnicotinamide; N-ribosyl-nicotinamide; Nicotinamide-beta-riboside; nicotinamide ribonucleoside; nicotinamide ribose; nicotinamide riboside; nicotinamide-beta-riboside; ribosylnicotinamide|BiGG: rnam|KEGG: C03150
cpd02021	sbzcoa	Succinylbenzoyl-CoA	C32H39N7O20P3S	-5	Name: 2-(3'-carboxypropionyl)benzoyl-CoA; 2-Succinylbenzoyl-CoA; 2-succinylbenzoyl-CoA; 4-(2'-carboxyphenyl)-4-oxobutyryl-CoA; 4-(2-Carboxyphenyl)-4-oxobutanoyl-CoA; O-Succinylbenzoyl-CoA; Succinylbenzoyl-CoA; o-Succinylbenzoyl-CoA; o-succinylbenzoyl-CoA; succinylbenzoyl-CoA|BiGG: sbzcoa|KEGG: C03160
cpd02024	ppaca	Phosphonoacetaldehyde	C2H4O4P	-1	Name: 2-Oxoethylphosphonate; 2-Phosphonoacetaldehyde; 2-phosphonoacetaldehyde; Phosphonoacetaldehyde; acetylphosphonate; phosphonic acid, (2-oxoethyl)-; phosphonoacetaldehyde|BiGG: Pald|KEGG: C03167
cpd02030	skm5p	3-phosphoshikimate	C7H8O8P	-3	Name: 3-phosphoshikimate; Shikimate 3-phosphate; Shikimate 5-phosphate; Shikimate5-phosphate; shikimate 3-phosphate; shikimate 5-phosphate; shikimate-3-P; shikimate-3-phosphate; shikimate-5-P; shikimate-5-phosphate|BiGG: skm5p|KEGG: C03175
cpd02039	appl	1-Aminopropan-2-ol	C3H10NO	1	Name: (R)-1-Amino-2-propanol; (R)-1-Aminopropan-2-ol|BiGG: appl|KEGG: C03194
cpd02060	trans-dd2coa	(2E)-Dodecenoyl-CoA	C33H52N7O17P3S	-4	Name: (2E)-Dodec-2-enoyl-CoA; (2E)-Dodecenoyl-CoA; (2E)-dodec-2-enoyl-CoA; (2E)-dodecenoyl-CoA; 2-trans-Dodecenoyl-CoA; 2-trans-dodecenoyl-CoA; trans-Dodec-2-enoyl-CoA; trans-dodec-2-enoyl-CoA|BiGG: dd2coa; trans_dd2coa|KEGG: C03221
cpd02068	3mgcoa	3-Methylglutaconyl-CoA	C27H37N7O19P3S	-5	Name: (E)-3-Methylglutaconyl-1-CoA; (E)-3-methylglutaconyl-1-CoA; 3-Methylglutaconyl-CoA; 3-methylglutaconyl-CoA; trans-3-Methylglutaconyl-CoA; trans-3-methylglutaconyl-CoA|BiGG: 3mgcoa|KEGG: C03231
cpd02069	3php	3-Phosphonooxypyruvate	C3H2O7P	-3	Name: 3-P-hydroxypyruvate; 3-Phosphohydroxypyruvate; 3-Phosphohydroxypyruvic acid; 3-Phosphonooxypyruvate; 3-Phosphonooxypyruvic acid; 3-p-OH-pyr; 3-p-OH-pyruvate; 3-p-hydroxy-pyr; 3-phospho-hydroxypyruvate; 3-phosphohydroxy-pyr; 3-phosphohydroxypyruvate; 3-phosphonooxypyruvate; 3-phosphooxypyruvate; phosphohydroxypyruate; phosphohydroxypyruvate|BiGG: 3php|KEGG: C03232
cpd02074	6a2ohxnt	2-Oxo-6-aminocaproate	C6H11NO3	0	Name: 2-Oxo-6-aminocaproate; 2-keto-6-aminocaproate; 2-oxo-6-aminocaproate; 2-oxo-6-aminohexanoate; 6-Amino-2-oxohexanoate; 6-amino-2-oxohexanoate; alpha-keto-epsilon-aminocaproate; alpha-keto-epsilon-aminohexanoate; alpha-ketolysine|BiGG: 6a2ohxnt|KEGG: C03239
cpd02083	cpppg3	CoproporphyrinogenIII	C36H40N4O8	-4	Name: Coproporphyrinogen III; CoproporphyrinogenIII; coproporphyrinogen III|BiGG: cpppg3|KEGG: C03263
cpd02090	g3pg	Glycerophosphoglycerol	C6H14O8P	-1	Name: Glycerophosphoglycerol; bis(2,3-dihydroxypropyl) phosphate; diglycerol phosphate; glycerophosphoglycerol|BiGG: g3pg|KEGG: C03274
cpd02095	24dab	L-2,4-Diaminobutyrate	C4H11N2O2	1	Name: (2S)-2,4-diaminobutanoate; 2,4-diamino-L-butyrate; L-2,4-Diaminobutanoate; L-2,4-Diaminobutyrate; L-2,4-diaminobutanoate; L-2,4-diaminobutyrate; L-2,4-diaminobutyric acid; alpha,gamma-Diaminobutyrate; diaminobutyrate|BiGG: 24dab|KEGG: C03283
cpd02096	L-3-Amino-isobutyrate	L-3-Amino-isobutyrate	C4H9NO2	0	Name: (S)-3-Amino-2-methylpropanoate; (S)-3-Amino-isobutanoate; (S)-3-Amino-isobutyrate; (S)-3-amino-2-methylpropanoate; (S)-3-amino-isobutyric acid; L-3-Amino-isobutanoate; L-3-Amino-isobutyrate; L-3-amino-isobutanoate|BiGG: 3aib|KEGG: C03284
cpd02097	glu5p	L-Glutamyl 5-phosphate	C5H8NO7P	-2	Name: L-Glutamate 5-phosphate; L-Glutamyl 5-phosphate; L-gamma-glutamyl 5-phosphate; L-gamma-glutamyl-5-P; L-gamma-glutamyl-5-phosphate; L-glutamate 5-phosphate; L-glutamate-5-phosphate; L-glutamyl-5-phosphate; gamma-L-glutamyl 5-phosphate; gamma-L-glutamyl-5-P|BiGG: glu5p|KEGG: C03287
cpd02103	sucarg	N2-Succinyl-L-arginine	C10H17N4O5	-1	Name: (2S)-2-(3-Carboxypropanoylamino)-5- (diaminomethylideneamino)pentanoic acid; (2S)-2-(3-Carboxypropanoylamino)-5-(diaminomethylideneamino)pentanoic acid; N2-Succinyl-L-arginine; N2-succinyl-L-arginine; N2-succinylarginine|BiGG: sucarg|KEGG: C03296
cpd02113	dtdprmn	dTDP-rhamnose	C16H24N2O15P2	-2	Name: TDP-rhamnose; dTDP-6-deoxy-L-mannose; dTDP-6-deoxy-beta-L-mannose; dTDP-L-rhamnose; dTDP-alpha-L-rhamnose; dTDP-beta-L-rhamnose; dTDP-rhamnose|BiGG: dtdprmn|KEGG: C03319
cpd02120	23dhdp	Dihydrodipicolinate	C7H5NO4	-2	Name: (S)-2,3-Dihydropyridine-2,6-dicarboxylate; (S)-2,3-dihydrodipicolinate; 2,3-Dihydrodipicolinate; 2,3-di-H-dipicolinate; 2-3-Dihydrodipicolinate; Dihydrodipicolinate; Dihydrodipicolinic acid; L-2,3-Dihydrodipicolinate; L-2,3-dihydrodipicolinate|BiGG: 23dhdp|KEGG: C03340
cpd02124	2maacoa	2-Methylacetoacetyl-CoA	C26H38N7O18P3S	-4	Name: 2-Methyl-3-acetoacetyl-CoA; 2-Methylacetoacetyl-CoA; 2-methyl-3-acetoacetyl-CoA; 2-methyl-acetoacetyl-CoA; 2-methylacetoacetyl coenzyme A; 2-methylacetoacetyl-CoA; Coenzyme A, S-(2-methyl-3-oxobutanoate); M_2_Methyl_3_acetoacetyl_CoA|BiGG: 2maacoa|KEGG: C03344
cpd02125	2mb2coa	Tiglyl-CoA	C26H38N7O17P3S	-4	Name: (E)-2-Methylcrotonoyl-CoA; (E)-2-methylbut-2-enoyl-CoA; (E)-2-methylcrotonoyl-CoA; 2-Methylbut-2-enoyl-CoA; 2-Methylcrotanoyl-CoA; 2-methyl-crotonyl-CoA; 2-methylbut-2-enoyl-CoA; Coenzyme A, S-(2-methyl-2-butenoate), (E)-; M_2Methyl_but_2_enoyl_CoA; Methylcrotonoyl-CoA; Methylcrotonyl-CoA; Tigloyl-CoA; Tiglyl-CoA; methylcrotonyl-CoA; tigloyl-CoA; tiglyl-CoA; trans-2-Methylbut-2-enoyl-CoA; trans-2-methylbut-2-enoyl-CoA|BiGG: 2mb2coa|KEGG: C03345
cpd02140	air	AIR	C8H13N3O7P	-1	Name: 1-(5'-Phosphoribosyl)-5-aminoimidazole; 1-(5'-phosphoribosyl)-5-aminoimidazole; 1-(5-Phospho-D-ribosyl)-5-aminoimidazole; 1-(5-phosphoribosyl)-5-aminoimidazole; 5'-Phosphoribosyl-5-aminoimidazole; 5'-phosphoribosyl-5-aminoimidazole; 5-Amino-1-(5-phospho-D-ribosyl)imidazole; 5-amino-1-(5-phospho-D-ribosyl)imidazole; 5-amino-1-(5-phospho-beta-D-ribosyl)imidazole; 5-amino-1--5-phospho-D-ribosylimidazole; 5-aminoimidazole ribonucleotide; 5-aminoimidazole ribotide; AIR; Aminoimidazole ribotide; phosphoribosylaminoimidazole|BiGG: air|KEGG: C03373
cpd02147	4per	4-Phosphoerythronate	C4H6O8P	-3	Name: 4-Phospho-D-erythronate; 4-Phosphoerythronate; 4-phospho-D-erythronate; 4-phosphoerythronate; D-erythronate-4-phosphate; D-erythronate-4P; erythronate 4-phosphate; erythronate-4-phosphate; erythronate-4P|BiGG: 4per|KEGG: C03393
cpd02152	argsuc	L-Argininosuccinate	C10H17N4O6	-1	Name: 2-(Nomega-L-Arginino)succinate; L-Argininosuccinate; L-Argininosuccinic acid; L-Arginosuccinic acid; L-arginino-succinate; N-(L-Arginino)succinate; N-(L-arginino)-succinate; N-omega-(L-Arginino)succinate; arginino-succinate; l-arginino-succinate|BiGG: argsuc|KEGG: C03406
cpd02160	sucorn	N2-Succinyl-L-ornithine	C9H15N2O5	-1	Name: (2S)-5-Amino-2-(3-carboxypropanoylamino)pentanoic acid; N2-Succinyl-L-ornithine; N2-succinyl-L-ornithine; N2-succinylornithine|BiGG: sucorn|KEGG: C03415
cpd02168	Prephytoene diphosphate	Prephytoene diphosphate	C40H66O7P2	-2	Name: (1R,2R,3R)-prephytoene diphosphate; Prephytoene diphosphate; prephytoene diphosphate|BiGG: prephytedp|KEGG: C03427
cpd02182	lgt-S	(R)-S-Lactoylglutathione	C13H20N3O8S	-1	Name: (R)-S-Lactoylglutathione; (R)-S-lactoylglutathione; D-lactoylglutathione; S-D-Lactoylglutathione; S-D-lactoylglutathione; S-lactoyl-glutathione|BiGG: lgt__S|KEGG: C03451
cpd02183	oxalc	4-Oxalocrotonate	C6H4O5	-2	Name: (2E)-5-oxohex-2-enedioate; (4E)-2-oxohex-4-enedioate; (Z)-5-Oxohex-2-enedioate; 2-oxo-3-hexenedioate; 4-Oxalocrotonate; 4-oxalocrotonate; gamma-Oxalocrotonate|BiGG: oxalc|KEGG: C03453
cpd02186	oxglyc	Oxaloglycolate	C4H2O6	-2	Name: 2-Hydroxy-3-oxosuccinate; 2-hydroxy-3-oxosuccinate; Oxaloglycolate|BiGG: oxglyc|KEGG: C03459
cpd02187	2mp2coa	Methacrylyl-CoA	C25H36N7O17P3S	-4	Name: 2-Methylprop-2-enoyl-CoA; 2-methylprop-2-enoyl-CoA; M_Methylacrylyl_CoA; Methacrylyl-CoA; Methylacrylyl-CoA; methacrylyl-CoA; methacrylyl-coenzyme A; methylacrylyl-CoA|BiGG: 2mp2coa|KEGG: C03460
cpd02197	5fthf	5-Formyltetrahydrofolate	C20H21N7O7	-2	Name: (6S)-5-formyl-tetrahydrofolate mono-L-glutamate; (6S)-leucovorin; 5-CHO-THF; 5-CHO-THF monoglutamate; 5-Formyltetrahydrofolate; 5-formyl-H4F; 5-formyl-H4F monoglutamate; 5-formyl-THF; 5-formyl-THF leucovorin; 5-formyl-THF monoglutamate; 5-formyl-tetrahydrofolate; Folinic acid; L(-)-5-Formyl-5,6,7,8-tetrahydrofolic acid; Leucovorin; N5-formyl-H4F; N5-formyl-H4F monoglutamate; N5-formyl-H4PteGlu1; N5-formyl-THF; N5-formyl-THF monoglutamate; citrovorum factor; folinate; folinic acid; folinic acid monoglutamate; formyl-H4F; formyl-H4F monoglutamate; n5-formyl-thf; n5-formyl-thf monoglutamate; n5-formyltetrahydrofolate; n5-formyltetrahydrofolate monoglutamate|BiGG: 5fthf|KEGG: C03479
cpd02201	4ppan	4-phosphopantothenate	C9H15NO8P	-3	Name: (R)-4'-Phosphopantothenate; (R)-4'-phosphopantothenate; 4'-P-Pantothenate; 4'-phosphopantothenate; 4-phosphopantothenate; D-4'-Phosphopantothenate; D-4'-phosphopantothenate; D-4-Phosphopantothenate|BiGG: 4ppan|KEGG: C03492
cpd02210	3ig3p	Indoleglycerol phosphate	C11H12NO6P	-2	Name: (1S,2R)-1-C-(Indol-3-yl)glycerol 3-phosphate; (1S,2R)-1-C-(indol-3-yl)glycerol 3-phosphate; (3-Indolyl)-glycerol phosphate; 1-(indol-3-yl)glycerol 3-phosphate; 1-(indol-3-yl)glycerol-3-P; 1-(indol-3-yl)glycerol-3-phosphate; 1-C-(Indol-3-yl)glycerol 3-phosphate; C--3-Indolyl-glycerol3-phosphate; C1-(3-Indolyl)-glycerol 3-phosphate; Indole-3-glycerol phosphate; Indoleglycerol phosphate; indole-3-glycerol-P; indole-3-glycerol-phosphate; indoleglycerol phosphate|BiGG: 3ig3p|KEGG: C03506
cpd02211	2aobut	L-2-Amino-acetoacetate	C4H7NO3	0	Name: (S)-2-Amino-3-oxobutanoic acid; 2-amino-3-ketobutyrate; 2-amino-3-oxobutanoate; 2-amino-3-oxobutyrate; 2-amino-acetoacetate; 3-keto-L-threonine; L-2-Amino-3-oxobutanoate; L-2-Amino-3-oxobutanoic acid; L-2-Amino-acetoacetate; L-2-amino-3-ketobutyrate; L-2-amino-3-oxobutanoate; L-2-amino-3-oxobutyrate; L-2-amino-acetoacetate; alpha-amino-beta-ketobutyrate|BiGG: 2aobut|KEGG: C03508
cpd02227	rhcys	S-Ribosylhomocysteine	C9H17NO6S	0	Name: Ribose-5-S-homocysteine; S-(5-Deoxy-D-ribos-5-yl)-L-homocysteine; S-(5-deoxy-D-ribos-5-yl)-L-homocysteine; S-D-Ribosyl-L-homocysteine; S-D-ribosyl-L-homocysteine; S-Ribosyl-L-homocysteine; S-Ribosylhomocysteine; S-ribosyl-L-homocysteine; S-ribosylhomocysteine; ribose-5-S-homocysteine|BiGG: rhcys|KEGG: C03539
cpd02229	udcpdp	Bactoprenyl diphosphate	C55H90O7P2	-2	Name: Bactoprenyl diphosphate; C55-PP; UPP (ambiguous); Und-PP; Undecaprenyl diphosphate; Undecaprenyldiphosphate; bactoprenyl pyrophosphate; di-trans,octa-cis-undecaprenyl diphosphate; di-trans,poly-cis-Undecaprenyl diphosphate; di-trans-poly-cis-undecaprenyl diphosphate; ditrans,octacis-Undecaprenyl diphosphate; undecaprenyl pyrophosphate (ambiguous); undecaprenyl-PP (ambiguous)|BiGG: udcpdp|KEGG: C04574
cpd02230	mi4p-D	Inositol 4-phosphate	C6H11O9P	-2	Name: 1D-myo-Inositol 4-monophosphate; 1D-myo-Inositol 4-phosphate; 1D-myo-inositol (4)-monophosphate; 1D-myo-inositol (4)-phosphate; 1D-myo-inositol 4-monophosphate; D-myo-Inositol 4-phosphate; D-myo-inositol (4)-monophosphate; D-myo-inositol (4)-phosphate; D-myo-inositol 4-monophosphate; D-myo-inositol 4-phosphate; Inositol 4-phosphate; Ins(4)P; Ins(4)P1; Ins4P; inositol 4-phosphate; myo-Inositol 4-phosphate|BiGG: mi4p__D|KEGG: C03546
cpd02233	2aeppn	Ciliatine	C2H8NO3P	0	Name: (2-Aminoethyl)phosphonate; (2-aminoethane)phosphonate; (2-aminoethyl)phosphonate; 2-AEPn; 2-Aminoethylphosphonate; 2-aminoethanephosphonate; 2-aminoethylphosphonate; 2-aminoethylphosphonic acid; Ciliatine; ciliatine; phosphonoethylamine|BiGG: 2ameph|KEGG: C03557
cpd02234	(R)-3-Hydroxybutanoyl-CoA	(R)-3-Hydroxybutanoyl-CoA	C25H38N7O18P3S	-4	Name: (3R)-3-Hydroxybutanoyl-CoA; (R)-3-Hydroxybutanoyl-CoA|BiGG: 3hbcoa__R|KEGG: C03561
cpd02235	1-Pyrroline-2-carboxylate	1-Pyrroline-2-carboxylate	C5H7NO2	0	Name: 1-Pyrroline 2-carboxylate; 1-Pyrroline-2-carboxylate; 1-Pyrroline-2-carboxylic acid; 1-pyrroline-2-carboxylate; 1-pyrroline-2-carboxylic acid; delta1-Pyrroline 2-carboxylate|BiGG: 1p2cbxl|KEGG: C03564
cpd02255	5odhf2a	3-oxoadipate-enol-lactone	C6H5O4	-1	Name: (4,5-dihydro-5-oxofuran-2-yl)-acetate; 2,3-dihydro-2-oxofuran-5-acetate; 2-Oxo-2,3-dihydrofuran-5-acetate; 2-oxo-2,3-dihydrofuran-5-acetate; 3-Oxoadipate enol-lactone; 3-oxoadipate enol lactone; 3-oxoadipate-enol-lactone; 4,5-Dihydro-5-oxofuran-2-acetate; 4,5-dihydro-5-oxofuran-2-acetate; 5-Oxo-4,5-dihydrofuran-2-acetate; 5-oxo-4,5-dihydrofuran-2-acetate; beta-ketoadipate-enol-lactone; enol-lactone|BiGG: 5odhf2a|KEGG: C03586
cpd02267	cmac	Chloramphenicol 3-acetate	C13H14Cl2N2O6	0	Name: Chloramphenicol 3-acetate; acetic acid [2-(2,2-dichloroacetyl)amino-3-hydroxy-3-(4- nitrophenyl)-propyl] ester; chloramphenicol 3-acetate|KEGG: C03601
cpd02295	dhna	1-4-Dihydroxy-2-naphthoate	C11H7O4	-1	Name: 1,4-Dihydroxy-2-naphthoate; 1,4-Dihydroxy-2-naphthoic acid; 1,4-dihydroxy-2-naphthoate; 1-4-Dihydroxy-2-naphthoate; 2-carboxy-1,4-naphthoquinol; DHNA|BiGG: dhna|KEGG: C03657
cpd02311	4izp	4-Imidazolone-5-propanoate	C6H7N2O3	-1	Name: (S)-3-(5-oxo-4,5-dihydro-3H-imidazol-4-yl)propanoate; 3-(5-oxo-4,5-dihydro-3H-imidazol-4-yl)propanoate; 4,5-Dihydro-4-oxo-5-imidazolepropanoate; 4,5-dihydro-4-oxo-5-imidazolepropanoate; 4-Imidazolone-5-propanoate; 4-Imidazolone-5-propionic acid; 4-imidazolone-5-propanoate; 4-imidazolone-5-propionate; 4-imidazolone-5-propionic acid; 5-(2-carboxylatoethyl)-4-oxo-4,5-dihydro-1H-imidazol-5-ide; imidazolone propionate; imidazolone propionic acid; imidazolonepropanoate|BiGG: 4izp|KEGG: C03680
cpd02333	quln	Quinolinate	C7H3NO4	-2	Name: 2,3-Pyridinedicarboxylic acid; 2,3-pyridinedicarboxylate; 2,3-pyridinedicarboxylic acid; Pyridine-2,3-dicarboxylate; Quinolinate; Quinolinic acid; pyridine-2,3-dicarboxylate; pyridine-2,3-dicarboxylic acid; quinolinate; quinolinic acid|BiGG: quln|KEGG: C03722
cpd02345	glu1sa	L-Glutamate1-semialdehyde	C5H9NO3	0	Name: (S)-4-Amino-5-oxopentanoate; (S)-4-amino-5-oxopentanoate; L-Glutamate 1-semialdehyde; L-Glutamate1-semialdehyde; L-glutamate 1-semialdehyde; glutamate-1-semialdehyde|BiGG: glu1sa|KEGG: C03741
cpd02371	tagdp-D	D-Tagatose 1,6-biphosphate	C6H10O12P2	-4	Name: D-Tagatose 1,6-bisphosphate; D-tagatofuranose 1,6-bisphosphate; D-tagatofuranose 1,6-diphosphate; tagatose-1,6-bisphosphate; tagatose-1,6-diphosphate|BiGG: tagdp__D|KEGG: C03785
cpd02375	dcamp	Adenylosuccinate	C14H14N5O11P	-4	Name: Adenylosuccinate; Adenylosuccinic acid; N6-(1,2-Dicarboxyethyl)-AMP; N6-(1,2-Dicarboxyethyl)AMP; N6-(1,2-dicarboxyethyl)-AMP; N6--1-2-Dicarboxyethyl-AMP; adenylo-succ; adenylo-succinate|BiGG: dcamp|KEGG: C03794
cpd02394	gar	GAR	C7H14N2O8P	-1	Name: 5'-Phosphoribosylglycinamide; 5'-p-ribosylglycinamide; 5'-p-ribosylglycineamide; 5'-phosphoribosylglycinamide; 5'-phosphoribosylglycineamide; 5-phospho-beta-D-ribosyl-glycineamide; 5-phospho-ribosyl-glycineamide; GAR; Glycinamide ribonucleotide; N1-(5-Phospho-D-ribosyl)glycinamide; N1-(5-phospho-beta-D-ribosyl)glycinamide; N1--5-Phospho-D-ribosylglycinamide|BiGG: gar|KEGG: C03838
cpd02431	1pyr5c	1-Pyrroline-5-carboxylate	C5H6NO2	-1	Name: (S)-1-Pyrroline-5-carboxylate; (S)-1-pyrroline-5-carboxylate; 1-Pyrroline-5-carboxylate; 1-pyrroline-5-carboxylate; L-1-Pyrroline-5-carboxylate; L-1-pyrroline-5-carboxylate; L-delta1-pyrroline-5-carboxylate; delta-1-pyrroline-5-carboxylate; delta-1-pyrroline-5-carboxylic acid; pyrroline 5-carboxylate|BiGG: 1pyr5c|KEGG: C03912
cpd02465	thdp	tetrahydrodipicolinate	C7H7NO4	-2	Name: (S)-2,3,4,5-Tetrahydropyridine-2,6-dicarboxylate; (S)-2,3,4,5-tetrahydrodipicolinate; (S)-2,3,4,5-tetrahydropyridine-2,6-dicarboxylate; 2,3,4,5-Tetrahydrodipicolinate; 2,3,4,5-tetrahydrodipicolinate; 2-3-4-5-Tetrahydrodipicolinate; L-2,3,4,5-Tetrahydrodipicolinate; L-2,3,4,5-tetrahydrodipicolinate; delta1-Piperidine-2,6-dicarboxylate; delta1-piperideine-2,6-dicarboxylate; tetrahydrodipicolinate; tetrahydropyridine-2,6-dicarboxylate|BiGG: thdp|KEGG: C03972
cpd02484	mi3p-D	Inositol 3-phosphate	C6H11O9P	-2	Name: 1-L-myo-inositol-1-p; 1D-myo-Inositol 3-monophosphate; 1D-myo-Inositol 3-phosphate; 1D-myo-inositol (3)-monophosphate; 1D-myo-inositol 3-monophosphate; 1D-myo-inositol 3-phosphate; 1L-myo-Inositol 1-phosphate; 1L-myo-inositol 1-phosphate; D-myo-Inositol 3-monophosphate; D-myo-Inositol 3-phosphate; D-myo-inositol (3)-monophosphate; Inositol 3-monophosphate; Inositol 3-phosphate; Ins(3)P; Ins(3)P1; Ins3P; L-myo-Inositol 1-phosphate; L-myo-inositol 1-phosphate; inositol 1-phosphate; myo-Inositol 3-monophosphate; myo-Inositol 3-phosphate; myo-inositol 1-monophosphate; myo-inositol 1-phosphate; myo-inositol phosphate|BiGG: mi3p__D|KEGG: C04006
cpd02498	23dhmb	2,3-Dihydroxy-isovalerate	C5H9O4	-1	Name: 2,3-Dihydroxy-3-methylbutanoate; 2,3-Dihydroxy-isovalerate; 2,3-Dihydroxy-isovaleric acid; R-2-3-Dihydroxy-3-methylbutanoate|BiGG: 23dhmb|KEGG: C04039
cpd02511	ap5a	Bis(5'-adenosyl) pentaphosphate	C20H24N10O22P5	-5	Name: 5',5'''-diadenosine pentaphosphate; Ap5A; Bis(5'-adenosyl) pentaphosphate; P(1),P(5)-di(adenosine-5'-)pentaphosphate; P1,P5-Bis(5'-adenosyl) pentaphosphate; P1,P5-Bis(5'-adenosyl)pentaphosphate; P1,P5-bis(5'-adenosyl) pentaphosphate; P1,P5-di(adenosine-5')-pentaphosphate; bis(5'-adenosyl) pentaphosphate|BiGG: ap5a|KEGG: C04058
cpd02522	L2aadp6sa	2-Aminoadipate 6-semialdehyde	C6H11NO3	0	BiGG: L2aadp6sa
cpd02535	23dhmp	2,3-Dihydroxy-3-methylvalerate	C6H11O4	-1	Name: (2R,3R)-2,3-Dihydroxy-3-methylpentanoate; (R)-2,3-Dihydroxy-3-methylpentanoate; (R)-2,3-Dihydroxy-3-methylvalerate; (R)-2,3-dihydroxy-3-methylpentanoate; (R)-2,3-dihydroxy-3-methylvalerate; 2,3-Dihydroxy-3-methylpentanoate; 2,3-Dihydroxy-3-methylvalerate; 2,3-dihydroxy-3-methylpentanoate; 2,3-dihydroxy-3-methylvalerate; R-2-3-Dihydroxy-3-methylpentanoate|BiGG: 23dhmp|KEGG: C04104; C06007
cpd02536	25d5o2a	Muconolactone	C6H5O4	-1	Name: (+)-4-hydroxy-4-carboxymethylisocrotonolactone; (S)-5-oxo-2,5-dihydrofuran-2-acetate; 2,5-Dihydro-5-oxofuran-2-acetate; 2,5-dihydro-5-oxofuran-2-acetate; 2-Oxo-2,5-dihydrofuran-5-acetate; 2-oxo-2,5-dihydrofuran-5-acetate; 4-Carboxymethyl-4-hydroxyisocrotonolactone; 4-carboxymethyl-4-hydroxyisocrotonolactone; 5-Oxo-2,5-dihydrofuran-2-acetate; 5-oxo-2,5-dihydrofuran-2-acetate; Muconolactone; muconolactone|BiGG: mucl|KEGG: C04105
cpd02546	ckdo	CMP-KDO	C17H24N3O15P	-2	Name: CMP-2-dehydro-3-deoxy-D-octonate; CMP-3-deoxy-D-manno-octulosonate; CMP-3-deoxy-beta-D-manno-octulosonate; CMP-KDO; CMP-Kdo; CMP-alpha-Kdo; CMP-beta-Kdo; CMP-ketodeoxyoctonate|BiGG: ckdo; cmpkdo|KEGG: C04121
cpd02547	applp	(R)-1-Aminopropan-2-yl phosphate	C3H9NO4P	-1	Name: (R)-1-Aminopropan-2-yl phosphate; (R)-1-amino-2-propanol O-2-phosphate; (R)-1-aminopropan-2-yl phosphate; D-1-Aminopropan-2-ol O-phosphate|BiGG: applp|KEGG: C04122
cpd02552	acg5p	n-acetylglutamyl-phosphate	C7H9NO8P	-3	Name: N-Acetyl-L-glutamate 5-phosphate; N-Acetyl-L-glutamyl 5-phosphate; N-acetyl-5-glutamyl phosphate; N-acetyl-L-glutamate-5-phosphate; N-acetyl-glutamyl-P; N-acetyl-glutamyl-phosphate; N-acetylglutamyl-P; N-acetylglutamyl-phosphate; n-acetylglutamyl-phosphate|BiGG: acg5p|KEGG: C04133
cpd02557	octdp	Farnesylfarnesylgeraniol	C40H66O7P2	-2	Name: OPP; all-trans-Octaprenyl diphosphate; all-trans-Octaprenyldiphosphate; all-trans-octaprenyl diphosphate; farnesylfarnesylgeranyl-PP; octaprenyl diphosphate; octaprenyl pyrophosphate|BiGG: octdp; octdp_5|KEGG: C04146
cpd02566	23ddhb	2,3-Dihydroxy-2,3-dihydrobenzoate	C7H7O4	-1	Name: (2S,3S)-2,3-Dihydro-2,3-dihydroxybenzoate; (2S,3S)-2,3-Dihydroxy-2,3-dihydroxybenzoate; (2S,3S)-2,3-dihydroxy-2,3-dihydrobenzoate; 2,3-Dihydroxy-2,3-dihydrobenzoate; 2,3-dihydroxy-2,3-dihydrobenzoate|BiGG: 23ddhb|KEGG: C04171
cpd02569	33hmeoxobut	2-Oxo-3-hydroxyisovalerate	C5H7O4	-1	Name: 2-Oxo-3-hydroxyisovalerate; 2-oxo-3-hydroxyisovalerate; 3-Hydroxy-3-methyl-2-oxobutanoate; 3-Hydroxy-3-methyl-2-oxobutanoic acid; 3-hydroxy-3-methyl-2-oxobutanoate|BiGG: 3hmoa|KEGG: C04181
cpd02574	5mdr1p	methylthioribose-1-phosphate	C6H11O7PS	-2	Name: 1-PMTR; 1-phospho-5-S-methylthio-alpha-D-ribofuranoside; 1-phospho-5-S-methylthioribose; 1-phosphomethylthioribose; 5-MTR-1-P; 5-Methylthio-5-deoxy-D-ribose1-phosphate; 5-methylthio-D-ribose-1-phosphate; 5-methylthioribose-1-phosphate; S-Methyl-5-thio-5-deoxy-D-ribose 1-phosphate; S-Methyl-5-thio-D-ribose 1-phosphate; S-Methyl-5-thio-alpha-D-ribose 1-phosphate; S-methyl-5-thio-D-ribose 1-phosphate; S-methyl-5-thio-alpha-D-ribose 1-phosphate; S5-methyl-5-thio-D-ribose-1-phosphate; methylthioribose-1-phosphate|BiGG: 5mdr1p|KEGG: C04188
cpd02590	hepdp	all-trans-Heptaprenyl diphosphate	C35H58O7P2	-2	Name: all-trans-Heptaprenyl diphosphate; all-trans-heptaprenyl diphosphate|BiGG: hepdp|KEGG: C04216
cpd02591	pendp	pendp	C25H42O7P2	-2	Name: (2E,6E,10E,14E)-geranylfarnesyl diphosphate; 2,6,10,14-trans-pentaprenyl diphosphate; GFPP; Geranylfarnesyl diphosphate; all-trans-Pentaprenyl diphosphate; all-trans-geranylfarnesyl diphosphate; all-trans-pentaprenyl diphosphate; geranylfarnesyl diphosphate; geranylfarnesyl-PP; geranylfarnesyl-diphosphate; pendp|BiGG: pendp|KEGG: C04217
cpd02597	2mcacn	cis-2-Methylaconitate	C7H5O6	-3	Name: (Z)-But-2-ene-1,2,3-tricarboxylate; (Z)-but-2-ene-1,2,3-tricarboxylate; 2-methyl-cis-aconitase; 2-methyl-cis-aconitate; 2-methylaconitate; cis-2-Methylaconitate; cis-2-methylaconitate|BiGG: 2mcacn|KEGG: C04225
cpd02605	3c4mop	2-isopropyl-3-oxosuccinate	C7H8O5	-2	Name: (2S)-2-Isopropyl-3-oxosuccinate; (2S)-2-isopropyl-3-oxosuccinate; 2-Oxo-4-methyl-3-carboxypentanoate; 2-isopropyl-3-oxosuccinate; 3-Carboxy-4-methyl-2-oxopentanoate|BiGG: 3c4mop|KEGG: C04236
cpd02611	acgam1p	N-Acetyl-D-glucosamine1-phosphate	C8H14NO9P	-2	Name: N-Acetyl-D-glucosamine 1-phosphate; N-Acetyl-D-glucosamine1-phosphate; N-acetyl-D-mannosamine 1-phosphate; N-acetyl-D-mannosamine-1-P; N-acetyl-D-mannosamine-1-phosphate; N-acetyl-mannosamine-1-P; N-acetyl-mannosamine-1-phosphate|BiGG: acgam1p|KEGG: C04256
cpd02612	acmanap	N-Acetylmannosamine 6-phosphate	C8H14NO9P	-2	Name: ManNAc-6-P; N-Acetyl-D-mannosamine 6-phosphate; N-Acetylmannosamine 6-phosphate; N-acetyl-D-mannosamine 6-phosphate; N-acetyl-D-mannosamine-6-P; N-acetyl-D-mannosamine-6-phosphate; N-acetyl-mannosamine 6-phosphate; N-acetyl-mannosamine-6-P; N-acetyl-mannosamine-6-phosphate; N-acetylmannosamine-6-P|BiGG: acmanap|KEGG: C04257
cpd02625	1p3h5c	3-Hydroxy-L-1-pyrroline-5-carboxylate	C5H6NO3	-1	Name: (3R,5S)-1-Pyrroline-3-hydroxy-5-carboxylate; (3R,5S)-1-pyrroline-3-hydroxy-5-carboxylate; (3R,5S)-3-hydroxy-1-pyrroline-5-carboxylate; 3-Hydroxy-L-1-pyrroline-5-carboxylate; L-1-Pyrroline-3-hydroxy-5-carboxylate; L-1-pyrroline-3-hydroxy-5-carboxylate; L-1pyrroline-3-hydroxy-5-carboxylate; L-delta1-pyrroline 3-hydroxy-5-carboxylate; pyrroline-hydroxy-carboxylate|BiGG: 1p3h5c|KEGG: C04281
cpd02631	cbs_76	DKDI	C6H8O5	0	Name: (3R,4S,5R)-3,4,5-Trihydroxy-1,2-cyclohexanedione; (3R,4S,5R)-3,4,5-trihydroxycyclohexane-1,2-dione; 3,5/4-Trihydroxycyclohexa-1,2-dione; 3,5/4-trihydroxycyclohexa-1,2-dione; 3D-(3,5/4)-Trihydroxycyclohexa-1,2-dione; 3D-(3,5/4)-Trihydroxycyclohexane-1,2-dione; 3D-(3,5/4)-trihydroxycyclohexane-1,2-dione; D-2,3-Diketo 4-deoxy-epi-inositol; D-2,3-Diketo-4-deoxy-epi-inositol; D-2,3-diketo-4-deoxy-epi-inositol; THcHDO|BiGG: dkdi|KEGG: C04287
cpd02642	pran	N-5-phosphoribosyl-anthranilate	C12H13NO9P	-3	Name: 5'-P-ribosyl-anthranilate; 5'-phosphoribosyl-anthranilate; 5-P-ribosyl-anthranilate; 5-phosphoribosyl-anthranilate; N-(5'-phosphoribosyl)-anthranilate; N-(5-Phospho-D-ribosyl)anthranilate; N-(5-Phospho-beta-D-ribosyl)anthranilate; N-(5-Phosphoribosyl)anthranilic acid; N-(5-phospho-D-ribosyl)-anthranilate; N-(5-phospho-beta-D-ribosyl)-anthranilate; N-(5-phosphoribosyl)-anthranilate; N--5-Phospho-D-ribosylanthranilate; N-5-phosphoribosyl-anthranilate|BiGG: pran|KEGG: C04302
cpd02654	4mpetz	4-Methyl-5--2-phosphoethyl-thiazole	C6H8NO4PS	-2	Name: 4-4-methyl-5-(2-phosphonooxyethyl)-thiazole; 4-Methyl-5-(2-phosphoethyl)-thiazole; 4-Methyl-5-(2-phosphoethyl)thiazole; 4-Methyl-5-(2-phosphono-oxyethyl)-thiazole; 4-Methyl-5-(2-phosphono-oxyethyl)thiazole; 4-Methyl-5--2-phosphoethyl-thiazole; 4-methyl-5-(2- phosphoethyl)-thiazole; 4-methyl-5-(2-phosphoethyl)-thiazole; 4-methyl-5-(2-phosphonooxyethyl)thiazole; 4-methyl-5-(2-phosphooxyethyl)thiazole; 4-methyl-5-(beta-hydroxyethyl)thiazole phosphate; HET-P; THZ-P|BiGG: 4mpetz|KEGG: C04327
cpd02656	dmlz	6-7-Dimethyl-8--1-D-ribityllumazine	C13H17N4O6	-1	Name: 6,7-Dimethyl-8-(1-D-ribityl)lumazine; 6,7-Dimethyl-8-(D-ribityl)lumazine; 6,7-dimethyl-8-(1-D-ribityl)lumazine; 6-7-Dimethyl-8--1-D-ribityllumazine|BiGG: dmlz|KEGG: C04332
cpd02662	malylcoa	Malyl-CoA	C25H35N7O20P3S	-5	Name: (2S)-4-malyl-CoA; (2S)-malyl-CoA; (3S)-3-Carboxy-3-hydroxypropanoyl-CoA; (3S)-3-Carboxy-3-hydroxypropionyl-CoA; (3S)-3-carboxy-3-hydroxypropanoyl-CoA; (3S)-3-carboxy-3-hydroxypropionyl-CoA; (S)-Malyl-CoA; (S)-malyl-CoA; L-Malyl-CoA; L-malyl-CoA; Malyl-CoA; malyl-CoA|KEGG: C04348
cpd02666	4ppcys	(R)-4'-Phosphopantothenoyl-L-cysteine	C12H20N2O9PS	-3	Name: (R)-4'-Phosphopantothenoyl-L-cysteine; (R)-4'-phospho-N-pantothenoyl-L-cysteine; (R)-4'-phosphopantothenoyl-L-cysteine; 4'-P-N-pantothenoylcysteine; 4'-phospho-N-pantothenoylcysteine; 4'-phosphopantothenoylcysteine; 4-P-N-pantothenoylcysteine; N-((R)-4-Phosphopantothenoyl)-L-cysteine; N-((R)-4-phosphopantothenoyl)-L-cysteine; N-(-R-4-Phosphopantothenoyl)-L-cysteine; N-[(R)-4'-Phosphopantothenoyl]-L-cysteine; N-[(R)-4'-phosphopantothenoyl]-L-cysteine; PPC; R-4'-phosphopantothenoyl-L-cysteine|BiGG: 4ppcys|KEGG: C04352
cpd02678	fgam	N-Formyl-GAR	C8H13N2O9P	-2	Name: 5'-P-ribosyl-N-formylglycineamide; 5'-Phosphoribosyl-N-formylglycinamide; 5'-phosphoribosyl-N-formylglycinamide; 5'-phosphoribosyl-N-formylglycineamide; 5'-phosphoribosyl-formylglycinamide; 5'-phosphoribosylformylglycinamide; 5-phosphoribosyl-N-formalglycineamide; FGAR; N-Formyl-GAR; N-Formylglycinamide ribonucleotide; N2-Formyl-N1-(5-phospho-D-ribosyl)glycinamide; N2-Formyl-N1--5-phospho-D-ribosylglycinamide; N2-formyl-N1-(5-phospho-D-ribosyl)glycinamide; N2-formyl-N1-(5-phospho-beta-D-ribosyl)glycinamide|BiGG: fgam|KEGG: C04376
cpd02685	26dapime	N-acetyl-LL-2,6-diaminopimelate	C9H15N2O5	-1	Name: N-Acetyl-LL-2,6-diaminoheptanedioate; N-acetyl-L,L-2,6-diaminoheptanedioate; N-acetyl-L,L-2,6-diaminopimelate; N-acetyl-L,L-DAP; N-acetyl-LL-2,6-diaminopimelate; N2-Acetyl-LL-2,6-diaminoheptanedioate; N2-Acetyl-LL-2,6-diaminopimelate; N2-acetyl-L,L-2,6-diaminoheptanedioate; N6-Acetyl-L-2,6-diaminoheptanedioate; N6-Acetyl-L-2,6-diaminopimelate; N6-Acetyl-LL-2,6-diaminoheptanedioate; N6-Acetyl-LL-2,6-diaminopimelate; N6-acetyl-L,L-2,6-diaminoheptanedioate; N6-acetyl-L,L-2,6-diaminopimelate; N6-acetyl-L-2,6-diaminoheptanedioate|BiGG: n6all26d|KEGG: C04390
cpd02691	3hmbcoa	2-methyl-3-hydroxy-butyryl-CoA	C26H40N7O18P3S	-4	Name: (2S,3S)-3-Hydroxy-2-methylbutanoyl-CoA; (2S,3S)-3-hydroxy-2-methylbutanoyl-CoA; (2S,3S)-3-hydroxy-2-methylbutyryl-CoA; (S)-3-Hydroxy-2-methylbutyryl-CoA; (S)-3-hydroxy-2-methylbutyryl-CoA; 2-methyl-3-hydroxy-butyryl-CoA; 2-methyl-3-hydroxybutyryl-CoA; 3-Hydroxy-2-methyl-butyryl-CoA; 3-hydroxy-2-methylbutyryl-CoA; M_3_Hydroxy_2_methyl_butyryl_CoA|BiGG: 3hmbcoa|KEGG: C04405
cpd02693	3c2hmp	3-Isopropylmalate	C7H10O5	-2	Name: (2R,3S)-3-Isopropylmalate; (2R,3S)-3-isopropylmalate; 2-D-threo-Hydroxy-3-carboxy-isocaproate; 2-D-threo-hydroxy-3-carboxy-isocaproate; 3-Carboxy-2-hydroxy-4-methylpentanoate; 3-Isopropylmalate; 3-carboxy-2-hydroxy-4-methylpentanoate; 3-isopropylmalate; beta-isopropylmalate|BiGG: 3c2hmp|KEGG: C04411
cpd02698	sl26da	N-Succinyl-L-2,6-diaminopimelate	C11H16N2O7	-2	Name: L,L-SDAP; N-Succinyl-L-2,6-diaminoheptanedioate; N-Succinyl-L-2,6-diaminopimelate; N-Succinyl-LL-2,6-diaminoheptanedioate; N-Succinyl-LL-2,6-diaminopimelate; N-Succinyl-LL-2-6-diaminoheptanedioate; N-succinyl-L,L-2,6-diaminopimelate; N-succinyl-L-2,6-diaminoheptanedioate; N-succinyl-LL-2,6-diaminoheptanedioate|BiGG: sl26da|KEGG: C04421
cpd02700	2mpdhl	S-(2-Methylpropionyl)-dihydrolipoamide	C12H23NO2S2	0	Name: S-(2-Methylpropanoyl)-dihydrolipoamide; S-(2-Methylpropionyl)-dihydrolipoamide; S-(2-methylpropanoyl)-dihydrolipoamide; S-(2-methylpropionyl)-dihydrolipoamide|BiGG: 2mpdhl|KEGG: C04424
cpd02701	amob	S-Adenosyl-4-methylthio-2-oxobutanoate	C15H19N5O6S	0	Name: S-Adenosyl-4-methylthio-2-oxobutanoate; S-adenosyl-4-methylsulfanyl-2-oxobutanoate; S-adenosyl-4-methylthio-2-oxobutanoate|BiGG: amob|KEGG: C04425
cpd02711	2ddg6p	2-Keto-3-deoxy-6-phosphogluconate	C6H8O9P	-3	Name: 2-Dehydro-3-deoxy-6-phospho-D-gluconate; 2-Dehydro-3-deoxy-D-gluconate 6-phosphate; 2-Dehydro-3-deoxy-D-gluconate6-phosphate; 2-Keto-3-deoxy-6-phosphogluconate; 2-dehydro-3-deoxy-6-phospho-D-gluconate; 2-dehydro-3-deoxy-D-gluconate 6-phosphate; 2-dehydro-3-deoxy-D-gluconate-6-phosphate; 2-keto-3-deoxy-6-P-gluconate; 2-keto-3-deoxy-6-phospho-D-gluconate; 2-keto-3-deoxy-6-phospho-gluconate; 2-keto-3-deoxy-6-phosphogluconate; 2-keto-3-deoxygluconate-6-P; 3-deoxy-D-erythro-hex-2-ulosonate-6-phosphate; 3-deoxy-D-erythro-hex-2-ulosonic acid 6-phosphate; 6-Phospho-2-dehydro-3-deoxy-D-gluconate; 6-p-2-k-3-deo-gluconate; 6-phospho-2-dehydro-3-deoxy-D-gluconate; 6-phospho-2-dehydro-3-deoxygluconate; 6-phospho-2-keto-3-deoxygluconate; KDGP; KDPG|BiGG: 2ddg6p|KEGG: C04442
cpd02720	5aprbu	5-Amino-6--5-phosphoribitylaminouracil	C9H15N4O9P	-2	Name: 5-Amino-2,6-dioxy-4-(5'-phospho-D-ribitylamino)pyrimidine; 5-Amino-2,6-dioxy-4-(5'-phosphoribitylamino)pyrimidine; 5-Amino-6-(5'-phospho-D-ribitylamino)uracil; 5-Amino-6-(5'-phosphoribitylamino)uracil; 5-Amino-6-(5-phospho-D-ribitylamino)uracil; 5-Amino-6-(5-phosphoribitylamino)uracil; 5-Amino-6--5-phosphoribitylaminouracil; 5-amino-6-(5'-phosphoribitylamino)uracil; 5-amino-6-(5-phospho-D-ribitylamino)uracil; 5-amino-6-(5-phosphoribitylamino)uracil; 5-amino-6-ribitylamino-2,4(1H,3H)-pyrimidinedione 5'-phosphate|BiGG: 5aprbu|KEGG: C04454
cpd02721	cbs_72	DKHP	C6H8O9P	-3	Name: 2-Deoxy-5-keto-D-gluconic acid 6-phosphate; 2-deoxy-5-keto-D-gluconate 6-phosphate; 2-deoxy-5-keto-D-gluconic acid 6-phosphate; 2-deoxy-5-keto-D-gluconic-acid-6-phosphate; 5-Dehydro-2-deoxy-D-gluconate 6-phosphate; 5-dehydro-2-deoxy-D-gluconate 6-phosphate; 6-Phospho-5-dehydro-2-deoxy-D-gluconate; 6-phospho-5-dehydro-2-deoxy-D-gluconate; DKHP|BiGG: d5kgp|KEGG: C04456; C06893
cpd02724	sl2a6o	N-Succinyl-L-2-amino-6-oxopimelate	C11H12NO8	-3	Name: (S)-2-(Succinylamino)-6-oxoheptanedioate; N-Succinyl-2-L-amino-6-oxoheptanedioate; N-Succinyl-2-amino-6-oxo-L-pimelic acid; N-Succinyl-L-2-amino-6-oxoheptanedioate; N-Succinyl-L-2-amino-6-oxopimelate; N-Succinyl-epsilon-keto-L-aminopimelic acid; N-succinyl-2-amino-6-ketopimelate; N-succinyl-L-2-amino-6-oxoheptanedioate; succinyl-epsilon-keto-alpha-aminopimelate|BiGG: sl2a6o|KEGG: C04462
cpd02730	kdo8p	3-Deoxy-D-manno-octulosonate8-phosphate	C8H12O11P	-3	Name: 2-Dehydro-3-deoxy-D-octonate 8-phosphate; 2-dehydro-3-deoxy-D-octonate 8-P; 2-dehydro-3-deoxy-D-octonate 8-phosphate; 3-Deoxy-D-manno-octulosonate 8-phosphate; 3-Deoxy-D-manno-octulosonate8-phosphate; 3-deoxy-D-manno-octulosonate 8-P; 3-deoxy-D-manno-octulosonate 8-phosphate; KDO-8P; Kdo-8P|BiGG: kdo8p|KEGG: C04478
cpd02740	gdptp	Guanosine 5'-triphosphate,3'-diphosphate	C10H12N5O20P5	-6	Name: Guanosine 3'-diphosphate 5'-triphosphate; Guanosine 5'-triphosphate,3'-diphosphate; guanosine 3'-diphosphate 5'-triphosphate; guanosine 5'-triphosphate,3'-diphosphate; guanosine pentaphosphate; pppGpp|BiGG: gdptp|KEGG: C04494
cpd02775	4ampm	4-Amino-5-phosphomethyl-2-methylpyrimidine	C6H9N3O4P	-1	Name: (4-amino-2-methylpyrimidin-5-yl)methyl phosphate; 4-Amino-2-methyl-5-phosphomethylpyrimidine; 4-Amino-5-phosphomethyl-2-methylpyrimidine; 4-amino-2-methyl-5-(phosphooxymethyl)pyrimidine; 4-amino-2-methyl-5-phosphomethylpyrimidine; 4-amino-5-hydroxymethyl-2-methylpyrimidine-P; 4-amino-5-hydroxymethyl-2-methylpyrimidine-phosphate; 4-amino-5-phosphomethyl-2-methylpyrimidine; HMP-P|BiGG: 4ampm|KEGG: C04556
cpd02791	5mdru1p	methylthioribulose-1-phosphate	C6H11O7PS	-2	Name: 1-phospho-5-S-methylthioribulose; 1-phosphomethylthioribulose; 1PMT-ribulose; 5-(methylsulfanyl)-ribulose 1-phosphate; 5-(methylthio)ribulose 1-phosphate; 5-Methylthio-5-deoxy-D-ribulose 1-phosphate; 5-Methylthio-5-deoxy-D-ribulose1-phosphate; 5-methylthio-5-deoxy-D-ribulose 1-phosphate; 5-methylthio-5-deoxy-D-ribulose-1-phosphate; 5-methylthioribulose-1-phosphate; MTRu-1-P; S-Methyl-5-thio-D-ribulose 1-phosphate; methylthioribulose 1-phosphate; methylthioribulose-1-phosphate|BiGG: 5mdru1p|KEGG: C04582
cpd02799	micit	Methylisocitrate	C7H7O7	-3	Name: (2R,3S)-2-methylisocitrate; (2S,3R)-3-Hydroxybutane-1,2,3-tricarboxylate; (2S,3R)-3-hydroxybutane-1,2,3-tricarboxylate; Methylisocitrate; Methylisocitric acid; methylisocitrate; methylisocitric acid; threo-Ds-2-methylisocitrate|BiGG: micit|KEGG: C04593
cpd02820	uaccg	UDP-N-acetylglucosamine enolpyruvate	C20H26N3O19P2	-3	Name: UDP-GlcNAc-enolpyruvate; UDP-GlcNAc-pyruvate enol ether; UDP-N-acetyl-3-(1-carboxyvinyl)-D-glucosamine; UDP-N-acetyl-3-(1-carboxyvinyl)-alpha-D-glucosamine; UDP-N-acetyl-3-O-(1-carboxyvinyl)-D-glucosamine; UDP-N-acetyl-3-O-(1-carboxyvinyl)-alpha-D-glucosamine; UDP-N-acetyl-3-O--1-carboxyvinyl-D-glucosamine; UDP-N-acetyl-alpha-D-glucosamine-3-O-pyruvate ether; UDP-N-acetyl-alpha-D-glucosamine-enolpyruvate; UDP-N-acetylglucosamine enolpyruvate; UDP-N-acetylglucosamine-3-O-pyruvate ether; UDP-N-acetylglucosamine-3-O-pyruvateether; UDP-N-acetylglucosamine-enolpyruvate|BiGG: uaccg|KEGG: C04631
cpd02826	fpram	5'-Phosphoribosylformylglycinamidine	C8H15N3O8P	-1	Name: 1-(5'-Phosphoribosyl)-N-formylglycinamidine; 2-(Formamido)-N1-(5'-phosphoribosyl)acetamidine; 2-(Formamido)-N1-(5-phospho-D-ribosyl)acetamidine; 2-(formamido)-N1-(5-phospho-beta-D-ribosyl)acetamidine; 2--Formamido-N1-(5-phospho-D-ribosyl)acetamidine; 5'-Phosphoribosyl-N-formylglycinamidine; 5'-Phosphoribosylformylglycinamidine; 5'-phosphoribosyl-N-formyl glycineamidine; 5'-phosphoribosylformylglycinamidine; 5-phosphoribosyl-N-formylglycineamidine; FGAM|BiGG: fpram|KEGG: C04640
cpd02835	u23ga	UDP-2,3-bis(3-hydroxytetradecanoyl)glucosamine	C43H75N3O20P2	-2	Name: UDP-2,3-bis(3-hydroxymyristoyl)glucosamine; UDP-2,3-bis(3-hydroxytetradecanoyl)-D-glucosamine; UDP-2,3-bis(3-hydroxytetradecanoyl)glucosamine; UDP-2,3-bis(beta-hydroxymyristoyl)-D-glucosamine; UDP-2,3-bis[(3R)-3-hydroxymyristoyl]-alpha-D-glucosamine; UDP-2,3-bis[O-(3R)-3-hydroxymyristoyl]-alpha-D-glucosamine; UDP-2,3-diacyl-glucosamine; UDP-2-N,3-O-bis[(3R)-3-hydroxytetradecanoyl]-alpha-D-glucosamine|BiGG: u23ga|KEGG: C04652
cpd02843	eig3p	D-erythro-imidazol-glycerol-phosphate	C6H9N2O6P	-2	Name: D-erythro-1-(Imidazol-4-yl)glycerol 3-phosphate; D-erythro-1-(imidazol-4-yl)-glycerol 3-phosphate; D-erythro-1-(imidazol-4-yl)-glycerol-3-phosphate; D-erythro-Imidazole-glycerol 3-phosphate; D-erythro-Imidazole-glycerol phosphate; D-erythro-imidazol-glycerol-phosphate; D-erythro-imidazole-glycerol-P; D-erythro-imidazole-glycerol-phosphate; IGP; d-erythro-imidazole-glycerol-phosphate; erythro-imidazole-glycerol-P; erythro-imidazole-glycerol-phosphate; imidazole glycerol phosphate|BiGG: eig3p|KEGG: C04666
cpd02851	aicar	AICAR	C9H13N4O8P	-2	Name: 1-(5'-Phosphoribosyl)-5-amino-4-imidazolecarboxamide; 5'-P-ribosyl-5-amino-4-imidazole carboxamide; 5'-Phospho-ribosyl-5-amino-4-imidazole carboxamide; 5'-Phosphoribosyl-5-amino-4-imidazolecarboxamide; 5'-phosphoribosyl-5-amino-4-imidazole carboxamide; 5-Amino-1-(5-Phospho-D-ribosyl)imidazole-4-carboxamide; 5-Amino-1-(5-phospho-D-ribosyl)imidazole-4-carboxamide; 5-Amino-1--5-Phospho-D-ribosylimidazole-4-carboxamide; 5-Aminoimidazole-4-carboxamide ribotide; 5-Phosphoribosyl-4-carbamoyl-5-aminoimidazole; 5-amino-1-(5-phospho-D-ribosyl)imidazole-4-carboxamide; 5-amino-4-imidazolecarboxamide ribotide; AICA ribonucleotide; AICAR; Imidazole-4-carboxamide, 5-amino-1-beta-D-ribofuranosyl-, 5-(dihydrogen phosphate); Z-nucleotide; aminoimidazole carboxamide ribonucleotide|BiGG: aicar|KEGG: C04677
cpd02857	2dda7p	DAHP	C7H10O10P	-3	Name: 2-Dahp; 2-Dehydro-3-deoxy-D-arabino-heptonate 7-phosphate; 2-Dehydro-3-deoxy-D-arabino-heptonate7-phosphate; 2-dehydro-3-deoxy-D-arabino-heptonate 7-phosphate; 3-Deoxy-D-arabino-hept-2-ulosonate 7-phosphate; 3-Deoxy-D-arabino-heptulosonic acid 7-phosphate; 3-Deoxy-arabino-heptulonate 7-phosphate; 3-deoxy-D-arabino-hept-2-ulosonate 7-phosphate; 3-deoxy-D-arabino-hept-2-ulosonate-7-phosphate; 3-deoxy-D-arabino-heptulosonate 7-phosphate; 3-deoxy-D-arabino-heptulosonate-7-P; 3-deoxy-D-arabino-heptulosonate-7-phosphate; 3-deoxy-arabino-heptulonate 7-phosphate; 3-deoxy-arabino-heptulosonate 7-phosphate; 3-deoxy-arabino-heptulosonate-7-P; 3-deoxy-d-arabino-heptulosonate-7-phosphate; DAHP|BiGG: 2dda7p|KEGG: C04691
cpd02882	4r5au	4--1-D-Ribitylamino-5-aminouracil	C9H16N4O6	0	Name: 4-(1-D-Ribitylamino)-5-amino-2,6-dihydroxypyrimidine; 4--1-D-Ribitylamino-5-aminouracil; 5-Amino-6-(1-D-ribitylamino)uracil; 5-Amino-6-(D-ribitylamino)uracil; 5-amino-6-(1-D-ribitylamino)pyrimidine-2,4(1H,3H)-dione; 5-amino-6-(D-ribitylamino)uracil; 5-amino-6-ribitylamino-2,4(1H,3H)-pyrimidinedione; 6-(1-D-Ribitylamino)-5-amino-2,4-dihydroxypyrimidine; 6-(1-D-Ribitylamino)-5-aminouracil; 6-(1-D-ribitylamino)-5-amino-2,4-dihydroxypyrimidine; 6-(1-D-ribitylamino)-5-aminouracil; ARP|BiGG: 4r5au|KEGG: C04732
cpd02884	fprica	FAICAR	C10H13N4O9P	-2	Name: 1-(5'-Phosphoribosyl)-5-formamido-4-imidazolecarboxamide; 5'-Phosphoribosyl-5-formamido-4-imidazolecarboxamide; 5'-p-ribosyl-5-formamido-4-imidazole carboxamide; 5'-p-ribosyl-5-formamido-4-imidazolecarboxamide; 5'-phosphoribosyl-5-formamido-4-imidazole carboxamide; 5'-phosphoribosyl-formamido-carboxamide; 5-Formamido-1-(5-phospho-D-ribosyl)imidazole-4-carboxamide; 5-Formamido-1-(5-phosphoribosyl)imidazole-4-carboxamide; 5-Formamido-1--5-phospho-D-ribosylimidazole-4-carboxamide; 5-formamido-1-(5-phospho-D-ribosyl)-imidazole-4-carboxamide; 5-formamido-1-(5-phospho-D-ribosyl)imidazole-4-carboxamide; 5-formamido-1-(5-phosphoribosyl)-imidazole-4-carboxamide; 5-formylamidoimidazole-4-carboxamide ribonucleotide; 5-phosphoribosyl-5-formamido-4-imid-carboxamide; FAICAR; phosphoribosyl-formamido-carboxamide|BiGG: fprica|KEGG: C04734
cpd02886	u3aga	UDP-3-O-(beta-hydroxymyristoyl)-N-acetylglucosamine	C31H51N3O19P2	-2	Name: UDP-3-O-(3-hydroxymyristoyl)-N-acetylglucosamine; UDP-3-O-(3-hydroxytetradecanoyl)-N-acetylglucosamine; UDP-3-O-(beta-hydroxymyristoyl)-N-acetylglucosamine; UDP-3-O-[(3R)-3-hydroxymyristoyl]-N-acetyl-alpha-D-glucosamine; UDP-3-O-[(3R)-3-hydroxymyristoyl]-N-acetylglucosamine; UDP-3-O-[(3R)-3-hydroxymyristoyl]-N-alpha-acetylglucosamine|BiGG: u3aga|KEGG: C04738
cpd02893	5aizc	5'-Phosphoribosyl-4-carboxy-5-aminoimidazole	C9H12N3O9P	-2	Name: 1-(5'-Phosphoribosyl)-4-carboxy-5-aminoimidazole; 1-(5'-Phosphoribosyl)-5-amino-4-carboxyimidazole; 1-(5'-Phosphoribosyl)-5-amino-4-imidazolecarboxylate; 1-(5'-phosphoribosyl)-4-carboxy-5-aminoimidazole; 1-(5'-phosphoribosyl)-5-amino-4-imidazole carboxylate; 1-(5-Phospho-D-ribosyl)-5-amino-4-imidazolecarboxylate; 1-(5-phosphoribosyl)-4-carboxy-5-aminoimidazole; 1-(5-phosphoribosyl)-5-amino-4-imidazolecarboxylate; 4-carboxyaminoimidazole ribonucleotide; 5'-P-ribosyl-4-carboxy-5-aminoimidazole; 5'-Phosphoribosyl-4-carboxy-5-aminoimidazole; 5'-Phosphoribosyl-5-amino-4-imidazolecarboxylate; 5'-phosphoribosyl-4-carboxy-5-aminoimidazole; 5-Amino-1-(5-phospho-D-ribosyl)imidazole-4-carboxylate; 5-amino-1-(5-phospho-D-ribosyl)imidazole-4-carboxylate; 5-amino-1--5-phospho-D-ribosylimidazole-4-carboxylate; 5-phosphoribosyl-4-carboxy-5-aminoimidazole; CAIR; phosphoribosyl-carboxy-aminoimidazole|BiGG: 5aizc|KEGG: C04751
cpd02894	2mahmp	4-Amino-2-methyl-5-diphosphomethylpyrimidine	C6H9N3O7P2	-2	Name: (4-amino-2-methylpyrimidin-5-yl)methyl diphosphate; 2-Methyl-4-amino-5-hydroxymethylpyrimidine diphosphate; 2-Methyl-4-amino-5-hydroxymethylpyrimidinediphosphate; 2-methyl-4-amino-5-hydroxymethylpyrimidine diphosphate; 4-Amino-2-methyl-5-diphosphomethylpyrimidine; 4-amino-2-methyl-5-(diphosphooxymethyl)pyrimidine; 4-amino-2-methyl-5-diphosphomethylpyrimidine; 4-amino-5-hydroxymethyl-2-methylpyrimidine-PP; HMP-PP|BiGG: 2mahmp|KEGG: C04752
cpd02904	5prdmbz	alpha-Ribazole 5'-phosphate	C14H17N2O7P	-2	Name: DMB-ribose-5'-P; N1-(5'-phospho-alpha-D-ribosyl)-5,6-dimethylbenzimidazole; N1-(5-Phospho-alpha-D-ribosyl)-5,6-dimethylbenzimidazole; alpha-Ribazole 5'-phosphate; alpha-ribazole 5'-phosphate; alpha-ribazole-5'-P; alpha-ribazole-5'-phosphate|BiGG: 5prdmbz|KEGG: C04778
cpd02920	2ahhmd	2-Amino-4-hydroxy-6-hydroxymethyl-7-8-dihydropteridinediphosphate	C7H8N5O8P2	-3	Name: (2-amino-4-hydroxy-7,8-dihydropteridin-6-yl)methyl diphosphate; (7,8-dihydropterin-6-yl)methyl diphosphate; 2-Amino-4-hydroxy-6-hydroxymethyl-7,8-dihydropteridine diphosphate; 2-Amino-4-hydroxy-6-hydroxymethyl-7-8-dihydropteridinediphosphate; 2-Amino-7,8-dihydro-4-hydroxy-6-(diphosphooxymethyl)pteridine; 2-amino-7,8-dihydro-4-hydroxy-6-(diphosphooxymethyl)-pteridine; 6-hydroxymethyl-7,8-dihydropterin diphosphate; 6-hydroxymethyl-dihydropterin diphosphate; 6-hydroxymethyl-dihydropterin pyrophosphate; 7,8-Dihydropterin pyrophosphate; dihydropterin-CH2OH-diphosphate; dihydropterin-CH2OH-pp|BiGG: 2ahhmd; 6hmhptpp|KEGG: C04807
cpd02921	25aics	SAICAR	C13H15N4O12P	-4	Name: (S)-2-[5-Amino-1-(5-phospho-D-ribosyl)imidazole-4- carboxamido]succinate; (S)-2-[5-Amino-1-(5-phospho-D-ribosyl)imidazole-4-carboxamido]succinate; (S)-2-[5-amino-1-(5-phospho-D-ribosyl)imidazole-4-carboxamido]succinate; 1-(5'-Phosphoribosyl)-4-(N-succinocarboxamide)-5-aminoimidazole; 1-(5'-Phosphoribosyl)-5-amino-4-(N-succinocarboxamide)-imidazole; 1-(5'-phosphoribosyl)-4-(N-succino-carboxamide)-5-aminoimidazole; 1-(5-Phosphoribosyl)-4-(N-succinocarboxamide)-5-aminoimidazole; 1-(5-phosphoribosyl)-4-(N-succino-carboxamide)- 5-aminoimidazole; 1-(5-phosphoribosyl)-4-(N-succino-carboxamide)-5-aminoimidazole; 5'-P-ribosyl-4-(N-succinocarboxamide)-5-aminoimidazole; 5'-Phosphoribosyl-4-(N-succinocarboxamide)-5-aminoimidazole; 5'-p-Ribosyl-4-(N-succinocarboxamide)-5-amino imidazole; 5'-phosphoribosyl-4-(N-succinocarboxamide)-5-aminoimidazole; 5-phosphoribosyl-4-(N-succino-carboxamide)- 5-aminoimidazole; S-2-5-Amino-1-(5-phospho-D-ribosyl)imidazole-4-carboxamido-succinate; SAICAR|BiGG: 25aics|KEGG: C04823
cpd02930	lipidX	Lipid X	C34H64NO12P	-2	Name: 2,3-Bis(3-hydroxytetradecanoyl)-alpha-D-glucosaminyl 1-phosphate; 2,3-Bis(beta-hydoroxymyristoyl)-beta-D-glucosaminyl 1-phosphate; 2,3-Bis[(3R)-3-hydroxymyristoyl]-alpha-D-glucosaminyl 1-phosphate; 2,3-Diacylglucosamine 1-phosphate; 2,3-bis(3-hydroxymyristoyl)-alpha-D-glucosaminyl 1-phosphate; 2,3-bis(3-hydroxytetradecanoyl)-alpha-D-glucosaminyl 1-phosphate; 2,3-bis(beta-hydroxymyristoyl)-alpha-D-glucosaminyl 1-phosphate; 2,3-bis[(3R)-3-hydroxymyristoyl]-alpha-D-glucosaminyl 1-phosphate; Lipid X; lipid X|BiGG: lipidX; lipidX_HP|KEGG: C04824
cpd02932	UDP-N-acetylmuramoyl-L-Ala-D-gamma-Glu-6-carboxy-L-Lys-(D-Ala)2	UDP-N-acetylmuramoyl-L-Ala-D-gamma-Glu-6-carboxy-L-Lys-(D-Ala)2	C41H61N9O28P2	-4	Name: UDP-N-acetyl-alpha-D-muramoyl-L-alanyl-gamma-D-glutamyl-meso-2,6-diaminopimeloyl-D-alanyl-D-alanine; UDP-N-acetylmuramoyl-L-Ala-D-gamma-Glu-6-carboxy-L-Lys-(D-Ala)2; UDP-N-acetylmuramoyl-L-alanyl-D-gamma-glutamyl-6-carboxy-L-lysyl-D- alanyl-D-alanine; UDP-N-acetylmuramoyl-L-alanyl-D-gamma-glutamyl-6-carboxy-L-lysyl-D-alanyl-D-alanine; UDP-N-acetylmuramoyl-L-alanyl-D-glutamyl-6-carboxy-L-lysyl-D-alanyl-D-alanine; UDP-N-acetylmuramoyl-L-alanyl-D-glutamyl-meso-2,6-diaminoheptanedioate- D-alanyl-D-alanine; UDP-N-acetylmuramoyl-L-alanyl-D-glutamyl-meso-2,6-diaminopimeloyl-D-alanyl-D-alanine; UDP-N-acetylmuramoyl-L-alanyl-D-glutamyl-meso-2,6-diaminopimelyl-D-alanyl-D-alanine; UDP-N-acetylmuramoyl-L-alanyl-gamma-D-glutamyl-meso-2,6-diaminoheptanedioate- D-alanyl-D-alanine; UDP-N-acetylmuramoyl-L-alanyl-gamma-D-glutamyl-meso-2,6-diaminopimeloyl-D-alanyl-D-alanine|BiGG: uggmda; ugmda|KEGG: C04882
cpd02948	uaGgla	MurAc(oyl-L-Ala-D-gamma-Glu-L-Lys-D-Ala-D-Ala)-diphospho- undecaprenol	C86H140N7O21P2	-3	Name: MurAc(oyl-L-Ala-D-gamma-Glu-L-Lys-D-Ala-D-Ala)-diphospho- undecaprenol; MurAc(oyl-L-Ala-D-gamma-Glu-L-Lys-D-Ala-D-Ala)-diphospho-undecaprenol; Undecaprenyl-diphospho-N-acetylmuramoyl-L-alanyl-gamma-D-glutamyl-L- lysyl-D-alanyl-D-alanine; Undecaprenyl-diphospho-N-acetylmuramoyl-L-alanyl-gamma-D-glutamyl-L-lysyl-D-alanyl-D-alanine|BiGG: uaGgla|KEGG: C04851
cpd02961	dhnpt	Dihydroneopterin	C9H13N5O4	0	Name: 2-Amino-4-hydroxy-6-(D-erythro-1,2,3-trihydroxypropyl)-7,8- dihydropteridine; 2-Amino-4-hydroxy-6-(D-erythro-1,2,3-trihydroxypropyl)-7,8-dihydropteridine; 2-amino-4-hydroxy-6-(D-erythro)-trihydroxypropyldihydropteridin; 2-amino-4-hydroxy-6-(D-erythro-1,2,3-trihydroxypropyl)-7,8-dihydropteridine; 2-amino-4-hydroxy-6-(erythro-1,2,3-trihydroxypropyl)dihydropteridine; 7,8-Dihydroneopterin; 7,8-dihydro-D-neopterin; 7,8-dihydroneopterin; DHN; Dihydroneopterin; dihydro-neo-pterin; dihydroneopterin|BiGG: dhnpt|KEGG: C04874
cpd02964	ugmd	UDP-N-acetylmuramoyl-L-alanyl-D-gamma-glutamyl-meso-2-6-diaminopimelate	C35H51N7O26P2	-4	Name: UDP-MurNAc-L-Ala-D-Glu-meso-A2pm; UDP-MurNAc-L-Ala-gamma-D-Glu-meso-A2pm; UDP-N-acetyl-alpha-D-muramoyl-L-alanyl-gamma-D-glutamyl-meso-2,6-diaminoheptanedioate; UDP-N-acetyl-alpha-D-muramoyl-L-alanyl-gamma-D-glutamyl-meso-2,6-diaminopimelate; UDP-N-acetyl-alpha-D-muramoyl-L-alanyl-gamma-D-glutamyl-meso-diaminopimelate; UDP-N-acetylmuramoyl-L-alanyl-D-gamma-glutamyl-meso-2,6- diaminopimelate; UDP-N-acetylmuramoyl-L-alanyl-D-gamma-glutamyl-meso-2,6-diamino- heptanedioate; UDP-N-acetylmuramoyl-L-alanyl-D-gamma-glutamyl-meso-2,6-diamino-heptanedioate; UDP-N-acetylmuramoyl-L-alanyl-D-gamma-glutamyl-meso-2,6-diaminopimelate; UDP-N-acetylmuramoyl-L-alanyl-D-gamma-glutamyl-meso-2-6-diaminopimelate; UDP-N-acetylmuramoyl-L-alanyl-D-glutamyl-meso-2,6-diaminoheptanedioate; UDP-N-acetylmuramoyl-L-alanyl-D-glutamyl-meso-2,6-diaminopimelate; UDP-N-acetylmuramoyl-L-alanyl-gamma-D-glutamyl-meso-diaminopimelate|BiGG: uggmd; ugmd|KEGG: C04877
cpd02968	ugmda	UDP-N-acetylmuramoyl-L-alanyl-D-glutamyl-6-carboxy-L-lysyl-D-alanyl- D-alanine	C41H61N9O28P2	-4	Name: UDP-N-acetylmuramoyl-L-alanyl-D-glutamyl-6-carboxy-L-lysyl-D-alanyl- D-alanine; UDP-N-acetylmuramoyl-L-alanyl-D-glutamyl-meso-2,6-diaminopimeloyl-D- alanyl-D-alanine; UDP-N-acetylmuramoyl-L-alanyl-D-glutamyl-meso-2-6-diaminopimeloyl-D-alanyl-D-alanine|BiGG: uggmda; ugmda
cpd02978	ahdt	7,8-Dihydroneopterin 3'-triphosphate	C9H12N5O13P3	-4	Name: 2-Amino-4-hydroxy-6-(erythro-1,2,3-trihydroxypropyl)dihydropteridine triphosphate; 2-Amino-4-hydroxy-6--erythro-1-2-3-trihydroxypropyldihydropteridinetriphosphate; 2-amino-4-hydroxy-6-(erythro-1,2,3-trihydroxypropyl)dihydropteridine triphosphate; 6-(D-erythro-1',2',3'-trihydroxypropyl)-7,8-dihydropterin-3'-triphosphate; 6-(L-erythro-1,2-Dihydroxypropyl 3-triphosphate)-7,8-dihydropterin; 6-[(1S,2R)-1,2-Dihydroxy-3-triphosphooxypropyl]-7,8-dihydropterin; 7,8-Dihydroneopterin 3'-triphosphate; 7,8-dihydroneopterin 3'-triphosphate; 7,8-dihydroneopterin triphosphate; H2NTP; dihydroneopterin triphosphate|BiGG: ahdt|KEGG: C04895
cpd02979	prfp	phosphoribosylformiminoaicar-phosphate	C15H21N5O15P2	-4	Name: 1-(5-Phospho-beta-D-ribosyl)-5-[(5-phospho-beta-D-ribosylamino)methylideneamino]imidazole-4-carboxamide; 1-(5-Phosphoribosyl)-5-[(5- phosphoribosylamino)methylideneamino]imidazole-4-carboxamide; 1-(5-Phosphoribosyl)-5-[(5-phosphoribosylamino)methylideneamino]imidazole-4-carboxamide; 1-(5-phospho-beta-D-ribosyl)-5-[(5-phosphoribosylamino)methylideneamino]imidazole-4-carboxamide; 1-(5-phosphoribosyl)-5-[(5-phosphoribosylamino)methylideneamino]imidazole-4-carboxamide; 5-(5'-phospho-D-ribosyl-aminoformimino)-1-(5-phosphoribosyl)-imidazole-4-carboxamide; 5-(5-Phospho-D-ribosylaminoformimino)-1-(5-phosphoribosyl)- imidazole-4-carboxamide; 5-(5-Phospho-D-ribosylaminoformimino)-1-(5-phosphoribosyl)-imidazole-4-carboxamide; 5-(5-phospho-D-ribosyl-aminoformimino)-1-(5-phosphoribosyl)-imidazole4-carboxamide; N-(5'-Phospho-D-ribosylformimino)-5-amino-1-(5''-phospho-D-ribosyl)- 4-imidazolecarboxamide; N-(5'-Phospho-D-ribosylformimino)-5-amino-1-(5''-phospho-D-ribosyl)-4-imidazolecarboxamide; N-(5'-Phosphoribosylformimino)-5-amino-1-(5''-phosphoribosyl)-4- imidazolecarboxamide; N-(5'-Phosphoribosylformimino)-5-amino-1-(5''-phosphoribosyl)-4-imidazolecarboxamide; N-(5'-phospho-D-ribosylformimino)-5-amino-1-(5''-phosphoribosyl)-4-imidazolecarboxamide; N-5-phosphoribosyl-formimino-5-amino-imidazole-4-carboxamide ribonucleotide; Phosphoribosyl-formimino-AICAR-phosphate; phosphoribosyl-formimino-aicar-P; phosphoribosylformimino-AICAR-phosphate; phosphoribosylformiminoAICAR-P; phosphoribosylformiminoAICAR-phosphate; phosphoribosylformiminoaicar-phosphate|BiGG: prfp|KEGG: C04896
cpd02991	prlp	phosphoribulosylformimino-AICAR-phosphate	C15H21N5O15P2	-4	Name: 5-[(5-Phospho-1-deoxy-D-ribulos-1-ylamino)methylideneamino]-1-(5-phospho-beta-D-ribosyl)imidazole-4-carboxamide; 5-[(5-Phospho-1-deoxyribulos-1-ylamino)methylideneamino]-1-(5- phosphoribosyl)imidazole-4-carboxamide; 5-[(5-Phospho-1-deoxyribulos-1-ylamino)methylideneamino]-1-(5-phosphoribosyl)imidazole-4-carboxamide; 5-[(5-phospho-1-deoxy-beta-D-ribulos-1-ylamino)methylideneamino]-1-(5-phosphoribosyl)imidazole-4-carboxamide; 5-[(5-phospho-1-deoxyribulos-1-ylamino)methylideneamino]-1-(5-phosphoribosyl)imidazole-4-carboxamide; N-(5'-Phospho-D-1'-ribulosylformimino)-5-amino-1-(5''-phospho-D- ribosyl)-4-imidazolecarboxamide; N-(5'-Phospho-D-1'-ribulosylformimino)-5-amino-1-(5''-phospho-D-ribosyl)-4-imidazolecarboxamide; N-(5'-phospho-D-1'-ribulosylformimino)-5-amino-1-(5''-phosphoribosyl)-4-imidazolecarboxamide; N-(5'phospho-D-1'-ribulosylformimino)-5-amino-1-(5-phosphoribosyl)-4-imidazolecarboxamide; PRFAR; Phosphoribulosyl-formimino-AICAR-phosphate; phosphoribulosyl-formimino-5-aminoimidazole-4-carboxamide ribonucleotide phosphate; phosphoribulosyl-formimino-5-aminoimidazole-4-carboxamide ribotide phosphate; phosphoribulosylformimino-AICAR-P; phosphoribulosylformimino-AICAR-phosphate; phosphoribulosylformiminoAICAR-phosphate|BiGG: prlp|KEGG: C04916
cpd02993	lipidA	Lipid IV(A)	C68H126N2O23P2	-4	Name: 2,3,2'3'-Tetrakis(3-hydroxytetradecanoyl)-D-glucosaminyl-1,6-beta-D- glucosamine 1,4'-bisphosphate; 2,3,2'3'-Tetrakis(3-hydroxytetradecanoyl)-D-glucosaminyl-1,6-beta-D-glucosamine 1,4'-bisphosphate; 2,3,2'3'-Tetrakis(beta-hydroxymyristoyl)-D-glucosaminyl-1,6-beta-D- glucosamine 1,4'-bisphosphate; 2,3,2'3'-Tetrakis(beta-hydroxymyristoyl)-D-glucosaminyl-1,6-beta-D-glucosamine 1,4'-bisphosphate; 2-Deoxy-2-{[(3R)-3-hydroxytetradecanoyl]amino}-3-O-[(3R)-3-hydroxytetradecanoyl]-4-O-phospho-beta-D-glucopyranosyl-(1->6)-2-deoxy-3-O-[(3R)-3-hydroxytetradecanoyl]-2-{[(3R)-3-hydroxytetradecanoyl]amino}-1-O-phospho-alpha-D-glucopyranose; 2-deoxy-2-{[(3R)-3-hydroxypentadecanoyl]amino}-3-O-[(3R)-3-hydroxytetradecanoyl]-4-O-phosphono-beta-D-glucopyranosyl-(1->6)-2-deoxy-3-O-[(3R)-3-hydroxytetradecanoyl]-2-{[(3R)-3-hydroxytetradecanoyl]amino}-1-O-phosphono-alpha-D-glucopyranose; Lipid A disaccharide bisphosphate; Lipid IV(A); lipid IVA|BiGG: lipidA|KEGG: C04919
cpd03002	lipidA	Lipid A disaccharide	C68H127N2O20P	-2	Name: 2'-3'-diacyl-GlcN(beta-1'-6)2,3-diacyl-GlcN-1-P; 2,3,2',3'-Tetrakis(3-hydroxytetradecanoyl)-D-glucosaminyl-1,6-beta- D-glucosamine 1-phosphate; 2,3,2',3'-tetrakis(3-hydroxymyristoyl)-D-glucosaminyl-1,6-alpha-D-glucosamine 1-phosphate; 2,3-Bis(3-hydroxytetradecanoyl)-D-glucosaminyl-1,6-beta-D-2,3-bis(3- hydroxytetradecanoyl)-beta-D-glucosaminyl 1-phosphate; 2,3-Bis(3-hydroxytetradecanoyl)-D-glucosaminyl-1,6-beta-D-2,3-bis(3-hydroxytetradecanoyl)-beta-D-glucosaminyl 1-phosphate; 2,3-Bis-(3-hydroxytetradecanoyl)-D-glucosaminyl-(beta-D-1,6)-2,3- bis(3-hydroxy-tetradecanoyl)-D-glucosaminyl beta-phosphate; 2,3-Bis-(beta-hydroxymyristoyl)-D-glucosaminyl-(beta-D-1,6)-2,3- bis(beta-hydroxymyristoyl)-D-glucosaminyl beta-phosphate; 2,3-Bis[(3R)-3-hydroxytetradecanoyl]-beta-D-glucosaminyl-(1->6)-2,3-bis[(3R)-3-hydroxytetradecanoyl]-alpha-D-glucosaminyl 1-phosphate; 2,3-bis(3-hydroxymyristoyl)-D-glucosaminyl-1,6-beta-D-2,3-bis(3-hydroxymyristoyl)-alpha-D-glucosaminyl 1-phosphate; 2,3-bis(3-hydroxymyristoyl)-beta-D-glucosaminyl-1,6-beta-D-2,3-bis(3-hydroxymyristoyl)-alpha-D-glucosaminyl 1-phosphate; 2,3-bis(3-hydroxytetradecanoyl)-D-glucosaminyl-1,6-beta-D-2,3-bis(3-hydroxytetradecanoyl)-alpha-D-glucosaminyl 1-phosphate; 2,3-bis-(3-hydroxytetradecanoyl)-D-glucosaminyl-(beta-D-1,6)-2,3-bis-(3-hydroxytetradecanoyl)-D-glucosaminyl-alpha-phosphate; 2,3-bis-(3-hydroxytetradecanoyl)-beta-D-glucosaminyl-(beta-D-1,6)-2,3-bis-(3-hydroxytetradecanoyl)-alpha-D-glucosaminyl-1-phosphate; Lipid A Disaccharide; Lipid A disaccharide; Tetraacyldisaccharide 1-phosphate; [2-N,3-O-Bis(3-hydroxytetradecanoyl)-beta-D-glucosaminyl]-(1->6)-[2-N,3-O-bis(3-hydroxytetradecanoyl)-alpha-D-glucosaminyl phosphate]; [2-N,3-O-bis(3-hydroxytetradecanoyl)-beta-D-glucosaminyl]-(1 -> 6)-[2-N,3-O-bis(3-hydroxytetradecanoyl)-alpha-D-glucosaminyl phosphate]; [2-N,3-O-bis(3-hydroxytetradecanoyl)-beta-D-glucosaminyl]-(1->6)-[2-N,3-O-bis(3-hydroxytetradecanoyl)-alpha-D-glucosaminyl phosphate]; lipid A disaccharide; lipid A disaccharide (E. coli); tetraacyldisaccharide-1-phosphate|BiGG: lipidAds|KEGG: C04932
cpd03034	3uib	3-Ureidoisobutyrate	C5H9N2O3	-1	Name: (R)-3-ureido-isobutanoate; (R)-3-ureido-isobutyrate; 3-(carbamoylamino)-2-methylpropanoate; 3-Ureidoisobutyrate; 3-ureido-isobutyrate; N-carbamyl-beta-aminoisobutyrate; N-carbamyl-beta-aminoisobutyric acid|BiGG: 3uib|KEGG: C05100
cpd03048	istnt	Isethionate	C2H5O4S	-1	Name: 2-Hydroxyethane-1-sulfonic acid; 2-Hydroxyethanesulfonate; 2-Hydroxyethanesulfonic acid; 2-hydroxyethane-1-sulfonic acid; 2-hydroxyethanesulfonate; 2-hydroxyethanesulfonic acid; Isethionate; Isethionic acid; isethionate; isethionic acid|BiGG: isetac|KEGG: C05123
cpd03049	2-Hydroxyethyl-ThPP	2-Hydroxyethyl-ThPP	C14H21N4O8P2S	-1	Name: 2-(alpha-Hydroxyethyl)thiamine diphosphate; 2-(alpha-hydroxyethyl)-TPP; 2-(alpha-hydroxyethyl)-ThPP; 2-(alpha-hydroxyethyl)thiamine diphosphate; 2-Hydroxyethyl-ThPP|BiGG: 2ahethmpp|KEGG: C05125
cpd03052	imzacd	Imidazole acetaldehyde	C5H6N2O	0	Name: (imidazol-4-yl)acetaldehyde; Imidazole acetaldehyde; Imidazole-4-acetaldehyde; imidazole acetaldehyde|BiGG: im4act|KEGG: C05130
cpd03078	selnp	Selenophosphate	H2O3PSe	-1	Name: SePO3; Selenophosphate; Selenophosphoric acid; selenophosphate|BiGG: selnp|KEGG: C05172
cpd03091	dad-5	5'-Deoxyadenosine	C10H13N5O3	0	Name: 5'-Deoxyadenosine; 5'-deoxyadenosine; CH3Ado|BiGG: dad_5|KEGG: C05198
cpd03113	3hhdcoa	(S)-3-Hydroxyhexadecanoyl-CoA	C37H62N7O18P3S	-4	Name: (S)-3-Hydroxyhexadecanoyl-CoA; (S)-3-hydroxyhexadecanoyl-CoA; (S)-3-hydroxypalmitoyl-CoA; 3S-hydroxyhexadecanoyl-AoA|BiGG: 3hhdcoa|KEGG: C05258
cpd03114	3ohdcoa	3-Oxopalmitoyl-CoA	C37H60N7O18P3S	-4	Name: 3-Ketopalmitoyl-CoA; 3-Oxohexadecanoyl-CoA; 3-Oxopalmitoyl-CoA; 3-keto-palmitoyl-CoA; 3-oxo-palmitoyl-CoA; 3-oxohexadecanoyl-CoA|BiGG: 3ohdcoa|KEGG: C05259
cpd03115	3htdcoa	(S)-3-Hydroxytetradecanoyl-CoA	C35H58N7O18P3S	-4	Name: (S)-3-Hydroxytetradecanoyl-CoA; 3-hydroxytetradecanoyl-CoA|BiGG: 3htdcoa|KEGG: C05260
cpd03116	3hddcoa	(S)-3-Hydroxydodecanoyl-CoA	C33H54N7O18P3S	-4	Name: (S)-3-Hydroxydodecanoyl-CoA; (S)-3-hydroxydodecanoyl-CoA|BiGG: 3hddcoa|KEGG: C05262
cpd03117	3oddcoa	3-Oxododecanoyl-CoA	C33H52N7O18P3S	-4	Name: 3-Oxododecanoyl-CoA; 3-ketododecanoyl-CoA; 3-oxododecanoyl-CoA; 3-oxolauroyl-CoA|BiGG: 3oddcoa|KEGG: C05263
cpd03118	3hdccoa	(S)-Hydroxydecanoyl-CoA	C31H50N7O18P3S	-4	Name: (S)-3-Hydroxydecanoyl-CoA; (S)-3-hydroxydecanoyl-CoA; (S)-Hydroxydecanoyl-CoA|BiGG: 3hdcoa|KEGG: C05264
cpd03119	3odcoa	3-Oxodecanoyl-CoA	C31H48N7O18P3S	-4	Name: 3-Oxodecanoyl-CoA; 3-oxodecanoyl-CoA|BiGG: 3odcoa|KEGG: C05265
cpd03120	3hocoa	(S)-Hydroxyoctanoyl-CoA	C29H46N7O18P3S	-4	Name: (S)-3-Hydroxycapryloyl-CoA; (S)-3-Hydroxyoctanoyl-CoA; (S)-3-hydroxyoctanoyl-CoA; (S)-Hydroxyoctanoyl-CoA|BiGG: 3hocoa|KEGG: C05266
cpd03121	3oocoa	3-Oxooctanoyl-CoA	C29H44N7O18P3S	-4	Name: 3-Oxooctanoyl-CoA; 3-oxooctanoyl-CoA|BiGG: 3oocoa|KEGG: C05267
cpd03122	3hhcoa	(S)-Hydroxyhexanoyl-CoA	C27H42N7O18P3S	-4	Name: (S)-3-Hydroxyhexanoyl-CoA; (S)-3-hydroxyhexanoyl-CoA; (S)-Hydroxyhexanoyl-CoA; 3-OH-hexanoyl-CoA; OH-hexanoyl-CoA|BiGG: 3hhcoa|KEGG: C05268
cpd03123	3ohcoa	3-Oxohexanoyl-CoA	C27H40N7O18P3S	-4	Name: 3-Ketohexanoyl-CoA; 3-Oxohexanoyl-CoA; 3-ketohexanoyl-CoA; 3-oxohexanoyl-CoA; beta-hexanoyl-CoA; ketohexanoyl-CoA; ketohexanoyl-coenzyme-A|BiGG: 3ohcoa|KEGG: C05269
cpd03124	hxcoa	Hexanoyl-CoA	C27H42N7O17P3S	-4	Name: Hexanoyl-CoA; Hexanoyl-CoA (n-C6:0CoA); hexanoyl-CoA; hexanoyl-coenzyme A|BiGG: hxcoa|KEGG: C05270
cpd03125	hx2coa	(2E)-Hexenoyl-CoA	C27H40N7O17P3S	-4	Name: (2E)-Hexenoyl-CoA; (2E)-hexenoyl-CoA; hexenoyl-CoA; trans-2-hexenoyl-CoA; trans-Hex-2-enoyl-CoA; trans-hex-2-enoyl-CoA|BiGG: hx2coa|KEGG: C05271
cpd03126	hdd2coa	(2E)-Hexadecenoyl-CoA	C37H60N7O17P3S	-4	Name: (2E)-Hexadecenoyl-CoA; (2E)-hexadecenoyl-CoA; trans-2-Hexadecenoyl-CoA; trans-2-hexadecenoyl-CoA; trans-Hexadec-2-enoyl-CoA; trans-hexadec-2-enoyl-CoA|BiGG: hdd2coa|KEGG: C05272
cpd03127	td2coa	(2E)-Tetradecenoyl-CoA	C35H56N7O17P3S	-4	Name: (2E)-Tetradecenoyl-CoA; (2E)-tetradecenoyl-CoA; 2-trans-tetradecenoyl-CoA; 2E)-tetradec-2-enoyl-CoA; trans-Tetradec-2-enoyl-CoA; trans-Tetradec-2-enoyl-CoA phosphate, n=30); trans-tetradec-2-enoyl-CoA|BiGG: td2coa|KEGG: C05273
cpd03128	dccoa	Decanoyl-CoA	C31H50N7O17P3S	-4	Name: Decanoyl-CoA; Decanoyl-CoA (n-C10:0CoA); decanoyl-CoA|BiGG: dcacoa|KEGG: C05274
cpd03129	dc2coa	(2E)-Decenoyl-CoA	C31H48N7O17P3S	-4	Name: (2E)-Decenoyl-CoA; (2E)-dec-2-enoyl-CoA; 2-trans-decenoyl-CoA; 2E-decenoyl-CoA; trans-Dec-2-enoyl-CoA; trans-dec-2-enoyl-CoA; trans-delta2-decenoyl-CoA|BiGG: dc2coa|KEGG: C05275
cpd03130	oc2coa	(2E)-Octenoyl-CoA	C29H44N7O17P3S	-4	Name: (2E)-Octenoyl-CoA; (2E)-oct-2-enoyl-CoA; (2E)-octenoyl-CoA; 3'-phosphoadenosine 5'-{3-[(3R)-3-hydroxy-2,2-dimethyl-4-({3-[(2-{[(2E)-oct-2-enoyl]sulfanyl}ethyl)amino]-3-oxopropyl}amino)-4-oxobutyl] dihydrogen diphosphate}; trans-2-octenoyl-coenzyme A; trans-Oct-2-enoyl-CoA; trans-oct-2-enoyl-CoA|BiGG: oc2coa|KEGG: C05276
cpd03161	peamn	Phenethylamine	C8H12N	1	Name: 2-Phenylethylamine; 2-phenylethylamine; Phenethylamine; Phenylethylamine; beta-Phenylethylamine; beta-phenylethylamine; phenethylamine; phenylethylamine|BiGG: peamn|KEGG: C05332
cpd03198	melib	Melibiose	C12H22O11	0	Name: 6-(alpha-D-galactosido)-D-glucose; 6-O-(alpha-D-Galactopyranosyl)-D-glucopyranose; 6-O-(alpha-D-galactopyranosyl)-D-glucopyranose; 6-O-alpha-D-Galactopyranosyl-D-glucose; 6-O-alpha-D-galactopyranosyl-D-glucose; D-Gal-alpha(1->6)-D-glucose; D-Gal-alpha-1->6D-Glucose; D-Gal-alpha1->6D-Glucose; D-melibiose; D-mellibiose; Melibiose; alpha-D-Galp-(1->6)-D-Glc; melibiose|BiGG: 6dg; melib|KEGG: C05402; G00835; G01275
cpd03200	Manninotriose	Manninotriose	C18H32O16	0	Name: 6-O-(alpha-D-galactopyranosyl)-6-O-(alpha-D-galactopyranosyl)-D-glucopyranose; D-Gal alpha 1->6D-Gal alpha 1->6D-Glucose; D-Gal-alpha(1->6)-D-Gal-alpha(1->6)-D-glucose; D-Gal-alpha1->6D-Gal-alpha1->6D-Glucose; Manninotriose; alpha-D-Galp-(1->6)-alpha-D-Galp-(1->6)-D-Glc; manninotriose|BiGG: mnt|KEGG: C05404; G00501
cpd03279	din	Deoxyinosine	C10H12N4O4	0	Name: 2'-deoxyinosine; 2-deoxyinosine; Deoxyinosine; deoxyinosine|BiGG: din|KEGG: C05512
cpd03282	thr-LA	L-Allothreonine	C4H9NO3	0	Name: L-Allo-threonine; L-Allothreonine; L-allo-Threonine; L-allo-threonine|BiGG: athr__L|KEGG: C05519
cpd03343	pppn	Phenylpropanoate	C9H9O2	-1	Name: 3-Phenyl-propionic acid; 3-Phenylpropanoic acid; 3-Phenylpropionic acid; 3-phenylpropanoate; 3-phenylpropionate; 3-phenylpropionic acid; HCA; Phenylpropanoate; hydrocinnamate; hydrocinnamic acid; phenylpropanoate|BiGG: pppn|KEGG: C05629
cpd03387	Selenite	Selenite	O3Se	-2	Name: SeO32-; Selenite; Selenite ion; selenite|BiGG: slnt|KEGG: C05684
cpd03396	Selenate	Selenate	O4Se	-2	Name: Selenate; Selenic acid; selenate|BiGG: sel|KEGG: C05697
cpd03414	uppg1	UroporphyrinogenI	C40H36N4O16	-8	Name: Uroporphyrinogen I; UroporphyrinogenI; uroporphyrinogen I; uroporphyrinogen-I|BiGG: uppg1|KEGG: C05766
cpd03416	cpppg1	CoproporphyrinogenI	C36H40N4O8	-4	Name: Coproporphyrinogen I; CoproporphyrinogenI; coproporphyrinogen I|BiGG: cpppg1|KEGG: C05768
cpd03420	pre3a	Precorrin 3A	C43H43N4O16	-7	Name: Precorrin 3 A; Precorrin 3A; precorrin-3A|BiGG: pre3a|KEGG: C05772
cpd03421	cobya	Cobyrinate	C45H52CoN4O14	-6	Name: Cob(II)yrinate; Cob(II)yrinic acid; Cobyrinate; Cobyrinic acid; cobyrinate; cobyrinic acid|BiGG: cobya|KEGG: C05773
cpd03422	cbi	Cobinamide	C48H72CoN11O8	0	Name: Cbi; Cbi(I); Cob(I)inamide; Cobinamide; cob(I)inamide; cobinamide; cobyrinic acid a,c-diamide|BiGG: cbi|KEGG: C05774
cpd03423	rdmbzi	alpha-Ribazole	C14H18N2O4	0	Name: N1-(alpha-D-Ribosyl)-5,6-dimethylbenzimidazole; N1-(alpha-D-ribosyl)-5,6-dimethylbenzimidazole; alpha-Ribazole; alpha-ribazole|BiGG: rdmbzi|KEGG: C05775
cpd03426	scl	Sirohydrochlorin	C42H38N4O16	-8	Name: Precorrin; Sirohydrochlorin; sirohydrochlorin|BiGG: scl|KEGG: C05778
cpd03443	3ophb	3-Octaprenyl-4-hydroxybenzoate	C47H69O3	-1	Name: 3-Octaprenyl-4-hydroxybenzoate; 3-octaprenyl-4-hydroxybenzoate; 4-Hydroxy-3-octaprenylbenzoate|BiGG: 3ophb|KEGG: C05809
cpd03444	2oph	2-Octaprenylphenol	C46H70O	0	Name: 2-Octaprenylphenol; 2-octaprenylphenol|BiGG: 2oph|KEGG: C05810
cpd03445	2ohph	2-Octaprenyl-6-hydroxyphenol	C46H70O2	0	Name: 2-Octaprenyl-6-hydroxyphenol; 2-octaprenyl-6-hydroxyphenol; 3-(all-trans-octaprenyl)benzene-1,2-diol; 3-Octaprenylcatechol|BiGG: 2ohph|KEGG: C05811
cpd03446	2omph	2-Octaprenyl-6-methoxyphenol	C47H72O2	0	Name: 2-Octaprenyl-6-methoxyphenol; 2-methoxy-6-(all-trans-octaprenyl)phenol; 2-methoxy-6-all-trans-octaprenylphenol; 2-octaprenyl-6-methoxyphenol|BiGG: 2omph|KEGG: C05812
cpd03447	2ombz	2-Octaprenyl-6-methoxy-1,4-benzoquinone	C47H70O3	0	Name: 2-Octaprenyl-6-methoxy-1,4-benzoquinone; 6-methoxy-2-all-trans-octaprenyl-1,4-benzoquinone|BiGG: 2ombz; 2ombzl|KEGG: C05813
cpd03448	2ommb	2-Octaprenyl-3-methyl-6-methoxy-1,4-benzoquinone	C48H72O3	0	Name: 2-Octaprenyl-3-methyl-6-methoxy-1,4-benzoquinone; 3-methyl-6-methoxy-2-octaprenyl-1,4-benzoquinone|BiGG: 2ommb; 2ommbl|KEGG: C05814
cpd03449	OCTAPRENYL-METHYL-OH-METHOXY-BENZQ	2-Octaprenyl-3-methyl-5-hydroxy-6-methoxy-1,4-benzoquinone	C48H74O4	0	Name: 2-Octaprenyl-3-methyl-5-hydroxy-6-methoxy-1,4-benzoquinol; 2-Octaprenyl-3-methyl-5-hydroxy-6-methoxy-1,4-benzoquinone; 2-octaprenyl-3-methyl-5-hydroxy-6-methoxy-1,4-benzoquinol; 2-octaprenyl-3-methyl-5-hydroxy-6-methoxy-1,4-benzoquinone; 3-demethylubiquinol-8; OMHMB|BiGG: 2omhmbl|KEGG: C05815
cpd03450	ssaltpp	Succinatesemialdehyde-thiamindiphosphateanion	C16H22N4O10P2S	-2	Name: Succinate semialdehyde-thiamin diphosphate anion; Succinatesemialdehyde-thiamindiphosphateanion; succinate-semialdehyde-thiamin PPi; succinate-semialdehyde-thiamin pyrophosphate; succinate-semialdehyde-thiamine PPi; succinate-semialdehyde-thiamine pyrophosphate|BiGG: ssaltpp
cpd03451	2shchc	SHCHC	C11H10O6	-2	Name: (1R,6R)-2-Succinyl-6-hydroxy-2,4-cyclohexadiene-1-carboxylate; (1R,6R)-2-succinyl-6-hydroxy-2,4-cyclohexadiene-1-carboxylate; (1R,6R)-6-Hydroxy-2-succinylcyclohexa-2,4-diene-1-carboxylate; (1R,6R)-6-hydroxy-2-succinylcyclohexa-2,4-diene-1-carboxylate; (1S,6R)-6-Hydroxy-2-succinylcyclohexa-2,4-diene-1-carboxylate; 2-(3-CARBOXYPROPIONYL)-6-HYDROXY-CYCLOHEXA-2,4-DIENE CARBOXYLIC ACID; 2-Succinyl-6-hydroxy-2-4-cyclohexadiene-1-carboxylate; SHCHC|BiGG: 2shchc|KEGG: C05817
cpd03454	3cmp	3'-CMP	C9H12N3O8P	-2	Name: 3'-CMP; 3'-cmp; 3'-cytidylic acid; Cytidine 3'-phosphate; cytidine 3'-phosphate; cytidine-3'-monophosphate|BiGG: 3cmp|KEGG: C05822
cpd03470	iasp	Iminoaspartate	C4H4NO4	-1	Name: 2-iminobutanedioate; 2-iminosuccinate; Iminoaspartate; Iminoaspartic acid; Iminosuccinate; alpha-iminosuccinate; iminoaspartate|BiGG: iasp|KEGG: C05840
cpd03471	Nicotinate D-ribonucleoside	Nicotinate D-ribonucleoside	C11H13NO6	0	Name: Nicotinate D-ribonucleoside; beta-D-Ribosylnicotinate; beta-D-ribosylnicotinate; nicotinate riboside; nicotinic acid ribose; nicotinic acid riboside; ribosylnicotinate|BiGG: nicrns|KEGG: C05841
cpd03480	2-Hydroxyphenylacetate	2-Hydroxyphenylacetate	C8H7O3	-1	Name: (2-hydroxybenzene)acetic acid; (2-hydroxyphenyl)acetate; (2-hydroxyphenyl)acetic acid; (o-hydroxyphenyl)acetate; (o-hydroxyphenyl)acetic acid; 2-Hydroxyphenylacetate; 2-Hydroxyphenylacetic acid; 2-hydroxybenzeneacetic acid; 2-hydroxyphenylacetate; 2-hydroxyphenylacetic acid; acetic acid, (o-hydroxyphenyl)-; benzeneacetic acid, 2-hydroxy-; o-hydroxy phenylacetic acid; o-hydroxyphenylacetate; o-hydroxyphenylacetic acid|BiGG: 2hyoxplac|KEGG: C05852
cpd03487	uaaAgla	Undecaprenyl-diphospho-N-acetylmuramoyl-(N-acetylglucosamine)-L-alanyl-D-glutamyl-L-lysyl-D-alanyl-D-alanine	C94H153N8O26P2	-3	Name: Undecaprenyl-diphospho-N-acetylmuramoyl-(N-acetylglucosamine)-L- alanyl-D-glutamyl-L-lysyl-D-alanyl-D-alanine; Undecaprenyl-diphospho-N-acetylmuramoyl-(N-acetylglucosamine)-L-alanyl-D-glutamyl-L-lysyl-D-alanyl-D-alanine|BiGG: uaaAgla
cpd03488	uaaAgtla	Undecaprenyl-diphospho-N-acetylmuramoyl-(N-acetylglucosamine)-L-alanyl-D-glutaminyl-L-lysyl-D-alanyl-D-alanine	C94H155N9O25P2	-2	Name: Undecaprenyl-diphospho-N-acetylmuramoyl-(N-acetylglucosamine)-L- alanyl-D-glutaminyl-L-lysyl-D-alanyl-D-alanine; Undecaprenyl-diphospho-N-acetylmuramoyl-(N-acetylglucosamine)-L-alanyl-D-glutaminyl-L-lysyl-D-alanyl-D-alanine|BiGG: uaaAgtla
cpd03491	uaaGgla	Undecaprenyl-diphospho-N-acetylmuramoyl-(N-acetylglucosamine)-L-alanyl-gamma-D-glutamyl-L-lysyl-D-alanyl-D-alanine	C94H153N8O26P2	-3	Name: GlcNAc-(1->4)-Mur2Ac(oyl-L-Ala-gamma-D-Glu-L-Lys-D-Ala-D-Ala)-diphosphoundecaprenol; Undecaprenyl-diphospho-N-acetylmuramoyl-(N-acetylglucosamine)-L- alanyl-gamma-D-glutamyl-L-lysyl-D-alanyl-D-alanine; Undecaprenyl-diphospho-N-acetylmuramoyl-(N-acetylglucosamine)-L-alanyl-gamma-D-glutamyl-L-lysyl-D-alanyl-D-alanine|BiGG: uaaGgla|KEGG: C05893
cpd03492	uaaGgtla	Undecaprenyl-diphospho-N-acetylmuramoyl-(N-acetylglucosamine)-L-alanyl-D-isoglutaminyl-L-lysyl-D-alanyl-D-alanine	C94H155N9O25P2	-2	Name: Undecaprenyl-diphospho-N-acetylmuramoyl-(N-acetylglucosamine)-L- alanyl-D-isoglutaminyl-L-lysyl-D-alanyl-D-alanine; Undecaprenyl-diphospho-N-acetylmuramoyl-(N-acetylglucosamine)-L-alanyl-D-isoglutaminyl-L-lysyl-D-alanyl-D-alanine|BiGG: uaaGgtla|KEGG: C05894
cpd03494	uagmda	Undecaprenyl-diphospho-N-acetylmuramoyl-L-alanyl-D-glutamyl-meso-2-6-diaminopimeloyl-D-alanyl-D-alanine	C87H139N7O23P2	-4	Name: N-acetylmuramoyl-L-alanyl-D-glutamyl-meso-2,6-diaminoheptane-D-alanyl-D-alanine-diphosphoundecaprenol; N-acetylmuramoyl-L-alanyl-D-glutamyl-meso-2,6-diaminoheptanedioate-D-alanyl-D-alanine-diphosphoundecaprenol; N-acetylmuramoyl-L-alanyl-D-glutamyl-meso-2,6-diaminopimelyl-D-alanyl-D-alanine-diphosphoundecaprenol; Undecaprenyl-diphospho-N-acetylmuramoyl-L-alanyl-D-glutamyl-meso- 2,6-diaminopimeloyl-D-alanyl-D-alanine; Undecaprenyl-diphospho-N-acetylmuramoyl-L-alanyl-D-glutamyl-meso-2,6-diaminopimeloyl-D-alanyl-D-alanine; Undecaprenyl-diphospho-N-acetylmuramoyl-L-alanyl-D-glutamyl-meso-2-6-diaminopimeloyl-D-alanyl-D-alanine; a peptidoglycan with cleaved N-acetyl-glucosamine; lipid intermediate I; undecaprenyl-pyrophosphoryl-MurNAc-pentapeptide; undecaprenyldiphospho-N-acetylmuramoyl-L-alanyl-gamma-D-glutamyl-meso-2,6-diaminopimeloyl-D-alanyl-D-alanine|BiGG: uagmda|KEGG: C05897
cpd03495	uaagmda	Undecaprenyl-diphospho-N-acetylmuramoyl--N-acetylglucosamine-L-ala-D-glu-meso-2-6-diaminopimeloyl-D-ala-D-ala	C95H152N8O28P2	-4	Name: Undecaprenyl-diphospho-N-acetylmuramoyl-(N-acetylglucosamine)-L-alanyl-D-glutamyl-meso-2,6-diaminopimeloyl-D-alanyl-D-alanine; Undecaprenyl-diphospho-N-acetylmuramoyl--N-acetylglucosamine-L-ala-D-glu-meso-2-6-diaminopimeloyl-D-ala-D-ala|BiGG: uaagmda|KEGG: C05898
cpd03496	uaagtmda	Undecaprenyl-diphospho-N-acetylmuramoyl-(N-acetylglucosamine)-L-alanyl-D-glutaminyl-meso-2,6-diaminopimeloyl-D-alanyl-D-alanine	C95H154N9O27P2	-3	Name: Undecaprenyl-diphospho-N-acetylmuramoyl-(N-acetylglucosamine)-L- alanyl-D-glutaminyl-meso-2,6-diaminopimeloyl-D-alanyl-D-alanine; Undecaprenyl-diphospho-N-acetylmuramoyl-(N-acetylglucosamine)-L-alanyl-D-glutaminyl-meso-2,6-diaminopimeloyl-D-alanyl-D-alanine|BiGG: uaagtmda
cpd03517	btamp	Biotinyl-5-AMP	C20H27N7O9PS	-1	Name: Biotinyl-5'-AMP; Biotinyl-5-AMP|BiGG: btamp|KEGG: C05921
cpd03524	10-Formyl-THF-L-glutamate	10-Formyl-THF-L-glutamate	C25H27N8O10	-3	Name: (6R)-10-Formyltetrahydropteroyldiglutamate; (6R)-10-HCO-H4PteGlu2; 10-Formyl-THF-L-glutamate; 10-Formyltetrahydrofolyl L-glutamate; 10-formyl-H4PteGlu2; 10-formyl-THF di-L-glutamate; 10-formyl-tetrahydrofolate di-L-glutamate; N10-formyl-H4F di-L-glutamate; N10-formyl-H4PteGlu2; N10-formyl-THF di-L-glutamate; N10-formyl-tetrahydrofolate di-L-glutamate|BiGG: 10fthfglu__L|KEGG: C05928
cpd03525	sucglu	N-Succinyl-L-glutamate	C9H10NO7	-3	Name: (2S)-2-(3-Carboxypropanoylamino)pentanedioic acid; N-Succinyl-L-glutamate; N2-Succinyl-L-glutamate; N2-succinylglutamate; N2-succinylglutamatic acid; N2-succinylglutamic acid|BiGG: sucglu|KEGG: C05931
cpd03526	sucgsa	N-Succinyl-L-glutamate 5-semialdehyde	C9H11NO6	-2	Name: (2S)-2-(3-Carboxypropanoylamino)-5-oxopentanoic acid; N-Succinyl-L-glutamate 5-semialdehyde; N2-Succinyl-L-glutamate 5-semialdehyde; N2-succinyl-L-glutamate 5-semialdehyde; N2-succinylglutamate semialdehyde; N2-succinylglutamic semialdehyde; N2-succinylglutamic-semialdehyde|BiGG: sucgsa|KEGG: C05932
cpd03561	2hbut	2-Hydroxybutyrate	C4H7O3	-1	Name: (S)-2-hydroxybutanoate; (S)-2-hydroxybutyrate; 2-Hydroxybutanoic acid; 2-Hydroxybutyrate; 2-Hydroxybutyric acid; L-2-hydroxybutyrate; L-2-hydroxybutyric acid; L-alpha-hydroxybutyrate; a-hydroxybutyric acid|BiGG: 2hb|KEGG: C05984
cpd03572	hibcoa	(S)-3-Hydroxyisobutyryl-CoA	C25H38N7O18P3S	-4	Name: (R)-3-Hydroxy-2-methylpropionyl-CoA; (R)-3-hydroxy-2-methylpropanoyl-CoA; (R)-3-hydroxy-isobutanoyl-CoA; (R)-3-hydroxy-isobutyryl-CoA; (R)-3-hydroxy-isobutyryl-coenzyme A; (R)-beta-hydroxy-isobutyryl-CoA; (S)-3-Hydroxyisobutyryl-CoA|BiGG: 3hibutcoa|KEGG: C06000
cpd03584	u3hga	UDP-3-O-(beta-hydroxymyristoyl)-D-glucosamine	C29H50N3O18P2	-1	Name: UDP-3-O-(3-hydroxymyristoyl)-alpha-D-glucosamine; UDP-3-O-(3-hydroxytetradecanoyl)-D-glucosamine; UDP-3-O-(3-hydroxytetradecanoyl)glucosamine; UDP-3-O-(beta-hydroxymyristoyl)-D-glucosamine; UDP-3-O-[(3R)-3-hydroxymyristoyl]-D-glucosamine; UDP-3-O-[(3R)-3-hydroxymyristoyl]-alpha-D-glucosamine|BiGG: u3hga|KEGG: C06022
cpd03585	kdolipid4	KDO-lipid IV(A)	C76H137N2O30P2	-5	Name: (KDO)-lipid IVA; (kdo)-lipid iv(a); 3-Deoxy-D-manno-octulosonyl-2',3',2',3'-tetrakis(beta- hydroxymyristoyl)-D-glucosaminyl-1,6-beta-D-glucosamine 1,4'-bisphosphate; 3-Deoxy-D-manno-octulosonyl-2',3',2',3'-tetrakis(beta-hydroxymyristoyl)-D-glucosaminyl-1,6-beta-D-glucosamine 1,4'-bisphosphate; 3-Deoxy-D-manno-octulosonyl-lipid IV(A); 3-deoxy-alpha-D-manno-oct-2-ulopyranosyl-(2->6)-2-deoxy-2-{[(3R)-3-hydroxypentadecanoyl]amino}-3-O-[(3R)-3-hydroxytetradecanoyl]-4-O-phosphono-beta-D-glucopyranosyl-(1->6)-2-deoxy-3-O-[(3R)-3-hydroxytetradecanoyl]-2-{[(3R)-3-hydroxytetradecanoyl]amino}-1-O-phosphono-alpha-D-glucopyranose; KDO-lipid IV(A); Kdo-lipid IV(A); alpha-Kdo-(2->6)-lipid IVA|BiGG: kdolipid4; kdolipid4_HP|KEGG: C06024; G11161
cpd03586	kdo2lipid4	kdo2-lipid iva	C84H148N2O37P2	-6	Name: (3-deoxy-alpha-D-manno-oct-2-ulopyranosylonate)-(2->4)-(3-deoxy-alpha-D-manno-oct-2-ulopyranosylonate)-(2->6)-2-deoxy-2-[[(3R)-3-hydroxytetradecanoyl]amino]-3-O-[(3R)-3-hydroxytetradecanoyl]-4-O-phosphono-beta-D-glucopyranosyl-(1->6)-2-deoxy-3-O-[(3R)-3-hydroxytetradecanoyl]-2-[[(3R)-3-hydroxytetradecanoyl]amino]-1-O-phosphono-alpha-D-glucopyranose; (Kdo)2-lipid IVA; Di[3-deoxy-D-manno-octulosonyl]-lipid IV(A); KDO(2)-lipid IV(A); KDO2-lipid IV(A); Kdo2-lipid IV(A); Re-LPS; alpha-Kdo-(2->4)-alpha-Kdo-(2->6)-lipid IVA; kdo2-lipid iva|BiGG: kdo2lipid4|KEGG: C06025; G11160
cpd03587	lipa	kdo2-lipid a	C110H196N2O39P2	-6	Name: (Kdo)2-lipid A; Di[3-deoxy-D-manno-octulosonyl]-lipid A; KDO(2)-lipid (A); KDO2-lipid (A); Kdo2-lipid A; Re endotoxin; alpha-D-Kdo-(2->4)-alpha-D-Kdo-(2->6)-lipid A; alpha-Kdo-(2->4)-alpha-Kdo-(2->6)-lipid A; kdo2-lipid a|BiGG: lipa|KEGG: C06026
cpd03606	ohpb	2-Oxo-3-hydroxy-4-phosphobutanoate	C4H4O8P	-3	Name: (3R)-3-Hydroxy-2-oxo-4-phosphonooxybutanoate; (3R)-3-hydroxy-2-oxo-4 phosphonooxybutanoate; (3R)-3-hydroxy-2-oxo-4 phosphooxybutanoate; 2-Oxo-3-hydroxy-4-phosphobutanoate; 2-oxo-3-hydroxy-4-phosphobutanoate; 3-hydroxy-4-phospho-hydroxy-alpha-ketobutyrate; alpha-Keto-3-hydroxy-4-phosphobutyrate|BiGG: ohpb|KEGG: C06054
cpd03607	phthr	4-(Phosphonooxy)-threonine	C4H8NO7P	-2	Name: 4-(Phosphonooxy)-L-threonine; 4-(Phosphonooxy)-threonine; CPD0-1427; O-Phospho-4-hydroxy-L-threonine|BiGG: phthr|KEGG: C06055
cpd03608	4hthr	4-Hydroxy-L-threonine	C4H9NO4	0	Name: (2S,3S)-2-amino-3,4-dihydroxybutanoic acid; 3-hydroxyhomoserine; 4-Hydroxy-L-threonine; 4-hydroxy-L-threonine; Hydroxythreonine; hydroxythreonine|BiGG: 4hthr|KEGG: C06056
cpd03671	gam1p	D-Glucosamine1-phosphate	C6H13NO8P	-1	Name: D-Glucosamine 1-phosphate; D-Glucosamine1-phosphate; D-glucosamine 1-phosphate; alpha-D-Glucosamine 1-phosphate; alpha-D-glucosamine 1-phosphate; alpha-D-glucosamine 1P; glucosamine-1P|BiGG: gam1p|KEGG: C06156
cpd03696	arbt	Ursin	C12H16O7	0	Name: Arbutin; Hydroquinone-O-beta-D-glucopyranoside; Ursin; Uvasol; arbutin; hydroquinone-O-beta-D-glucopyranoside; p-hydroxyphenyl beta-D-glucopyranoside; p-hydroxyphenyl beta-D-glucoside|BiGG: arbt|KEGG: C06186
cpd03701	3gmp	Gp	C10H12N5O8P	-2	Name: 3'-GMP; 3'-Guanylic acid; 3'-guanylic acid; Gp; Guanosine 3'-phosphate; Guo-3'-P; guanosine 3'-monophosphate; guanosine 3'-phosphate|BiGG: 3gmp|KEGG: C06193
cpd03702	23cgmp	2',3'-Cyclic GMP	C10H11N5O7P	-1	Name: 2',3'-Cyclic GMP; 2',3'-cyclic GMP; cyclic 2',3'-guanosine monophosphate; guanosine 2',3'-cyclic monophosphate|BiGG: 23cgmp|KEGG: C06194
cpd03708	2,4-Dihydroxyhept-2-enedioate	2,4-Dihydroxyhept-2-enedioate	C7H8O6	-2	Name: 2,4-Dihydroxyhept-2-1,7-dioate; 2,4-Dihydroxyhept-2-enedioate; 2,4-Dihydroxyhept-2-enedioic acid; 2,4-dihydroxyhept-2-enedioate|BiGG: 24dhhed|KEGG: C06201
cpd03718	Celloheptaose	Celloheptaose	C42H72O36	0	Name: Celloheptaose; Maltoheptaose; maltoheptaose|BiGG: malthp|KEGG: C06216; G01455
cpd03724	ferrich	Ferrichrome	C27H42FeN9O12	0	Name: Ferrichrome; ferrichrome|BiGG: fecrm|KEGG: C06228
cpd03725	fe3dcit	Fe(III)dicitrate	C12H22FeO14	0	Name: Fe(Cit)2; Fe(III)dicitrate; Iron(III)dicitrate; ferric dicitrate; ferric dicitrate complex; iron (III) dicitrate; iron dicitrate; iron(III) dicitrate|BiGG: fe3dcit|KEGG: C06229
cpd03727	ectoine	Ectoine	C6H10N2O2	0	Name: 1,4,5,6-tetrahydro-2-methyl-4-pyrimidine carboxylic acid; Ectoine; L-Ectoine; ectoine|BiGG: ectoine|KEGG: C06231
cpd03734	ad	Acetamide	C2H5NO	0	Name: Acetamide; acetamide|BiGG: ad|KEGG: C06244
cpd03736	kdo2lipid4L	Lauroyl-KDO2-lipid IV(A)	C96H170N2O38P2	-6	Name: (3-deoxy-alpha-D-manno-oct-2-ulopyranosylonate)-(2->4)-(3-deoxy-alpha-D-manno-oct-2-ulopyranosylonate)-(2->6)-2-deoxy-2-[[(3R)-3-(dodecanoyloxy)tetradecanoyl]amino]-3-O-[(3R)-3-hydroxytetradecanoyl]-4-O-phosphono-beta-D-glucopyranosyl-(1->6)-2-deoxy-3-O-[(3R)-3-hydroxytetradecanoyl]-2-[[(3R)-3-hydroxytetradecanoyl]amino]-1-O-phosphono-alpha-D-glucopyranose; (KDO)2-(lauroyl)-lipid IVA; (Kdo)2-(lauroyl)-lipid IVA; Lauroyl-KDO2-lipid IV(A); alpha-Kdo-(2->4)-alpha-Kdo-(2->6)-(lauroyl)-lipid IVA; lauroyl-(KDO)2-lipid IV (A); lauroyl-(Kdo)2-lipid IV (A)|BiGG: kdo2lipid4L|KEGG: C06251
cpd03752	galt1p	Galactitol 1-phosphate	C6H13O9P	-2	Name: D-Galactitol 1-phosphate; D-Galactitol 6-phosphate; Galactitol 1-phosphate; L-Galactitol 1-phosphate; L-Galactitol 6-phosphate; galactitol 1-phosphate; galactitol-1-phosphate|BiGG: galt1p|KEGG: C06311
cpd03760	pre6b	Precorrin 6B	C44H49N4O16	-7	Name: Precorrin 6B; Precorrin 6Y; precorrin-6B; precorrin-6y|BiGG: pre6b|KEGG: C06319
cpd03761	pre6a	Precorrin 6A	C44H47N4O16	-7	Name: Precorrin 6A; Precorrin 6X; precorrin-6A; precorrin-6x|BiGG: pre6a|KEGG: C06320
cpd03813	D-Galactosamine 6-phosphate	D-Galactosamine 6-phosphate	C6H13NO8P	-1	Name: D-GALACTOSAMINE-6-PHOSPHATE; D-Galactosamine 6-phosphate; D-galactosamine-6-phosphate|BiGG: galam6p|KEGG: C06377
cpd03830	adphep-D,D	ADP-D-glycero-D-manno-heptose	C17H25N5O16P2	-2	Name: 2-[[[5-[(6-amino-9H-purin-9-yl)]-3,4-dihydroxy-tetrahydrofuran- 2-yl]methoxy-hydroxy-phosphinoyl]oxy-hydroxy-phosphinoyl]oxy-6- (1,2-dihydroxyethyl)tetrahydropyran-3,4,5-triol; ADP-D-beta-D-heptose; ADP-D-glycero-beta-D-manno-heptose|BiGG: adphep_DD|KEGG: C06397
cpd03831	adphep-L	ADP-L-glycero-D-manno-heptose	C17H25N5O16P2	-2	Name: 2-[[[5-[(6-amino-9H-purin-9-yl)]-3,4-dihydroxy-tetrahydrofuran-2-yl]methoxy-hydroxy-phosphinoyl]oxy-hydroxy-phosphinoyl]oxy-6-(1,2-dihydroxyethyl)tetrahydropyran-3,4,5-triol; ADP-L-glycero-D-manno-heptose; ADP-L-glycero-beta-D-manno-heptose|BiGG: adphep_LD|KEGG: C06398
cpd03832	hgbyr	Hydrogenobyrinate	C45H56N4O14	-4	Name: Hydrogenobyrinate; Hydrogenobyrinic acid; hydrogenobyrinate; hydrogenobyrinic acid|BiGG: hgbyr|KEGG: C06399
cpd03833	pre3b	Precorrin 3B	C43H44N4O17	-6	Name: Precorrin 3B; precorrin-3B|BiGG: pre3b|KEGG: C06406
cpd03834	pre4	Precorrin 4	C44H45N4O17	-7	Name: Precorrin 4; precorrin-4|BiGG: pre4|KEGG: C06407
cpd03835	pre8	Precorrin 8	C45H53N4O14	-7	Name: Precorrin 8; Precorrin 8X; Precorrin-8X; precorrin-8x|BiGG: pre8|KEGG: C06408
cpd03839	pre5	Precorrin 5	C45H47N4O17	-7	Name: Precorrin 5; precorrin-5|BiGG: pre5|KEGG: C06416
cpd03847	ttdca	Myristic acid	C14H27O2	-1	Name: Myristic acid; Tetradecanoate; Tetradecanoic acid; myristate; myristic acid; tetradecanoate; tetradecanoate (C14:0); tetradecanoate (n-C14:0); tetradecanoic acid; tetradecoate; tetradecoic acid|BiGG: ttdca|KEGG: C06424
cpd03861	L-Xylulose 1-phosphate	L-Xylulose 1-phosphate	C5H9O8P	-2	Name: L-Xylulose 1-phosphate; L-xylulose 1-phosphate; L-xylulose-1-phosphate|BiGG: xu1p__D|KEGG: C06441
cpd03913	hgbam	Hydrogenobyrinate diamide	C45H60N6O12	-2	Name: Hydrogenobyrinate a,c diamide; Hydrogenobyrinate diamide; Hydrogenobyrinic acid a,c-diamide; hydrogenobyrinate a,c-diamide; hydrogenobyrinic acid a,c-diamide|BiGG: hgbam|KEGG: C06503
cpd03914	co2dam	Cob(II)yrinate diamide	C45H56CoN6O12	-4	Name: Cob(II)yrinate a,c diamide; Cob(II)yrinate diamide; Cob(II)yrinic acid a,c-diamide; Cobyrinate a,c-diamide; Cobyrinic acid a,c-diamide; cob(II)yrinate a,c-diamide; cob(II)yrinic acid a,c-diamide|BiGG: co2dam|KEGG: C06504
cpd03915	co1dam	Cob(I)yrinate diamide	C45H56CoN6O12	-5	Name: Cob(I)yrinate a,c diamide; Cob(I)yrinate diamide; Cob(I)yrinic acid a,c-diamide; cob(I)yrinate a,c-diamide; cob(I)yrinic acid a,c-diamide|BiGG: co1dam|KEGG: C06505
cpd03916	adcobdam	Adenosyl cobyrinate diamide	C55H68CoN11O15	-4	Name: Adenosyl cobyrinate a,c diamide; Adenosyl cobyrinate diamide; Adenosylcob(III)yrinic acid a,c-diamide; Adenosylcobyrinic acid a,c-diamide; aAdenosylcobyrinic acid a,c-diamide; adenosyl cobyrinate diamide; adenosyl-cob(III)yrinate a,c-diamide; adenosyl-cobyrinate a,c-diamide; adenosyl-cobyrinic acid a,c-diamide; adenosylcob(III)yrinic acid a,c-diamide|BiGG: adcobdam|KEGG: C06506
cpd03917	adcobhex	Adenosylcobyric acid	C55H76CoN15O11	0	Name: Adenosyl cobyrinate hexaamide; Adenosylcobyric acid; adenosyl-cobyrate; adenosyl-cobyric acid; adenosylcobyrate; adenosylcobyric acid|BiGG: adcobhex|KEGG: C06507
cpd03918	adocbi	Adenosyl cobinamide	C58H84CoN16O11	1	Name: Adenosyl cobinamide; Adenosylcobinamide; AdoCbi; adenosylcobinamide|BiGG: adocbi|KEGG: C06508
cpd03919	adocbip	Adenosyl cobinamide phosphate	C58H83CoN16O14P	-1	Name: Adenosyl cobinamide phosphate; Adenosylcobinamide phosphate; adenosyl-cobinamide phosphate; adenosylcobinamide-P|BiGG: adocbip|KEGG: C06509
cpd03920	agdpcbi	Adenosylcobinamide-GDP	C68H95CoN21O21P2	-1	Name: Adenosine-GDP-cobinamide; Adenosylcobinamide-GDP; adenosylcobinamide-GDP|BiGG: agdpcbi|KEGG: C06510
cpd04098	arsni	Arsenite	H2AsO3	-1	Name: Arsenic trioxide; Arsenite; Arsenous oxide; As(OH)3; CPD0-2040; H3AsO3; TRIHYDROXYARSENITE(III); Trisoxylatoarsine; arsenic (III) oxide; arsenic (III) trioxide; arsenic oxide; arsenic sesquioxide; arsenic trioxide; arsenicum album; arsenious oxide; arsenite; arsenolite; arsenous acid; arsenous acid anhydride; arsenous anhydride; arsenous oxide; arsenous oxide anhydride; arsenous trioxide; arsodent; claudelite; clauditite; crude arsenic; diarsenic oxide; diarsenic trioxide; diarsonic trioxide; white arsenic|BiGG: aso3|KEGG: C06697; C13619
cpd04117	4mcat	4-Methylcatechol	C7H8O2	0	Name: 1,2-Dihydroxy-4-methylbenzene; 3,4-Dihydroxytoluene; 4-Methyl-1,2-benzenediol; 4-Methylcatechol; 4-methylcatechol|BiGG: 4mcat|KEGG: C06730
cpd04122	amacald	Aminoacetaldehyde	C2H6NO	1	Name: 2-Aminoacetaldehyde; 2-aminoacetaldehyde; Aminoacetaldehyde; aminoacetaldehyde|BiGG: aacald|KEGG: C06735
cpd04918	gmhep7p	D-Glycero-D-manno-heptose7-phosphate	C7H13O10P	-2	Name: D-Glycero-D-manno-heptose7-phosphate; D-glycero-beta-D-manno-Heptose 7-phosphate; D-glycero-beta-D-manno-heptose 7-phosphate; D-glycero-beta-D-manno-heptose-7-phosphate|BiGG: gmhep7p|KEGG: C07836
cpd04920	gmhep1p	D-Glycero-D-manno-heptose1-phosphate	C7H13O10P	-2	Name: D-Glycero-D-manno-heptose1-phosphate; D-beta-D-heptose-1-phosphate; D-glycero-D-manno-Heptose 1-phosphate; D-glycero-beta-D-manno-Heptose 1-phosphate; D-glycero-beta-D-manno-heptose 1-phosphate|BiGG: gmhep1p|KEGG: C07838
cpd06227	thfglu	THF-L-glutamate	C29H33N9O12	-4	Name: (6S)-H4PteGlu(n); THF-polyglutamate; Tetrahydrofolyl-[Glu](n); Tetrahydrofolyl-[Glu](n+1); Tetrahydrofolyl-[Glu](n-1); Tetrahydropteroyl-[gamma-Glu]n; Tetrahydropteroyl-[gamma-Glu]n+1|BiGG: thfglu|KEGG: C03541
cpd07061	prolb	Stachydrine	C7H13NO2	0	Name: (2S)-1,1-dimethylpyrrolidinium-2-carboxylate; (S)-2-carboxylato-1,1-dimethylpyrrolidinium; L-proline betaine; N,N-dimethyl L-proline; N,N-dimethyl proline; N,N-dimethylproline; Proline betaine; Stachydrine; proline betaine; stachydrine|BiGG: prolb|KEGG: C10172
cpd07946	4hbutcoa	4-Hydroxybutyryl-CoA	C25H38N7O18P3S	-4	Name: 4-Hydroxybutanoyl-CoA; 4-Hydroxybutyryl-CoA; 4-hydroxybutanoyl-CoA; 4-hydroxybutyryl-CoA|BiGG: 4hbutcoa|KEGG: C11062
cpd08021	dmso	DMSO	C2H6OS	0	Name: DMSO; Dimethyl sulfoxide; dimethyl sulfoxide; sulfinylbismethane|BiGG: dmso|KEGG: C11143
cpd08023	mso3	methanesulfonate	CH3O3S	-1	Name: MSA; Methanesulfonate; Methanesulfonic acid; methanesulfonate; methanesulfonic acid; methylsulfonate|BiGG: mso3|KEGG: C11145
cpd08210	4adcho	ADC	C10H10NO5	-1	Name: 4-Amino-4-deoxychorismate; 4-amino-4-deoxychorismate; ADC|BiGG: 4adcho|KEGG: C11355
cpd08286	2me4p	2-C-methyl-D-erythritol4-phosphate	C5H11O7P	-2	Name: 2-C-Methyl-D-erythritol 4-phosphate; 2-C-methyl-D-erythritol 4-phosphate; 2-C-methyl-D-erythritol-4-phosphate; 2-C-methyl-D-erythritol4-phosphate; 2-c-methyl-d-erythritol-4-phosphate; 2-methylerylthritol 4-phosphate; MEP|BiGG: 2me4p|KEGG: C11434
cpd08287	4c2me	4--cytidine5-diphospho-2-C-methyl-D-erythritol	C14H23N3O14P2	-2	Name: 4-(Cytidine 5'-diphospho)-2-C-methyl-D-erythritol; 4-(cytidine 5'-diphospho)-2-C-methyl-D-erythritol; 4--cytidine5-diphospho-2-C-methyl-D-erythritol; 4-diphosphocytidyl-2-C-methylerythritol; 4-diphosphocytidyl-2C-methyl-D-erythritol; CDP-ME; CDP-methyl-D-erythritol|BiGG: 4c2me|KEGG: C11435
cpd08288	2p4c2me	2-phospho-4--cytidine5-diphospho-2-C-methyl-D-erythritol	C14H22N3O17P3	-4	Name: 2-Phospho-4-(cytidine 5'-diphospho)-2-C-methyl-D-erythritol; 2-phospho-4-(cytidine 5'-diphospho)-2-C-methyl-D-erythritol; 2-phospho-4--cytidine5-diphospho-2-C-methyl-D-erythritol; 4-diphosphocytidyl-2-C-methylerythritol 2-phosphate; 4-diphosphocytidyl-2C-methyl-D-erythritol 2-phosphate; CDP-ME-2P; CDP-methyl-D-erylthritol 2-phosphate|BiGG: 2p4c2me|KEGG: C11436
cpd08289	dxyl5p	1-deoxy-D-xylulose5-phosphate	C5H9O7P	-2	Name: 1-Deoxy-D-xylulose 5-phosphate; 1-deoxy-D-threo-pentulose 5-phosphate; 1-deoxy-D-xylulose 5-phosphate; 1-deoxy-D-xylulose5-phosphate; D-1-deoxyxylulose-5-P; DOXP; DXP; deoxyxylulose-5-phosphate|BiGG: dxyl5p|KEGG: C11437
cpd08300	dTDP-4-oxo-beta-L-rhamnose	dTDP-4-oxo-beta-L-rhamnose	C16H22N2O15P2	-2	Name: dTDP-4-dehydro-6-deoxy-L-mannose; dTDP-4-dehydro-6-deoxy-alpha-L-mannose; dTDP-4-dehydro-6-deoxy-beta-L-mannose; dTDP-4-dehydro-alpha-L-rhamnose; dTDP-4-dehydro-beta-L-rhamnose; dTDP-4-keto-L-rhamnose; dTDP-4-oxo-6-deoxy-L-mannose; dTDP-4-oxo-6-deoxy-alpha-L-mannose; dTDP-4-oxo-6-deoxy-beta-L-mannose; dTDP-4-oxo-L-rhamnose; dTDP-4-oxo-alpha-L-rhamnose; dTDP-4-oxo-beta-L-rhamnose|BiGG: dtdp4d6dm|KEGG: C00688
cpd08301	2mecdp	2-C-methyl-D-erythritol2-4-cyclodiphosphate	C5H10O9P2	-2	Name: 2-C-Methyl-D-erythritol 2,4-cyclodiphosphate; 2-C-methyl-D-erythritol 2,4-cyclodiphosphate; 2-C-methyl-D-erythritol-2,4-cyclodiphosphate; 2-C-methyl-D-erythritol2-4-cyclodiphosphate; 2-c-methyl-d-erythritol-2,4-cyclodiphosphate; 3-Methyl-1,2,3,4-tetrahydroxybutane-1,3-cyclic bisphosphate; ME-2,4cPP|BiGG: 2mecdp|KEGG: C11453
cpd08316	gmhep17bp	D-Glycero-D-manno-heptose1-7-bisphosphate	C7H12O13P2	-4	Name: D-Glycero-D-manno-heptose1-7-bisphosphate; D-beta-D-heptose-1,7-bisphosphate; D-glycero-D-manno-Heptose 1,7-bisphosphate; D-glycero-beta-D-manno-Heptose 1,7-bisphosphate; D-glycero-beta-D-manno-heptose 1,7-PP; D-glycero-beta-D-manno-heptose 1,7-bisphosphate|BiGG: gmhep17bp|KEGG: C11472
cpd08353	aconm	(E)-3-(Methoxycarbonyl)pent-2-enedioate	C7H6O6	-2	Name: (E)-3-(Methoxycarbonyl)pent-2-enedioate; (E)-3-(methoxycarbonyl)pent-2-enedioate; E-3-carboxy-2-pentenedioate 6-methyl ester; monomethyl-ester-of-trans-aconitate|BiGG: aconm|KEGG: C11514
cpd08358	UDP-6-sulfoquinovose	UDP-6-sulfoquinovose	C15H21N2O19P2S	-3	Name: UDP-6-sulfoquinovose; UDP-alpha-D-sulfoquinovopyranose; UDP-alpha-D-sulfoquinovose; UDP-sulfoquinovose|BiGG: udpsq|KEGG: C11521
cpd08368	copre2	Cobalt-precorrin 2	C42H36CoN4O16	-8	Name: Cobalt-factor II; Cobalt-precorrin 2; Cobalt-sirohydrochlorin; cobalt-factor II; cobalt-sirohydrochlorin|BiGG: copre2|KEGG: C11538
cpd08369	copre3	Cobalt-precorrin 3	C43H41CoN4O16	-7	Name: Cobalt-precorrin 3; cobalt-precorrin 3; cobalt-precorrin-3|BiGG: copre3|KEGG: C11539
cpd08370	copre4	Cobalt-precorrin 4	C44H43CoN4O16	-7	Name: Cobalt-precorrin 4; cobalt-precorrin 4; cobalt-precorrin-4|BiGG: copre4|KEGG: C11540
cpd08371	copre5	Cobalt-precorrin 5	C45H46CoN4O16	-6	Name: Cobalt-precorrin 5; cobalt-precorrin 5|BiGG: copre5|KEGG: C11541
cpd08372	copre6	Cobalt-precorrin 6	C44H45CoN4O16	-7	Name: Cobalt-precorrin 6; Cobalt-precorrin 6A; cobalt-precorrin 6; cobalt-precorrin-6A; cobalt-precorrin-6x|BiGG: copre6|KEGG: C11542
cpd08373	codhpre6	Cobalt-precorrin 6B	C44H48CoN4O16	-6	Name: Cobalt-dihydro-precorrin 6; Cobalt-precorrin 6B; cobalt-dihydro-precorrin 6; cobalt-precorrin-6B; cobalt-precorrin-6y|BiGG: codhpre6|KEGG: C11543
cpd08375	copre8	Cobalt-precorrin 8	C45H53CoN4O14	-5	Name: Cobalt-precorrin 8; Cobalt-precorrin-8; cobalt-precorrin 8|BiGG: copre8|KEGG: C11545
cpd08615	h2mb4p	1-Hydroxy-2-methyl-2-butenyl 4-diphosphate	C5H10O8P2	-2	Name: (E)-4-Hydroxy-3-methyl-but-2-enyl diphosphate; (E)-4-Hydroxy-3-methylbut-2-en-1-yl diphosphate; (E)-4-hydroxy-3-methylbut 2-en-1-yl diphosphate; (E)-4-hydroxy-3-methylbut-2-en-1-yl diphosphate; 1-Hydroxy-2-methyl-2-butenyl 4-diphosphate; 1-hydroxy-2-methyl-2-(E)-butenyl 4-diphosphate; 1-hydroxy-2-methyl-2--E-butenyl4-diphosphate; 1-hydroxy-2-methyl-2--butenyl 4-diphosphate; HMBDP|BiGG: h2mb4p|KEGG: C11811
cpd08625	5-Hydroxyisourate	5-Hydroxyisourate	C5H4N4O4	0	Name: (S)-5-hydroxyisourate; 5-Hydroxyisourate; 5-hydroxyisourate|BiGG: 5hiu|KEGG: C11821
cpd08636	dhptd	4-5-dihydroxy-2-3-pentanedione	C5H8O4	0	Name: (S)-4,5-dihydroxy-2,3-pentanedione; (S)-4,5-dihydroxypentan-2,3-dione; (S)-4,5-dihydroxypentane-2,3-dione; 4,5-dihydroxy-2,3-pentanedione; 4-5-dihydroxy-2-3-pentanedione; DHPD; DPD; autoinducer 2|BiGG: dhptd
cpd08928	thrp	L-Threonine phosphate	C4H8NO6P	-2	Name: L-Threonine O-3-phosphate; L-Threonine phosphate; L-threonine 3-O-phosphate; L-threonine O-3-phosphate; O-Phospho-L-threonine; O-phospho-L-threonine; phosphothreonine|BiGG: thrp|KEGG: C12147
cpd09027	5-Hydroxy-2-oxo-4-ureido-2,5-dihydro-1H-imidazole-5-carboxylate	5-Hydroxy-2-oxo-4-ureido-2,5-dihydro-1H-imidazole-5-carboxylate	C5H5N4O5	-1	Name: (S)-2-oxo-4-hydroxy-4-carboxy-5-ureidoimidazoline; (S)-5-hydroxy-2-oxo-4-ureido-2,5-dihydro-1H imidazole-5-carboxylate; (S)-OHCU; 2-Oxo-4-hydroxy-4-carboxy-5-ureidoimidazoline; 2-oxo-4-hydroxy-4-carboxy-5-ureidoimidazoline; 4-(carbamoylamino)-5-hydroxy-2-oxo-2,5-dihydro-1H-imidazole-5-carboxylate; 5-Hydroxy-2-oxo-4-ureido-2,5-dihydro-1H-imidazole-5-carboxylate; 5-hydroxy-2-oxo-4-ureido-2,5-dihydro-1H imidazole-5-carboxylate; OHCU|BiGG: 5houdic|KEGG: C12248
cpd09410	Demethylphylloquinone	Demethylphylloquinone	C30H44O2	0	Name: 2-Phytyl-1,4-naphthoquinone; 2-phytyl-1,4-naphtoquinone; 3-phytyl-1,4-naphtoquinone; Demethylphylloquinone; demethylphylloquinone|BiGG: dmtphllqne|KEGG: C13309
cpd09739	uagnr	UDP-N-acetyl-D-galactosaminuronic acid	C17H22N3O18P2	-3	Name: UDP-N-acetyl-D-galactosaminuronic acid; UDP-N-acetyl-alpha-D-galactosaminouronate; UDP-N-acetyl-alpha-D-galactosaminouronic acid|KEGG: C13952
cpd09844	3hadpcoa	(3S)-3-Hydroxyadipyl-CoA	C27H39N7O20P3S	-5	Name: (3S)-3-Hydroxyadipyl-CoA; (3S)-hydroxyadipyl-CoA; 3-hydroxyadipyl-CoA|BiGG: 3hadpcoa|KEGG: C14145
cpd09878	sula	Sulfoacetate	C2H2O5S	-2	Name: Sulfoacetate; Sulfoacetic acid; sulfoacetate|BiGG: sulfac|KEGG: C14179
cpd09879	hmglut-S	S-(Hydroxymethyl)glutathione	C11H18N3O7S	-1	Name: (hydroxymethyl)glutathione; GS-CH2-OH; HM-GSH; HMGSH; S-(Hydroxymethyl)glutathione; S-(hydroxymethyl)glutathione; S-hydroxymethylglutathione; glycine, N-(N-L-gamma-S-(hydroxymethyl)-L-cysteinyl)-; hydroxymethylglutathione|BiGG: hmgth|KEGG: C14180
cpd10515	Fe+2	Fe+2	Fe	2	Name: Fe(II); Fe++; Fe+2; Fe2+; Ferrous ion; Iron(2+); fe(ii); ferrous ion; ferrous iron|BiGG: fe2|KEGG: C14818
cpd10516	Fe+3	Fe+3	Fe	3	Name: Fe(III); Fe+++; Fe+3; Fe3+; Ferric ion; Iron(3+); fe(iii); fe3; ferric ion; ferric iron|BiGG: fe3|KEGG: C14819
cpd10719	crn-D	D-Carnitine	C7H15NO3	0	Name: (S)-Carnitine; D-Carnitine; D-carnitine; S-(+)-3-hydroxy-4-trimethylaminobutyrate; carnitine (D-form)|BiGG: crn__D|KEGG: C15025
cpd11225	db4p	3-4-dihydroxy-2-butanone4-phosphate	C4H7O6P	-2	Name: 1-Deoxy-L-glycero-tetrulose 4-phosphate; 1-deoxy-L-glycero-tetrulose 4-phosphate; 2-Hydroxy-3-oxobutyl phosphate; 3,4-Dihydroxy-2-butanone 4-phosphate; 3,4-dihydroxy-2-butanone 4-phosphate; 3,4-dihydroxy-2-butanone-4-P; 3,4-dihydroxy-2-butanone-4-phosphate; 3-4-dihydroxy-2-butanone4-phosphate; L-3,4-Dihydroxybutan-2-one 4-phosphate; L-3,4-dihydroxybutan-2-one-4-phosphate; tetrolose phosphate|BiGG: db4p|KEGG: C15556
cpd11295	dkmpp	2,3-diketo5-methylthio-1-phosphopentane	C6H9O6PS	-2	Name: 1-phospho-2,3-diketo-5-methylthiopentane; 1-phosphoryloxy-2,3-diketo-5-methylthiopentane; 2,3-Diketo-5-methylthiopentyl-1-phosphate; 2,3-diketo-5-methylthio 1-phosphopentane; 2,3-diketo-5-methylthio-1-phosphopentane; 2,3-diketo-5-methylthiopentyl 1-phosphate; 2,3-diketo-5-methylthiopentyl-1-phosphate; 2,3-diketo5-methylthio-1-phosphopentane; 2-3-diketo-5-methylthio-1-phosphopentane; 5-(Methylthio)-2,3-dioxopentyl phosphate; 5-(methylsulfanyl)-2,3-dioxopentyl 1-phosphate; 5-(methylsulfanyl)-2,3-dioxopentyl phosphate; 5-(methylthio)-2,3-dioxopentyl 1-phosphate; 5-(methylthio)-2,3-dioxopentyl phosphate; 5-methylthio-1-(phosphonooxy)pentane-2,3-dione; DKM-1-P|BiGG: dkmpp; hkmpp|KEGG: C15650
cpd11310	5caiz	5-phosphoribosyl-5-carboxyaminoimidazole	C9H11N3O9P	-3	Name: 5-Carboxyamino-1-(5-phospho-D-ribosyl)imidazole; 5-phosphoribosyl-5-carboxyaminoimidazole; N5-CAIR; N5-carboxyaminoimidazole ribonucleotide|BiGG: 5caiz|KEGG: C15667
cpd11313	hemeO	hemeO	C49H56FeN4O5	-2	Name: Heme O; heme o; hemeO|BiGG: hemeO|KEGG: C15672
cpd11340	gamma-L-Glutamylputrescine	gamma-L-Glutamylputrescine	C9H20N3O3	1	Name: gamma-Glu-Put; gamma-L glutamylputrescine; gamma-L-Glutamylputrescine; gamma-glutamyl-L-putrescine; gamma-glutamyl-putrescine; gamma-glutamylputrescine|BiGG: ggptrc|KEGG: C15699
cpd11341	ggluaba	gamma-glutamyl-gamma-butyraldehyde	C9H16N2O4	0	Name: 4-(gamma-L-glutamylamino)butanal; 4-(gamma-glutamylamino)butanal; gamma-Glutamyl-gamma-aminobutyraldehyde; gamma-glutamyl-gamma-aminobutyraldehyde; gamma-glutamyl-gamma-butyraldehyde; gammaglutamyl-gamma-aminobutyraldehyde|BiGG: ggbutal|KEGG: C15700
cpd11408	ggluabt	gamma-Glutamyl-GABA	C9H15N2O5	-1	Name: 4-(Glutamylamino)butanoate; 4-(L-gamma-Glutamylamino)butanoate; 4-(L-gamma-glutamylamino)butanoate; 4-(gamma-L-glutamylamino)butanoate; 4-(glutamylamino)butanoate; gamma-Glutamyl-GABA; gamma-Glutamyl-gamma-aminobutyrate; gamma-glu-GABA; gamma-glutamyl-gamma aminobutyric acid; gamma-glutamyl-gamma-aminobutanoate; gamma-glutamyl-gamma-aminobutyrate; gamma-glutamyl-gamma-aminobutyric acid|BiGG: gg4abut|KEGG: C15767
cpd11420	trdox	trdox	C10H13N4O4R4S2	1	Name: Oxidized thioredoxin; Oxidizedthioredoxin; Thioredoxin disulfide; Thioredoxin sulfide|BiGG: trdox|KEGG: C00343
cpd11421	trdrd	trdrd	C10H15N4O4R4S2	1	Name: Reduced thioredoxin; Reducedthioredoxin; Thioredoxin; trdrd|BiGG: trdrd|KEGG: C00342
cpd11422	12dag3p	1,2-diacyl-sn-glycerol 3-phosphate	C5H5O8PR2	-2	Name: 1,2-Diacyl-sn-glycerol 3-phosphate; 1,2-diacyl-sn-glycerol 3-phosphate; 3-sn-Phosphatidate; Phosphatidate; Phosphatidic acid; diacylglycerol 3-phosphate; phosphatidate; phosphatidate (E.coli)|BiGG: pa_EC|KEGG: C00416
cpd11427	cdpdag	CDP-diacylglycerol	C14H17N3O15P2R2	-2	Name: 1,2-Diacyl-sn-glycero-3-cytidine-5'-diphosphate; CDP-1,2-diacylglycerol; CDP-diacylglycerol; CDPdiacylglycerol; CDPdiacylglycerol (B. subtilis); CDPdiacylglycerol, yeast-specific|BiGG: cdpdag_BS|KEGG: C00269
cpd11430	fa1	fa1	C14H27O2	-1	Name: Fatty acid (Iso-C14:0); fa1|BiGG: fa1
cpd11431	fa11	fa11	C17H33O2	-1	Name: Fatty acid (Iso-C17:0); fa11|BiGG: fa11
cpd11433	fa12	fa12	C17H33O2	-1	Name: Fatty acid (Anteiso-C17:0); fa12|BiGG: fa12
cpd11436	fa3	fa3	C15H29O2	-1	Name: Fatty acid (Iso-C15:0); fa3|BiGG: fa3
cpd11438	fa4	fa4	C15H29O2	-1	Name: Fatty acid (Anteiso-C15:0); fa4|BiGG: fa4
cpd11440	fa6	fa6	C16H31O2	-1	Name: Fatty acid (iso-C16:0); fa6|BiGG: fa6
cpd11454	pgp	Phosphatidylglycerophosphate	C8H11O13P2R2	-3	Name: 1,2-Diacyl-sn-glycero-3-phospho-sn-glycerol 3'-phosphate; 3(3-Phosphatidyl-)L-glycerol 1-phosphate; 3(3-sn-Phosphatidyl)-sn-glycerol 1-phosphate; 3-phosphatidylglycerol 1-phosphate; Phosphatidylglycerophosphate; Phosphatidylglycerophosphate, yeast-specific; phosphatidylglycerophosphate (B. subtilis)|BiGG: pgp_EC|KEGG: C03892
cpd11455	ps_PA	ps_BS	C8H11NO10PR2	-1	Name: 1,2-Diacyl-sn-glycerol 3-phospho-L-serine; 3-O-sn-Phosphatidyl-L-serine; L-1-Phosphatidylserine; O3-Phosphatidyl-L-serine; Phosphatidyl-L-serine; Phosphatidylserine; phosphatidylserine (B. subtilis); phosphatidylserine, yeast-specific|BiGG: ps_BS|KEGG: C02737
cpd11456	pe_PA	Phosphatidylethanolamine	C7H12NO8PR2	0	Name: (3-Phosphatidyl)-ethanolamine; (3-Phosphatidyl)ethanolamine; 1-Acyl-2-acyl-sn-glycero-3-phosphoethanolamine; Cephalin; L-1-Phosphatidylethanolamine; O-(1-beta-Acyl-2-acyl-sn-glycero-3-phospho)ethanolamine; Phosphatidylethanolamine; phosphatidylethanolamine (B. subtilis); phosphatidylethanolamine, yeast-specific|BiGG: psetha_BS|KEGG: C00350
cpd11461	dna	DNA	C15H23O13P2R3	-2	Name: (Deoxyribonucleotide)m; (Deoxyribonucleotide)n; (Deoxyribonucleotide)n+m; DNA; DNAn; DNAn+1; Deoxyribonucleic acid|BiGG: dna|KEGG: C00039
cpd11464	butACP	Butyryl-ACP	C15H28N2O8PRS	-2	Name: Butanoyl-ACPs; Butanoyl-[acp]; Butyryl-ACP; Butyryl-ACP (n-C4:0ACP); Butyryl-[acp]; Butyryl-[acyl-carrier protein]; a butanoyl-[acp]; a butyryl-[acp]|BiGG: butACP|KEGG: C05745
cpd11465	2beACP	But-2-enoyl-[acyl-carrier protein]	C15H25N2O8PRS	-1	Name: But-2-enoyl-[acyl-carrier protein]|BiGG: but2eACP|KEGG: C04246
cpd11466	myrsACP	Myristoyl-ACP	C25H48N2O8PRS	-2	Name: Myristoyl-ACP (n-C14:0ACP); Myristoyl-ACP-n-C14-0ACP; Myristoyl-[acyl-carrier protein]; Tetradecanoyl-[acp]; Tetradecanoyl-[acyl-carrier protein]; tetradecanoyl-acp|BiGG: myrsACP|KEGG: C05761
cpd11467	tmrs2eACP	(2E)-Tetradecenoyl-[acp]	C25H45N2O8PRS	-2	Name: (2E)-Tetradecenoyl-[acp]; Tetradec-2-enoyl-ACPs; a (2E)-tetradec-2-enoyl-[acp]; a trans tetradec-2-enoyl-[acp]; trans-Tetradec-2-enoyl-[acp]; trans-Tetradec-2-enoyl-[acyl-carrier protein]; trans-tetradec-2-enoyl-acp|BiGG: tmrs2eACP|KEGG: C05760
cpd11468	ddcaACP	Dodecanoyl-ACP	C23H44N2O8PRS	-2	Name: Dodecanoyl-ACP; Dodecanoyl-ACP (n-C12:0ACP); Dodecanoyl-ACPs; Dodecanoyl-[acp]; Dodecanoyl-[acyl-carrier protein]; Lauroyl-[acyl-carrier protein]; a dodecanoyl-[acp]; a dodecanoyl-[acyl-carrier protein]; a lauryl-[acp]|BiGG: ddcaACP|KEGG: C05223
cpd11469	2tddACP	(2E)-Dodecenoyl-[acp]	C23H41N2O8PRS	-2	Name: (2E)-Dodecenoyl-[acp]; Dodec-2-enoyl-ACPs; a (2E)-dodec-2-enoyl-[acp]; a trans dodec-2-enoyl-[acp]; a trans dodec-2-enoyl-[acyl-carrier protein]; trans-Dodec-2-enoyl-[acp]; trans-Dodec-2-enoyl-[acyl-carrier protein]; trans-dodec-2-enoyl-acp|BiGG: tddec2eACP|KEGG: C05758
cpd11470	octACP	Octanoyl-ACP	C19H36N2O8PRS	-2	Name: Octanoyl-ACP; Octanoyl-ACP (n-C8:0ACP); Octanoyl-ACPs; Octanoyl-[acp]; Octanoyl-[acyl-carrier protein]; an octanoyl-[acp]|BiGG: ocACP|KEGG: C05752
cpd11471	2toceACP	(2E)-Octenoyl-[acp]	C19H34N2O8PRS	-2	Name: (2E)-Octenoyl-[acp]; (2E)-octenoyl-[acp]; 2-Octenoyl-ACPs; 2-Octenoyl-[acyl-carrier protein]; Oct-2-enoyl-[acyl-carrier protein]; a (2E)-oct-2-enoyl-[acp]; a trans oct-2-enoyl-[acp]; a trans-oct-2-enoyl-[acp]; a trans-oct-2-enoyl-[acyl-carrier protein]; trans-Oct-2-enoyl-[acp]; trans-Oct-2-enoyl-[acyl-carrier protein]|BiGG: toct2eACP|KEGG: C05751
cpd11472	hexACP	Hexanoyl-ACP	C17H31N2O8PRS	-2	Name: Hexanoyl-ACP; Hexanoyl-ACP (n-C6:0ACP); Hexanoyl-ACPs; Hexanoyl-[acp]; Hexanoyl-[acyl-carrier protein]; a 5-hexanoyl-[acp]; a 5-hexanoyl-[acyl-carrier protein]; a hexanoyl-[acp]; a hexanoyl-[acyl-carrier-protein]|BiGG: hexACP|KEGG: C05749
cpd11473	2theACP	(2E)-Hexenoyl-[acp]	C17H29N2O8PRS	-1	Name: (2E)-Hexenoyl-[acp]; Hex-2-enoyl-ACPs; a (2E)-hex-2-enoyl-[acp]; a trans hex-2-enoyl-[acp]; trans-Hex-2-enoyl-[acp]; trans-Hex-2-enoyl-[acyl-carrier protein]; trans-hex-2-enoyl-acp|BiGG: thex2eACP|KEGG: C05748
cpd11474	decACP	Decanoyl-ACP	C21H40N2O8PRS	-2	Name: Decanoyl-ACP; Decanoyl-ACP (n-C10:0ACP); Decanoyl-ACPs; Decanoyl-HmqF-Proteins; Decanoyl-[acp]; Decanoyl-[acyl-carrier protein]; a decanoyl-[acp]|BiGG: dcaACP|KEGG: C05755
cpd11475	2tdeACP	(2E)-Decenoyl-[acp]	C21H37N2O8PRS	-2	Name: (2E)-Decenoyl-[acp]; trans-2-Decenoyl-[acyl-carrier protein]; trans-Dec-2-enoyl-[acp]; trans-Dec-2-enoyl-[acyl-carrier protein]; trans-dec-2-enoyl-acp|BiGG: tdec2eACP|KEGG: C05754
cpd11477	tpalm2eACP	(2E)-Hexadecenoyl-[acp]	C27H49N2O8PRS	-2	Name: (2E)-Hexadecenoyl-[acp]; 2-Hexadecenoyl-ACPs; a (2E)-hexadec-2-enoyl-[acp]; a trans hexadec-2-enoyl-[acyl-carrier protein]; a trans hexadecenoyl-[acp]; trans-Hexadec-2-enoyl-[acp]; trans-Hexadec-2-enoyl-[acyl-carrier protein]; trans-hexadec-2-enoyl-acp|BiGG: tpalm2eACP|KEGG: C05763
cpd11478	3hbACP	(R)-3-Hydroxybutanoyl-[acyl-carrier protein]	C15H27N2O9PRS	-1	Name: (3R)-3-Hydroxybutanoyl-[acyl-carrier protein]; (R)-3-Hydroxybutanoyl-[acyl-carrier protein]|BiGG: 3hbutACP|KEGG: C04618
cpd11479	3hhACP	D-3-Hydroxyhexanoyl-[acp]	C17H31N2O9PRS	-2	Name: (R)-3-Hydroxyhexanoyl-[acp]; (R)-3-Hydroxyhexanoyl-[acyl-carrier protein]; D-3-Hydroxyhexanoyl-[acp]; D-3-Hydroxyhexanoyl-[acyl-carrier protein]; R-3-hydroxyhexanoyl-ACPs; a (3R)-3-hydroxyhexanoyl-[acp]; a beta-hydroxyhexanoyl-[acp]; an (R)-3-hydroxyhexanoyl-[acp]|BiGG: 3hhexACP|KEGG: C05747
cpd11480	3hddACP	D-3-Hydroxydodecanoyl-[acp]	C23H43N2O9PRS	-2	Name: (R)-3-Hydroxydodecanoyl-[acp]; (R)-3-Hydroxydodecanoyl-[acyl-carrier protein]; D-3-Hydroxydodecanoyl-[acp]; D-3-Hydroxydodecanoyl-[acyl-carrier protein]; R-3-hydroxydodecanoyl-ACPs; a (3R)-3-hydroxydodecanoyl-[acp]; a (R)-3-hydroxydodecanoyl-[acp]; a beta-hydroxydodecanoyl-[acp]|BiGG: 3hddecACP|KEGG: C05757
cpd11481	3hpaACP	R-3-hydroxypalmitoyl-acyl-carrierprotein-	C27H49N2O9PRS	-2	Name: (3R)-3-Hydroxyhexadecanoyl-[acyl-carrier protein]; (3R)-3-Hydroxypalmitoyl-[acyl-carrier protein]; (R)-3-Hydroxyhexadecanoyl-[acyl-carrier protein]; (R)-3-Hydroxypalmitoyl-[acyl-carrier protein]; R-3-hydroxypalmitoyl-[acyl-carrier protein]; R-3-hydroxypalmitoyl-acyl-carrierprotein-|BiGG: 3hpalmACP|KEGG: C04633
cpd11482	3hdeACP	(R)-3-Hydroxydecanoyl-[acyl-carrier protein]	C21H40N2O9PRS	-2	Name: (3R)-3-Hydroxydecanoyl-[acyl-carrier protein]; (R)-3-Hydroxydecanoyl-[acyl-carrier protein]; Beta-hydroxydecanoyl-ACPs; a (3R)-3-hydroxydecanoyl-[acp]; a beta-hydroxydecanoyl-[acp]; an (R)-3-hydroxydecanoyl-[acp]; an (R)-3-hydroxydecanoyl-[acyl-carrier protein]|BiGG: 3hdecACP|KEGG: C04619
cpd11483	3hocACP	(R)-3-Hydroxyoctanoyl-[acyl-carrier protein]	C19H36N2O9PRS	-2	Name: (3R)-3-Hydroxyoctanoyl-[acyl-carrier protein]; (R)-3-Hydroxyoctanoyl-[acyl-carrier protein]|BiGG: 3hoctACP|KEGG: C04620
cpd11484	3htdACP	HMA	C25H47N2O9PRS	-1	Name: (3R)-3-Hydroxytetradecanoyl-[acyl-carrier protein]; (R)-3-Hydroxytetradecanoyl-[acyl-carrier protein]; HMA; R-3-hydroxy-myristoyl-ACP; R-3-hydroxymyristoyl-ACPs; a (3R)-3-hydroxymyristoyl-[acp]; a (3R)-3-hydroxymyristoyl-[acyl-carrier protein]; a (3R)-3-hydroxytetradecanoyl-[acp]; a (3R)-3-hydroxytetradecanoyl-[acyl-carrier protein]; a beta-hydroxymyristoyl-[acp]; an (3R)-3-hydroxymyristoyl-[acp]; an (3R)-3-hydroxymyristoyl-[acyl-carrier protein]; an (R)-3-hydroxytetradecanoyl-[acyl-carrier protein]; beta-Hydroxymyristyl-[acyl-carrier protein]|BiGG: 3hmrsACP|KEGG: C04688
cpd11485	3oxhdACP	3-oxohexadecanoyl-acp	C27H50N2O9PRS	-2	Name: 3-Oxohexadecanoyl-[acp]; 3-Oxohexadecanoyl-[acyl-carrier protein]; 3-oxo-palmitoyl-ACPs; 3-oxohexadecanoyl-acp; a 3-keto-palmitoyl-[acp]; a 3-ketopalmitoyl-[acp]; a 3-oxo-hexadecanoyl-[acp]; a 3-oxo-palmitoyl-[acp]; a 3-oxohexadecanoyl-[acp]; a 3-oxopalmitoyl-[acp]; a 3-oxopalmitoyl-[acyl-carrier-protein]|BiGG: 3opalmACP|KEGG: C05762
cpd11486	3oxhACP	3-Oxohexanoyl-[acp]	C17H30N2O9PRS	-2	Name: 3-Oxohexanoyl-[acp]; 3-Oxohexanoyl-[acyl-carrier protein]; 3-oxo-hexanoyl-ACPs; a 3-oxo-hexanoyl-[acp]; a 3-oxohexanoyl-[acp]; a 3-oxohexanoyl-[acyl-carrier protein]|BiGG: 3ohexACP|KEGG: C05746
cpd11487	3oxdeACP	3-oxodecanoyl-acp	C21H38N2O9PRS	-2	Name: 3-Oxodecanoyl-[acp]; 3-Oxodecanoyl-[acyl-carrier protein]; 3-oxo-decanoyl-ACPs; 3-oxodecanoyl-acp; a 3-keto-decanoyl-[acp]; a 3-ketodecanoyl-[acp]; a 3-oxo-decanoyl-[acp]; a 3-oxodecanoyl-[acp]; a 3-oxodecanoyl-[acyl-carrier-protein]|BiGG: 3odecACP|KEGG: C05753
cpd11488	actACP	Acetoacetyl-ACP	C15H26N2O9PRS	-2	Name: Acetoacetyl-ACP; Acetoacetyl-ACPs; Acetoacetyl-[acp]; Acetoacetyl-[acyl-carrier protein]; an acetoacetyl-[acp]; an acetoacetyl-[acyl-carrier protein]; an acetoacetyl-[acyl-carrier-protein]|BiGG: actACP|KEGG: C05744
cpd11489	3oxddACP	3-oxododecanoyl-acp	C23H42N2O9PRS	-2	Name: 3-Oxododecanoyl-[acp]; 3-Oxododecanoyl-[acyl-carrier protein]; 3-oxo-dodecanoyl-ACPs; 3-oxododecanoyl-acp; a 3-keto-dodecanoyl-[acp]; a 3-ketododecanoyl-[acp]; a 3-ketododecanoyl-[acyl-carrier-protein]; a 3-oxo-dodecanoyl-[acp]; a 3-oxododecanoyl-[acp]|BiGG: 3oddecACP|KEGG: C05756
cpd11490	3oxocACP	3-oxooctanoyl-acp	C19H34N2O9PRS	-2	Name: 3-Oxo-octanoyl-ACPs; 3-Oxooctanoyl-[acp]; 3-Oxooctanoyl-[acyl-carrier protein]; 3-oxooctanoyl-acp; a 3-oxo-octanoyl-[acp]; a 3-oxooctanoyl-[acp]; a 3-oxooctanoyl-[acyl-carrier-protein]|BiGG: 3ooctACP|KEGG: C05750
cpd11491	3oxtdACP	3-oxotetradecanoyl-acp	C25H46N2O9PRS	-2	Name: 3-Oxotetradecanoyl-[acp]; 3-Oxotetradecanoyl-[acyl-carrier protein]; 3-oxo-myristoyl-ACPs; 3-oxotetradecanoyl-acp; a 3-keto-myristoyl-[acp]; a 3-ketomyristoyl-[acp]; a 3-oxo-myristoyl-[acp]; a 3-oxo-tetradecanoyl-[acp]; a 3-oxo-tetradecanoyl-[acyl-carrier protein]; a 3-oxomyristoyl-[acp]; a 3-oxotetradecanoyl-[acp]; a 3-oxotetradecanoyl-[acyl-carrier protein]|BiGG: 3omrsACP|KEGG: C05759
cpd11492	malACP	Malonyl-acyl-carrierprotein-	C14H24N2O10PRS	-2	Name: MALONYL-ACP; Malonyl-[acp]; Malonyl-[acyl-carrier protein]; Malonyl-acyl-carrierprotein-; a malonyl-[acp]; carboxyacetyl-[acyl-carrier protein]; malonyl-PigH; malonyl-S-ACP; malonyl-[acyl-carrier protein]; malonyl-acyl-carrier-protein|BiGG: malACP|KEGG: C01209
cpd11493	ACP	ACP	C11H22N2O7PRS	-2	Name: ACP; ACP-MONOMER; ACP-SH; AcpP; Acyl-carrier protein; All-holo-ACPs; AmbB; AmbE; ArmB; Aryl-Carrier-Proteins; D-alanine-carrier-protein; DdaD; DhbF; GdnH; Gramicidin-S-synthetases; HlmE; HmqF-Proteins; Holo-AcmD-Proteins; Holo-Arginyl-Carrier-Proteins; Holo-Bmp1; Holo-CmaA-peptidyl-carrier-protein; Holo-CmaD-peptidyl-carrier-protein; Holo-DhbB; Holo-EntB; Holo-EntF; Holo-LYS2-peptidyl-carrier-protein; Holo-LovF; Holo-PltL; Holo-SfmA-peptidyl-carrier-protein; Holo-SfmB-peptidyl-carrier-protein; Holo-SfmC-peptidyl-carrier-protein; Holo-SibE-Proteins; Holo-Tryptophyl-Carrier-Proteins; Holo-[acyl-carrie-protein]; Holo-[acyl-carrier protein]; Lovastatin-nonaketide-synthase; MAS; MSL3; Non-ribosomal-peptide-synthetases; NovH-proteins; OxyC; PKS15-1; PKS2; Peptidyl-Carrier-Proteins; PhsA; PhsB; PhsC; PigG; PigH; PigJ; PmsE; PmsG; PpsAE-PKS-Protein; SgcC2-Proteins; [Acyl-carrier protein]; [acp]-group; [acyl-carrier protein]; [acyl-carrier protein]-group; a holo-[acp]; a soluble ACP; a soluble [acp]; a soluble [acyl-carrier protein]; a soluble holo-ACP; a soluble holo-[acp]; a soluble holo-[acyl-carrier protein]; acyl carrier protein; acylcarrierprotein; all holo-acyl carrier proteins; holo-ACP; holo-Alanyl-Carrier-Proteins; holo-Cysteinyl-Carrier-Proteins; holo-Glutamyl-Carrier-Proteins; holo-Glycyl-Carrier-Proteins; holo-L-Threonyl-Carrier-Proteins; holo-Peptidyl-carrier-proteins; holo-Prolyl-carrier-proteins; holo-Seryl-Carrier-Proteins; holo-VibB; holo-[acyl-carrier protein]|BiGG: ACP|KEGG: C00229
cpd11494	acACP	Acetyl-ACP	C13H24N2O8PRS	-2	Name: ACETYL-ACP; Acetyl-ACP; Acetyl-[acyl-carrier protein]; acetyl-[acyl-carrier protein]; acetylacylcarrier-protein; an acetyl-[acp]|BiGG: acACP|KEGG: C03939
cpd11574	mobd	Molybdate	MoO4	-2	Name: MoO4-2; MoO42-; Molybdate; Molybdate ion; molybdate; molybdate ion|BiGG: mobd|KEGG: C06232
cpd11576	metox-R	L-methionine R-oxide	C5H11NO3S	0	Name: L-methionine R-oxide|BiGG: metox__R
cpd11579	eths	ethanesulfonate	C2H5O3S	-1	Name: ethane sulfonate; ethanesulfonate|BiGG: ethso3
cpd11585	L-alagly	L-alanylglycine	C5H10N2O3	0	Name: Ala-Gly; L-alanyl-glycine; L-alanylglycine; ala-gly|BiGG: L_alagly
cpd11589	gly-asp-L	gly-asp-L	C6H9N2O5	-1	Name: N-glycyl-L-aspartic acid; gly-asp; gly-asp-L; glycyl-L-aspartate; glycyl-L-aspartic acid
cpd11592	gly-glu-L	gly-glu-L	C7H11N2O5	-1	Name: gly-glu-L; gly-l-glu
cpd11594	dextrin	Dextrin	C12H20O10R2	0	Name: Dextrin; Starch|BiGG: dextrin|KEGG: C00721; G00725; G10545
cpd11595	cro4	chromate	H2CrO4	0	Name: CrO42-; chromate|BiGG: cro4
cpd11596	buts	butanesulfonate	C4H9O3S	-1	Name: 1-butane sulfonic acid; 1-butanesulfonate; 1-butanesulfonic acid; butane-1-sulfonic acid; butanesulfonate; n-butyl-1-sulfonate|BiGG: butso3
cpd11601	pectin	Pectin	C26H34O24R2	-2	Name: Pectin; Poly(1,4-alpha-D-galacturonide); pectin; poly (1,4-alpha-D-galacturonide)|BiGG: pectin|KEGG: C00714; G10591
cpd11606	mqn7	Menaquinone 7	C46H64O2	0	Name: MK-7; Menaquinone 7; menaquinone(7); menaquinone-7|BiGG: mqn7
cpd11620	fdxrd	Reducedferredoxin	Fe2R4S6	4	Name: Reduced ferredoxin; Reducedferredoxin|BiGG: fdxrd|KEGG: C00138
cpd11621	fdxox	Oxidizedferredoxin	Fe2R4S6	6	Name: Oxidized ferredoxin; Oxidizedferredoxin|BiGG: fdxox|KEGG: C00139
cpd11640	h2	H2	H2	0	Name: H2; Hydrogen; dihydrogen; hydrogen; hydrogen molecule|BiGG: h2|KEGG: C00282
cpd11652	pg	Phosphatidylglycerol	C8H12O10PR2	-1	Name: 3(3-Phosphatidyl-)glycerol; 3-(3-sn-Phosphatidyl)glycerol; Phosphatidylglycerol; Phosphatidylglycerol, yeast-specific; PtdGro|BiGG: pg_SC|KEGG: C00344
cpd11685	mannan	Mannan	C18H32O16	0	Name: Mannan; Mannoglycan|BiGG: mannan|KEGG: C00464
cpd11751	trnatyr	tRNA(Tyr)	C10H12N5O3R	0	Name: tRNA(Tyr)|BiGG: trnatyr|KEGG: C00787
cpd11770	alatrna	L-Alanyl-tRNA	C18H29NO17P2R3	-1	Name: L-Alanyl-tRNA; L-Alanyl-tRNA(Ala)|BiGG: alatrna|KEGG: C00886
cpd11825	octeACP	Octadecenoyl-ACP	C29H53N2O8PRS	-1	Name: Octadecenoyl-ACP; Octadecenoyl-ACP (n-C18:1ACP); Octadecenoyl-[acp]; Octadecenoyl-[acyl-carrier protein]; Oleoyl-[acyl-carrier protein]; cis-octadec-11-enoyl-[acyl-carrier protein] (n-C18:1); cis-octadec-11-enoyl-acyl-carrierprotein--n-C18-1|BiGG: octeACP|KEGG: C01203
cpd11830	alpro	S-Aminomethyldihydrolipoylprotein	C9H20N2ORS2	1	Name: H-Protein-S-aminomethyldihydrolipoyllysine; S-Aminomethyldihydrolipoylprotein; [Protein]-S8-aminomethyldihydrolipoyllysine|BiGG: alpro|KEGG: C01242
cpd11906	trnaala	tRNA(Ala)	C10H12N5O3R	0	Name: tRNA(Ala)|BiGG: trnaala|KEGG: C01635
cpd11907	trnaarg	tRNA(Arg)	C10H12N5O3R	0	Name: tRNA(Arg)|BiGG: trnaarg|KEGG: C01636
cpd11908	trnaasn	tRNA(Asn)	C10H12N5O3R	0	Name: tRNA(Asn)|BiGG: trnaasn|KEGG: C01637
cpd11909	trnaasp	tRNA(Asp)	C10H12N5O3R	0	Name: tRNA(Asp)|BiGG: trnaasp|KEGG: C01638
cpd11910	trnacys	tRNA(Cys)	C10H12N5O3R	0	Name: tRNA(Cys)|BiGG: trnacys|KEGG: C01639
cpd11911	trnagln	tRNA(Gln)	C10H12N5O3R	0	Name: tRNA(Gln)|BiGG: trnagln|KEGG: C01640
cpd11912	trnaglu	tRNA-Glu	C10H12N5O3R	0	Name: tRNA (Glu); tRNA(Glu); tRNA-Glu|BiGG: trnaglu|KEGG: C01641
cpd11913	trnagly	tRNA(Gly)	C10H12N5O3R	0	Name: tRNA(Gly); tRNA-Gly; trnG|BiGG: trnagly|KEGG: C01642
cpd11914	trnahis	tRNA(His)	C10H12N5O3R	0	Name: tRNA(His)|BiGG: trnahis|KEGG: C01643
cpd11915	trnaile	tRNA(Ile)	C10H12N5O3R	0	Name: tRNA(Ile)|BiGG: trnaile|KEGG: C01644
cpd11916	trnaleu	tRNA(Leu)	C10H12N5O3R	0	Name: tRNA(Leu)|BiGG: trnaleu|KEGG: C01645
cpd11917	trnalys	tRNA(Lys)	C10H12N5O3R	0	Name: tRNA(Lys)|BiGG: trnalys|KEGG: C01646
cpd11918	trnamet	tRNA(Met)	C10H12N5O3R	0	Name: tRNA(Met)|BiGG: trnamet|KEGG: C01647
cpd11919	trnaphe	tRNA(Phe)	C10H12N5O3R	0	Name: tRNA(Phe)|BiGG: trnaphe|KEGG: C01648
cpd11920	trnapro	tRNA(Pro)	C10H12N5O3R	0	Name: tRNA(Pro)|BiGG: trnapro|KEGG: C01649
cpd11921	trnaser	tRNA(Ser)	C10H12N5O3R	0	Name: tRNA(Ser)|BiGG: trnaser|KEGG: C01650
cpd11922	trnathr	tRNA(Thr)	C10H12N5O3R	0	Name: tRNA(Thr)|BiGG: trnathr|KEGG: C01651
cpd11923	trnatrp	tRNA(Trp)	C10H12N5O3R	0	Name: tRNA(Trp)|BiGG: trnatrp|KEGG: C01652
cpd11924	trnaval	tRNA(Val)	C10H12N5O3R	0	Name: tRNA(Val)|BiGG: trnaval|KEGG: C01653
cpd12003	leutrna	L-Leucyl-tRNA	C26H39N6O17P2R2	-1	Name: L-Leucyl-tRNA; L-Leucyl-tRNA(Leu)|BiGG: leutrna|KEGG: C02047
cpd12005	lpro	Lipoylprotein	C8H14NORS2	0	Name: H-Protein-lipoyllysine; Lipoylprotein|BiGG: lpro|KEGG: C02051
cpd12036	argtrna	L-Arginyl-tRNA	C26H41N9O17P2R2	0	Name: L-Arginyl-tRNA; L-Arginyl-tRNA(Arg)|BiGG: argtrna|KEGG: C02163
cpd12060	glntrna	Gln-tRNA(Gln)	C25H36N7O18P2R2	-1	Name: Gln-tRNA(Gln); Glutaminyl-tRNA; Glutaminyl-tRNA(Gln); L-Glutaminyl-tRNA(Gln)|BiGG: glntrna|KEGG: C02282
cpd12100	glytrna	Glycyl-tRNA(Gly)	C17H27NO17P2R3	-1	Name: Glycyl-tRNA(Gly)|BiGG: glytrna|KEGG: C02412
cpd12105	mettrna	L-Methionyl-tRNA	C25H37N6O17P2R2S	-1	Name: L-Methionyl-tRNA; L-Methionyl-tRNA (Met); L-Methionyl-tRNA(Met)|BiGG: mettrna|KEGG: C02430
cpd12115	Larab	Arabinan	C15H24O12R2	0	Name: Arabinan; alpha-L-Araban; alpha-L-Arabinan|BiGG: Larab|KEGG: C02474; G00502
cpd12132	sertrna	L-Seryl-tRNA(Ser)	C18H29NO18P2R3	-1	Name: L-Seryl-tRNA(Ser)|BiGG: sertrna|KEGG: C02553
cpd12133	valtrna	L-Valyl-tRNA(Val)	C25H37N6O17P2R2	-1	Name: L-Valyl-tRNA(Val)|BiGG: valtrna|KEGG: C02554
cpd12164	protrna	L-Prolyl-tRNA(Pro)	C20H31NO17P2R3	-1	Name: L-Prolyl-tRNA(Pro)|BiGG: protrna|KEGG: C02702
cpd12194	tyrtrna	L-Tyrosyl-tRNA(Tyr)	C29H37N6O18P2R2	-1	Name: L-Tyrosyl-tRNA(Tyr)|BiGG: tyrtrna|KEGG: C02839
cpd12225	dhlpro	Dihydrolipolprotein	C8H16NORS2	0	Name: Dihydrolipolprotein; Dihydrolipoylprotein; [H Protein]-dihydrolipoyllysine; [Protein]-dihydrolipoyllysine|BiGG: dhlpro|KEGG: C02972
cpd12226	asptrna	L-Aspartyl-tRNA(Asp)	C19H28NO19P2R3	-2	Name: L-Aspartyl-tRNA(Asp)|BiGG: asptrna|KEGG: C02984
cpd12227	glutrna	L-Glutamyl-tRNA-Glu	C25H34N6O19P2R2	-2	Name: L-Glutamyl-tRNA(Glu); L-Glutamyl-tRNA-Glu|BiGG: glutrna|KEGG: C02987
cpd12228	histrna	L-Histidyl-tRNA(His)	C21H31N3O17P2R3	-1	Name: L-Histidyl-tRNA(His)|BiGG: histrna|KEGG: C02988
cpd12229	thrtrna	L-Threonyl-tRNA(Thr)	C19H31NO18P2R3	-1	Name: L-Threonyl-tRNA(Thr)|BiGG: thrtrna|KEGG: C02992
cpd12255	cystrna	L-Cysteinyl-tRNA(Cys)	C23H33N6O17P2R2S	-1	Name: L-Cysteinyl-tRNA(Cys)|BiGG: cystrna|KEGG: C03125
cpd12256	iletrna	L-Isoleucyl-tRNA(Ile)	C26H39N6O17P2R2	-1	Name: L-Isoleucyl-tRNA(Ile)|BiGG: iletrna|KEGG: C03127
cpd12285	fmettrna	N-Formylmethionyl-tRNA	C26H36N6O18P2R2S	-2	Name: N-Formylmethionyl-tRNA|BiGG: fmettrna|KEGG: C03294
cpd12313	asntrna	Asn-tRNA(Asn)	C19H29N2O18P2R3	-2	Name: Asn-tRNA(Asn); Asparaginyl-tRNA(Asn); L-Asparaginyl-tRNA(Asn)|BiGG: asntrna|KEGG: C03402
cpd12335	phetrna	L-Phenylalanyl-tRNA(Phe)	C24H33NO17P2R3	-1	Name: L-Phenylalanyl-tRNA(Phe)|BiGG: phetrna|KEGG: C03511
cpd12336	trptrna	L-Tryptophanyl-tRNA(Trp)	C31H38N7O17P2R2	-1	Name: L-Tryptophanyl-tRNA(Trp)|BiGG: trptrna|KEGG: C03512
cpd12370	apoACP	apo-ACP	HOR	0	Name: Apo-[acyl-carrier-protein]; an apo-[acp]; an apo-[acyl-carrier protein]; apo-ACP|BiGG: apoACP|KEGG: C03688
cpd12543	btn_co2	Carboxybiotin-carboxyl-carrier protein	C18H26N5O6R2S	-1	Name: Carboxybiotin-carboxyl-carrier protein|BiGG: cbtnCCP|KEGG: C04419
cpd12547	1agpe180	L-2-Lysophosphatidylethanolamine	C6H13NO7PR	0	Name: 1-Acyl-sn-glycero-3-phosphoethanolamine; L-2-Lysophosphatidylethanolamine|BiGG: 1agpe180|KEGG: C04438
cpd12689	3otdcoa	3-Oxotetradecanoyl-CoA	C35H56N7O18P3S	-4	Name: 3-Oxotetradecanoyl-CoA; 3-oxo-myristoyl-CoA; 3-oxotetradecanoyl-CoA|BiGG: 3otdcoa|KEGG: C05261
cpd12828	glutrna(gln)	Glu-tRNA(Gln)	C25H34N6O19P2R2	-2	Name: Glu-tRNA(Gln); Glutamyl-tRNA(Gln); L-Glutamyl-tRNA(Gln)|BiGG: glutrna_gln|KEGG: C06112
cpd12829	ASPARTYL-TRNAASN	Asp-tRNA(Asn)	C19H28NO19P2R3	-2	Name: Asp-tRNA(Asn); Aspartyl-tRNA(Asn); L-Aspartyl-tRNA(Asn)|BiGG: asptrna_asn|KEGG: C06113
cpd12848	btn_cbxl	Holo-[carboxylase]	C17H27N5O4R2S	0	Name: Biotin-carboxyl-carrier protein; Holo-[carboxylase]|BiGG: btnCCP|KEGG: C06250
cpd14545	Iminoglycine	Iminoglycine	C2H3NO2	0	Name: 2-Iminoacetate; 2-iminoacetate; Iminoacetic acid; Iminoglycine; dehydroglycine; iminoacetate; iminoacetic acid|BiGG: dhgly|KEGG: C15809
cpd14698	3-Methyl-1-hydroxybutyl-TPP	3-Methyl-1-hydroxybutyl-TPP	C17H27N4O8P2S	-1	Name: 3-Methyl-1-hydroxybutyl-TPP; 3-Methyl-1-hydroxybutyl-ThPP|BiGG: 3mhtpp|KEGG: C15974
cpd14700	2-Methyl-1-hydroxypropyl-TPP	2-Methyl-1-hydroxypropyl-TPP	C16H25N4O8P2S	-1	Name: 2-Methyl-1-hydroxypropyl-TPP; 2-Methyl-1-hydroxypropyl-ThPP|BiGG: 2mhop|KEGG: C15976
cpd14702	2-Methyl-1-hydroxybutyl-TPP	2-Methyl-1-hydroxybutyl-TPP	C17H27N4O8P2S	-1	Name: 2-Methyl-1-hydroxybutyl-TPP; 2-Methyl-1-hydroxybutyl-ThPP|BiGG: 2mhob|KEGG: C15978
cpd14960	Cobalt-precorrin 5B	Cobalt-precorrin 5B	C43H43CoN4O16	-7	Name: Cobalt-precorrin 5B; cobalt-precorrin-5B|BiGG: codscl5b|KEGG: C16243
cpd14961	Cobalt-precorrin 7	Cobalt-precorrin 7	C44H51CoN4O14	-5	Name: Cobalt-precorrin 7; cobalt-precorrin-7|BiGG: codscl7|KEGG: C16244
cpd15237	hdcea	hexadecenoate	C16H29O2	-1	Name: Hexadecenoate; Hexadecenoate (n-C16:1); hexadecenoate|BiGG: hdcea
cpd15238	hdcoa	Hexadecenoyl-CoA	C37H61N7O17P3S	-3	Name: Hexadecenoyl-CoA; Hexadecenoyl-CoA (n-C16:1CoA)|BiGG: hdcoa
cpd15239	hdeACP	Hexadecenoyl-ACP	C27H49N2O8PRS	-1	Name: Hexadecenoyl-ACP; Hexadecenoyl-ACP (n-C16:1ACP); cis-hexadec-9-enoyl-[acyl-carrier protein]; cis-hexadec-9-enoyl-[acyl-carrier protein] (n-C16:1)|BiGG: hdeACP
cpd15249	lystrna	L-Lysine-tRNA (Lys)	C16H26N7O4R	2	Name: L-Lysine-tRNA (Lys)|BiGG: lystrna
cpd15268	ocdACP	Octadecanoyl-ACP	C29H55N2O8PRS	-2	Name: Octadecanoyl-ACP (n-C18:0ACP); Octadecanoyl-ACP-n-C18-0ACP|BiGG: ocdcaACP
cpd15269	ocdcea	octadecenoate	C18H33O2	-1	Name: octadecenoate|BiGG: ocdcea
cpd15274	odecoa	Octadecenoyl-CoA	C39H65N7O17P3S	-3	Name: Octadecenoyl-CoA; Octadecenoyl-CoA (n-C18:1CoA)|BiGG: odecoa
cpd15277	palmACP	Palmitoyl-ACP	C27H51N2O8PRS	-2	Name: 16:0-ACP; Palmitoyl-ACP; Palmitoyl-ACP (n-C16:0ACP); Palmitoyl-ACP-n-C16-0ACP; Palmitoyl-ACPs; Palmitoyl-PKS2; a hexadecanoyl-[acpn]; a hexadecanoyl-[acyl-carrier-protein]; a palmitoyl-[acp]; a palmitoyl-[acyl-carrier-protein]|BiGG: palmACP
cpd15294	tdeACP	Tetradecenoyl-ACP	C25H45N2O8PRS	-1	Name: Tetradecenoyl-ACP; Tetradecenoyl-ACP (n-C14:1ACP); cis-tetradec-7-enoyl-[acyl-carrier protein]; cis-tetradec-7-enoyl-[acyl-carrier protein] (n-C14:1)|BiGG: tdeACP
cpd15298	ttdcea	tetradecenoate	C14H25O2	-1	Name: tetradecenoate; tetradecenoate (n-C14:1)|BiGG: ttdcea
cpd15306	12dgr120	1,2-Diacyl-sn-glycerol didodecanoyl	C27H52O5	0	Name: 1,2-Diacyl-sn-glycerol didodecanoyl|BiGG: 12dgr120
cpd15307	12dgr140	1,2-Diacyl-sn-glycerol ditetradecanoyl	C31H60O5	0	Name: 1,2-Diacyl-sn-glycerol ditetradecanoyl|BiGG: 12dgr140
cpd15308	12dgr141	1,2-Diacyl-sn-glycerol ditetradec-7-enoyl	C31H56O5	0	Name: 1,2-Diacyl-sn-glycerol ditetradec-7-enoyl|BiGG: 12dgr141
cpd15309	12dgr160	1,2-Diacyl-sn-glycerol dihexadecanoyl	C35H68O5	0	Name: 1,2-Diacyl-sn-glycerol (dihexadecanoyl, n-C16:0); 1,2-Diacyl-sn-glycerol dihexadecanoyl|BiGG: 12dgr160
cpd15310	12dgr161	1,2-Diacyl-sn-glycerol dihexadec-9-enoyl	C35H64O5	0	Name: 1,2-Diacyl-sn-glycerol dihexadec-9-enoyl|BiGG: 12dgr161
cpd15311	12dgr180	1,2-Diacyl-sn-glycerol dioctadecanoyl	C39H76O5	0	Name: 1,2-Diacyl-sn-glycerol dioctadecanoyl|BiGG: 12dgr180
cpd15312	12dgr181	1,2-Diacyl-sn-glycerol dioctadec-11-enoyl	C39H72O5	0	Name: 1,2-Diacyl-sn-glycerol dioctadec-11-enoyl|BiGG: 12dgr181
cpd15313	1agpe120	1-Acyl-sn-glycero-3-phosphoethanolamine dodecanoyl	C17H36NO7P	0	Name: 1-Acyl-sn-glycero-3-phosphoethanolamine dodecanoyl|BiGG: 1agpe120
cpd15314	1agpe140	1-Acyl-sn-glycero-3-phosphoethanolamine tetradecanoyl	C19H40NO7P	0	Name: 1-Acyl-sn-glycero-3-phosphoethanolamine tetradecanoyl|BiGG: 1agpe140
cpd15315	1agpe141	1-Acyl-sn-glycero-3-phosphoethanolamine tetradec-7-enoyl	C19H38NO7P	0	Name: 1-Acyl-sn-glycero-3-phosphoethanolamine tetradec-7-enoyl|BiGG: 1agpe141
cpd15316	1agpe160	1-Acyl-sn-glycero-3-phosphoethanolamine hexadecanoyl	C21H44NO7P	0	Name: 1-Acyl-sn-glycero-3-phosphoethanolamine hexadecanoyl|BiGG: 1agpe160
cpd15317	1agpe161	1-Acyl-sn-glycero-3-phosphoethanolamine hexadec-9-enoyl	C21H42NO7P	0	Name: 1-Acyl-sn-glycero-3-phosphoethanolamine hexadec-9-enoyl|BiGG: 1agpe161
cpd15318	1agpg120	1-Acyl-sn-glycero-3-phosphoglycerol dodecanoyl	C18H36O9P	-1	Name: 1-Acyl-sn-glycero-3-phosphoglycerol dodecanoyl|BiGG: 1agpg120
cpd15319	1agpg140	1-Acyl-sn-glycero-3-phosphoglycerol tetradecanoyl	C20H40O9P	-1	Name: 1-Acyl-sn-glycero-3-phosphoglycerol tetradecanoyl|BiGG: 1agpg140
cpd15320	1agpg141	1-Acyl-sn-glycero-3-phosphoglycerol tetradec-7-enoyl	C20H38O9P	-1	Name: 1-Acyl-sn-glycero-3-phosphoglycerol tetradec-7-enoyl|BiGG: 1agpg141
cpd15321	1agpg160	1-Acyl-sn-glycero-3-phosphoglycerol hexadecanoyl	C22H44O9P	-1	Name: 1-Acyl-sn-glycero-3-phosphoglycerol hexadecanoyl|BiGG: 1agpg160
cpd15322	1agpg161	1-Acyl-sn-glycero-3-phosphoglycerol hexadec-9-enoyl	C22H42O9P	-1	Name: 1-Acyl-sn-glycero-3-phosphoglycerol hexadec-9-enoyl|BiGG: 1agpg161
cpd15323	1agpg180	1-Acyl-sn-glycero-3-phosphoglycerol octadecanoyl	C24H48O9P	-1	Name: 1-Acyl-sn-glycero-3-phosphoglycerol octadecanoyl|BiGG: 1agpg180
cpd15324	1agpg181	1-Acyl-sn-glycero-3-phosphoglycerol octadec-11-enoyl	C24H46O9P	-1	Name: 1-Acyl-sn-glycero-3-phosphoglycerol octadec-11-enoyl|BiGG: 1agpg181
cpd15325	1ddecg3p	1-dodecanoyl-sn-glycerol 3-phosphate	C15H29O7P	-2	Name: 1-dodecanoyl-sn-glycerol 3-phosphate; 1-lauroyl-sn-glycerol 3-phosphate|BiGG: 1ddecg3p
cpd15326	1hdec9eg3p	1-hexadec-9-enoyl-sn-glycerol 3-phosphate	C19H36O7P	-1	Name: 1-hexadec-9-enoyl-sn-glycerol 3-phosphate|BiGG: 1hdec9eg3p
cpd15327	1hdecg3p	1-hexadecanoyl-sn-glycerol 3-phosphate	C19H38O7P	-1	Name: 1-hexadecanoyl-sn-glycerol 3-phosphate|BiGG: 1hdecg3p
cpd15328	1odec11eg3p	1-octadec-11-enoyl-sn-glycerol 3-phosphate	C21H40O7P	-1	Name: 1-octadec-11-enoyl-sn-glycerol 3-phosphate|BiGG: 1odec11eg3p
cpd15329	1odecg3p	1-octadecanoyl-sn-glycerol 3-phosphate	C21H41O7P	-2	Name: 1-octadecanoyl-sn-glycerol 3-phosphate; 1-stearoyl-sn-glycerol 3-phosphate; 1-stearoylglycerol 3-phosphate|BiGG: 1odecg3p
cpd15330	1tdec7eg3p	1-tetradec-7-enoyl-sn-glycerol 3-phosphate	C17H32O7P	-1	Name: 1-tetradec-7-enoyl-sn-glycerol 3-phosphate|BiGG: 1tdec7eg3p
cpd15331	1tdecg3p	1-tetradecanoyl-sn-glycerol 3-phosphate	C17H33O7P	-2	Name: 1-myristoyl-sn-glycerol 3-phosphate; 1-myristoylglycerol 3-phosphate; 1-tetradecanoyl-sn-glycerol 3-phosphate|BiGG: 1tdecg3p
cpd15336	2agpe120	2-Acyl-sn-glycero-3-phosphoethanolamine dodecanoyl	C17H36NO7P	0	Name: 2-Acyl-sn-glycero-3-phosphoethanolamine dodecanoyl|BiGG: 2agpe120
cpd15337	2agpe140	2-Acyl-sn-glycero-3-phosphoethanolamine tetradecanoyl	C19H40NO7P	0	Name: 2-Acyl-sn-glycero-3-phosphoethanolamine tetradecanoyl|BiGG: 2agpe140
cpd15338	2agpe141	2-Acyl-sn-glycero-3-phosphoethanolamine tetradec-7-enoyl	C19H38NO7P	0	Name: 2-Acyl-sn-glycero-3-phosphoethanolamine tetradec-7-enoyl|BiGG: 2agpe141
cpd15339	2agpe160	2-Acyl-sn-glycero-3-phosphoethanolamine (n-C16:0)	C21H44NO7P	0	Name: 2-Acyl-sn-glycero-3-phosphoethanolamine (n-C16:0); 2-Acyl-sn-glycero-3-phosphoethanolamine hexadecanoyl|BiGG: 2agpe160
cpd15340	2agpe161	2-Acyl-sn-glycero-3-phosphoethanolamine hexadec-9-enoyl	C21H42NO7P	0	Name: 2-Acyl-sn-glycero-3-phosphoethanolamine hexadec-9-enoyl|BiGG: 2agpe161
cpd15341	2agpe180	2-Acyl-sn-glycero-3-phosphoethanolamine (n-C18:0)	C23H48NO7P	0	Name: 2-Acyl-sn-glycero-3-phosphoethanolamine (n-C18:0); 2-Acyl-sn-glycero-3-phosphoethanolamine octadecanoyl|BiGG: 2agpe180
cpd15342	2agpe181	2-Acyl-sn-glycero-3-phosphoethanolamine octadec-11-enoyl	C23H46NO7P	0	Name: 2-Acyl-sn-glycero-3-phosphoethanolamine octadec-11-enoyl|BiGG: 2agpe181
cpd15343	2agpg120	2-Acyl-sn-glycero-3-phosphoglycerol dodecanoyl	C18H36O9P	-1	Name: 2-Acyl-sn-glycero-3-phosphoglycerol dodecanoyl|BiGG: 2agpg120
cpd15344	2agpg140	2-Acyl-sn-glycero-3-phosphoglycerol tetradecanoyl	C20H40O9P	-1	Name: 2-Acyl-sn-glycero-3-phosphoglycerol tetradecanoyl|BiGG: 2agpg140
cpd15345	2agpg141	2-Acyl-sn-glycero-3-phosphoglycerol tetradec-7-enoyl	C20H38O9P	-1	Name: 2-Acyl-sn-glycero-3-phosphoglycerol tetradec-7-enoyl|BiGG: 2agpg141
cpd15346	2agpg160	2-Acyl-sn-glycero-3-phosphoglycerol hexadecanoyl	C22H44O9P	-1	Name: 2-Acyl-sn-glycero-3-phosphoglycerol hexadecanoyl|BiGG: 2agpg160
cpd15347	2agpg161	2-Acyl-sn-glycero-3-phosphoglycerol hexadec-9-enoyl	C22H42O9P	-1	Name: 2-Acyl-sn-glycero-3-phosphoglycerol hexadec-9-enoyl|BiGG: 2agpg161
cpd15348	2agpg180	2-Acyl-sn-glycero-3-phosphoglycerol octadecanoyl	C24H48O9P	-1	Name: 2-Acyl-sn-glycero-3-phosphoglycerol octadecanoyl|BiGG: 2agpg180
cpd15349	2agpg181	2-Acyl-sn-glycero-3-phosphoglycerol octadec-11-enoyl	C24H46O9P	-1	Name: 2-Acyl-sn-glycero-3-phosphoglycerol octadec-11-enoyl|BiGG: 2agpg181
cpd15350	2ddecg3p	2-dodecanoyl-sn-glycerol 3-phosphate	C15H30O7P	-1	Name: 2-dodecanoyl-sn-glycerol 3-phosphate|BiGG: 2ddecg3p
cpd15352	2dmmq8	2-Demethylmenaquinone 8	C50H70O2	0	Name: 2-Demethylmenaquinone 8; 2-demethylmenaquinone 8; 2-demethylmenaquinone-8; DMK-8; demethylmenaquinone; demethylmenaquinone 8; demethylmenaquinone-8|BiGG: 2dmmq8
cpd15353	2dmmql8	2-Demethylmenaquinol 8	C50H72O2	0	Name: 2-Demethylmenaquinol 8; 2-demethylmenaquinol-8; DMKH2-8; demethylmenaquinol-8|BiGG: 2dmmql8
cpd15354	2hdec9eg3p	2-hexadec-9-enoyl-sn-glycerol 3-phosphate	C19H36O7P	-1	Name: 2-hexadec-9-enoyl-sn-glycerol 3-phosphate|BiGG: 2hdec9eg3p
cpd15355	2hdecg3p	2-hexadecanoyl-sn-glycerol 3-phosphate	C19H38O7P	-1	Name: 2-hexadecanoyl-sn-glycerol 3-phosphate|BiGG: 2hdecg3p
cpd15357	2odec11eg3p	2-octadec-11-enoyl-sn-glycerol 3-phosphate	C21H40O7P	-1	Name: 2-octadec-11-enoyl-sn-glycerol 3-phosphate|BiGG: 2odec11eg3p
cpd15358	2odecg3p	2-octadecanoyl-sn-glycerol 3-phosphate	C21H42O7P	-1	Name: 2-octadecanoyl-sn-glycerol 3-phosphate|BiGG: 2odecg3p
cpd15359	2ombzl	2-Octaprenyl-6-methoxy-1,4-benzoquinol	C47H72O3	0	Name: 2-Octaprenyl-6-methoxy-1,4-benzoquinol; 2-Octaprenyl-6-methoxy-1-4-benzoquinol; 2-methoxy-6-all trans-octaprenyl-1,4-benzoquinol; 2-methoxy-6-all trans-octaprenyl-2-methoxy-1,4-benzoquinol; 2-methoxy-6-octaprenyl-2-methoxy-1,4-benzoquinol; 2-octaprenyl-6-methoxy-1,4-benzoquinol; 2-octaprenyl-6-methoxy-benzene-1,4-diol; 2-octaprenyl-6-methoxyhydroquinone; 2-octaprenyl-6-methoxyquinol|BiGG: 2ombz; 2ombzl
cpd15361	2ommbl	2-Octaprenyl3-methyl-6-methoxy- 1,4-benzoquinol	C48H74O3	0	Name: 2-Octaprenyl-3-methyl-6-methoxy- 1,4-benzoquinol; 2-Octaprenyl-3-methyl-6-methoxy-1-4-benzoquinol; 2-Octaprenyl3-methyl-6-methoxy- 1,4-benzoquinol; 2-octaprenyl-3-methyl-6-methoxy-1,4-benzenediol; 2-octaprenyl-3-methyl-6-methoxy-1,4-benzoquinol; 2-octaprenyl-3-methyl-6-methoxyhydroquinone; 2-octaprenyl-3-methyl-6-methoxyquinol; 6-methoxy-3-methyl-2-all-trans-octaprenyl-1,4-benzoquinol; 6-methoxy-3-methyl-2-octaprenyl-1,4-benzoquinol; 6-methoxy-3-methyl-2-octaprenylquinol|BiGG: 2ommb; 2ommbl
cpd15362	2tdec7eg3p	2-tetradec-7-enoyl-sn-glycerol 3-phosphate	C17H32O7P	-1	Name: 2-tetradec-7-enoyl-sn-glycerol 3-phosphate|BiGG: 2tdec7eg3p
cpd15363	2tdecg3p	2-tetradecanoyl-sn-glycerol 3-phosphate	C17H34O7P	-1	Name: 2-tetradecanoyl-sn-glycerol 3-phosphate|BiGG: 2tdecg3p
cpd15369	3hcpalm9eACP	(R)-3-hydroxy-cis-palm-9-eoyl-[acyl-carrier protein]	C27H49N2O9PRS	-1	Name: (R)-3-hydroxy-cis-palm-9-eoyl-[acyl-carrier protein]|BiGG: 3hcpalm9eACP
cpd15375	3ocpalm9eACP	3-oxo-cis-palm-9-eoyl-[acyl-carrier protein]	C27H47N2O9PRS	-1	Name: 3-oxo-cis-palm-9-eoyl-[acyl-carrier protein]|BiGG: 3ocpalm9eACP
cpd15378	4hba	4-Hydroxy-benzylalcohol	C7H8O2	0	Name: 4-(hydroxymethyl)phenol; 4-Hydroxy-benzyl alcohol; 4-Hydroxy-benzylalcohol; 4-Hydroxybenzyl alcohol; 4-hydroxybenzyl alcohol; p-Hydroxybenzyl alcohol; p-Methylolphenol; p-hydroxybenzyl alcohol; p-methylolphenol|BiGG: 4hba|KEGG: C17467
cpd15380	5drib	5'-deoxyribose	C5H10O4	0	Name: 5'-deoxyribose; 5-Deoxy-D-ribose; 5-deoxy-D-ribose|BiGG: 5drib
cpd15417	cdpdddecg	CDP-1,2-didodecanoylglycerol	C36H63N3O15P2	-2	Name: CDP-1,2-didodecanoylglycerol|BiGG: cdpdddecg
cpd15418	cdpdhdec9eg	CDP-1,2-dihexadec-9-enoylglycerol	C44H75N3O15P2	-2	Name: CDP-1,2-dihexadec-9-enoylglycerol|BiGG: cdpdhdec9eg
cpd15419	cdpdhdecg	CDP-1,2-dihexadecanoylglycerol	C44H79N3O15P2	-2	Name: CDP-1,2-dihexadecanoylglycerol|BiGG: cdpdhdecg
cpd15420	cdpdodec11eg	CDP-1,2-dioctadec-11-enoylglycerol	C48H83N3O15P2	-2	Name: CDP-1,2-dioctadec-11-enoylglycerol|BiGG: cdpdodec11eg
cpd15421	cdpdodecg	CDP-1,2-dioctadecanoylglycerol	C48H87N3O15P2	-2	Name: CDP-1,2-dioctadecanoylglycerol|BiGG: cdpdodecg
cpd15422	cdpdtdec7eg	CDP-1,2-ditetradec-7-enoylglycerol	C40H67N3O15P2	-2	Name: CDP-1,2-ditetradec-7-enoylglycerol|BiGG: cdpdtdec7eg
cpd15423	cdpdtdecg	CDP-1,2-ditetradecanoylglycerol	C40H71N3O15P2	-2	Name: CDP-1,2-ditetradecanoylglycerol|BiGG: cdpdtdecg
cpd15431	clpn181	cardiolipin tetraoctadec-11-enoyl	C81H148O17P2	-2	Name: cardiolipin (tetraoctadec-11-enoyl, n-C18:1); cardiolipin tetraoctadec-11-enoyl|BiGG: clpn181
cpd15432	colipa	core oligosaccharide lipid A	C176H303N2O100P4	-11	Name: core oligosaccharide lipid A|BiGG: colipa
cpd15469	gagicolipa	galactosyl-glucosyl-inner core oligosaccharide lipid A	C157H271N2O84P4	-11	Name: galactosyl-glucosyl-inner core oligosaccharide lipid A|BiGG: gagicolipa
cpd15475	ggagicolipa	glucosyl-galactosyl-glucosyl-inner core oligosaccharide lipid A	C163H281N2O89P4	-11	Name: glucosyl-galactosyl-glucosyl-inner core oligosaccharide lipid A|BiGG: ggagicolipa
cpd15477	gggagicolipa	glucosyl-glucosyl-galactosyl-glucosyl-inner core oligosaccharide lipid A	C169H291N2O94P4	-11	Name: glucosyl-glucosyl-galactosyl-glucosyl-inner core oligosaccharide lipid A|BiGG: gggagicolipa
cpd15479	gicolipa	glucosyl-inner core oligosaccharide lipid A	C151H261N2O79P4	-11	Name: galactosyl-inner core oligosaccharide lipid A; galactosyl-inner core polysaccharide-lipid A; glucosyl-inner core oligosaccharide lipid A|BiGG: gicolipa
cpd15484	hhlipa	heptosyl-heptosyl-kdo2-lipidA	C124H220N2O51P2	-6	Name: (heptosyl)2-(KDO)2-lipid A; (heptosyl)2-Kdo2-lipid A; Rd1 LPS; heptosyl-heptosyl-Kdo2-lipidA; heptosyl-heptosyl-kdo2-lipidA; heptosyl2-Kdo2-lipid A|BiGG: hhlipa
cpd15485	hlipa	heptosyl-kdo2-lipidA	C117H208N2O45P2	-6	Name: Rd2 LPS; heptosyl-Kdo2-lipid A; heptosyl-kdo2-lipidA|BiGG: hlipa
cpd15488	hphhlipa	heptosyl-phospho-heptosyl-heptosyl-kdo2-lipidA	C131H231N2O60P3	-8	Name: heptosyl-phospho-heptosyl-heptosyl-Kdo2-lipidA; heptosyl-phospho-heptosyl-heptosyl-kdo2-lipidA; inner core oligosaccharide-lipid A|BiGG: hphhlipa
cpd15489	icolipa	inner core oligosaccharide lipid A	C145H255N2O74P4	-7	Name: inner core oligosaccharide lipid A|BiGG: icolipa
cpd15492	kphphhlipa	kdo-phospho-heptosyl-phospho-heptosyl-heptosyl-kdo2-lipidA	C139H241N2O70P4	-11	Name: Kdo-phospho-heptosyl-phospho-heptosyl-heptosyl-Kdo2-lipidA; inner core oligosaccharide-lipid A with Kdo(III) (E. coli); kdo-phospho-heptosyl-phospho-heptosyl-heptosyl-kdo2-lipidA|BiGG: kphphhlipa
cpd15495	maltpt	Maltopentaose	C30H52O26	0	Name: Maltopentaose; maltopentaose|BiGG: maltpt
cpd15499	mql8	Menaquinol 8	C51H74O2	0	Name: MKH2-8; Menaquinol 8; menaquinol-8; reduced menaquinone-8|BiGG: mql8
cpd15500	mqn8	Menaquinone 8	C51H72O2	0	Name: MK-8; Menaquinone 8; menaquinone-8; mql7|BiGG: mqn8
cpd15521	pa120	1,2-didodecanoyl-sn-glycerol 3-phosphate	C27H52O8P	-1	Name: 1,2-didodecanoyl-sn-glycerol 3-phosphate|BiGG: pa120
cpd15522	pa140	1,2-ditetradecanoyl-sn-glycerol 3-phosphate	C31H60O8P	-1	Name: 1,2-ditetradecanoyl-sn-glycerol 3-phosphate|BiGG: pa140
cpd15523	pa141	1,2-ditetradec-7-enoyl-sn-glycerol 3-phosphate	C31H56O8P	-1	Name: 1,2-ditetradec-7-enoyl-sn-glycerol 3-phosphate|BiGG: pa141
cpd15524	pa160	1,2-dihexadecanoyl-sn-glycerol 3-phosphate	C35H68O8P	-1	Name: 1,2-dihexadecanoyl-sn-glycerol 3-phosphate|BiGG: pa160
cpd15525	pa161	1,2-dihexadec-9-enoyl-sn-glycerol 3-phosphate	C35H64O8P	-1	Name: 1,2-dihexadec-9-enoyl-sn-glycerol 3-phosphate|BiGG: pa161
cpd15526	pa180	1,2-dioctadecanoyl-sn-glycerol 3-phosphate	C39H76O8P	-1	Name: 1,2-dioctadecanoyl-sn-glycerol 3-phosphate|BiGG: pa180
cpd15527	pa181	1,2-dioctadec-11-enoyl-sn-glycerol 3-phosphate	C39H72O8P	-1	Name: 1,2-dioctadec-11-enoyl-sn-glycerol 3-phosphate|BiGG: pa181
cpd15528	pe120	phosphatidylethanolamine didodecanoyl	C29H58NO8P	0	Name: phosphatidylethanolamine (didodecanoyl, n-C12:0); phosphatidylethanolamine didodecanoyl|BiGG: pe120
cpd15529	pe140	phosphatidylethanolamine ditetradecanoyl	C33H66NO8P	0	Name: phosphatidylethanolamine ditetradecanoyl|BiGG: pe140
cpd15530	pe141	phosphatidylethanolamine ditetradec-7-enoyl	C33H62NO8P	0	Name: phosphatidylethanolamine ditetradec-7-enoyl|BiGG: pe141
cpd15531	pe160	phosphatidylethanolamine dihexadecanoyl	C37H74NO8P	0	Name: phosphatidylethanolamine dihexadecanoyl|BiGG: pe160
cpd15532	pe161	phosphatidylethanolamine dihexadec-9enoyl	C37H70NO8P	0	Name: phosphatidylethanolamine (dihexadec-9enoyl, n-C16:1); phosphatidylethanolamine dihexadec-9enoyl|BiGG: pe161
cpd15533	pe180	phosphatidylethanolamine dioctadecanoyl	C41H82NO8P	0	Name: phosphatidylethanolamine dioctadecanoyl|BiGG: pe180
cpd15534	pe181	phosphatidylethanolamine dioctadec-11-enoyl	C41H78NO8P	0	Name: phosphatidylethanolamine (dioctadec-11-enoyl, n-C18:1); phosphatidylethanolamine dioctadec-11-enoyl|BiGG: pe181
cpd15535	pg120	Phosphatidylglycerol didodecanoyl	C30H58O10P	-1	Name: Phosphatidylglycerol (didodecanoyl, n-C12:0); Phosphatidylglycerol didodecanoyl|BiGG: pg120
cpd15536	pg140	Phosphatidylglycerol ditetradecanoyl	C34H66O10P	-1	Name: Phosphatidylglycerol ditetradecanoyl|BiGG: pg140
cpd15537	pg141	Phosphatidylglycerol ditetradec-7-enoyl	C34H62O10P	-1	Name: Phosphatidylglycerol ditetradec-7-enoyl|BiGG: pg141
cpd15538	pg160	Phosphatidylglycerol dihexadecanoyl	C38H74O10P	-1	Name: Phosphatidylglycerol (dihexadecanoyl, n-C16:0); Phosphatidylglycerol dihexadecanoyl|BiGG: pg160
cpd15539	pg161	Phosphatidylglycerol dihexadec-9-enoyl	C38H70O10P	-1	Name: Phosphatidylglycerol (dihexadec-9-enoyl, n-C16:1); Phosphatidylglycerol dihexadec-9-enoyl|BiGG: pg161
cpd15540	pg180	Phosphatidylglycerol dioctadecanoyl	C42H82O10P	-1	Name: Phosphatidylglycerol (dioctadecanoyl, n-C18:0); Phosphatidylglycerol dioctadecanoyl|BiGG: pg180
cpd15541	pg181	Phosphatidylglycerol dioctadec-11-enoyl	C42H78O10P	-1	Name: Phosphatidylglycerol (dioctadec-11-enoyl, n-C18:1); Phosphatidylglycerol dioctadec-11-enoyl|BiGG: pg181
cpd15542	pgp120	Phosphatidylglycerophosphate didodecanoyl	C30H58O13P2	-2	Name: Phosphatidylglycerophosphate (didodecanoyl, n-C12:0); Phosphatidylglycerophosphate didodecanoyl|BiGG: pgp120
cpd15543	pgp140	Phosphatidylglycerophosphate ditetradecanoyl	C34H66O13P2	-2	Name: Phosphatidylglycerophosphate ditetradecanoyl|BiGG: pgp140
cpd15544	pgp141	Phosphatidylglycerophosphate ditetradec-7-enoyl	C34H62O13P2	-2	Name: Phosphatidylglycerophosphate ditetradec-7-enoyl|BiGG: pgp141
cpd15545	pgp160	Phosphatidylglycerophosphate dihexadecanoyl	C38H74O13P2	-2	Name: Phosphatidylglycerophosphate (dihexadecanoyl, n-C16:0); Phosphatidylglycerophosphate dihexadecanoyl|BiGG: pgp160
cpd15546	pgp161	Phosphatidylglycerophosphate dihexadec-9-enoyl	C38H70O13P2	-2	Name: Phosphatidylglycerophosphate dihexadec-9-enoyl|BiGG: pgp161
cpd15547	pgp180	Phosphatidylglycerophosphate dioctadecanoyl	C42H82O13P2	-2	Name: Phosphatidylglycerophosphate (dioctadecanoyl, n-C18:0); Phosphatidylglycerophosphate dioctadecanoyl|BiGG: pgp180
cpd15548	pgp181	Phosphatidylglycerophosphate dioctadec-11-enoyl	C42H78O13P2	-2	Name: Phosphatidylglycerophosphate (dioctadec-11-enoyl, n-C18:1); Phosphatidylglycerophosphate dioctadec-11-enoyl|BiGG: pgp181
cpd15549	phhlipa	phospho-heptosyl-heptosyl-kdo2-lipidA	C124H219N2O54P3	-8	Name: phospho-heptosyl-heptosyl-Kdo2-lipidA; phospho-heptosyl-heptosyl-kdo2-lipidA|BiGG: phhlipa
cpd15550	phphhlipa	phospho-heptosyl-phospho-heptosyl-heptosyl-kdo2-lipidA	C131H230N2O63P4	-10	Name: phospho-heptosyl-phospho-heptosyl-heptosyl-Kdo2-lipidA; phospho-heptosyl-phospho-heptosyl-heptosyl-kdo2-lipidA|BiGG: phphhlipa
cpd15552	ps120	phosphatidylserine didodecanoyl	C30H56NO10P	-2	Name: phosphatidylserine (didodecanoyl, n-C12:0); phosphatidylserine didodecanoyl|BiGG: ps120
cpd15553	ps140	phosphatidylserine ditetradecanoyl	C34H64NO10P	-2	Name: phosphatidylserine ditetradecanoyl|BiGG: ps140
cpd15554	ps141	phosphatidylserine ditetradec-7-enoyl	C34H60NO10P	-2	Name: phosphatidylserine ditetradec-7-enoyl|BiGG: ps141
cpd15555	ps160	phosphatidylserine dihexadecanoyl	C38H72NO10P	-2	Name: phosphatidylserine dihexadecanoyl|BiGG: ps160
cpd15556	ps161	phosphatidylserine dihexadec-9-enoyl	C38H68NO10P	-2	Name: phosphatidylserine (dihexadec-9-enoyl, n-C16:1); phosphatidylserine dihexadec-9-enoyl|BiGG: ps161
cpd15557	ps180	phosphatidylserine dioctadecanoyl	C42H80NO10P	-2	Name: phosphatidylserine dioctadecanoyl|BiGG: ps180
cpd15558	ps181	phosphatidylserine dioctadec-11-enoyl	C42H76NO10P	-2	Name: phosphatidylserine (dioctadec-11-enoyl, n-C18:1); phosphatidylserine dioctadec-11-enoyl|BiGG: ps181
cpd15560	q8	Ubiquinone-8	C49H74O4	0	Name: Coenzyme Q8; Ubiquinone-8; coenzyme-Q8; ubiquinone(8); ubiquinone-8|BiGG: q8; q8h2|KEGG: C17569
cpd15561	q8h2	Ubiquinol-8	C49H76O4	0	Name: Ubiquinol-8; ubiquinol(8); ubiquinol-8|BiGG: q8; q8h2
cpd15574	wo4	tungstate	O4W	-2	Name: Tungstate; Tungstic acid; tungstate; wolframate|BiGG: tungs|KEGG: C20679
cpd15609	hpdca	heptadecanoate (C17:0)	C17H33O2	-1	Name: heptadecanoate (C17:0)|BiGG: hpdca
cpd15622	ptdca	pentadecanoate (C15:0)	C15H29O2	-1	Name: pentadecanoate (C15:0); pentadecanoate (n-C15:0)|BiGG: ptdca
cpd15647	agpe	acyl-glycerophosphoethanolamine	C6H13NO7PR	0	Name: acyl-glycerophosphoethanolamine|BiGG: agpe_EC
cpd15648	agpg	acyl-glycerophosphoglycerol	C7H13O9PR	-1	Name: acyl-glycerophosphoglycerol|BiGG: agpg_EC
cpd15654	peptido_EC	PeptidoglycansubunitofEscherichiacoli	C40H62N8O21	-2	Name: Peptidoglycan subunit of Escherichia coli; PeptidoglycansubunitofEscherichiacoli|BiGG: peptido_EC
cpd15658	srch	Sirochlorin	C42H39N4O16	-7	Name: Sirochlorin|BiGG: srch
cpd16174	cbs_345	Na(2+)	Na	1	Name: Na(2+); Na+; Sodium; Sodium cation; Sodium ion; Sodium(1+); sodium ion|BiGG: na1|KEGG: C01330
cpd17001	5678thh	(6R)-6-(L-erythro-1,2-Dihydroxypropyl)-5,6,7,8-tetrahydro-4a-hydroypterin	C9H14N4O3	0	Name: (6R)-6-(L-erythro-1,2-Dihydroxypropyl)-5,6,7,8-tetrahydro-4a-hydroypterin
cpd17003	Cr(OH)3	Cr(OH)3	H3CrO3	0	Name: Cr(OH)3
cpd17004	ckdo8n	CMP-8-amino-3,8-dideoxy-D-manno-oct-2-ulosonic acid	C17H26N4O14P	0	Name: CMP-8-amino-3,8-dideoxy-D-manno-oct-2-ulosonic acid
cpd17005	cobalt3	Co3+	Co	3	Name: Co3+; Cobalt(III)
cpd17006	dna_Son	DNA, Shewanella oneidensis MR-1	C977H1127N373O600P100	0	Name: DNA, Shewanella oneidensis MR-1
cpd17007	fa11ACP	Iso-C17:0 ACP	C17H33OX	0	Name: Iso-C17:0 ACP
cpd17008	fa13	Iso-C13:0	C13H25O2	0	Name: Iso-C13:0
cpd17009	fa13ACP	Iso-C13:0 ACP	C13H25OX	0	Name: Iso-C13:0 ACP
cpd17010	fa14ACP	Fatty Acid (n-C5:0 ACP)	C5H9OX	0	Name: Fatty Acid (n-C5:0 ACP)
cpd17011	fa1ACP	Iso-C14:0 ACP	C14H27OX	0	Name: Iso-C14:0 ACP
cpd17012	fa3ACP	iso-C15:0 ACP	C15H29OX	0	Name: iso-C15:0 ACP
cpd17013	fa6ACP	Iso-C16:0 ACP	C16H31OX	0	Name: Iso-C16:0 ACP
cpd17014	fa7ACP	Iso-C7:0 ACP	C7H13OX	0	Name: Iso-C7:0 ACP
cpd17015	fa8ACP	Iso-C6:0 ACP	C6H11OX	0	Name: Iso-C6:0 ACP
cpd17018	hpdACP	heptadecanoyl-ACP (n-C17:0ACP)	C17H33OX	0	Name: heptadecanoyl-ACP (n-C17:0ACP)
cpd17020	hpde	heptadecenoate (n-C17:1)	C17H31O2	0	Name: heptadecenoate (n-C17:1)
cpd17021	hpdeACP	heptadecenoyl ACP (C17:1ACP)	C17H31OX	0	Name: heptadecenoyl ACP (C17:1ACP)
cpd17022	kdo8nlipa	Kdo8N-lipid (A)	C102H187N3O31P2	0	Name: Kdo8N-lipid (A)
cpd17023	kdo8nlipid4	Kdo8N-lipid IV(A)	C76H139N3O29P2	0	Name: Kdo8N-lipid IV(A)
cpd17024	kdo8nlipid4L	Kdo8N-lipid IV(A) with laurate	C88H161N3O30P2	0	Name: Kdo8N-lipid IV(A) with laurate
cpd17025	lps_SO	lps (S. oneidensis MR-1)	C135H241N4O63P4	0	Name: lps (S. oneidensis MR-1)
cpd17026	mmql7	methymenaquinol 7	C47H68O2	0	Name: methymenaquinol 7
cpd17027	mmqn7	methylmenaquinone 7	C47H66O2	0	Name: methylmenaquinone 7
cpd17028	mn4o	Manganese(IV) oxide	MnO2	0	Name: Manganese(IV) oxide; MnIVO2; MnO2; manganese(IV) oxide
cpd17029	pdACP	pentadecanoyl-ACP (n-C15:0ACP)	C15H29OX	0	Name: pentadecanoyl-ACP (n-C15:0ACP)
cpd17030	pde	pentadecenoate (n-C15:1)	C15H27O2	0	Name: pentadecenoate (n-C15:1)
cpd17031	pdeACP	pentadecenoyl-ACP (C15:1ACP)	C15H27OX	0	Name: pentadecenoyl-ACP (C15:1ACP)
cpd17032	peptx	Peptidoglycan subunit crosslinked	C37H55N7O19	0	Name: Peptidoglycan subunit crosslinked
cpd17033	protein_Son_aerobic	protein for shewanella MR-1 (aerobic growth)	C47395H74290N13364O15024S364	0	Name: protein for shewanella MR-1 (aerobic growth)
cpd17035	rna_Son	RNA, Shewanella oneidensis MR-1	C950H1073N373O700P100	0	Name: RNA, Shewanella oneidensis MR-1
cpd17036	unknown1	Unknown Product	C8H10N2O6	0	Name: Unknown Product
cpd17037	urdio	Uranium dioxide	O2U	0	Name: Uranium dioxide
cpd17038	urnyl	Uranyl	O2U	0	Name: Uranyl
cpd19004	1,2-Diacyl-sn-glycerol	1,2-Diacyl-sn-glycerol	C5H6O5R2	0	Name: 1,2-Diacyl-sn-glycerol; 1,2-Diacylglycerol; L-1,2-Diacylglycerol|BiGG: 12dgr_EC|KEGG: C00641
cpd19012	Hydrogen cyanide	Hydrogen cyanide	CHN	0	Name: CN-; Cyanide; Cyanide ion; Cyano; HCN; Hydrogen cyanide; Prussiate; cyanide; hydrocyanic acid; hydrogen cyanide|BiGG: cyan|KEGG: C00177; C01326
cpd19013	NH4+	NH4+	H4N	1	Name: Ammonia; Ammonia ion; Ammonium; Ammonium(1+); NH3; NH4+; NH4plus; ammonia; ammonium|BiGG: nh3; nh4|KEGG: C00014; C01342
cpd19019	L-Cystathionine	L-Cystathionine	C7H14N2O4S	0	Name: L-Cystathionine; L-cystathionine; cystathionine|BiGG: cyst__L; cysth__L|KEGG: C02291
cpd19028	alpha-D-Ribose 5-phosphate	alpha-D-Ribose 5-phosphate	C5H9O8P	-2	Name: alpha-D-Ribose 5-phosphate; alpha-D-ribofuranose 5-phosphate; alpha-D-ribose 5-phosphate|BiGG: r5p|KEGG: C03736
cpd19030	(R)-2,3-Dihydroxy-3-methylbutanoate	(R)-2,3-Dihydroxy-3-methylbutanoate	C5H9O4	-1	Name: (2R)-2,3-Dihydroxy-3-methylbutanoate; (2R)-2,3-dihydroxy-3-methylbutanoate; (R)-2,3-Dihydroxy-3-methylbutanoate; (R)-2,3-Dihydroxy-isovalerate; (R)-2,3-Dihydroxy-isovaleric acid; (R)-2,3-dihydroxy-3-methylbutanoate; (R)-2,3-dihydroxy-isovalerate|BiGG: 23dhmb|KEGG: C04272
cpd19032	1-(5'-Phosphoribosyl)-5-amino-4-(N-succinocarboxamide)-imidazole	1-(5'-Phosphoribosyl)-5-amino-4-(N-succinocarboxamide)-imidazole	C13H15N4O12P	-4	Name: (S)-2-[5-Amino-1-(5-phospho-D-ribosyl)imidazole-4- carboxamido]succinate; (S)-2-[5-Amino-1-(5-phospho-D-ribosyl)imidazole-4-carboxamido]succinate; (S)-2-[5-amino-1-(5-phospho-D-ribosyl)imidazole-4-carboxamido]succinate; 1-(5'-Phosphoribosyl)-4-(N-succinocarboxamide)-5-aminoimidazole; 1-(5'-Phosphoribosyl)-5-amino-4-(N-succinocarboxamide)-imidazole; 1-(5'-phosphoribosyl)-4-(N-succino-carboxamide)-5-aminoimidazole; 1-(5-Phosphoribosyl)-4-(N-succinocarboxamide)-5-aminoimidazole; 1-(5-phosphoribosyl)-4-(N-succino-carboxamide)- 5-aminoimidazole; 1-(5-phosphoribosyl)-4-(N-succino-carboxamide)-5-aminoimidazole; 5'-P-ribosyl-4-(N-succinocarboxamide)-5-aminoimidazole; 5'-Phosphoribosyl-4-(N-succinocarboxamide)-5-aminoimidazole; 5'-p-Ribosyl-4-(N-succinocarboxamide)-5-amino imidazole; 5'-phosphoribosyl-4-(N-succinocarboxamide)-5-aminoimidazole; 5-phosphoribosyl-4-(N-succino-carboxamide)- 5-aminoimidazole; S-2-5-Amino-1-(5-phospho-D-ribosyl)imidazole-4-carboxamido-succinate; SAICAR|BiGG: 25aics|KEGG: C04823
cpd19039	1-Aminopropan-2-ol	1-Aminopropan-2-ol	C3H10NO	1	Name: (R)-1-aminopropan-2-ol; (R)-1-aminopropanol; 1-Amino-2-propanol; 1-Aminopropan-2-ol; 1-amino-2-propanol; 1-amino-propan-2-ol; 3-amino-2-propanol; D-1-amino-2-propanol; D-1-aminopropan-2-ol; DL-1-amino-2-propanol; aminopropanol|BiGG: appl|KEGG: C05771
cpd19044	(S)-Methylmalonate semialdehyde	(S)-Methylmalonate semialdehyde	C4H5O3	-1	Name: (S)-2-methyl-3-oxopropanoate; (S)-Methylmalonate semialdehyde; (S)-ch3-malonate-semialdehyde; (S)-methylmalonate-semialdehyde|BiGG: 2mop; mmtsa|KEGG: C06002
cpd19045	(S)-2-Aceto-2-hydroxybutanoate	(S)-2-Aceto-2-hydroxybutanoate	C6H9O4	-1	Name: (S)-2-Aceto-2-hydroxybutanoate; (S)-2-Hydroxy-2-ethyl-3-oxobutanoate; (S)-2-aceto-2-hydroxy-butyrate; (S)-2-aceto-2-hydroxybutanoate; (S)-2-hydroxy-2-ethyl-3-oxobutanoate; 2-Aceto-2-hydroxybutanoate; 2-aceto-2-hydroxy-butanoate; 2-aceto-2-hydroxy-butyrate; S-2-Aceto-2-hydroxybutanoate; acetohydroxybutanoate; acetohydroxybutyrate; alpha-aceto-alpha-hydroxybutyrate|BiGG: 2ahbut|KEGG: C00659; C06006
cpd19046	(R)-2,3-Dihydroxy-3-methylpentanoate	(R)-2,3-Dihydroxy-3-methylpentanoate	C6H11O4	-1	Name: (2R,3R)-2,3-Dihydroxy-3-methylpentanoate; (R)-2,3-Dihydroxy-3-methylpentanoate; (R)-2,3-Dihydroxy-3-methylvalerate; (R)-2,3-dihydroxy-3-methylpentanoate; (R)-2,3-dihydroxy-3-methylvalerate; 2,3-Dihydroxy-3-methylpentanoate; 2,3-Dihydroxy-3-methylvalerate; 2,3-dihydroxy-3-methylpentanoate; 2,3-dihydroxy-3-methylvalerate; R-2-3-Dihydroxy-3-methylpentanoate|BiGG: 23dhmp|KEGG: C04104; C06007
cpd19047	(S)-2-Acetolactate	(S)-2-Acetolactate	C5H7O4	-1	Name: (2S)-2-hydroxy-2-methyl-3-oxobutanoate; (S)-2-Acetolactate; (S)-2-Hydroxy-2-methyl-3-oxobutanoate; (S)-2-acetolactate; (S)-2-hydroxy-2-methyl-3-oxobutanoate; alpha-acetolactate|BiGG: alac__S|KEGG: C06010
cpd19149	Arsenous oxide	Arsenous oxide	H2AsO3	-1	Name: Arsenic trioxide; Arsenite; Arsenous oxide; As(OH)3; CPD0-2040; H3AsO3; TRIHYDROXYARSENITE(III); Trisoxylatoarsine; arsenic (III) oxide; arsenic (III) trioxide; arsenic oxide; arsenic sesquioxide; arsenic trioxide; arsenicum album; arsenious oxide; arsenite; arsenolite; arsenous acid; arsenous acid anhydride; arsenous anhydride; arsenous oxide; arsenous oxide anhydride; arsenous trioxide; arsodent; claudelite; clauditite; crude arsenic; diarsenic oxide; diarsenic trioxide; diarsonic trioxide; white arsenic|BiGG: aso3|KEGG: C06697; C13619
cpd19245	di-trans,poly-cis-Undecaprenyl phosphate	di-trans,poly-cis-Undecaprenyl phosphate	C55H89O4P	-2	Name: C55-P; Und-P; Undecaprenyl phosphate; di-trans,octa-cis-undecaprenyl phosphate; di-trans,poly-cis-Undecaprenyl phosphate; ditrans,octacis-Undecaprenyl phosphate; ditrans,octacis-undecaprenyl phosphate; ditrans,polycis-undecaprenyl phosphate|BiGG: udcpp|KEGG: C17556
cpd20862	Nickel(2+)	Nickel(2+)	Ni	2	Name: Ni(II); Ni++; Ni+2; Ni2+; Nickel; Nickel(2+); nickel|BiGG: ni2|KEGG: C00291; C19609
cpd20863	Manganese(2+)	Manganese(2+)	Mn	2	Name: Manganese; Manganese(2+); Mn(II); Mn++; Mn+2; Mn2+; manganese (II) ion; manganese ion|BiGG: mn2|KEGG: C19610
cpd21120	D-glycero-alpha-D-manno-Heptose 1-phosphate	D-glycero-alpha-D-manno-Heptose 1-phosphate	C7H13O10P	-2	Name: D-Glycero-D-manno-heptose 1-phosphate; D-alpha-D-heptose-1-phosphate; D-glycero-D-manno-heptose 1-phosphate; D-glycero-alpha-D-manno-Heptose 1-phosphate; D-glycero-alpha-D-manno-heptose 1-phosphate|BiGG: gmhep1p|KEGG: C19880
cpd21122	D-glycero-D-manno-Heptose 7-phosphate	D-glycero-D-manno-Heptose 7-phosphate	C7H13O10P	-2	Name: D-Glycero-D-manno-heptose 7-phosphate; D-glycero-D-manno-Heptose 7-phosphate|BiGG: gmhep7p|KEGG: C19882
cpd22495	GlcNAc-(1->4)-MurNAc-pentapeptide-diphosphoundecaprenol	GlcNAc-(1->4)-MurNAc-pentapeptide-diphosphoundecaprenol	C95H152N8O28P2	-4	Name: GlcNAc-(1->4)-MurNAc-pentapeptide-diphosphoundecaprenol; N-acetyl-muramoyl-(pentapeptide)-N-acetylglucosamine-diphosphoundecaprenol; N-acetylmuramoyl-L-alanyl-D-glutamyl-meso-2,6-diaminoheptane-D-alanyl-D-alanine-diphosphoundecaprenyl-N-acetylglucosamine; N-acetylmuramoyl-L-alanyl-D-glutamyl-meso-2,6-diaminopimelyl-D-alanyl-D-alanine-diphosphoundecaprenyl-N-acetylglucosamine; Undecaprenyl-diphospho-N-acetylmuramoyl-(N-acetylglucosamine)-L- alanyl-D-glutamyl-meso-2,6-diaminopimeloyl-D-alanyl-D-alanine; Undecaprenyl-diphospho-N-acetylmuramoyl-(N-acetylglucosamine)-L-ala-D-glu-meso-2,6-diaminopimeloyl-D-ala-D-ala; a peptidoglycan with (L-alanyl-gamma-D-glutamyl-meso-2,6-diaminopimeloyl-D-alanyl-D-alanine) pentapeptide; diphosphoundecaprenyl-[GlcNAc-MurNAc-pentapeptide]n; ditrans,octacis-undecaprenyldiphospho-[(N-acetyl-beta-D-glucosaminyl)-(1,4)-]-N-acetyl-alpha-D-muramoyl-L-alanyl-gamma-D-glutamyl-meso-2,6-diaminopimeloyl-D-alanyl-D-alanine; lipid II (meso diaminopimelate containing); lipid intermediate II; undecaprenyl-diphospho-N-acetylmuramoyl-(N-acetylglucosamine)-L-ala-D-glu-meso-2,6-diaminopimeloyl-D-ala-D-ala; undecaprenyl-diphospho-N-acetylmuramoyl-(N-acetylglucosamine)-L-ala-gamma-D-glu-meso-2,6-diaminopimeloyl-D-ala-D-ala; undecaprenyl-pyrophosphoryl-MurNAc-(pentapeptide)-N-acetylglucosamine|BiGG: uaagmda
cpd23255	MKH2-7	MKH2-7	C46H66O2	0	Name: MKH2-7; Menaquinol 7; menaquinol(7); menaquinol-7|BiGG: mql7
cpd24697	S2-	S2-	HS	-1	Name: H2S; HS-; Hydrogen sulfide; Hydrogen-sulfide; Hydrogensulfide; S2-; Sulfide; hydrogen sulfide; hydrogen sulfide ion; sulfanediide; sulfide; sulfide(2-); sulfur(2-)|BiGG: h2s|KEGG: C00283
cpd26385	CPD0-2040	CPD0-2040	H2AsO3	-1	Name: Arsenic trioxide; Arsenite; Arsenous oxide; As(OH)3; CPD0-2040; H3AsO3; TRIHYDROXYARSENITE(III); Trisoxylatoarsine; arsenic (III) oxide; arsenic (III) trioxide; arsenic oxide; arsenic sesquioxide; arsenic trioxide; arsenicum album; arsenious oxide; arsenite; arsenolite; arsenous acid; arsenous acid anhydride; arsenous anhydride; arsenous oxide; arsenous oxide anhydride; arsenous trioxide; arsodent; claudelite; clauditite; crude arsenic; diarsenic oxide; diarsenic trioxide; diarsonic trioxide; white arsenic|BiGG: aso3|KEGG: C06697; C13619
cpd26836	D-glucose-6-phosphate	D-glucose-6-phosphate	C6H11O9P	-2	Name: D-Glucose 6-phosphate; D-Glucose6-phosphate; D-glucopyranose-6-phosphate; Glucose 6-phosphate; Glucose-6-phosphate; Robison ester; alpha-D-glucose-6-phosphate|BiGG: g6p|KEGG: C00092
cpd27551	Myristoyl-ACPs	Myristoyl-ACPs	C25H48N2O8PRS	-2	Name: Myristoyl-ACP; Myristoyl-ACPs; a myristoyl-[acp]; a myristoyl-[acyl-carrier protein]; a tetradecanoyl-[acp]; a tetradecanoyl-[acyl-carrier protein]|BiGG: myrsACP
cpd27608	N-acetyl-D-glucosamine	N-acetyl-D-glucosamine	C8H15NO6	0	Name: 2-Acetamido-2-deoxy-D-glucose; GlcNAc; N-Acetyl-D-glucosamine; N-Acetylchitosamine|BiGG: acgam|KEGG: C00140
cpd28148	Se-2	Se-2	HSe	-1	Name: H2Se; Hydrogen selenide; Se-2; Selenide; [SeH2]; dihydridoselenium; dihydrogen selenide; hydrogen selenide; selane; selenide; selenide ion|BiGG: seln|KEGG: C01528
cpd28162	(1S,6R)-2-succinyl-6-hydroxy-2,4-cyclohexadiene-1-carboxylate	(1S,6R)-2-succinyl-6-hydroxy-2,4-cyclohexadiene-1-carboxylate	C11H10O6	-2	Name: (1S,6R)-2-succinyl-6-hydroxy-2,4-cyclohexadiene-1-carboxylate; (1S,6R)-6-hydroxy-2-succinylcyclohexa-2,4-diene-1-carboxylate; 2-Succinyl-6-hydroxy-2,4-cyclohexadiene-1-carboxylate; 2-succinyl-6-hydroxy-2,4-cyclohexadiene-1-carboxylate|BiGG: 2shchc
cpd29667	C'-(3-Indolyl)-glycerol 3-phosphate	C'-(3-Indolyl)-glycerol 3-phosphate	C11H13NO6P	-1	Name: C'-(3-Indolyl)-glycerol 3-phosphate|BiGG: 3ig3p
cpd29668	4-(1-D-Ribitylamino)-5-aminouracil	4-(1-D-Ribitylamino)-5-aminouracil	C9H16N4O6	0	Name: 4-(1-D-Ribitylamino)-5-aminouracil|BiGG: 4r5au
cpd29669	5-Methylthio-5-deoxy-D-ribose 1-phosphate	5-Methylthio-5-deoxy-D-ribose 1-phosphate	C6H12O7PS	-1	Name: 5-Methylthio-5-deoxy-D-ribose 1-phosphate|BiGG: 5mdr1p
cpd29671	ADP-D-glycero-D-manno-heptose	ADP-D-glycero-D-manno-heptose	C17H25N5O16P2	-2	Name: ADP-D-glycero-D-manno-heptose|BiGG: adphep_DD
cpd29672	apoprotein [acyl carrier protein]	apoprotein [acyl carrier protein]	HOR	0	Name: apoprotein [acyl carrier protein]|BiGG: apoACP
cpd29673	N(omega)-(L-Arginino)succinate	N(omega)-(L-Arginino)succinate	C10H17N4O6	-1	Name: N(omega)-(L-Arginino)succinate|BiGG: argsuc
cpd29674	Calcium	Calcium	Ca	2	Name: Calcium|BiGG: ca2
cpd29676	Dihydroneopterin monophosphate	Dihydroneopterin monophosphate	C9H13N5O7P	-1	Name: Dihydroneopterin monophosphate|BiGG: dhpmp
cpd29677	D-Glycero-D-manno-heptose 1,7-bisphosphate	D-Glycero-D-manno-heptose 1,7-bisphosphate	C7H14O13P2	-2	Name: D-Glycero-D-manno-heptose 1,7-bisphosphate|BiGG: gmhep17bp
cpd29679	2,3-Bis(3-hydroxytetradecanoyl)-beta-D-glucosaminyl 1-phosphate	2,3-Bis(3-hydroxytetradecanoyl)-beta-D-glucosaminyl 1-phosphate	C34H65NO12P	-1	Name: 2,3-Bis(3-hydroxytetradecanoyl)-beta-D-glucosaminyl 1-phosphate|BiGG: lipidX; lipidX_HP
cpd29680	cis-octadec-11-enoyl-[acyl-carrier protein]	cis-octadec-11-enoyl-[acyl-carrier protein]	C29H53N2O8PRS	-1	Name: cis-octadec-11-enoyl-[acyl-carrier protein]|BiGG: octeACP
cpd29732	2-Demethylmenaquinone 7	2-Demethylmenaquinone 7	C45H62O2	0	Name: 2-Demethylmenaquinone 7|BiGG: 2dmmq7
cpd29733	flavin mononucleotide reduced	flavin mononucleotide reduced	C17H21N4O9P	-2	Name: flavin mononucleotide reduced|BiGG: fmnRD
cpd30761	OPP	OPP	C40H66O7P2	-2	Name: OPP; all-trans-Octaprenyl diphosphate; all-trans-Octaprenyldiphosphate; all-trans-octaprenyl diphosphate; farnesylfarnesylgeranyl-PP; octaprenyl diphosphate; octaprenyl pyrophosphate|BiGG: octdp; octdp_5|KEGG: C04146
